/*******************************************************************************
 * Size: 20 px
 * Bpp: 4
 * Opts: --bpp 4 --no-compress --format lvgl --size 20 --font NotoSans-Medium.ttf -r 0x2070-0x209F,0x2100-0x214F,0x2150-0x218F,0x20A0-0x20C0 --font NotoSansMath-Regular.ttf -r 0x2190-0x21FF,0x2200-0x22FF,0x2300-0x230B,0x27E8-0x27E9 --font NotoSansSymbols-Medium.ttf -r 0x2639-0x263A,0x266A-0x266B --font NotoSansSymbols2-Regular.ttf -r 0x231A-0x231B,0x2600-0x2603,0x2605-0x2606,0x260E,0x2610-0x2612,0x2661,0x2665,0x26A0,0x2709,0x2713-0x2718,0x2764 -o buddy_math_20.c
 ******************************************************************************/

#if 1 /* BuddyAI: lvgl is an IDF component */
#include "lvgl.h"
#else
#include "lvgl/lvgl.h"
#endif

#ifndef BUDDY_MATH_20
#define BUDDY_MATH_20 1
#endif

#if BUDDY_MATH_20

/*-----------------
 *    BITMAPS
 *----------------*/

/*Store the image of the glyphs*/
static LV_ATTRIBUTE_LARGE_CONST const uint8_t glyph_bitmap[] = {
    /* U+2070 "⁰" */
    0x0, 0x1, 0x0, 0x0, 0x5e, 0xff, 0x60, 0x1f,
    0xd6, 0xcf, 0x36, 0xf5, 0x3, 0xf8, 0x8f, 0x30,
    0xf, 0xb9, 0xf2, 0x0, 0xfc, 0x8f, 0x30, 0xf,
    0xa5, 0xf6, 0x4, 0xf8, 0xe, 0xe8, 0xdf, 0x20,
    0x3c, 0xfd, 0x50,

    /* U+2071 "ⁱ" */
    0xd, 0x60, 0x41, 0xf, 0x70, 0xf7, 0xf, 0x70,
    0xf7, 0xf, 0x70, 0xf7,

    /* U+2074 "⁴" */
    0x0, 0x0, 0x65, 0x0, 0x0, 0x9f, 0xc0, 0x0,
    0x4e, 0xfc, 0x0, 0x1e, 0x6e, 0xc0, 0xa, 0xb0,
    0xfc, 0x5, 0xf2, 0x1f, 0xc1, 0xcf, 0xff, 0xff,
    0xf3, 0x44, 0x4f, 0xd4, 0x0, 0x0, 0xfc, 0x0,

    /* U+2075 "⁵" */
    0x0, 0x0, 0x0, 0x0, 0xdf, 0xff, 0xf1, 0xe,
    0x93, 0x33, 0x0, 0xf6, 0x0, 0x0, 0xf, 0x50,
    0x0, 0x1, 0xff, 0xfd, 0x70, 0x4, 0x34, 0xaf,
    0x50, 0x0, 0x1, 0xf8, 0x49, 0x55, 0xbf, 0x43,
    0xcf, 0xfd, 0x60,

    /* U+2076 "⁶" */
    0x0, 0x0, 0x0, 0x0, 0x8, 0xef, 0xf1, 0xa,
    0xf7, 0x44, 0x2, 0xf6, 0x0, 0x0, 0x6f, 0x8e,
    0xfa, 0x8, 0xfa, 0x37, 0xf8, 0x8f, 0x10, 0xd,
    0xb6, 0xf2, 0x0, 0xea, 0xe, 0xc5, 0x9f, 0x50,
    0x2b, 0xfd, 0x70,

    /* U+2077 "⁷" */
    0x1, 0x11, 0x11, 0x7, 0xff, 0xff, 0xfa, 0x14,
    0x44, 0x7f, 0x60, 0x0, 0xb, 0xe0, 0x0, 0x3,
    0xf7, 0x0, 0x0, 0xbf, 0x0, 0x0, 0x3f, 0x80,
    0x0, 0xb, 0xf1, 0x0, 0x3, 0xf9, 0x0, 0x0,

    /* U+2078 "⁸" */
    0x4, 0xcf, 0xd6, 0x1, 0xfa, 0x39, 0xf3, 0x3f,
    0x60, 0x3f, 0x50, 0xcf, 0x8e, 0xc0, 0x5, 0xff,
    0xf7, 0x4, 0xf9, 0x18, 0xf7, 0x7f, 0x10, 0xf,
    0xa4, 0xf9, 0x37, 0xf6, 0x6, 0xdf, 0xd7, 0x0,

    /* U+2079 "⁹" */
    0x0, 0x0, 0x0, 0x0, 0x5d, 0xfd, 0x40, 0x3f,
    0xa4, 0xaf, 0x38, 0xf1, 0x0, 0xf9, 0x9f, 0x0,
    0xe, 0xb6, 0xf7, 0x6, 0xfa, 0xb, 0xff, 0xbe,
    0x90, 0x1, 0x23, 0xf4, 0x5, 0x47, 0xec, 0x0,
    0xdf, 0xe9, 0x0,

    /* U+207A "⁺" */
    0x0, 0x2f, 0x0, 0x0, 0x2, 0xf0, 0x0, 0x4f,
    0xff, 0xff, 0x30, 0x13, 0xf1, 0x10, 0x0, 0x2f,
    0x0, 0x0, 0x1, 0x60, 0x0,

    /* U+207B "⁻" */
    0x4f, 0xff, 0xff, 0x30, 0x11, 0x11, 0x10,

    /* U+207C "⁼" */
    0x4f, 0xff, 0xff, 0x20, 0x22, 0x22, 0x20, 0x4f,
    0xff, 0xff, 0x20, 0x22, 0x22, 0x20,

    /* U+207D "⁽" */
    0x1, 0x72, 0xa, 0xc0, 0x2f, 0x40, 0x7f, 0x0,
    0xac, 0x0, 0xba, 0x0, 0xbb, 0x0, 0x9d, 0x0,
    0x5f, 0x10, 0xe, 0x80, 0x4, 0xf2,

    /* U+207E "⁾" */
    0x55, 0x0, 0x3f, 0x30, 0xa, 0xb0, 0x5, 0xf1,
    0x2, 0xf4, 0x1, 0xf5, 0x1, 0xf5, 0x3, 0xf2,
    0x8, 0xe0, 0xe, 0x80, 0x8d, 0x0,

    /* U+207F "ⁿ" */
    0xf7, 0xcf, 0xe6, 0xf, 0xd2, 0x8, 0xf0, 0xf8,
    0x0, 0x3f, 0x2f, 0x70, 0x3, 0xf2, 0xf7, 0x0,
    0x3f, 0x2f, 0x70, 0x3, 0xf2,

    /* U+2080 "₀" */
    0x4, 0xdf, 0xd4, 0x0, 0xff, 0xae, 0xf2, 0x5f,
    0x70, 0x4f, 0x88, 0xf3, 0x0, 0xfb, 0x9f, 0x20,
    0xf, 0xc8, 0xf3, 0x0, 0xfa, 0x5f, 0x70, 0x4f,
    0x80, 0xef, 0xae, 0xf2, 0x3, 0xcf, 0xd5, 0x0,

    /* U+2081 "₁" */
    0x0, 0x4e, 0xf0, 0x8, 0xff, 0xf0, 0x1e, 0x89,
    0xf0, 0x1, 0xa, 0xf0, 0x0, 0xa, 0xf0, 0x0,
    0xa, 0xf0, 0x0, 0xa, 0xf0, 0x0, 0xa, 0xf0,
    0x0, 0xa, 0xf0,

    /* U+2082 "₂" */
    0x6, 0xdf, 0xd4, 0x3, 0xfb, 0x8e, 0xf1, 0x1,
    0x0, 0x7f, 0x30, 0x0, 0xa, 0xf1, 0x0, 0x5,
    0xf7, 0x0, 0x5, 0xf8, 0x0, 0x5, 0xf8, 0x0,
    0x4, 0xfe, 0x99, 0x93, 0x8f, 0xff, 0xff, 0x50,

    /* U+2083 "₃" */
    0x18, 0xef, 0xd7, 0x3, 0xb7, 0x7c, 0xf3, 0x0,
    0x12, 0x9f, 0x20, 0x3f, 0xff, 0x40, 0x0, 0x45,
    0xcf, 0x20, 0x0, 0x2, 0xf8, 0x10, 0x0, 0x3f,
    0x79, 0xc8, 0x7d, 0xf2, 0x4c, 0xff, 0xc4, 0x0,

    /* U+2084 "₄" */
    0x0, 0x4, 0xfc, 0x0, 0x0, 0xdf, 0xc0, 0x0,
    0x8c, 0xec, 0x0, 0x2f, 0x3e, 0xc0, 0xc, 0x90,
    0xfc, 0x6, 0xf2, 0x2f, 0xc2, 0xcf, 0xff, 0xff,
    0xf3, 0x55, 0x5f, 0xd5, 0x0, 0x0, 0xfc, 0x0,

    /* U+2085 "₅" */
    0xd, 0xff, 0xff, 0x10, 0xfa, 0x66, 0x60, 0xf,
    0x50, 0x0, 0x1, 0xff, 0xfe, 0x60, 0x6, 0x55,
    0xcf, 0x40, 0x0, 0x2, 0xf8, 0x0, 0x0, 0x3f,
    0x75, 0xc8, 0x7d, 0xf2, 0x2c, 0xef, 0xc4, 0x0,

    /* U+2086 "₆" */
    0x0, 0x7d, 0xff, 0x10, 0x9f, 0xa7, 0x70, 0x2f,
    0x70, 0x0, 0x6, 0xf8, 0xff, 0xa0, 0x8f, 0xb4,
    0x7f, 0x88, 0xf1, 0x0, 0xdb, 0x6f, 0x30, 0xe,
    0xa0, 0xed, 0x7b, 0xf5, 0x2, 0xbf, 0xd7, 0x0,

    /* U+2087 "₇" */
    0x7f, 0xff, 0xff, 0xa3, 0x77, 0x79, 0xf8, 0x0,
    0x0, 0x8f, 0x10, 0x0, 0xe, 0xa0, 0x0, 0x6,
    0xf4, 0x0, 0x0, 0xdd, 0x0, 0x0, 0x5f, 0x60,
    0x0, 0xc, 0xe0, 0x0, 0x3, 0xf8, 0x0, 0x0,

    /* U+2088 "₈" */
    0x4, 0xcf, 0xd6, 0x1, 0xfc, 0x5a, 0xf3, 0x3f,
    0x60, 0x3f, 0x50, 0xce, 0x7d, 0xc0, 0x5, 0xff,
    0xf7, 0x4, 0xf8, 0x8, 0xf7, 0x7f, 0x10, 0xf,
    0xa4, 0xfb, 0x69, 0xf6, 0x6, 0xdf, 0xd7, 0x0,

    /* U+2089 "₉" */
    0x6, 0xdf, 0xc4, 0x4, 0xfb, 0x6b, 0xf3, 0x9f,
    0x0, 0xe, 0x98, 0xf5, 0x15, 0xfb, 0x1d, 0xff,
    0xbe, 0xa0, 0x2, 0x21, 0xf9, 0x0, 0x0, 0x7f,
    0x50, 0x87, 0xaf, 0xc0, 0xd, 0xfe, 0x90, 0x0,

    /* U+208A "₊" */
    0x0, 0x2f, 0x0, 0x0, 0x2, 0xf0, 0x0, 0x4f,
    0xff, 0xff, 0x30, 0x35, 0xf3, 0x30, 0x0, 0x2f,
    0x0, 0x0, 0x2, 0xf0, 0x0,

    /* U+208B "₋" */
    0x0, 0x0, 0x0, 0x4, 0xff, 0xff, 0xf3, 0x3,
    0x33, 0x33, 0x0,

    /* U+208C "₌" */
    0x4f, 0xff, 0xff, 0x30, 0x33, 0x33, 0x30, 0x4f,
    0xff, 0xff, 0x30, 0x33, 0x33, 0x30,

    /* U+208D "₍" */
    0x4, 0xf3, 0xd, 0x90, 0x4f, 0x30, 0x8e, 0x0,
    0xab, 0x0, 0xba, 0x0, 0xbb, 0x0, 0x9c, 0x0,
    0x6f, 0x0, 0x1f, 0x60, 0x9, 0xd0, 0x0, 0x72,

    /* U+208E "₎" */
    0x9d, 0x0, 0xe, 0x70, 0x9, 0xd0, 0x5, 0xf1,
    0x2, 0xf4, 0x1, 0xf5, 0x1, 0xf5, 0x3, 0xf3,
    0x6, 0xf0, 0xc, 0xa0, 0x4f, 0x30, 0x55, 0x0,

    /* U+2090 "ₐ" */
    0x5, 0xcf, 0xe8, 0x0, 0x35, 0x15, 0xf4, 0x0,
    0x0, 0xf, 0x60, 0x6c, 0xdd, 0xf6, 0x4f, 0x40,
    0xf, 0x65, 0xf3, 0x6, 0xf6, 0xa, 0xfe, 0x8b,
    0x60,

    /* U+2091 "ₑ" */
    0x1, 0xae, 0xe7, 0x0, 0xcc, 0x24, 0xf5, 0x2f,
    0x40, 0xa, 0xb4, 0xfe, 0xee, 0xfc, 0x2f, 0x41,
    0x11, 0x10, 0xcc, 0x32, 0x33, 0x1, 0xae, 0xfd,
    0x40,

    /* U+2092 "ₒ" */
    0x1, 0xae, 0xe9, 0x10, 0xc, 0xc2, 0x3d, 0xb0,
    0x2f, 0x30, 0x4, 0xf1, 0x4f, 0x10, 0x2, 0xf3,
    0x2f, 0x30, 0x5, 0xf1, 0xc, 0xc3, 0x3d, 0xb0,
    0x1, 0xae, 0xea, 0x10,

    /* U+2093 "ₓ" */
    0x5f, 0x30, 0x2f, 0x60, 0xad, 0xc, 0xb0, 0x1,
    0xed, 0xe1, 0x0, 0x7, 0xf8, 0x0, 0x1, 0xfa,
    0xf2, 0x0, 0xcb, 0xa, 0xc0, 0x7f, 0x10, 0x1e,
    0x80,

    /* U+2094 "ₔ" */
    0xb, 0xef, 0xc4, 0x0, 0x62, 0x27, 0xf3, 0x0,
    0x0, 0xc, 0xa5, 0xee, 0xee, 0xfb, 0x4f, 0x31,
    0x1c, 0x90, 0xe9, 0x15, 0xf3, 0x3, 0xcf, 0xd5,
    0x0,

    /* U+2095 "ₕ" */
    0xf7, 0x0, 0x0, 0xf, 0x70, 0x0, 0x0, 0xf6,
    0x0, 0x0, 0xf, 0x8c, 0xfd, 0x40, 0xfe, 0x52,
    0xaf, 0xf, 0x90, 0x4, 0xf1, 0xf7, 0x0, 0x3f,
    0x2f, 0x70, 0x3, 0xf2, 0xf7, 0x0, 0x3f, 0x2f,
    0x70, 0x3, 0xf2,

    /* U+2096 "ₖ" */
    0xe7, 0x0, 0x0, 0xe, 0x70, 0x0, 0x0, 0xe7,
    0x0, 0x0, 0xe, 0x70, 0x2e, 0x80, 0xe7, 0x1e,
    0x90, 0xe, 0x7d, 0xa0, 0x0, 0xef, 0xf9, 0x0,
    0xe, 0x94, 0xf5, 0x0, 0xe7, 0x8, 0xe2, 0xe,
    0x70, 0xc, 0xc0,

    /* U+2097 "ₗ" */
    0xf7, 0xf7, 0xf7, 0xf7, 0xf7, 0xf7, 0xf7, 0xf7,
    0xf7, 0xf7,

    /* U+2098 "ₘ" */
    0xf6, 0xcf, 0xd3, 0x9f, 0xe7, 0xf, 0xe4, 0x3d,
    0xf8, 0x28, 0xf2, 0xf9, 0x0, 0x8f, 0x0, 0x1f,
    0x4f, 0x70, 0x8, 0xd0, 0x1, 0xf4, 0xf7, 0x0,
    0x8d, 0x0, 0x1f, 0x4f, 0x70, 0x8, 0xd0, 0x1,
    0xf4, 0xf7, 0x0, 0x8d, 0x0, 0x1f, 0x40,

    /* U+2099 "ₙ" */
    0xf6, 0xcf, 0xd5, 0xf, 0xe5, 0x2a, 0xf0, 0xf9,
    0x0, 0x4f, 0x1f, 0x70, 0x3, 0xf2, 0xf7, 0x0,
    0x3f, 0x2f, 0x70, 0x3, 0xf2, 0xf7, 0x0, 0x3f,
    0x20,

    /* U+209A "ₚ" */
    0xf6, 0xcf, 0xc3, 0xf, 0xe4, 0x2b, 0xe0, 0xf8,
    0x0, 0x3f, 0x4f, 0x70, 0x1, 0xf5, 0xf9, 0x0,
    0x3f, 0x3f, 0xe5, 0x3c, 0xe0, 0xf8, 0xcf, 0xc3,
    0xf, 0x60, 0x0, 0x0, 0xf7, 0x0, 0x0, 0xf,
    0x70, 0x0, 0x0,

    /* U+209B "ₛ" */
    0x8, 0xef, 0xd5, 0x4f, 0x31, 0x42, 0x2f, 0x91,
    0x0, 0x3, 0xbf, 0xa1, 0x0, 0x2, 0xda, 0x35,
    0x22, 0xc9, 0x3d, 0xff, 0xb1,

    /* U+209C "ₜ" */
    0x7, 0x90, 0x8, 0xff, 0xf9, 0xc, 0x90, 0x0,
    0xc9, 0x0, 0xc, 0x90, 0x0, 0xc9, 0x0, 0xb,
    0xc2, 0x20, 0x3d, 0xf8,

    /* U+20A0 "₠" */
    0x0, 0x4c, 0xff, 0xd6, 0x0, 0x0, 0x5f, 0xfc,
    0xbd, 0x70, 0x0, 0xe, 0xf6, 0x0, 0x0, 0x0,
    0x3, 0xfe, 0x0, 0x0, 0x0, 0x0, 0x5f, 0xb0,
    0xa, 0xff, 0xff, 0xc5, 0xfc, 0x0, 0xaf, 0xb9,
    0x97, 0x2f, 0xe0, 0xa, 0xf4, 0x0, 0x0, 0xdf,
    0xa2, 0xaf, 0x40, 0x0, 0x3, 0xef, 0xff, 0xff,
    0xff, 0x80, 0x0, 0x58, 0xdf, 0xb9, 0x95, 0x0,
    0x0, 0xa, 0xf4, 0x0, 0x0, 0x0, 0x0, 0xaf,
    0x40, 0x0, 0x0, 0x0, 0xa, 0xfb, 0xaa, 0x70,
    0x0, 0x0, 0xaf, 0xff, 0xfc,

    /* U+20A1 "₡" */
    0x0, 0x0, 0x0, 0xe5, 0x1f, 0x30, 0x0, 0x0,
    0x3, 0xfc, 0xcf, 0x30, 0x0, 0x4, 0xdf, 0xff,
    0xff, 0xf1, 0x0, 0x6f, 0xff, 0xb0, 0xbc, 0x80,
    0x2, 0xff, 0x8b, 0x80, 0xe6, 0x0, 0x9, 0xfb,
    0xe, 0x51, 0xf3, 0x0, 0xe, 0xf4, 0x2f, 0x14,
    0xf0, 0x0, 0xf, 0xf2, 0x5e, 0x7, 0xd0, 0x0,
    0xf, 0xf1, 0x8b, 0xb, 0x90, 0x0, 0xf, 0xf3,
    0xc8, 0xe, 0x60, 0x0, 0xc, 0xf8, 0xf5, 0x1f,
    0x30, 0x0, 0x7, 0xff, 0xf2, 0x4f, 0x0, 0x0,
    0x0, 0xdf, 0xf6, 0x8d, 0x14, 0x50, 0x0, 0x1d,
    0xff, 0xff, 0xff, 0xa0, 0x0, 0xb, 0xb9, 0xfd,
    0xb8, 0x20, 0x0, 0xe, 0x51, 0xf4, 0x0, 0x0,
    0x0, 0x8, 0x11, 0x80, 0x0, 0x0,

    /* U+20A2 "₢" */
    0x0, 0x7, 0xce, 0xfd, 0x93, 0x1, 0xdf, 0xfd,
    0xdf, 0xf7, 0xc, 0xfc, 0x20, 0x0, 0x30, 0x5f,
    0xe1, 0x0, 0x0, 0x0, 0xaf, 0x80, 0x0, 0x0,
    0x0, 0xdf, 0x40, 0x7f, 0x4c, 0xf9, 0xff, 0x20,
    0x7f, 0xfe, 0xa5, 0xff, 0x20, 0x7f, 0xe1, 0x0,
    0xef, 0x40, 0x7f, 0x90, 0x0, 0xbf, 0x80, 0x7f,
    0x80, 0x0, 0x6f, 0xe1, 0x7f, 0x80, 0x0, 0xe,
    0xfb, 0x8f, 0x80, 0x21, 0x3, 0xff, 0xff, 0xee,
    0xf4, 0x0, 0x29, 0xdf, 0xfe, 0x92,

    /* U+20A3 "₣" */
    0x0, 0xaf, 0xff, 0xff, 0xff, 0x50, 0xa, 0xfe,
    0xdd, 0xdd, 0xd4, 0x0, 0xaf, 0x70, 0x0, 0x0,
    0x0, 0xa, 0xf7, 0x0, 0x0, 0x0, 0x0, 0xaf,
    0x70, 0x0, 0x0, 0x0, 0xa, 0xf7, 0x0, 0x0,
    0x0, 0x0, 0xaf, 0xff, 0xff, 0xff, 0x0, 0xa,
    0xfe, 0xdd, 0xdd, 0xd0, 0x0, 0xaf, 0x70, 0x0,
    0x0, 0x0, 0x2a, 0xf8, 0x22, 0x10, 0x0, 0x4f,
    0xff, 0xff, 0xf8, 0x0, 0x1, 0x5c, 0xf9, 0x55,
    0x20, 0x0, 0x0, 0xaf, 0x70, 0x0, 0x0, 0x0,
    0xa, 0xf7, 0x0, 0x0, 0x0,

    /* U+20A4 "₤" */
    0x0, 0x0, 0x8d, 0xfe, 0xc8, 0x10, 0x0, 0xbf,
    0xfc, 0xdf, 0xf1, 0x0, 0x2f, 0xf2, 0x0, 0x2,
    0x0, 0x5, 0xfc, 0x0, 0x0, 0x0, 0x1, 0x6f,
    0xc1, 0x11, 0x10, 0x4, 0xff, 0xff, 0xff, 0xfa,
    0x0, 0x14, 0x8f, 0xd4, 0x44, 0x20, 0x0, 0x27,
    0xfc, 0x22, 0x21, 0x0, 0x4f, 0xff, 0xff, 0xff,
    0xa0, 0x1, 0x59, 0xfc, 0x55, 0x53, 0x0, 0x0,
    0x8f, 0x80, 0x0, 0x0, 0x0, 0x2e, 0xe1, 0x0,
    0x0, 0x0, 0x3f, 0xfe, 0xee, 0xee, 0xee, 0xb4,
    0xff, 0xff, 0xff, 0xff, 0xfd,

    /* U+20A5 "₥" */
    0x0, 0x0, 0x0, 0x0, 0x0, 0x28, 0x10, 0x0,
    0x0, 0x0, 0x0, 0x0, 0x0, 0xa, 0xe0, 0x0,
    0x0, 0x0, 0x0, 0x0, 0x0, 0x2, 0xf7, 0x0,
    0x0, 0x5, 0xf6, 0x3b, 0xff, 0xb3, 0x9f, 0xef,
    0xe9, 0x10, 0x5f, 0xcf, 0xfd, 0xff, 0xef, 0xfe,
    0xdf, 0xfc, 0x5, 0xff, 0x90, 0x2, 0xff, 0xf6,
    0x0, 0x4f, 0xf3, 0x5f, 0xf1, 0x0, 0xa, 0xfd,
    0x0, 0x0, 0xdf, 0x55, 0xfd, 0x0, 0x0, 0x9f,
    0xa0, 0x0, 0xb, 0xf6, 0x5f, 0xc0, 0x0, 0xe,
    0xf9, 0x0, 0x0, 0xbf, 0x65, 0xfc, 0x0, 0x5,
    0xff, 0x90, 0x0, 0xb, 0xf6, 0x5f, 0xc0, 0x0,
    0xdf, 0xf9, 0x0, 0x0, 0xbf, 0x65, 0xfc, 0x0,
    0x5f, 0xdf, 0x90, 0x0, 0xb, 0xf6, 0x5f, 0xc0,
    0xc, 0xc9, 0xf9, 0x0, 0x0, 0xbf, 0x65, 0xfc,
    0x4, 0xf5, 0x9f, 0x90, 0x0, 0xb, 0xf6, 0x0,
    0x0, 0xbd, 0x0, 0x0, 0x0, 0x0, 0x0, 0x0,
    0x0, 0x3f, 0x50, 0x0, 0x0, 0x0, 0x0, 0x0,

    /* U+20A6 "₦" */
    0x5, 0xff, 0x30, 0x0, 0xfc, 0x0, 0x5, 0xff,
    0x90, 0x0, 0xfc, 0x0, 0x5, 0xfe, 0xe0, 0x0,
    0xfc, 0x0, 0x5, 0xfa, 0xf4, 0x0, 0xfc, 0x0,
    0x6, 0xf6, 0xfa, 0x11, 0xfd, 0x10, 0xcf, 0xff,
    0xff, 0xff, 0xff, 0xf3, 0x38, 0xf8, 0x7f, 0x94,
    0xfd, 0x40, 0x6, 0xf6, 0x1f, 0xb1, 0xec, 0x10,
    0xcf, 0xff, 0xff, 0xff, 0xff, 0xf3, 0x38, 0xf8,
    0x47, 0xf9, 0xfd, 0x40, 0x5, 0xf6, 0x0, 0xeb,
    0xec, 0x0, 0x5, 0xf6, 0x0, 0x9f, 0xfc, 0x0,
    0x5, 0xf6, 0x0, 0x3f, 0xfc, 0x0, 0x5, 0xf6,
    0x0, 0xd, 0xfc, 0x0,

    /* U+20A7 "₧" */
    0x7f, 0xff, 0xec, 0x60, 0x0, 0x0, 0x0, 0x7,
    0xfe, 0xde, 0xff, 0xa0, 0x0, 0x0, 0x0, 0x7f,
    0x90, 0x5, 0xff, 0x40, 0x0, 0x0, 0x7, 0xf9,
    0x0, 0xa, 0xf8, 0x5, 0xf0, 0x0, 0x7f, 0x90,
    0x0, 0x9f, 0x80, 0xaf, 0x0, 0x7, 0xf9, 0x0,
    0xc, 0xf6, 0x1e, 0xf0, 0x0, 0x7f, 0x90, 0x29,
    0xff, 0x5e, 0xff, 0xff, 0x47, 0xff, 0xff, 0xff,
    0x54, 0x9f, 0xf9, 0x92, 0x7f, 0xec, 0xb8, 0x20,
    0x0, 0xff, 0x0, 0x7, 0xf9, 0x0, 0x0, 0x0,
    0xf, 0xf0, 0x0, 0x7f, 0x90, 0x0, 0x0, 0x0,
    0xff, 0x0, 0x7, 0xf9, 0x0, 0x0, 0x0, 0xf,
    0xf0, 0x0, 0x7f, 0x90, 0x0, 0x0, 0x0, 0xcf,
    0xa8, 0x47, 0xf9, 0x0, 0x0, 0x0, 0x2, 0xcf,
    0xf6,

    /* U+20A8 "₨" */
    0x6f, 0xff, 0xfc, 0x60, 0x0, 0x0, 0x0, 0x0,
    0x6f, 0xec, 0xef, 0xf8, 0x0, 0x0, 0x0, 0x0,
    0x6f, 0xa0, 0x6, 0xff, 0x0, 0x0, 0x0, 0x0,
    0x6f, 0xa0, 0x0, 0xff, 0x20, 0x6d, 0xfd, 0x91,
    0x6f, 0xa0, 0x0, 0xff, 0x16, 0xfe, 0xbd, 0xf1,
    0x6f, 0xa0, 0x7, 0xfd, 0xb, 0xf3, 0x0, 0x10,
    0x6f, 0xed, 0xef, 0xf3, 0xb, 0xf7, 0x0, 0x0,
    0x6f, 0xff, 0xff, 0x40, 0x6, 0xff, 0xa1, 0x0,
    0x6f, 0xa0, 0x9f, 0x80, 0x0, 0x7f, 0xfe, 0x40,
    0x6f, 0xa0, 0x3f, 0xe0, 0x0, 0x2, 0xcf, 0xf2,
    0x6f, 0xa0, 0xc, 0xf6, 0x0, 0x0, 0xc, 0xf5,
    0x6f, 0xa0, 0x6, 0xfd, 0x1, 0x0, 0xa, 0xf4,
    0x6f, 0xa0, 0x0, 0xef, 0x4d, 0xb7, 0x9f, 0xe0,
    0x6f, 0xa0, 0x0, 0x9f, 0xb9, 0xef, 0xeb, 0x20,

    /* U+20A9 "₩" */
    0x8f, 0x40, 0x3, 0xff, 0x0, 0x7, 0xf5, 0x5f,
    0x70, 0x6, 0xff, 0x30, 0x9, 0xf2, 0x3f, 0x90,
    0x9, 0xdf, 0x60, 0xc, 0xf0, 0xf, 0xc0, 0xc,
    0xad, 0x90, 0xf, 0xc0, 0xd, 0xe0, 0xf, 0x8a,
    0xd0, 0x1f, 0x90, 0xa, 0xf2, 0x3f, 0x68, 0xf1,
    0x5f, 0x70, 0xcf, 0xff, 0xff, 0xff, 0xff, 0xff,
    0xf9, 0x37, 0xf9, 0xaf, 0x46, 0xf8, 0xaf, 0x52,
    0x2, 0xf8, 0xad, 0x0, 0xf8, 0xaf, 0x0, 0x0,
    0xfa, 0xdb, 0x0, 0xda, 0xcc, 0x0, 0x0, 0xcc,
    0xf8, 0x0, 0xac, 0xe9, 0x0, 0x0, 0x9f, 0xf5,
    0x0, 0x7f, 0xf7, 0x0, 0x0, 0x7f, 0xf2, 0x0,
    0x4f, 0xf4, 0x0, 0x0, 0x4f, 0xf0, 0x0, 0x2f,
    0xf2, 0x0,

    /* U+20AA "₪" */
    0x4f, 0xff, 0xff, 0xeb, 0x30, 0x0, 0xef, 0x4,
    0xfd, 0x99, 0x9c, 0xff, 0x40, 0xe, 0xf0, 0x4f,
    0xa0, 0x0, 0x7, 0xfc, 0x0, 0xef, 0x4, 0xfa,
    0x8, 0xf6, 0xe, 0xf1, 0xe, 0xf0, 0x4f, 0xa0,
    0x8f, 0x60, 0xcf, 0x20, 0xef, 0x4, 0xfa, 0x8,
    0xf6, 0xb, 0xf3, 0xe, 0xf0, 0x4f, 0xa0, 0x8f,
    0x60, 0xbf, 0x30, 0xef, 0x4, 0xfa, 0x8, 0xf6,
    0xb, 0xf3, 0xe, 0xf0, 0x4f, 0xa0, 0x8f, 0x60,
    0xbf, 0x30, 0xef, 0x4, 0xfa, 0x8, 0xf6, 0xb,
    0xf3, 0xe, 0xf0, 0x4f, 0xa0, 0x8f, 0x60, 0x34,
    0x1, 0xfe, 0x4, 0xfa, 0x8, 0xf6, 0x0, 0x0,
    0x9f, 0xa0, 0x4f, 0xa0, 0x8f, 0xc9, 0x9a, 0xdf,
    0xe1, 0x4, 0xfa, 0x8, 0xff, 0xff, 0xfe, 0x91,
    0x0,

    /* U+20AB "₫" */
    0x0, 0x0, 0x0, 0x5, 0xfc, 0x0, 0x0, 0x2,
    0x88, 0x8a, 0xfe, 0x82, 0x0, 0x4, 0xff, 0xff,
    0xff, 0xf4, 0x0, 0x0, 0x0, 0x5, 0xfc, 0x0,
    0x0, 0x8e, 0xfd, 0x75, 0xfc, 0x0, 0xc, 0xff,
    0xde, 0xfd, 0xfc, 0x0, 0x6f, 0xf4, 0x0, 0x4f,
    0xfc, 0x0, 0xbf, 0xa0, 0x0, 0x9, 0xfc, 0x0,
    0xef, 0x60, 0x0, 0x6, 0xfc, 0x0, 0xef, 0x50,
    0x0, 0x5, 0xfc, 0x0, 0xef, 0x60, 0x0, 0x5,
    0xfc, 0x0, 0xbf, 0xa0, 0x0, 0x8, 0xfc, 0x0,
    0x6f, 0xf4, 0x0, 0x2e, 0xfc, 0x0, 0xc, 0xff,
    0xdd, 0xfb, 0xfc, 0x0, 0x1, 0x9e, 0xfd, 0x61,
    0xfc, 0x0, 0x0, 0x0, 0x0, 0x0, 0x0, 0x0,
    0x0, 0x11, 0x11, 0x11, 0x11, 0x0, 0xb, 0xff,
    0xff, 0xff, 0xff, 0x10, 0x2, 0x44, 0x44, 0x44,
    0x44, 0x0,

    /* U+20AC "€" */
    0x0, 0x0, 0x2a, 0xef, 0xec, 0x60, 0x0, 0x5,
    0xff, 0xfd, 0xef, 0xd0, 0x0, 0x2f, 0xf8, 0x0,
    0x2, 0x30, 0x0, 0x9f, 0xa0, 0x0, 0x0, 0x0,
    0x2, 0xef, 0x62, 0x22, 0x10, 0x0, 0x7f, 0xff,
    0xff, 0xff, 0xb0, 0x0, 0x26, 0xff, 0x55, 0x55,
    0x30, 0x0, 0x3, 0xff, 0x11, 0x11, 0x0, 0x0,
    0x7f, 0xff, 0xff, 0xff, 0x20, 0x0, 0x24, 0xef,
    0x74, 0x44, 0x0, 0x0, 0x0, 0x9f, 0xa0, 0x0,
    0x0, 0x0, 0x0, 0x2f, 0xf9, 0x10, 0x0, 0x30,
    0x0, 0x5, 0xff, 0xfe, 0xef, 0xb0, 0x0, 0x0,
    0x3a, 0xef, 0xec, 0x50,

    /* U+20AD "₭" */
    0x2, 0xff, 0x0, 0x0, 0x6f, 0xd0, 0x2, 0xff,
    0x0, 0x3, 0xff, 0x20, 0x2, 0xff, 0x0, 0x1d,
    0xf5, 0x0, 0x2, 0xff, 0x0, 0xbf, 0x80, 0x0,
    0x2, 0xff, 0x7, 0xfb, 0x0, 0x0, 0x2, 0xff,
    0x4f, 0xd1, 0x0, 0x0, 0xbf, 0xff, 0xff, 0xff,
    0xff, 0x50, 0x59, 0xff, 0xdf, 0xf9, 0x88, 0x20,
    0x2, 0xff, 0x26, 0xfb, 0x0, 0x0, 0x2, 0xff,
    0x0, 0xcf, 0x60, 0x0, 0x2, 0xff, 0x0, 0x2f,
    0xf2, 0x0, 0x2, 0xff, 0x0, 0x8, 0xfc, 0x0,
    0x2, 0xff, 0x0, 0x0, 0xdf, 0x60, 0x2, 0xff,
    0x0, 0x0, 0x4f, 0xf2,

    /* U+20AE "₮" */
    0xaf, 0xff, 0xff, 0xff, 0xff, 0xf1, 0x8d, 0xdd,
    0xef, 0xfd, 0xdd, 0xd0, 0x0, 0x0, 0x5f, 0xc0,
    0x0, 0x0, 0x0, 0x0, 0x5f, 0xc0, 0x73, 0x0,
    0x0, 0x0, 0x5f, 0xec, 0xf5, 0x0, 0x0, 0x0,
    0x5f, 0xfc, 0x20, 0x0, 0x0, 0x4, 0xdf, 0xd0,
    0x10, 0x0, 0x0, 0x9f, 0xdf, 0xc5, 0xe7, 0x0,
    0x0, 0xb5, 0x5f, 0xff, 0x90, 0x0, 0x0, 0x0,
    0x9f, 0xe4, 0x0, 0x0, 0x0, 0x2c, 0xff, 0xc0,
    0x0, 0x0, 0x0, 0xec, 0x8f, 0xc0, 0x0, 0x0,
    0x0, 0x30, 0x5f, 0xc0, 0x0, 0x0, 0x0, 0x0,
    0x5f, 0xc0, 0x0, 0x0,

    /* U+20AF "₯" */
    0x28, 0xce, 0xfe, 0xc8, 0x10, 0x0, 0x0, 0x0,
    0x0, 0x4, 0xff, 0xec, 0xdf, 0xff, 0x60, 0x0,
    0x0, 0x0, 0x0, 0x5, 0x10, 0x0, 0x19, 0xff,
    0x40, 0x0, 0x0, 0x0, 0x0, 0x0, 0xdf, 0x20,
    0x8, 0xfd, 0x0, 0x0, 0x0, 0x0, 0x0, 0x1f,
    0xf0, 0x0, 0xf, 0xf2, 0x0, 0x0, 0x0, 0x0,
    0x5, 0xfb, 0x0, 0x0, 0xcf, 0x40, 0x0, 0x0,
    0x0, 0x0, 0x8f, 0x80, 0x0, 0xd, 0xf5, 0x0,
    0x0, 0x0, 0x0, 0xc, 0xf4, 0x0, 0x0, 0xef,
    0x30, 0x5, 0x76, 0x20, 0x0, 0xff, 0x10, 0x0,
    0x3f, 0xf0, 0x1d, 0xff, 0xff, 0x40, 0x3f, 0xd0,
    0x0, 0xa, 0xfa, 0x9, 0xf8, 0x4, 0xfc, 0x6,
    0xf9, 0x0, 0x6, 0xff, 0x20, 0xfe, 0x0, 0xf,
    0xe0, 0xaf, 0x60, 0x29, 0xff, 0x60, 0x4f, 0xa0,
    0x3, 0xfb, 0xe, 0xfd, 0xef, 0xfe, 0x40, 0x8,
    0xfe, 0x67, 0xef, 0x31, 0xff, 0xfe, 0xb6, 0x10,
    0x0, 0xbf, 0xbe, 0xfc, 0x30, 0x0, 0x0, 0x0,
    0x0, 0x0, 0xe, 0xf0, 0x0, 0x0, 0x0, 0x0,
    0x0, 0x0, 0x0, 0x2, 0xfc, 0x0, 0x0, 0x0,
    0x0, 0x0, 0x0, 0x0, 0x0, 0x5f, 0x90, 0x0,
    0x0, 0x0, 0x0, 0x0, 0x0, 0x0, 0x8, 0xf6,
    0x0, 0x0, 0x0, 0x0, 0x0, 0x0, 0x0, 0x0,
    0xcf, 0x20, 0x0, 0x0, 0x0,

    /* U+20B0 "₰" */
    0x0, 0x0, 0x3, 0xcf, 0xd5, 0x0, 0x0, 0x1,
    0xff, 0xbf, 0xf2, 0x0, 0x0, 0x6f, 0x90, 0x8f,
    0x60, 0x0, 0x7, 0xf8, 0x6, 0xf7, 0x0, 0x0,
    0x6f, 0x90, 0x8f, 0x40, 0x0, 0x2, 0xfd, 0xc,
    0xf0, 0x0, 0x0, 0xd, 0xf4, 0xf9, 0x0, 0x0,
    0x0, 0x7f, 0xff, 0x20, 0x0, 0x0, 0x0, 0xef,
    0x80, 0x0, 0x4, 0x80, 0x1e, 0xf9, 0x0, 0x0,
    0xdf, 0x29, 0xff, 0xf1, 0x0, 0x6f, 0xfc, 0xf7,
    0xaf, 0x70, 0x1e, 0xb6, 0xfd, 0x3, 0xfd, 0x8,
    0xf3, 0xc, 0x40, 0xe, 0xf2, 0x0, 0x0, 0x10,
    0x0, 0xaf, 0x60, 0x0, 0x0, 0x0, 0x7, 0xf8,
    0x0, 0x0, 0x0, 0x0, 0x9f, 0x70, 0x0, 0x0,
    0x1c, 0xbf, 0xf2, 0x0, 0x0, 0x1, 0xef, 0xc4,
    0x0,

    /* U+20B1 "₱" */
    0x3, 0xff, 0xff, 0xd9, 0x10, 0x0, 0x3, 0xfe,
    0xab, 0xef, 0xe2, 0x0, 0x3, 0xfc, 0x0, 0xb,
    0xfa, 0x0, 0xdf, 0xff, 0xff, 0xff, 0xff, 0xf4,
    0x26, 0xfd, 0x33, 0x33, 0xff, 0x30, 0xcf, 0xff,
    0xff, 0xff, 0xff, 0xf4, 0x25, 0xfd, 0x22, 0x2b,
    0xfa, 0x20, 0x3, 0xfc, 0x1, 0x7f, 0xf2, 0x0,
    0x3, 0xff, 0xff, 0xff, 0x40, 0x0, 0x3, 0xfe,
    0xa9, 0x71, 0x0, 0x0, 0x3, 0xfc, 0x0, 0x0,
    0x0, 0x0, 0x3, 0xfc, 0x0, 0x0, 0x0, 0x0,
    0x3, 0xfc, 0x0, 0x0, 0x0, 0x0, 0x3, 0xfc,
    0x0, 0x0, 0x0, 0x0,

    /* U+20B2 "₲" */
    0x0, 0x0, 0x0, 0xbb, 0x0, 0x0, 0x0, 0x0,
    0x18, 0xcf, 0xfe, 0xc9, 0x30, 0x0, 0x6f, 0xff,
    0xff, 0xff, 0xf9, 0x0, 0x5f, 0xfb, 0x4b, 0xb0,
    0x15, 0x10, 0xe, 0xfa, 0x0, 0xbb, 0x0, 0x0,
    0x6, 0xfe, 0x0, 0xb, 0xb0, 0x0, 0x0, 0xaf,
    0x90, 0x0, 0xbb, 0x0, 0x0, 0xc, 0xf7, 0x0,
    0xb, 0xfd, 0xdd, 0xd0, 0xcf, 0x70, 0x0, 0xbf,
    0xff, 0xff, 0xb, 0xf9, 0x0, 0xb, 0xb0, 0x2f,
    0xf0, 0x8f, 0xe0, 0x0, 0xbb, 0x2, 0xff, 0x2,
    0xff, 0x50, 0xb, 0xb0, 0x2f, 0xf0, 0xa, 0xff,
    0x60, 0xbb, 0x2, 0xff, 0x0, 0xc, 0xff, 0xff,
    0xec, 0xef, 0xf0, 0x0, 0x6, 0xce, 0xff, 0xfd,
    0xb7, 0x0, 0x0, 0x0, 0xb, 0xb0, 0x0, 0x0,
    0x0, 0x0, 0x0, 0x89, 0x0, 0x0, 0x0,

    /* U+20B3 "₳" */
    0x0, 0x0, 0x2f, 0xf8, 0x0, 0x0, 0x0, 0x0,
    0x8, 0xff, 0xe0, 0x0, 0x0, 0x0, 0x0, 0xef,
    0xaf, 0x40, 0x0, 0x0, 0x0, 0x4f, 0xb5, 0xfa,
    0x0, 0x0, 0x1, 0x1b, 0xf6, 0x1f, 0xf2, 0x11,
    0xc, 0xff, 0xff, 0xff, 0xff, 0xff, 0xf3, 0x34,
    0x9f, 0xc4, 0x47, 0xfd, 0x44, 0x0, 0x1b, 0xf7,
    0x11, 0x2f, 0xf2, 0x10, 0xcf, 0xff, 0xff, 0xff,
    0xff, 0xff, 0x33, 0x9f, 0xc4, 0x44, 0x47, 0xfe,
    0x40, 0xc, 0xf6, 0x0, 0x0, 0xf, 0xf2, 0x2,
    0xff, 0x10, 0x0, 0x0, 0xaf, 0x80, 0x7f, 0xb0,
    0x0, 0x0, 0x5, 0xfd, 0xd, 0xf6, 0x0, 0x0,
    0x0, 0xf, 0xf3,

    /* U+20B4 "₴" */
    0x1, 0x7b, 0xdf, 0xec, 0x70, 0x0, 0x3f, 0xff,
    0xef, 0xff, 0xb0, 0x0, 0x41, 0x0, 0x6, 0xff,
    0x0, 0x11, 0x11, 0x11, 0x3f, 0xf1, 0xcf, 0xff,
    0xff, 0xff, 0xff, 0xe3, 0x44, 0x45, 0xdf, 0xfd,
    0x43, 0x0, 0x7, 0xff, 0xfa, 0x10, 0x0, 0x1a,
    0xff, 0xd4, 0x11, 0x11, 0xcf, 0xff, 0xff, 0xff,
    0xff, 0xe3, 0xef, 0x74, 0x44, 0x44, 0x43, 0xf,
    0xf2, 0x0, 0x0, 0x0, 0x0, 0xef, 0xa1, 0x0,
    0x2, 0x70, 0x6, 0xff, 0xfe, 0xef, 0xff, 0x10,
    0x4, 0xbe, 0xfe, 0xda, 0x50,

    /* U+20B5 "₵" */
    0x0, 0x0, 0x0, 0xe8, 0x0, 0x0, 0x0, 0x3,
    0xad, 0xff, 0xeb, 0x60, 0x0, 0x8f, 0xff, 0xfe,
    0xff, 0xb0, 0x7, 0xff, 0x70, 0xe8, 0x4, 0x20,
    0x1f, 0xf6, 0x0, 0xe8, 0x0, 0x0, 0x6f, 0xe0,
    0x0, 0xe8, 0x0, 0x0, 0xaf, 0xa0, 0x0, 0xe8,
    0x0, 0x0, 0xbf, 0x80, 0x0, 0xe8, 0x0, 0x0,
    0xcf, 0x80, 0x0, 0xe8, 0x0, 0x0, 0xaf, 0xa0,
    0x0, 0xe8, 0x0, 0x0, 0x7f, 0xe0, 0x0, 0xe8,
    0x0, 0x0, 0x2f, 0xf6, 0x0, 0xe8, 0x0, 0x0,
    0xa, 0xff, 0x60, 0xe8, 0x2, 0x20, 0x0, 0xcf,
    0xff, 0xfe, 0xff, 0x70, 0x0, 0x6, 0xce, 0xff,
    0xeb, 0x30, 0x0, 0x0, 0x0, 0xe8, 0x0, 0x0,
    0x0, 0x0, 0x0, 0xb6, 0x0, 0x0,

    /* U+20B6 "₶" */
    0x0, 0x27, 0x0, 0x2, 0x60, 0x0, 0x0, 0x8,
    0xf0, 0x0, 0xaf, 0x0, 0x0, 0x0, 0xdf, 0x0,
    0xe, 0xf0, 0x0, 0x3, 0xcf, 0xff, 0xff, 0xff,
    0xff, 0xf0, 0x5a, 0xff, 0xaa, 0xbf, 0xfa, 0xaa,
    0x0, 0x1f, 0xf0, 0x3, 0xff, 0x0, 0x0, 0x1,
    0xff, 0x0, 0x3f, 0xf0, 0x0, 0x0, 0x1f, 0xf0,
    0x3, 0xff, 0x0, 0x0, 0x1, 0xff, 0x0, 0x3f,
    0xf0, 0x0, 0x0, 0x1f, 0xf0, 0x3, 0xff, 0x0,
    0x0, 0x1, 0xff, 0x0, 0x3f, 0xf0, 0x0, 0x0,
    0x1f, 0xf0, 0x2, 0xff, 0x20, 0x0, 0x1, 0xff,
    0x0, 0xd, 0xff, 0xcd, 0x30, 0x1f, 0xf0, 0x0,
    0x2b, 0xff, 0xd2,

    /* U+20B7 "₷" */
    0x0, 0x0, 0x0, 0x4b, 0xef, 0xdb, 0x61, 0x0,
    0x0, 0x7, 0xff, 0xfd, 0xff, 0xf3, 0x0, 0x0,
    0x1f, 0xf7, 0x0, 0x2, 0x60, 0x0, 0x0, 0x3f,
    0xe0, 0x0, 0x0, 0x0, 0x0, 0x0, 0x2f, 0xf1,
    0x0, 0x0, 0x0, 0x0, 0x0, 0xc, 0xfe, 0x50,
    0x0, 0x0, 0x0, 0x0, 0x1, 0xaf, 0xfe, 0x81,
    0x0, 0x0, 0x0, 0x0, 0x3, 0xaf, 0xff, 0x50,
    0x0, 0x0, 0x0, 0x0, 0x1, 0x9f, 0xf3, 0x3e,
    0xc6, 0xde, 0x6a, 0xeb, 0x8, 0xf9, 0x87, 0xdd,
    0x18, 0xf5, 0x1e, 0x45, 0xf9, 0x4e, 0xd8, 0x4,
    0xf0, 0xc, 0x6a, 0xf5, 0x6, 0xfe, 0x99, 0xf4,
    0x4d, 0xef, 0xa0, 0x0, 0xbb, 0xad, 0xff, 0xff,
    0xc5, 0x0, 0x0, 0xb7, 0x4, 0xe0, 0xc, 0x60,
    0x0, 0x0, 0x53, 0x2, 0x70, 0x6, 0x30, 0x0,

    /* U+20B8 "₸" */
    0xaf, 0xff, 0xff, 0xff, 0xff, 0xb8, 0xdd, 0xdd,
    0xdd, 0xdd, 0xd9, 0x0, 0x0, 0x0, 0x0, 0x0,
    0xa, 0xff, 0xff, 0xff, 0xff, 0xfb, 0x8d, 0xdd,
    0xef, 0xfd, 0xdd, 0x90, 0x0, 0x8, 0xfa, 0x0,
    0x0, 0x0, 0x0, 0x8f, 0xa0, 0x0, 0x0, 0x0,
    0x8, 0xfa, 0x0, 0x0, 0x0, 0x0, 0x8f, 0xa0,
    0x0, 0x0, 0x0, 0x8, 0xfa, 0x0, 0x0, 0x0,
    0x0, 0x8f, 0xa0, 0x0, 0x0, 0x0, 0x8, 0xfa,
    0x0, 0x0, 0x0, 0x0, 0x8f, 0xa0, 0x0, 0x0,
    0x0, 0x8, 0xfa, 0x0, 0x0,

    /* U+20B9 "₹" */
    0x24, 0x44, 0x44, 0x44, 0x48, 0xff, 0xff, 0xff,
    0xff, 0x1, 0x3b, 0xfc, 0x11, 0x10, 0x0, 0xd,
    0xf4, 0x0, 0x7e, 0xee, 0xff, 0xfe, 0xe3, 0x66,
    0x6d, 0xfa, 0x66, 0x0, 0x2, 0xff, 0x30, 0x4,
    0x9b, 0xff, 0x80, 0x0, 0x6f, 0xf9, 0x30, 0x0,
    0x0, 0xef, 0x50, 0x0, 0x0, 0x5, 0xfe, 0x0,
    0x0, 0x0, 0xc, 0xf8, 0x0, 0x0, 0x0, 0x3f,
    0xf2, 0x0, 0x0, 0x0, 0xaf, 0xc0, 0x0, 0x0,
    0x1, 0xff, 0x60, 0x0,

    /* U+20BA "₺" */
    0x0, 0x9f, 0x70, 0x0, 0x0, 0x0, 0x9, 0xf7,
    0x0, 0x42, 0x0, 0x0, 0x9f, 0xa9, 0xef, 0x40,
    0x0, 0x4c, 0xff, 0xc7, 0x10, 0x0, 0xaf, 0xff,
    0x70, 0x27, 0x30, 0x4, 0x19, 0xfc, 0xcf, 0xe3,
    0x0, 0x27, 0xef, 0xe9, 0x30, 0x0, 0xb, 0xed,
    0xf7, 0x0, 0x2, 0xfd, 0x20, 0x9f, 0x70, 0x0,
    0x4f, 0xb0, 0x9, 0xf7, 0x0, 0x8, 0xf8, 0x0,
    0x9f, 0x70, 0x1, 0xef, 0x20, 0x9, 0xf7, 0x3,
    0xdf, 0x90, 0x0, 0x9f, 0xee, 0xff, 0xa0, 0x0,
    0x8, 0xff, 0xea, 0x40, 0x0,

    /* U+20BB "₻" */
    0xa, 0xee, 0x80, 0x0, 0x0, 0x0, 0x0, 0x0,
    0x8d, 0x35, 0xf7, 0x0, 0x0, 0x0, 0x0, 0x0,
    0xad, 0x10, 0xeb, 0x0, 0x0, 0x0, 0x0, 0x0,
    0x5f, 0xff, 0xff, 0xff, 0xff, 0xff, 0xd7, 0x0,
    0x5, 0xac, 0xff, 0xdd, 0xdd, 0xdd, 0xff, 0xb0,
    0x0, 0x0, 0xdc, 0x0, 0x0, 0x0, 0x7, 0xf3,
    0x0, 0x0, 0xdc, 0x6, 0x50, 0x53, 0x0, 0xe5,
    0x0, 0x0, 0xcd, 0xbe, 0xfb, 0xff, 0x51, 0xf4,
    0x0, 0x0, 0xaf, 0xb1, 0x7f, 0x45, 0xff, 0xb0,
    0x0, 0x4, 0xff, 0x30, 0x1, 0x0, 0x2, 0x0,
    0x0, 0x3f, 0xbf, 0xa0, 0x0, 0x0, 0x0, 0x0,
    0x0, 0x5, 0xb, 0xf8, 0x10, 0x1, 0x20, 0x0,
    0x0, 0x0, 0x1, 0xdf, 0xfe, 0xef, 0x70, 0x0,
    0x0, 0x0, 0x0, 0x18, 0xdf, 0xfd, 0x40, 0x0,

    /* U+20BC "₼" */
    0x0, 0x0, 0x0, 0xcf, 0x40, 0x0, 0x0, 0x0,
    0x0, 0x0, 0xc, 0xf4, 0x0, 0x0, 0x0, 0x0,
    0x0, 0x0, 0xcf, 0x40, 0x0, 0x0, 0x0, 0x0,
    0x0, 0xc, 0xf4, 0x0, 0x0, 0x0, 0x0, 0x5,
    0x9b, 0xff, 0xdb, 0x82, 0x0, 0x0, 0x1c, 0xff,
    0xff, 0xff, 0xff, 0xf8, 0x0, 0xc, 0xfd, 0x50,
    0xcf, 0x42, 0x9f, 0xf5, 0x4, 0xfe, 0x10, 0xc,
    0xf4, 0x0, 0x8f, 0xd0, 0x9f, 0x80, 0x0, 0xcf,
    0x40, 0x1, 0xff, 0x1c, 0xf5, 0x0, 0xc, 0xf4,
    0x0, 0xd, 0xf4, 0xdf, 0x30, 0x0, 0xbf, 0x40,
    0x0, 0xcf, 0x5d, 0xf3, 0x0, 0x0, 0x0, 0x0,
    0xb, 0xf5, 0xdf, 0x30, 0x0, 0x0, 0x0, 0x0,
    0xbf, 0x5d, 0xf3, 0x0, 0x0, 0x0, 0x0, 0xb,
    0xf5,

    /* U+20BD "₽" */
    0x1, 0xff, 0xff, 0xfd, 0xa3, 0x0, 0x1, 0xff,
    0xcc, 0xdf, 0xff, 0x40, 0x1, 0xff, 0x10, 0x1,
    0xbf, 0xd0, 0x1, 0xff, 0x10, 0x0, 0x3f, 0xf0,
    0x1, 0xff, 0x10, 0x0, 0x3f, 0xf0, 0x1, 0xff,
    0x10, 0x2, 0xcf, 0xc0, 0xad, 0xff, 0xdd, 0xef,
    0xfe, 0x20, 0xcf, 0xff, 0xff, 0xfd, 0x81, 0x0,
    0x1, 0xff, 0x10, 0x0, 0x0, 0x0, 0x1, 0xff,
    0x10, 0x0, 0x0, 0x0, 0xcf, 0xff, 0xff, 0xf4,
    0x0, 0x0, 0x68, 0xff, 0x88, 0x82, 0x0, 0x0,
    0x1, 0xff, 0x10, 0x0, 0x0, 0x0, 0x1, 0xff,
    0x10, 0x0, 0x0, 0x0,

    /* U+20BE "₾" */
    0x0, 0x0, 0x4f, 0x16, 0xe0, 0x0, 0x0, 0x0,
    0x4, 0xbf, 0xff, 0xf8, 0x10, 0x0, 0x0, 0xaf,
    0xff, 0xac, 0xff, 0xe3, 0x0, 0x9, 0xfe, 0x8f,
    0x16, 0xe8, 0xfe, 0x10, 0x2f, 0xf4, 0x4f, 0x16,
    0xe0, 0xbf, 0x90, 0x7f, 0xd0, 0x4f, 0x16, 0xe0,
    0x4f, 0xf0, 0xaf, 0x90, 0x4f, 0x16, 0xe0, 0xf,
    0xf3, 0xbf, 0x80, 0x4f, 0x16, 0xe0, 0xe, 0xf5,
    0xaf, 0x80, 0x17, 0x2, 0x60, 0x6, 0x72, 0x7f,
    0xb0, 0x0, 0x0, 0x0, 0x0, 0x0, 0x2f, 0xf1,
    0x0, 0x0, 0x0, 0x0, 0x0, 0x9, 0xfa, 0x0,
    0x0, 0x0, 0x0, 0x0, 0x0, 0xaf, 0xa2, 0x0,
    0x0, 0x0, 0x0, 0x7, 0xaf, 0xff, 0xec, 0xcc,
    0xcc, 0x60, 0xd, 0xff, 0xff, 0xff, 0xff, 0xff,
    0x70,

    /* U+20BF "₿" */
    0x0, 0x18, 0x4, 0x60, 0x0, 0x0, 0x3f, 0x18,
    0xc0, 0x0, 0x0, 0x3f, 0x18, 0xc0, 0x0, 0x1f,
    0xff, 0xff, 0xe6, 0x0, 0x1f, 0xfd, 0xdf, 0xff,
    0xa0, 0x1f, 0xf1, 0x0, 0x7f, 0xf2, 0x1f, 0xf1,
    0x0, 0xf, 0xf4, 0x1f, 0xf1, 0x0, 0xf, 0xf3,
    0x1f, 0xf1, 0x1, 0x9f, 0xd0, 0x1f, 0xff, 0xff,
    0xfa, 0x10, 0x1f, 0xfc, 0xcd, 0xff, 0x90, 0x1f,
    0xf1, 0x0, 0x2e, 0xf6, 0x1f, 0xf1, 0x0, 0x9,
    0xfa, 0x1f, 0xf1, 0x0, 0xa, 0xfa, 0x1f, 0xf1,
    0x0, 0x3f, 0xf7, 0x1f, 0xfc, 0xce, 0xff, 0xd0,
    0x1f, 0xff, 0xff, 0xf8, 0x10, 0x0, 0x3f, 0x18,
    0xc0, 0x0, 0x0, 0x3f, 0x18, 0xc0, 0x0,

    /* U+20C0 "⃀" */
    0x0, 0x6, 0xcf, 0xfd, 0x80, 0x0, 0xbf, 0xfe,
    0xdf, 0xb0, 0x6, 0xff, 0x40, 0x1, 0x20, 0xc,
    0xf7, 0x0, 0x0, 0x0, 0xf, 0xf3, 0x0, 0x0,
    0x0, 0xf, 0xf2, 0x0, 0x0, 0x0, 0xf, 0xf3,
    0x0, 0x0, 0x0, 0xd, 0xf7, 0x0, 0x0, 0x0,
    0x7, 0xfe, 0x30, 0x0, 0x40, 0x0, 0xcf, 0xfe,
    0xdf, 0xd0, 0x0, 0x7, 0xdf, 0xfd, 0x60, 0x0,
    0x0, 0x0, 0x0, 0x0, 0x9, 0x99, 0x99, 0x99,
    0x80, 0xf, 0xff, 0xff, 0xff, 0xf0,

    /* U+2100 "℀" */
    0x0, 0x24, 0x30, 0x0, 0x0, 0x4, 0x50, 0x0,
    0xcf, 0xef, 0xc0, 0x0, 0x2, 0xf9, 0x0, 0x2,
    0x0, 0x3f, 0x40, 0x0, 0xbf, 0x10, 0x0, 0x4a,
    0xde, 0xf5, 0x0, 0x5f, 0x60, 0x0, 0x3f, 0x82,
    0x3f, 0x50, 0xd, 0xd0, 0x0, 0x6, 0xf2, 0x6,
    0xf5, 0x7, 0xf4, 0x0, 0x0, 0x2f, 0xdc, 0xde,
    0x51, 0xfa, 0x0, 0x0, 0x0, 0x37, 0x60, 0x52,
    0xaf, 0x10, 0x0, 0x0, 0x0, 0x0, 0x0, 0x4f,
    0x70, 0x7c, 0xc9, 0x0, 0x0, 0x0, 0xd, 0xd0,
    0xaf, 0x87, 0x80, 0x0, 0x0, 0x7, 0xf4, 0x1f,
    0x90, 0x0, 0x0, 0x0, 0x1, 0xfb, 0x3, 0xf6,
    0x0, 0x0, 0x0, 0x0, 0x9f, 0x20, 0x1f, 0x70,
    0x0, 0x0, 0x0, 0x3f, 0x80, 0x0, 0xdd, 0x32,
    0x50, 0x0, 0xc, 0xe0, 0x0, 0x3, 0xdf, 0xfd,
    0x0, 0x0, 0x0, 0x0, 0x0, 0x0, 0x12, 0x0,

    /* U+2101 "℁" */
    0x0, 0x24, 0x30, 0x0, 0x0, 0x4, 0x20, 0xc,
    0xfe, 0xfc, 0x0, 0x0, 0x8f, 0x30, 0x2, 0x0,
    0x3f, 0x40, 0x2, 0xfa, 0x0, 0x4, 0xad, 0xef,
    0x50, 0xb, 0xf1, 0x0, 0x3f, 0x82, 0x3f, 0x50,
    0x5f, 0x70, 0x0, 0x6f, 0x20, 0x6f, 0x50, 0xdd,
    0x0, 0x0, 0x2f, 0xdc, 0xde, 0x58, 0xf4, 0x0,
    0x0, 0x3, 0x76, 0x5, 0x4f, 0xa0, 0x0, 0x0,
    0x0, 0x0, 0x0, 0xbf, 0x29, 0xdd, 0xb2, 0x0,
    0x0, 0x4, 0xf7, 0x8f, 0x45, 0x81, 0x0, 0x0,
    0xd, 0xd0, 0x8f, 0x60, 0x0, 0x0, 0x0, 0x7f,
    0x40, 0x9, 0xfe, 0x80, 0x0, 0x1, 0xfb, 0x0,
    0x0, 0x18, 0xf5, 0x0, 0xa, 0xf2, 0x0, 0x42,
    0x2, 0xf6, 0x0, 0x4f, 0x80, 0x0, 0x9f, 0xff,
    0xb0, 0x0, 0x0, 0x0, 0x0, 0x1, 0x21, 0x0,

    /* U+2102 "ℂ" */
    0x0, 0x0, 0x1, 0x33, 0x20, 0x0, 0x0, 0x7e,
    0xfd, 0xdf, 0xf7, 0x1, 0xcf, 0x40, 0x0, 0x3,
    0x20, 0xbc, 0xe0, 0x0, 0x0, 0x0, 0x4e, 0x2e,
    0x0, 0x0, 0x0, 0xa, 0x82, 0xe0, 0x0, 0x0,
    0x0, 0xd4, 0x2e, 0x0, 0x0, 0x0, 0xf, 0x22,
    0xe0, 0x0, 0x0, 0x0, 0xf2, 0x2e, 0x0, 0x0,
    0x0, 0xd, 0x42, 0xe0, 0x0, 0x0, 0x0, 0xa7,
    0x2e, 0x0, 0x0, 0x0, 0x5, 0xe2, 0xe0, 0x0,
    0x0, 0x0, 0xc, 0xbe, 0x0, 0x0, 0x0, 0x0,
    0x2d, 0xf4, 0x0, 0x0, 0x21, 0x0, 0x18, 0xef,
    0xee, 0xff, 0x40, 0x0, 0x0, 0x12, 0x21, 0x0,

    /* U+2103 "℃" */
    0x3, 0x9a, 0x70, 0x0, 0x0, 0x1, 0x79, 0xa9,
    0x72, 0x4, 0xfd, 0xbf, 0xc0, 0x0, 0x8, 0xff,
    0xff, 0xff, 0xf4, 0xcc, 0x0, 0x4f, 0x40, 0xa,
    0xff, 0x94, 0x24, 0x8d, 0xf, 0x80, 0x0, 0xf7,
    0x5, 0xff, 0x40, 0x0, 0x0, 0x0, 0xdb, 0x0,
    0x2f, 0x50, 0xdf, 0x90, 0x0, 0x0, 0x0, 0x6,
    0xfb, 0x9e, 0xd0, 0x2f, 0xf2, 0x0, 0x0, 0x0,
    0x0, 0x5, 0xbc, 0x91, 0x4, 0xff, 0x0, 0x0,
    0x0, 0x0, 0x0, 0x0, 0x0, 0x0, 0x6f, 0xe0,
    0x0, 0x0, 0x0, 0x0, 0x0, 0x0, 0x0, 0x5,
    0xfe, 0x0, 0x0, 0x0, 0x0, 0x0, 0x0, 0x0,
    0x0, 0x4f, 0xf0, 0x0, 0x0, 0x0, 0x0, 0x0,
    0x0, 0x0, 0x0, 0xff, 0x50, 0x0, 0x0, 0x0,
    0x0, 0x0, 0x0, 0x0, 0xb, 0xfd, 0x0, 0x0,
    0x0, 0x0, 0x0, 0x0, 0x0, 0x0, 0x2f, 0xfb,
    0x10, 0x0, 0x3, 0x0, 0x0, 0x0, 0x0, 0x0,
    0x5f, 0xff, 0xdb, 0xdf, 0xf0, 0x0, 0x0, 0x0,
    0x0, 0x0, 0x2a, 0xff, 0xff, 0xe9, 0x0, 0x0,
    0x0, 0x0, 0x0, 0x0, 0x0, 0x12, 0x10, 0x0,

    /* U+2104 "℄" */
    0x0, 0x0, 0x41, 0x0, 0x0, 0x0, 0x0, 0x3,
    0xf3, 0x0, 0x0, 0x0, 0x0, 0x4, 0xf6, 0x10,
    0x0, 0x0, 0x0, 0xaf, 0xfe, 0xf6, 0x0, 0x0,
    0xb, 0xd5, 0xf3, 0x11, 0x0, 0x0, 0x2f, 0x33,
    0xf3, 0x0, 0x0, 0x0, 0x4f, 0x3, 0xf3, 0x0,
    0x0, 0x0, 0x4f, 0x3, 0xf3, 0x0, 0x0, 0x0,
    0x2f, 0x43, 0xf3, 0x0, 0x0, 0x0, 0xb, 0xc5,
    0xf3, 0x1, 0x0, 0x0, 0x1, 0xbf, 0xfe, 0xf5,
    0x0, 0x0, 0x0, 0x4, 0xf7, 0x10, 0x0, 0x0,
    0x0, 0x3, 0xf3, 0x0, 0x0, 0x0, 0x0, 0x3,
    0xf7, 0x55, 0x55, 0x50, 0x0, 0x3, 0xff, 0xff,
    0xff, 0xf2,

    /* U+2105 "℅" */
    0x0, 0x35, 0x41, 0x0, 0x0, 0x64, 0x0, 0x1,
    0xdf, 0xef, 0x50, 0x0, 0x8f, 0x40, 0x0, 0xaf,
    0x20, 0x0, 0x0, 0x1f, 0xb0, 0x0, 0xd, 0xb0,
    0x0, 0x0, 0x9, 0xf3, 0x0, 0x0, 0xdb, 0x0,
    0x0, 0x2, 0xfa, 0x0, 0x0, 0x9, 0xf3, 0x0,
    0x10, 0xbf, 0x10, 0x0, 0x0, 0xb, 0xff, 0xf6,
    0x3f, 0x80, 0x0, 0x0, 0x0, 0x1, 0x42, 0xc,
    0xe1, 0x0, 0x0, 0x0, 0x0, 0x0, 0x5, 0xf7,
    0x6, 0xcc, 0x70, 0x0, 0x0, 0x0, 0xdd, 0x7,
    0xf8, 0x8f, 0x80, 0x0, 0x0, 0x7f, 0x50, 0xea,
    0x0, 0x9f, 0x0, 0x0, 0xe, 0xc0, 0xf, 0x70,
    0x6, 0xf1, 0x0, 0x8, 0xf3, 0x0, 0xf9, 0x0,
    0x8f, 0x0, 0x1, 0xfb, 0x0, 0xa, 0xe3, 0x3e,
    0xb0, 0x0, 0xaf, 0x20, 0x0, 0x1b, 0xff, 0xb1,
    0x0, 0x0, 0x0, 0x0, 0x0, 0x0, 0x0, 0x0,

    /* U+2106 "℆" */
    0x0, 0x2, 0x31, 0x0, 0x0, 0x4, 0x30, 0x0,
    0x2, 0xdf, 0xff, 0x0, 0x0, 0x6f, 0x50, 0x0,
    0xd, 0xe3, 0x13, 0x0, 0x1, 0xec, 0x0, 0x0,
    0x1f, 0x80, 0x0, 0x0, 0x9, 0xf3, 0x0, 0x0,
    0x2f, 0x70, 0x0, 0x0, 0x2f, 0x90, 0x0, 0x0,
    0xf, 0xa0, 0x0, 0x0, 0xce, 0x10, 0x0, 0x0,
    0x9, 0xf8, 0x7b, 0x5, 0xf6, 0x0, 0x0, 0x0,
    0x0, 0x7c, 0xd9, 0xe, 0xc0, 0x0, 0x0, 0x0,
    0x0, 0x0, 0x0, 0x8f, 0x34, 0x90, 0x0, 0x85,
    0x0, 0x0, 0x2, 0xf9, 0x8, 0xf1, 0x0, 0xfa,
    0x0, 0x0, 0xb, 0xf1, 0x8, 0xf1, 0x0, 0xfa,
    0x0, 0x0, 0x5f, 0x60, 0x8, 0xf1, 0x0, 0xfa,
    0x0, 0x0, 0xed, 0x0, 0x8, 0xf1, 0x0, 0xfa,
    0x0, 0x8, 0xf3, 0x0, 0x6, 0xf7, 0x29, 0xfa,
    0x0, 0x2f, 0xa0, 0x0, 0x0, 0xbf, 0xf9, 0xca,
    0x0, 0x0, 0x0, 0x0, 0x0, 0x0, 0x0, 0x0,

    /* U+2107 "ℇ" */
    0x0, 0x6, 0x99, 0x85, 0x10, 0x0, 0x3e, 0xff,
    0xff, 0xff, 0x90, 0xe, 0xfc, 0x42, 0x38, 0xfd,
    0x5, 0xff, 0x0, 0x0, 0x1, 0x20, 0x5f, 0xd0,
    0x0, 0x0, 0x0, 0x2, 0xff, 0x20, 0x0, 0x0,
    0x0, 0x7, 0xfe, 0x62, 0x11, 0x0, 0x0, 0x3,
    0xcf, 0xff, 0xf8, 0x0, 0x7, 0xef, 0xec, 0xbb,
    0x50, 0x7, 0xfd, 0x30, 0x0, 0x0, 0x0, 0xdf,
    0x40, 0x0, 0x0, 0x0, 0xe, 0xf5, 0x0, 0x0,
    0x0, 0x0, 0xbf, 0xd1, 0x0, 0x0, 0x4, 0x22,
    0xff, 0xfc, 0xaa, 0xcf, 0xf4, 0x2, 0x9e, 0xff,
    0xff, 0xd8, 0x10, 0x0, 0x0, 0x11, 0x0, 0x0,

    /* U+2108 "℈" */
    0x2, 0x69, 0xaa, 0x83, 0x0, 0x0, 0x3f, 0xff,
    0xff, 0xff, 0xc1, 0x0, 0xc, 0x94, 0x23, 0x7e,
    0xfe, 0x10, 0x0, 0x0, 0x0, 0x2, 0xef, 0x90,
    0x0, 0x0, 0x0, 0x0, 0x5f, 0xf0, 0x0, 0x0,
    0x0, 0x0, 0xf, 0xf5, 0x0, 0x1, 0x11, 0x11,
    0x1d, 0xf7, 0x0, 0x7f, 0xff, 0xff, 0xff, 0xf8,
    0x0, 0x5c, 0xcc, 0xcc, 0xce, 0xf7, 0x0, 0x0,
    0x0, 0x0, 0xc, 0xf6, 0x0, 0x0, 0x0, 0x0,
    0xf, 0xf2, 0x0, 0x0, 0x0, 0x0, 0x8f, 0xc0,
    0x11, 0x0, 0x0, 0x18, 0xff, 0x30, 0x4f, 0xec,
    0xbc, 0xff, 0xf6, 0x0, 0x2b, 0xff, 0xff, 0xea,
    0x30, 0x0, 0x0, 0x1, 0x20, 0x0, 0x0, 0x0,

    /* U+2109 "℉" */
    0x0, 0x23, 0x0, 0x0, 0x1, 0x11, 0x11, 0x11,
    0x1, 0xcf, 0xff, 0x60, 0xe, 0xff, 0xff, 0xff,
    0xf2, 0xae, 0x42, 0x9f, 0x30, 0xef, 0xdc, 0xcc,
    0xcc, 0x1e, 0x80, 0x0, 0xf7, 0xe, 0xf3, 0x0,
    0x0, 0x0, 0xda, 0x0, 0x1f, 0x60, 0xef, 0x30,
    0x0, 0x0, 0x7, 0xfa, 0x8d, 0xe1, 0xe, 0xf3,
    0x0, 0x0, 0x0, 0x5, 0xbc, 0x91, 0x0, 0xef,
    0x30, 0x0, 0x0, 0x0, 0x0, 0x0, 0x0, 0xe,
    0xfd, 0xcc, 0xcc, 0x90, 0x0, 0x0, 0x0, 0x0,
    0xef, 0xff, 0xff, 0xfb, 0x0, 0x0, 0x0, 0x0,
    0xe, 0xf4, 0x0, 0x0, 0x0, 0x0, 0x0, 0x0,
    0x0, 0xef, 0x30, 0x0, 0x0, 0x0, 0x0, 0x0,
    0x0, 0xe, 0xf3, 0x0, 0x0, 0x0, 0x0, 0x0,
    0x0, 0x0, 0xef, 0x30, 0x0, 0x0, 0x0, 0x0,
    0x0, 0x0, 0xe, 0xf3, 0x0, 0x0, 0x0, 0x0,
    0x0, 0x0, 0x0, 0xef, 0x30, 0x0, 0x0, 0x0,
    0x0, 0x0, 0x0, 0x3, 0x30, 0x0, 0x0, 0x0,

    /* U+210A "ℊ" */
    0x0, 0x0, 0x0, 0x2a, 0xc7, 0x39, 0xc7, 0x0,
    0x0, 0x3, 0xee, 0x20, 0xcf, 0xf2, 0x0, 0x0,
    0x3f, 0xf4, 0x1, 0xff, 0x80, 0x0, 0x2, 0xef,
    0xb0, 0x8, 0xfe, 0x0, 0x0, 0x8, 0xff, 0x20,
    0x1f, 0xf5, 0x21, 0x0, 0x4, 0xfa, 0x0, 0xbf,
    0xc2, 0x60, 0x0, 0x2, 0xf4, 0x7, 0xff, 0x76,
    0x0, 0x0, 0x0, 0xa7, 0x69, 0xfd, 0x30, 0x0,
    0x0, 0x0, 0x0, 0x6f, 0xf3, 0x0, 0x0, 0x0,
    0x0, 0x67, 0x7f, 0xa0, 0x0, 0x0, 0x0, 0x2a,
    0x30, 0xef, 0x20, 0x0, 0x0, 0x4, 0xb1, 0x6,
    0xf9, 0x0, 0x0, 0x0, 0x2d, 0x10, 0xe, 0xe1,
    0x0, 0x0, 0x0, 0x96, 0x0, 0x8f, 0x30, 0x0,
    0x0, 0x0, 0x73, 0x3, 0xe4, 0x0, 0x0, 0x0,
    0x0, 0x7, 0x67, 0x10, 0x0, 0x0, 0x0, 0x0,

    /* U+210B "ℋ" */
    0x0, 0x0, 0x0, 0x0, 0x0, 0x0, 0x0, 0x0,
    0x0, 0x4, 0x77, 0x30, 0x0, 0x0, 0x0, 0x0,
    0x0, 0x0, 0x15, 0x0, 0x8, 0x80, 0x19, 0x0,
    0x0, 0x0, 0x5, 0x95, 0x0, 0x2b, 0x0, 0x9,
    0x90, 0x8, 0x50, 0x0, 0x0, 0x15, 0xe, 0x70,
    0x4e, 0x40, 0x6, 0xd0, 0x4, 0xc0, 0x0, 0x0,
    0x16, 0x8, 0xd1, 0x69, 0xc0, 0x3, 0xf4, 0x3,
    0xc1, 0x0, 0x0, 0x4, 0x0, 0x89, 0x53, 0xf6,
    0x0, 0xdb, 0x5, 0xa1, 0x0, 0x0, 0x0, 0x0,
    0x0, 0x0, 0xbf, 0x10, 0x8f, 0x87, 0x30, 0x0,
    0x0, 0x0, 0x0, 0x0, 0x0, 0x4f, 0xb0, 0x5f,
    0xc2, 0x0, 0x0, 0x0, 0x0, 0x0, 0x0, 0x0,
    0xc, 0xfa, 0x5b, 0xf5, 0x0, 0x0, 0x0, 0x0,
    0x0, 0x0, 0x0, 0x28, 0xff, 0x12, 0xfe, 0x0,
    0x0, 0x0, 0x0, 0x1, 0x73, 0x0, 0x63, 0xcf,
    0xb0, 0x8f, 0x80, 0x0, 0x0, 0x0, 0x0, 0xdf,
    0xc0, 0x71, 0x4f, 0xf2, 0xd, 0xf3, 0x0, 0x0,
    0x0, 0x0, 0xf, 0xd6, 0x0, 0xc, 0xf7, 0x0,
    0xfd, 0x0, 0x15, 0x0, 0x0, 0x0, 0x90, 0x0,
    0x6, 0xf9, 0x0, 0xf, 0x90, 0x16, 0x0, 0x0,
    0x0, 0x4, 0x50, 0x16, 0xd5, 0x0, 0x0, 0x97,
    0x45, 0x0, 0x0, 0x0, 0x0, 0x1, 0x45, 0x20,
    0x0, 0x0, 0x0, 0x42, 0x0, 0x0, 0x0, 0x0,

    /* U+210C "ℌ" */
    0x0, 0x0, 0x0, 0x21, 0x0, 0x0, 0x0, 0x0,
    0x0, 0x5, 0xff, 0x94, 0x75, 0x0, 0x0, 0x0,
    0x7a, 0xaf, 0xff, 0x50, 0x0, 0x0, 0x5, 0xe0,
    0x1, 0x51, 0x0, 0x0, 0x0, 0xe, 0xa0, 0x0,
    0x3, 0x20, 0x0, 0x0, 0x3f, 0xb0, 0x0, 0xaf,
    0xfe, 0x80, 0x0, 0x1f, 0xf1, 0x29, 0x53, 0x8f,
    0xf7, 0x0, 0xb, 0xfb, 0xb0, 0x0, 0x9, 0xfa,
    0x0, 0x3, 0xff, 0x30, 0x0, 0x4, 0xfb, 0x0,
    0x0, 0xaf, 0x60, 0x0, 0x1, 0xfd, 0x0, 0x0,
    0x2f, 0xa0, 0x0, 0x0, 0xfc, 0x0, 0x0, 0xc,
    0xa0, 0x0, 0x0, 0xfb, 0x0, 0x66, 0xc, 0x20,
    0x0, 0x0, 0xf9, 0xa, 0xff, 0xc4, 0x0, 0x0,
    0x2, 0xf6, 0x74, 0x3d, 0x60, 0x0, 0x0, 0x5,
    0xf2, 0x0, 0x0, 0x0, 0x0, 0x11, 0xc, 0x50,
    0x0, 0x0, 0x0, 0x0, 0xbe, 0xb3, 0x0, 0x0,
    0x0, 0x0, 0x0, 0x26, 0x0, 0x0,

    /* U+210D "ℍ" */
    0x1, 0x11, 0x0, 0x0, 0x1, 0x11, 0x11, 0xff,
    0xf3, 0x0, 0x0, 0xef, 0xfd, 0x1f, 0xe, 0x30,
    0x0, 0xe, 0x23, 0xd1, 0xf0, 0xe3, 0x0, 0x0,
    0xe2, 0x3d, 0x1f, 0xe, 0x30, 0x0, 0xe, 0x23,
    0xd1, 0xf0, 0xe3, 0x0, 0x0, 0xe2, 0x3d, 0x1f,
    0xe, 0x30, 0x0, 0xe, 0x23, 0xd1, 0xf0, 0xef,
    0xff, 0xff, 0xf2, 0x3d, 0x1f, 0xe, 0x31, 0x11,
    0x1e, 0x23, 0xd1, 0xf0, 0xe3, 0x0, 0x0, 0xe2,
    0x3d, 0x1f, 0xe, 0x30, 0x0, 0xe, 0x23, 0xd1,
    0xf0, 0xe3, 0x0, 0x0, 0xe2, 0x3d, 0x1f, 0xe,
    0x30, 0x0, 0xe, 0x23, 0xd1, 0xf1, 0xe3, 0x0,
    0x0, 0xe3, 0x4d, 0x1f, 0xff, 0x30, 0x0, 0xe,
    0xff, 0xd0,

    /* U+210E "ℎ" */
    0x0, 0x3, 0x30, 0x0, 0x0, 0x0, 0x0, 0xf,
    0xf1, 0x0, 0x0, 0x0, 0x0, 0x2f, 0xe0, 0x0,
    0x0, 0x0, 0x0, 0x5f, 0xc0, 0x0, 0x0, 0x0,
    0x0, 0x8f, 0x90, 0x0, 0x0, 0x0, 0x0, 0xaf,
    0x63, 0x9c, 0xa5, 0x0, 0x0, 0xdf, 0xaf, 0xff,
    0xff, 0x90, 0x0, 0xff, 0xf5, 0x0, 0x7f, 0xf0,
    0x2, 0xff, 0x50, 0x0, 0xf, 0xf1, 0x5, 0xfe,
    0x0, 0x0, 0x1f, 0xf0, 0x7, 0xfa, 0x0, 0x0,
    0x4f, 0xd0, 0xa, 0xf7, 0x0, 0x0, 0x6f, 0xb0,
    0xc, 0xf4, 0x0, 0x0, 0x9f, 0x80, 0xf, 0xf2,
    0x0, 0x0, 0xbf, 0x50, 0x2f, 0xf0, 0x0, 0x0,
    0xef, 0x30, 0x4f, 0xd0, 0x0, 0x0, 0xff, 0x0,

    /* U+210F "ℏ" */
    0x0, 0x1, 0x31, 0x0, 0x0, 0x0, 0x0, 0xa,
    0xf7, 0x0, 0x0, 0x0, 0x2, 0x7e, 0xfa, 0x77,
    0x70, 0x0, 0x7, 0xff, 0xff, 0xff, 0xd0, 0x0,
    0x0, 0x2f, 0xe0, 0x0, 0x0, 0x0, 0x0, 0x5f,
    0xb0, 0x58, 0x96, 0x0, 0x0, 0x9f, 0x9d, 0xff,
    0xff, 0xc0, 0x0, 0xcf, 0xfb, 0x42, 0x7f, 0xf3,
    0x0, 0xff, 0xa0, 0x0, 0xe, 0xf5, 0x2, 0xff,
    0x20, 0x0, 0xe, 0xf3, 0x5, 0xfd, 0x0, 0x0,
    0x1f, 0xf0, 0x8, 0xf9, 0x0, 0x0, 0x4f, 0xd0,
    0xb, 0xf6, 0x0, 0x0, 0x7f, 0xa0, 0xe, 0xf3,
    0x0, 0x0, 0xaf, 0x70, 0x1f, 0xf0, 0x0, 0x0,
    0xdf, 0x30, 0x4f, 0xd0, 0x0, 0x1, 0xff, 0x0,

    /* U+2110 "ℐ" */
    0x0, 0x0, 0x0, 0x0, 0x0, 0x0, 0x2, 0x46,
    0x10, 0x0, 0x0, 0x0, 0x0, 0x3, 0x87, 0x57,
    0x0, 0x0, 0x0, 0x0, 0x0, 0x4c, 0x80, 0x1b,
    0x0, 0x0, 0x0, 0x0, 0x0, 0x9f, 0x50, 0xc,
    0x50, 0x0, 0x0, 0x0, 0x0, 0x9f, 0x40, 0x9,
    0xe0, 0x0, 0x0, 0x0, 0x0, 0x4f, 0x70, 0x4,
    0xf9, 0x20, 0x0, 0x0, 0x0, 0xa, 0xd0, 0x0,
    0xdf, 0x35, 0x0, 0x0, 0x0, 0x0, 0xb8, 0x0,
    0x7f, 0xe0, 0x50, 0x0, 0x0, 0x0, 0x8, 0x60,
    0xe, 0xf8, 0x6, 0x0, 0x0, 0x0, 0x0, 0x18,
    0x8, 0xff, 0x59, 0x0, 0x0, 0x5, 0xc6, 0x0,
    0x5, 0xff, 0xe6, 0x0, 0x0, 0x0, 0xef, 0xc0,
    0x0, 0x9f, 0xf4, 0x0, 0x0, 0x0, 0xe, 0x82,
    0x0, 0x2f, 0xf9, 0x0, 0x0, 0x0, 0x0, 0x90,
    0x0, 0xb, 0xfa, 0x0, 0x0, 0x0, 0x0, 0x4,
    0x50, 0x1a, 0xd5, 0x0, 0x0, 0x0, 0x0, 0x0,
    0x1, 0x44, 0x20, 0x0, 0x0, 0x0, 0x0, 0x0,

    /* U+2111 "ℑ" */
    0x0, 0x1, 0x10, 0x0, 0x0, 0x0, 0x7, 0xff,
    0xc5, 0x0, 0x34, 0x4, 0xfb, 0xcf, 0xfe, 0xc5,
    0x0, 0xc2, 0x0, 0x17, 0x93, 0x70, 0x53, 0x0,
    0x0, 0x2, 0xc1, 0x1, 0x0, 0x0, 0x0, 0xec,
    0x0, 0x0, 0x0, 0x0, 0xf, 0xe0, 0x0, 0x0,
    0x0, 0x0, 0xef, 0x0, 0x0, 0x0, 0x0, 0xd,
    0xf1, 0x0, 0x0, 0x0, 0x0, 0xbf, 0x30, 0x0,
    0x0, 0x0, 0xb, 0xf2, 0x0, 0x0, 0x0, 0x0,
    0xcf, 0x0, 0x0, 0x92, 0x0, 0xe, 0x80, 0x0,
    0x7f, 0xa0, 0x6, 0x90, 0x0, 0x48, 0xcf, 0xdb,
    0x50, 0x0, 0x0, 0x0, 0x34, 0x0, 0x0, 0x0,

    /* U+2112 "ℒ" */
    0x0, 0x0, 0x0, 0x2, 0x55, 0x51, 0x4, 0x63,
    0x0, 0x0, 0x0, 0x49, 0x40, 0x0, 0x1b, 0x40,
    0xc0, 0x0, 0x0, 0x6b, 0x0, 0x0, 0xc, 0x70,
    0xb, 0x0, 0x0, 0x4e, 0x0, 0x0, 0x9, 0xe0,
    0x0, 0xa0, 0x0, 0xb, 0x60, 0x0, 0x4, 0xf8,
    0x0, 0x73, 0x0, 0x0, 0xf2, 0x0, 0x0, 0xdf,
    0x20, 0x17, 0x0, 0x0, 0xe, 0x10, 0x0, 0x5f,
    0xd0, 0x7, 0x0, 0x0, 0x0, 0xa4, 0x0, 0xd,
    0xf7, 0x16, 0x0, 0x0, 0x0, 0x1, 0xb3, 0x5,
    0xff, 0x74, 0x0, 0x0, 0x0, 0x0, 0x0, 0x66,
    0xef, 0xc0, 0x0, 0x0, 0x0, 0x0, 0x0, 0x0,
    0x3f, 0xf5, 0x0, 0x0, 0x0, 0x0, 0x0, 0x0,
    0xb, 0xfd, 0x0, 0x0, 0x0, 0x0, 0x36, 0x56,
    0x22, 0xff, 0x30, 0x0, 0x61, 0x0, 0x6, 0x0,
    0x5, 0xef, 0x40, 0x0, 0x52, 0x0, 0x0, 0x36,
    0x55, 0xa7, 0x58, 0x76, 0x61, 0x0, 0x0, 0x0,

    /* U+2113 "ℓ" */
    0x0, 0x2, 0x66, 0x20, 0x0, 0x5, 0xff, 0xff,
    0x30, 0x0, 0xef, 0x21, 0xfb, 0x0, 0xf, 0xe0,
    0xd, 0xd0, 0x1, 0xfe, 0x0, 0xec, 0x0, 0x1f,
    0xe0, 0x3f, 0x80, 0x1, 0xfe, 0xd, 0xe1, 0x0,
    0x1f, 0xfe, 0xe2, 0x0, 0x6b, 0xff, 0x91, 0x0,
    0xe, 0xbf, 0xe0, 0x0, 0x0, 0x1, 0xfe, 0x0,
    0x0, 0x0, 0x1f, 0xe0, 0x0, 0x63, 0x0, 0xff,
    0x10, 0x1f, 0x40, 0xa, 0xfc, 0x7d, 0xe0, 0x0,
    0x1b, 0xff, 0xe4, 0x0, 0x0, 0x0, 0x10, 0x0,

    /* U+2114 "℔" */
    0x1, 0x32, 0x0, 0x3, 0x30, 0x0, 0x0, 0x0,
    0x0, 0x5f, 0xb0, 0x3, 0xff, 0x0, 0x0, 0x0,
    0x0, 0x59, 0xfd, 0x66, 0x7f, 0xf6, 0x66, 0x0,
    0x0, 0xe, 0xff, 0xff, 0xff, 0xff, 0xff, 0xf2,
    0x0, 0x0, 0x6, 0xfc, 0x11, 0x3f, 0xf1, 0x11,
    0x0, 0x0, 0x0, 0x5f, 0xb0, 0x3, 0xfe, 0x5,
    0xaa, 0x71, 0x0, 0x5, 0xfb, 0x0, 0x3f, 0xd9,
    0xff, 0xff, 0xe2, 0x0, 0x5f, 0xb0, 0x3, 0xff,
    0xe5, 0x14, 0xdf, 0xc0, 0x5, 0xfb, 0x0, 0x3f,
    0xf5, 0x0, 0x3, 0xff, 0x20, 0x5f, 0xb0, 0x3,
    0xff, 0x0, 0x0, 0xe, 0xf5, 0x5, 0xfb, 0x0,
    0x3f, 0xf0, 0x0, 0x0, 0xcf, 0x60, 0x5f, 0xb0,
    0x3, 0xff, 0x0, 0x0, 0xd, 0xf5, 0x5, 0xfb,
    0x0, 0x3f, 0xf2, 0x0, 0x1, 0xff, 0x30, 0x5f,
    0xb0, 0x3, 0xff, 0xa0, 0x0, 0x9f, 0xe0, 0x5,
    0xfb, 0x0, 0x3f, 0xde, 0xda, 0xdf, 0xf6, 0x0,
    0x5f, 0xb0, 0x2, 0xf7, 0x3c, 0xff, 0xe6, 0x0,
    0x0, 0x0, 0x0, 0x0, 0x0, 0x1, 0x10, 0x0,
    0x0,

    /* U+2115 "ℕ" */
    0x4, 0x20, 0x0, 0x0, 0x0, 0x0, 0x31, 0xff,
    0x30, 0x0, 0x0, 0x0, 0x3d, 0x1f, 0x5e, 0x30,
    0x0, 0x0, 0x3, 0xd1, 0xf0, 0x5e, 0x20, 0x0,
    0x0, 0x3d, 0x1f, 0xa0, 0x6e, 0x20, 0x0, 0x3,
    0xd1, 0xfa, 0xa0, 0x7e, 0x10, 0x0, 0x3d, 0x1f,
    0xb, 0x90, 0x7d, 0x10, 0x3, 0xd1, 0xf0, 0xc,
    0x90, 0x8d, 0x10, 0x3d, 0x1f, 0x0, 0xc, 0x80,
    0x8c, 0x3, 0xd1, 0xf0, 0x0, 0x1d, 0x80, 0x9c,
    0x4d, 0x1f, 0x0, 0x0, 0x1d, 0x70, 0xad, 0xd1,
    0xf0, 0x0, 0x0, 0x2e, 0x60, 0xad, 0x1f, 0x0,
    0x0, 0x0, 0x2e, 0x63, 0xd1, 0xf0, 0x0, 0x0,
    0x0, 0x3e, 0x9d, 0x1f, 0x0, 0x0, 0x0, 0x0,
    0x3f, 0xd0,

    /* U+2116 "№" */
    0x4, 0x41, 0x0, 0x0, 0x3, 0x40, 0x0, 0x0,
    0x0, 0x1, 0xff, 0xb0, 0x0, 0x0, 0xcf, 0x10,
    0x0, 0x0, 0x0, 0x1f, 0xff, 0x30, 0x0, 0xc,
    0xf1, 0x0, 0x0, 0x0, 0x1, 0xff, 0xfc, 0x0,
    0x0, 0xcf, 0x10, 0x0, 0x0, 0x0, 0x1f, 0xbd,
    0xf4, 0x0, 0xc, 0xf1, 0x0, 0x0, 0x0, 0x1,
    0xfb, 0x4f, 0xd0, 0x0, 0xcf, 0x10, 0x5, 0x86,
    0x0, 0x1f, 0xc0, 0xcf, 0x50, 0xc, 0xf1, 0xa,
    0xfd, 0xfd, 0x11, 0xfd, 0x3, 0xfd, 0x0, 0xcf,
    0x13, 0xf6, 0x1, 0xf8, 0x1f, 0xd0, 0xb, 0xf6,
    0xc, 0xf1, 0x6f, 0x20, 0xd, 0xb1, 0xfd, 0x0,
    0x2f, 0xe0, 0xcf, 0x15, 0xf2, 0x0, 0xda, 0x1f,
    0xd0, 0x0, 0xaf, 0x7b, 0xf1, 0x2f, 0x90, 0x4f,
    0x61, 0xfd, 0x0, 0x1, 0xfe, 0xbf, 0x10, 0x6f,
    0xff, 0xb0, 0x1f, 0xd0, 0x0, 0x9, 0xff, 0xf1,
    0x0, 0x14, 0x20, 0x1, 0xfd, 0x0, 0x0, 0x1f,
    0xff, 0x10, 0x88, 0x88, 0x82, 0x1f, 0xd0, 0x0,
    0x0, 0x8f, 0xf1, 0x1f, 0xff, 0xff, 0x50,

    /* U+2117 "℗" */
    0x0, 0x0, 0x0, 0x2, 0x32, 0x0, 0x0, 0x0,
    0x0, 0x0, 0x3b, 0xff, 0xef, 0xe9, 0x10, 0x0,
    0x0, 0x8, 0xf8, 0x20, 0x0, 0x3a, 0xf4, 0x0,
    0x0, 0x8e, 0x22, 0x55, 0x53, 0x0, 0x6f, 0x30,
    0x2, 0xf3, 0x7, 0xff, 0xff, 0xe3, 0x8, 0xd0,
    0x9, 0xb0, 0x7, 0xf1, 0x2, 0xeb, 0x0, 0xe5,
    0xd, 0x50, 0x7, 0xf1, 0x0, 0xcc, 0x0, 0xa9,
    0xf, 0x30, 0x7, 0xf3, 0x26, 0xf8, 0x0, 0x7b,
    0xf, 0x40, 0x7, 0xff, 0xff, 0x90, 0x0, 0x8b,
    0xd, 0x60, 0x7, 0xf2, 0x10, 0x0, 0x0, 0xa9,
    0x9, 0xc0, 0x7, 0xf1, 0x0, 0x0, 0x0, 0xf5,
    0x2, 0xf5, 0x7, 0xf1, 0x0, 0x0, 0x9, 0xd0,
    0x0, 0x7f, 0x42, 0x60, 0x0, 0x0, 0x7f, 0x30,
    0x0, 0x8, 0xf9, 0x30, 0x0, 0x4c, 0xf4, 0x0,
    0x0, 0x0, 0x3a, 0xff, 0xff, 0xe9, 0x10, 0x0,
    0x0, 0x0, 0x0, 0x2, 0x21, 0x0, 0x0, 0x0,

    /* U+2118 "℘" */
    0x0, 0x1, 0x90, 0x0, 0x0, 0x0, 0x0, 0x0,
    0x0, 0x1d, 0x20, 0x0, 0x0, 0x0, 0x0, 0x0,
    0x0, 0xc7, 0x0, 0x0, 0x3, 0xae, 0xea, 0x10,
    0x5, 0xf1, 0x0, 0x1, 0xaa, 0x43, 0x8f, 0xc0,
    0xc, 0xe0, 0x0, 0x4c, 0x30, 0x0, 0xc, 0xf5,
    0xf, 0xd0, 0x5, 0xb0, 0x0, 0x0, 0x7, 0xfa,
    0xf, 0xd0, 0x5a, 0x0, 0x0, 0x0, 0x5, 0xfb,
    0xd, 0xf5, 0xb0, 0x0, 0x0, 0x0, 0x6, 0xfb,
    0x8, 0xfe, 0x10, 0x1d, 0xf1, 0x0, 0x9, 0xf8,
    0x1, 0xff, 0x20, 0x6f, 0xe1, 0x0, 0xe, 0xf2,
    0x2, 0xef, 0xc0, 0x5d, 0x0, 0x0, 0x5f, 0xa0,
    0x9, 0x4c, 0xf7, 0x1e, 0x40, 0x4, 0xec, 0x0,
    0xd, 0x3, 0xff, 0x12, 0xbc, 0xdc, 0x70, 0x0,
    0x1c, 0x0, 0xaf, 0x80, 0x0, 0x0, 0x0, 0x0,
    0x1c, 0x0, 0x3f, 0xb0, 0x0, 0x0, 0x0, 0x0,
    0xd, 0x10, 0xf, 0xb0, 0x0, 0x0, 0x0, 0x0,
    0x4, 0xc2, 0x4f, 0x50, 0x0, 0x0, 0x0, 0x0,
    0x0, 0x4b, 0xc7, 0x0, 0x0, 0x0, 0x0, 0x0,

    /* U+2119 "ℙ" */
    0x1, 0x11, 0x11, 0x10, 0x0, 0x0, 0x1f, 0xff,
    0xff, 0xff, 0xc4, 0x0, 0x1f, 0xe, 0x30, 0xe,
    0x7e, 0x50, 0x1f, 0xe, 0x30, 0xe, 0x25, 0xd0,
    0x1f, 0xe, 0x30, 0xe, 0x21, 0xf0, 0x1f, 0xe,
    0x30, 0xe, 0x22, 0xf0, 0x1f, 0xe, 0x30, 0xe,
    0x29, 0xa0, 0x1f, 0xe, 0x41, 0x1e, 0xbc, 0x10,
    0x1f, 0xe, 0xff, 0xec, 0x70, 0x0, 0x1f, 0xe,
    0x30, 0x0, 0x0, 0x0, 0x1f, 0xe, 0x30, 0x0,
    0x0, 0x0, 0x1f, 0xe, 0x30, 0x0, 0x0, 0x0,
    0x1f, 0xe, 0x30, 0x0, 0x0, 0x0, 0x1f, 0x1e,
    0x30, 0x0, 0x0, 0x0, 0x1f, 0xff, 0x30, 0x0,
    0x0, 0x0,

    /* U+211A "ℚ" */
    0x0, 0x0, 0x59, 0xaa, 0x82, 0x0, 0x0, 0x0,
    0x3, 0xeb, 0x64, 0x58, 0xfa, 0x0, 0x0, 0x3,
    0xef, 0x20, 0x0, 0xc, 0xeb, 0x0, 0x0, 0xd5,
    0xe2, 0x0, 0x0, 0xc5, 0xd5, 0x0, 0x4d, 0xe,
    0x20, 0x0, 0xc, 0x45, 0xc0, 0x8, 0x80, 0xe2,
    0x0, 0x0, 0xc4, 0xf, 0x10, 0xa5, 0xe, 0x20,
    0x0, 0xc, 0x40, 0xd2, 0xc, 0x40, 0xe2, 0x0,
    0x0, 0xc4, 0xc, 0x40, 0xb5, 0xe, 0x20, 0x0,
    0xc, 0x40, 0xd3, 0xa, 0x60, 0xe2, 0x0, 0x0,
    0xc4, 0xe, 0x10, 0x7a, 0xe, 0x20, 0x0, 0xc,
    0x43, 0xe0, 0x1, 0xf1, 0xe2, 0x0, 0x0, 0xc4,
    0x98, 0x0, 0x9, 0xbe, 0x20, 0x0, 0xc, 0x9e,
    0x10, 0x0, 0xc, 0xf4, 0x0, 0x1, 0xde, 0x30,
    0x0, 0x0, 0x7, 0xde, 0xcd, 0xff, 0x30, 0x0,
    0x0, 0x0, 0x0, 0x18, 0xd0, 0x6e, 0x30, 0x0,
    0x0, 0x0, 0x0, 0xc, 0x80, 0x4e, 0x40, 0x0,
    0x0, 0x0, 0x0, 0x2f, 0xcc, 0xef, 0x70, 0x0,
    0x0, 0x0, 0x0, 0x13, 0x33, 0x33, 0x0,

    /* U+211B "ℛ" */
    0x0, 0x0, 0x0, 0x0, 0x0, 0x46, 0x55, 0x42,
    0x20, 0x0, 0x0, 0x0, 0x0, 0x46, 0x51, 0x0,
    0x8, 0xa9, 0x0, 0x0, 0x0, 0x1, 0x71, 0x0,
    0x0, 0xa, 0x10, 0xea, 0x0, 0x0, 0x2, 0x60,
    0x5, 0x20, 0xa, 0x40, 0xb, 0xf1, 0x0, 0x1,
    0x60, 0x0, 0x74, 0x7, 0xc0, 0x0, 0xbf, 0x20,
    0x0, 0x60, 0x0, 0xc, 0x32, 0xf6, 0x0, 0x1f,
    0xd0, 0x0, 0x15, 0x0, 0x4, 0xe0, 0xcf, 0x10,
    0xa, 0xe2, 0x0, 0x2, 0x30, 0x1, 0xe5, 0x4f,
    0xb7, 0x59, 0x81, 0x0, 0x0, 0x6, 0x4, 0xd7,
    0xd, 0xf6, 0x3b, 0x40, 0x0, 0x0, 0x0, 0x16,
    0x61, 0x5, 0xff, 0x10, 0xbc, 0x0, 0x0, 0x1,
    0x72, 0x0, 0x0, 0xdf, 0xa0, 0x1f, 0xc0, 0x0,
    0x0, 0xdf, 0xc0, 0x0, 0x5f, 0xf2, 0x8, 0xf8,
    0x0, 0x0, 0xf, 0xd6, 0x0, 0xd, 0xf5, 0x0,
    0xef, 0x20, 0x60, 0x0, 0x80, 0x0, 0xa, 0xf6,
    0x0, 0x2f, 0xe0, 0x62, 0x0, 0x1, 0x65, 0x6a,
    0x82, 0x0, 0x0, 0xaf, 0x81, 0x0, 0x0,

    /* U+211C "ℜ" */
    0x0, 0x1, 0x66, 0x10, 0x0, 0x2, 0x53, 0x0,
    0x0, 0x0, 0x5e, 0xff, 0xf4, 0x0, 0x8e, 0xff,
    0x40, 0x0, 0x5, 0x80, 0x9, 0xff, 0x28, 0x50,
    0x6f, 0x90, 0x0, 0x1f, 0x0, 0x0, 0xbf, 0xc6,
    0x0, 0x3f, 0xa0, 0x0, 0x6f, 0x40, 0x0, 0x4f,
    0xf0, 0x0, 0x1f, 0xfa, 0x20, 0x2f, 0xf2, 0x0,
    0xf, 0xe0, 0x0, 0x18, 0x60, 0x0, 0x5, 0xfc,
    0x0, 0xe, 0xe0, 0x39, 0xd2, 0x0, 0x0, 0x0,
    0xab, 0x0, 0xd, 0xfc, 0xcd, 0xff, 0x40, 0x0,
    0x0, 0xb1, 0x0, 0xd, 0xc0, 0x0, 0x7f, 0x60,
    0x0, 0x4, 0x10, 0x0, 0xf, 0x80, 0x0, 0x1f,
    0x70, 0x0, 0x0, 0x0, 0x0, 0x1f, 0x30, 0x0,
    0xf, 0x80, 0x0, 0x0, 0x0, 0x0, 0x5d, 0x0,
    0x0, 0xf, 0xa0, 0x0, 0x0, 0x58, 0x0, 0xc4,
    0x0, 0x0, 0x1f, 0xe0, 0x30, 0x6, 0xff, 0xcb,
    0x30, 0x0, 0x0, 0xc, 0xfe, 0x50, 0x36, 0x2a,
    0xd2, 0x0, 0x0, 0x0, 0x3, 0xd2, 0x0, 0x0,
    0x0, 0x0, 0x0, 0x0, 0x0, 0x0, 0x0, 0x0,

    /* U+211D "ℝ" */
    0x1, 0x11, 0x11, 0x10, 0x0, 0x0, 0x1, 0xff,
    0xff, 0xff, 0xfc, 0x50, 0x0, 0x1f, 0xe, 0x30,
    0xe, 0x7e, 0x60, 0x1, 0xf0, 0xe3, 0x0, 0xe2,
    0x5e, 0x0, 0x1f, 0xe, 0x30, 0xe, 0x21, 0xf0,
    0x1, 0xf0, 0xe3, 0x0, 0xe2, 0x2f, 0x0, 0x1f,
    0xe, 0x30, 0xe, 0x2a, 0x90, 0x1, 0xf0, 0xe5,
    0x33, 0xed, 0xc1, 0x0, 0x1f, 0xe, 0xef, 0xdd,
    0xb0, 0x0, 0x1, 0xf0, 0xe3, 0x8a, 0xd, 0x30,
    0x0, 0x1f, 0xe, 0x30, 0xd5, 0x4d, 0x0, 0x1,
    0xf0, 0xe3, 0x3, 0xe1, 0x99, 0x0, 0x1f, 0xe,
    0x30, 0x9, 0xa0, 0xd4, 0x1, 0xf1, 0xe3, 0x0,
    0xe, 0x54, 0xe1, 0x1f, 0xff, 0x30, 0x0, 0x4f,
    0xff, 0xa0,

    /* U+211E "℞" */
    0x1, 0x11, 0x0, 0x0, 0x0, 0x0, 0x1f, 0xff,
    0xff, 0xeb, 0x40, 0x0, 0x1f, 0xfc, 0xbd, 0xff,
    0xf6, 0x0, 0x1f, 0xf1, 0x0, 0x1a, 0xff, 0x0,
    0x1f, 0xf1, 0x0, 0x1, 0xff, 0x20, 0x1f, 0xf1,
    0x0, 0x1, 0xff, 0x20, 0x1f, 0xf1, 0x0, 0x8,
    0xfd, 0x0, 0x1f, 0xf8, 0x89, 0xdf, 0xf3, 0x0,
    0x1f, 0xff, 0xff, 0xfc, 0x23, 0x51, 0x1f, 0xf4,
    0x34, 0xfe, 0x2f, 0xd0, 0x1f, 0xf1, 0x0, 0x8f,
    0xff, 0x30, 0x1f, 0xf1, 0x0, 0xe, 0xf8, 0x0,
    0x1f, 0xf1, 0x0, 0x5f, 0xfd, 0x0, 0x1f, 0xf1,
    0x1, 0xed, 0xaf, 0x70, 0x1f, 0xf1, 0xb, 0xf4,
    0x1e, 0xf2,

    /* U+211F "℟" */
    0x0, 0x11, 0x0, 0x0, 0x0, 0x0, 0x0, 0x6f,
    0xd8, 0x41, 0x0, 0x0, 0x0, 0x1, 0x59, 0xdf,
    0x10, 0x0, 0x1, 0x11, 0x0, 0x4d, 0x0, 0x0,
    0x2f, 0xff, 0xff, 0xfe, 0x40, 0x0, 0x2f, 0xfb,
    0xbc, 0xff, 0xf7, 0x0, 0x2f, 0xf0, 0x0, 0xfa,
    0xff, 0x10, 0x2f, 0xf0, 0x4, 0xe1, 0xff, 0x30,
    0x2f, 0xf0, 0x8, 0xa1, 0xff, 0x30, 0x2f, 0xf0,
    0xc, 0x69, 0xfd, 0x0, 0x2f, 0xfb, 0xbf, 0xff,
    0xe2, 0x0, 0x2f, 0xff, 0xff, 0xfb, 0x0, 0x0,
    0x2f, 0xf1, 0x8d, 0xff, 0x10, 0x0, 0x2f, 0xf0,
    0xb6, 0xaf, 0xa0, 0x0, 0x2f, 0xf1, 0xf2, 0x2f,
    0xf4, 0x0, 0x2f, 0xf4, 0xf0, 0x9, 0xfd, 0x0,
    0x2f, 0xf7, 0xb0, 0x1, 0xff, 0x60, 0x2f, 0xfb,
    0x70, 0x0, 0x7f, 0xe1, 0x3, 0x3e, 0x30, 0x0,
    0x3, 0x31, 0x0, 0x2f, 0x0, 0x0, 0x0, 0x0,
    0x0, 0x49, 0x0, 0x0, 0x0, 0x0,

    /* U+2120 "℠" */
    0x0, 0x21, 0x0, 0x0, 0x0, 0x0, 0x10, 0x7f,
    0xce, 0x70, 0xff, 0x10, 0xa, 0xf5, 0xe5, 0x0,
    0x0, 0xfe, 0x60, 0xf, 0xf5, 0xbc, 0x30, 0x0,
    0xfa, 0xc0, 0x5a, 0xe5, 0x7, 0xdd, 0x30, 0xf4,
    0xf1, 0xb5, 0xf5, 0x0, 0x8, 0xd0, 0xf3, 0xb8,
    0xe0, 0xf5, 0x63, 0x2a, 0xc0, 0xf3, 0x5f, 0x90,
    0xf5, 0xad, 0xda, 0x20, 0xb2, 0xb, 0x20, 0xb4,

    /* U+2121 "℡" */
    0x12, 0x22, 0x20, 0x12, 0x22, 0x0, 0x10, 0x0,
    0xdf, 0xff, 0xf6, 0xef, 0xff, 0x65, 0xe0, 0x0,
    0x0, 0xd6, 0x0, 0xe7, 0x0, 0x5, 0xe0, 0x0,
    0x0, 0xd6, 0x0, 0xe8, 0x33, 0x5, 0xe0, 0x0,
    0x0, 0xd6, 0x0, 0xee, 0xee, 0x25, 0xe0, 0x0,
    0x0, 0xd6, 0x0, 0xe7, 0x0, 0x5, 0xe0, 0x0,
    0x0, 0xd6, 0x0, 0xe8, 0x22, 0x5, 0xe2, 0x21,
    0x0, 0xd6, 0x0, 0xdf, 0xff, 0x65, 0xff, 0xfb,

    /* U+2122 "™" */
    0x11, 0x11, 0x10, 0x11, 0x0, 0x0, 0x11, 0xdf,
    0xff, 0xf6, 0xef, 0x30, 0x2, 0xfe, 0x0, 0xd6,
    0x0, 0xee, 0x90, 0x8, 0xee, 0x0, 0xd6, 0x0,
    0xe9, 0xe0, 0xe, 0x9e, 0x0, 0xd6, 0x0, 0xe4,
    0xe5, 0x4d, 0x5e, 0x0, 0xd6, 0x0, 0xe4, 0x9b,
    0xa7, 0x5e, 0x0, 0xd6, 0x0, 0xe4, 0x3f, 0xf1,
    0x5e, 0x0, 0xd6, 0x0, 0xe4, 0xc, 0xa0, 0x5e,

    /* U+2123 "℣" */
    0x0, 0x5, 0x0, 0x0, 0x0, 0x0, 0x0, 0x1,
    0xef, 0xb7, 0x20, 0x0, 0x0, 0x0, 0x0, 0x27,
    0xbf, 0x60, 0x0, 0x3, 0x30, 0x0, 0x1, 0xf2,
    0x3, 0x30, 0xbf, 0x70, 0x0, 0x5e, 0x3, 0xff,
    0x16, 0xfd, 0x0, 0xa, 0x90, 0x8f, 0xa0, 0x1f,
    0xf2, 0x0, 0xe5, 0xd, 0xf5, 0x0, 0xbf, 0x80,
    0x3f, 0x3, 0xff, 0x0, 0x5, 0xfd, 0x7, 0xc0,
    0x9f, 0xa0, 0x0, 0xf, 0xf3, 0xb7, 0xe, 0xf4,
    0x0, 0x0, 0xaf, 0x9f, 0x33, 0xfe, 0x0, 0x0,
    0x4, 0xff, 0xe0, 0x9f, 0x90, 0x0, 0x0, 0xe,
    0xfa, 0xe, 0xf3, 0x0, 0x0, 0x0, 0x9f, 0x84,
    0xfd, 0x0, 0x0, 0x0, 0x4, 0xfd, 0x8f, 0x80,
    0x0, 0x0, 0x0, 0x6f, 0xfd, 0xf2, 0x0, 0x0,
    0x0, 0xb, 0xef, 0xfc, 0x0, 0x0, 0x0, 0x0,
    0xf6, 0xff, 0x70, 0x0, 0x0, 0x0, 0x4e, 0x0,
    0x0, 0x0, 0x0, 0x0, 0x8, 0xa0, 0x0, 0x0,
    0x0, 0x0, 0x0, 0xc5, 0x0, 0x0, 0x0, 0x0,
    0x0,

    /* U+2124 "ℤ" */
    0x0, 0x11, 0x11, 0x11, 0x11, 0x11, 0x6, 0xff,
    0xff, 0xff, 0xff, 0xff, 0x0, 0x0, 0x0, 0x2,
    0xe1, 0x8a, 0x0, 0x0, 0x0, 0xb, 0x72, 0xe1,
    0x0, 0x0, 0x0, 0x5d, 0xb, 0x70, 0x0, 0x0,
    0x0, 0xe4, 0x5d, 0x0, 0x0, 0x0, 0x8, 0xa0,
    0xe3, 0x0, 0x0, 0x0, 0x2e, 0x18, 0xa0, 0x0,
    0x0, 0x0, 0xc6, 0x2e, 0x10, 0x0, 0x0, 0x5,
    0xc0, 0xb7, 0x0, 0x0, 0x0, 0x1e, 0x35, 0xd0,
    0x0, 0x0, 0x0, 0x99, 0xe, 0x40, 0x0, 0x0,
    0x3, 0xe1, 0x8a, 0x0, 0x0, 0x0, 0xc, 0x73,
    0xf2, 0x11, 0x11, 0x10, 0x1f, 0xff, 0xff, 0xff,
    0xff, 0xfc,

    /* U+2125 "℥" */
    0xc, 0xcc, 0xcc, 0xcc, 0xc6, 0x1, 0xff, 0xff,
    0xff, 0xff, 0x70, 0x1, 0x11, 0x11, 0xdf, 0xb0,
    0x0, 0x0, 0x0, 0xbf, 0xc0, 0x0, 0x0, 0x0,
    0x9f, 0xd1, 0x0, 0x0, 0x22, 0x8f, 0xf4, 0x22,
    0x10, 0x1f, 0xff, 0xff, 0xff, 0xf8, 0x0, 0xaa,
    0xaa, 0xae, 0xff, 0x40, 0x0, 0x0, 0x6, 0xfe,
    0x30, 0x0, 0x0, 0x8, 0xfd, 0x20, 0x0, 0x0,
    0xa, 0xfc, 0x10, 0x0, 0x0, 0x8, 0xff, 0xb8,
    0x40, 0x0, 0x0, 0x8d, 0xef, 0xff, 0xb0, 0x0,
    0x0, 0x0, 0x5, 0xef, 0x90, 0x0, 0x0, 0x0,
    0x5, 0xff, 0x0, 0x0, 0x0, 0x0, 0x2f, 0xf0,
    0x0, 0x0, 0x0, 0x7, 0xfe, 0x5, 0x73, 0x0,
    0x17, 0xff, 0x70, 0x7f, 0xff, 0xff, 0xff, 0x90,
    0x1, 0x59, 0xbc, 0xb8, 0x30, 0x0,

    /* U+2126 "Ω" */
    0x0, 0x0, 0x27, 0xaa, 0x95, 0x0, 0x0, 0x0,
    0x0, 0x9f, 0xff, 0xff, 0xfe, 0x50, 0x0, 0x0,
    0xbf, 0xf8, 0x32, 0x5b, 0xff, 0x50, 0x0, 0x7f,
    0xf3, 0x0, 0x0, 0x8, 0xff, 0x10, 0xd, 0xf8,
    0x0, 0x0, 0x0, 0xe, 0xf7, 0x2, 0xff, 0x20,
    0x0, 0x0, 0x0, 0x9f, 0xb0, 0x4f, 0xf0, 0x0,
    0x0, 0x0, 0x6, 0xfd, 0x4, 0xff, 0x0, 0x0,
    0x0, 0x0, 0x6f, 0xe0, 0x3f, 0xf1, 0x0, 0x0,
    0x0, 0x7, 0xfc, 0x0, 0xff, 0x40, 0x0, 0x0,
    0x0, 0xbf, 0x80, 0x8, 0xfa, 0x0, 0x0, 0x0,
    0x1f, 0xf2, 0x0, 0x1e, 0xf4, 0x0, 0x0, 0xb,
    0xf8, 0x0, 0x0, 0x2e, 0xf4, 0x0, 0xa, 0xfa,
    0x0, 0x6, 0xdd, 0xef, 0xf0, 0x7, 0xff, 0xdd,
    0xd0, 0x7f, 0xff, 0xff, 0x0, 0x7f, 0xff, 0xff,
    0x0,

    /* U+2127 "℧" */
    0x1, 0x11, 0x10, 0x0, 0x1, 0x11, 0x10, 0x8f,
    0xff, 0xff, 0x0, 0x8f, 0xff, 0xff, 0x6c, 0xce,
    0xff, 0x0, 0x8f, 0xfc, 0xcc, 0x0, 0x4f, 0xd2,
    0x0, 0x9, 0xfa, 0x0, 0x2, 0xfe, 0x20, 0x0,
    0x0, 0xaf, 0x80, 0xb, 0xf7, 0x0, 0x0, 0x0,
    0x1f, 0xf2, 0x1f, 0xf1, 0x0, 0x0, 0x0, 0xb,
    0xf8, 0x5f, 0xf0, 0x0, 0x0, 0x0, 0x8, 0xfb,
    0x6f, 0xd0, 0x0, 0x0, 0x0, 0x7, 0xfc, 0x5f,
    0xf0, 0x0, 0x0, 0x0, 0x8, 0xfb, 0x2f, 0xf2,
    0x0, 0x0, 0x0, 0xc, 0xf8, 0xd, 0xfa, 0x0,
    0x0, 0x0, 0x4f, 0xf3, 0x4, 0xff, 0x91, 0x0,
    0x5, 0xff, 0xa0, 0x0, 0x6f, 0xff, 0xcc, 0xef,
    0xfb, 0x0, 0x0, 0x3, 0xaf, 0xff, 0xfc, 0x60,
    0x0, 0x0, 0x0, 0x0, 0x11, 0x0, 0x0, 0x0,

    /* U+2128 "ℨ" */
    0x0, 0x2, 0x0, 0x0, 0x0, 0x0, 0x3, 0xa1,
    0x12, 0x20, 0x0, 0x0, 0xdf, 0xff, 0xff, 0xf3,
    0x0, 0x7, 0x98, 0x77, 0xdf, 0x70, 0x0, 0x0,
    0x0, 0x4, 0xf5, 0x0, 0x0, 0x0, 0x0, 0x7c,
    0x0, 0x0, 0x0, 0x0, 0x3c, 0x10, 0x0, 0x0,
    0x3, 0x9d, 0x75, 0x0, 0x0, 0x0, 0xef, 0xff,
    0xfd, 0x10, 0x0, 0x13, 0x1, 0x6f, 0xf9, 0x0,
    0x0, 0x0, 0x0, 0x6f, 0xc0, 0x0, 0x0, 0x0,
    0x2, 0xfb, 0x0, 0x0, 0x0, 0x0, 0x2f, 0xa0,
    0x0, 0x0, 0x0, 0x4, 0xf6, 0x1, 0x56, 0x0,
    0x0, 0x7f, 0x15, 0xaf, 0xf0, 0x0, 0xe, 0x80,
    0x0, 0xdf, 0x10, 0x9, 0xa0, 0x0, 0xa, 0xfd,
    0xaa, 0x50, 0x0, 0x0, 0x0, 0x0, 0x0, 0x0,
    0x0,

    /* U+2129 "℩" */
    0x8e, 0xd9, 0x10, 0xad, 0xff, 0xb0, 0x0, 0x2f,
    0xf1, 0x0, 0xe, 0xf3, 0x0, 0xe, 0xf3, 0x0,
    0xe, 0xf3, 0x0, 0xe, 0xf3, 0x0, 0xe, 0xf3,
    0x0, 0xe, 0xf3, 0x0, 0xe, 0xf3, 0x0, 0xe,
    0xf3, 0x0, 0x1, 0x10,

    /* U+212A "K" */
    0x4, 0x40, 0x0, 0x0, 0x4, 0x41, 0x1f, 0xf1,
    0x0, 0x0, 0xaf, 0xc0, 0x1f, 0xf1, 0x0, 0x8,
    0xfd, 0x10, 0x1f, 0xf1, 0x0, 0x6f, 0xe2, 0x0,
    0x1f, 0xf1, 0x4, 0xff, 0x30, 0x0, 0x1f, 0xf1,
    0x2f, 0xf4, 0x0, 0x0, 0x1f, 0xf2, 0xef, 0x60,
    0x0, 0x0, 0x1f, 0xfd, 0xff, 0x60, 0x0, 0x0,
    0x1f, 0xff, 0xbf, 0xf2, 0x0, 0x0, 0x1f, 0xf4,
    0xc, 0xfc, 0x0, 0x0, 0x1f, 0xf1, 0x2, 0xff,
    0x70, 0x0, 0x1f, 0xf1, 0x0, 0x5f, 0xf3, 0x0,
    0x1f, 0xf1, 0x0, 0xa, 0xfd, 0x0, 0x1f, 0xf1,
    0x0, 0x0, 0xdf, 0x90, 0x1f, 0xf1, 0x0, 0x0,
    0x3f, 0xf4,

    /* U+212B "Å" */
    0x0, 0x0, 0x8, 0xc8, 0x0, 0x0, 0x0, 0x0,
    0x0, 0x8d, 0x5d, 0x80, 0x0, 0x0, 0x0, 0x0,
    0xb7, 0x7, 0xc0, 0x0, 0x0, 0x0, 0x0, 0x8f,
    0x8f, 0x90, 0x0, 0x0, 0x0, 0x0, 0x1f, 0xff,
    0x10, 0x0, 0x0, 0x0, 0x0, 0x3f, 0xff, 0x50,
    0x0, 0x0, 0x0, 0x0, 0xaf, 0x9f, 0xb0, 0x0,
    0x0, 0x0, 0x0, 0xff, 0x1e, 0xf1, 0x0, 0x0,
    0x0, 0x6, 0xfb, 0x9, 0xf7, 0x0, 0x0, 0x0,
    0xc, 0xf5, 0x4, 0xfd, 0x0, 0x0, 0x0, 0x2f,
    0xf0, 0x0, 0xef, 0x30, 0x0, 0x0, 0x8f, 0x90,
    0x0, 0x8f, 0x90, 0x0, 0x0, 0xef, 0xff, 0xff,
    0xff, 0xf0, 0x0, 0x4, 0xff, 0xee, 0xee, 0xef,
    0xf5, 0x0, 0xa, 0xf8, 0x0, 0x0, 0x8, 0xfb,
    0x0, 0x1f, 0xf3, 0x0, 0x0, 0x2, 0xff, 0x20,
    0x6f, 0xd0, 0x0, 0x0, 0x0, 0xcf, 0x80, 0xcf,
    0x70, 0x0, 0x0, 0x0, 0x6f, 0xe0,

    /* U+212C "ℬ" */
    0x0, 0x0, 0x0, 0x0, 0x14, 0x65, 0x54, 0x22,
    0x0, 0x0, 0x0, 0x5, 0x65, 0x10, 0x1, 0x9b,
    0x70, 0x0, 0x0, 0x26, 0x10, 0x50, 0x1, 0xa0,
    0x5f, 0x40, 0x0, 0x44, 0x0, 0x9, 0x0, 0xc2,
    0x4, 0xf7, 0x0, 0x25, 0x0, 0x4, 0xa0, 0x8a,
    0x0, 0x6f, 0x50, 0x6, 0x0, 0x0, 0xc6, 0x3f,
    0x40, 0xc, 0xc0, 0x0, 0x60, 0x0, 0x6d, 0xc,
    0xe0, 0x6, 0x90, 0x0, 0x6, 0x0, 0x6d, 0x25,
    0xf9, 0x88, 0x70, 0x0, 0x0, 0x16, 0x97, 0x10,
    0xdf, 0x40, 0xc, 0x80, 0x0, 0x0, 0x0, 0x0,
    0x5f, 0xf0, 0x0, 0xcf, 0x10, 0x17, 0x30, 0x0,
    0xc, 0xf9, 0x0, 0xe, 0xf3, 0xb, 0xfe, 0x0,
    0x5, 0xfe, 0x17, 0x23, 0xff, 0x0, 0xed, 0x70,
    0x0, 0xef, 0x46, 0x10, 0x9f, 0x70, 0x8, 0x0,
    0x0, 0xbf, 0x50, 0x60, 0x3f, 0x90, 0x0, 0x16,
    0x56, 0xa8, 0x10, 0x5, 0x7c, 0x50, 0x0, 0x0,

    /* U+212D "ℭ" */
    0x0, 0x0, 0x0, 0x0, 0x23, 0x0, 0x0, 0x0,
    0x0, 0x3a, 0xfd, 0x0, 0x0, 0x4, 0xbb, 0xe1,
    0xcf, 0x72, 0x2, 0xb7, 0x4f, 0xd0, 0x2c, 0x92,
    0xe, 0x90, 0x2f, 0xf0, 0x0, 0x0, 0x4f, 0x40,
    0xe, 0xf2, 0x0, 0x0, 0x9f, 0x10, 0xb, 0xf4,
    0x0, 0x0, 0xbf, 0x0, 0xa, 0xf2, 0x0, 0x0,
    0xcf, 0x20, 0x3f, 0x70, 0x0, 0x0, 0xbf, 0x43,
    0x82, 0x0, 0x0, 0x0, 0x8f, 0xb0, 0x0, 0x0,
    0x0, 0x0, 0x3f, 0xf6, 0x0, 0x0, 0x0, 0x0,
    0x9, 0xff, 0x80, 0x0, 0x0, 0x23, 0x0, 0xaf,
    0xfe, 0x96, 0x5a, 0x80, 0x0, 0x4, 0xbf, 0xff,
    0xd3, 0x0, 0x0, 0x0, 0x0, 0x21, 0x0, 0x0,

    /* U+212E "℮" */
    0x0, 0x18, 0xcc, 0xa4, 0x0, 0x0, 0x5d, 0x51,
    0x3, 0xb9, 0x0, 0x2f, 0x40, 0x0, 0x0, 0xe6,
    0xa, 0xf4, 0x0, 0x0, 0xe, 0xe0, 0xef, 0x40,
    0x0, 0x0, 0xef, 0x3f, 0xfe, 0xdd, 0xdd, 0xdd,
    0xd3, 0xef, 0x40, 0x0, 0x0, 0x0, 0xb, 0xf4,
    0x0, 0x0, 0x0, 0x0, 0x4f, 0x40, 0x0, 0x0,
    0x46, 0x0, 0x9b, 0x10, 0x0, 0x5c, 0x10, 0x0,
    0x6d, 0xcc, 0xd9, 0x0, 0x0, 0x0, 0x0, 0x10,
    0x0, 0x0,

    /* U+212F "ℯ" */
    0x0, 0x0, 0x2a, 0x89, 0x60, 0x0, 0x7f, 0xb0,
    0x6c, 0x0, 0x8f, 0xf1, 0xd, 0x80, 0x6f, 0xf7,
    0xa, 0xd0, 0x3c, 0xff, 0x5b, 0x80, 0x20, 0xbf,
    0xc5, 0x0, 0x51, 0x9, 0xf4, 0x0, 0x53, 0x0,
    0x2e, 0x52, 0x62, 0x0, 0x0, 0x15, 0x30, 0x0,
    0x0,

    /* U+2130 "ℰ" */
    0x0, 0x0, 0x0, 0x2, 0x78, 0x60, 0x0, 0x0,
    0x0, 0xa, 0xf7, 0x11, 0x70, 0x0, 0x0, 0x9,
    0xf7, 0x3, 0x22, 0x50, 0x0, 0x0, 0xff, 0x0,
    0x80, 0x6, 0x0, 0x0, 0xf, 0xc0, 0x35, 0x4,
    0x20, 0x0, 0x0, 0xbb, 0x0, 0x76, 0x40, 0x0,
    0x1, 0x7c, 0xd6, 0x50, 0x0, 0x0, 0x5, 0xfd,
    0x10, 0x45, 0x0, 0x0, 0x4, 0xfe, 0x10, 0x0,
    0x0, 0x0, 0x0, 0xef, 0x60, 0x7, 0x67, 0x10,
    0x0, 0x2f, 0xe0, 0x7, 0x40, 0x5, 0x0, 0x2,
    0xfb, 0x0, 0x90, 0x0, 0x50, 0x0, 0xf, 0xa0,
    0x6, 0x0, 0x61, 0x0, 0x0, 0x7d, 0x0, 0x10,
    0x54, 0x0, 0x0, 0x0, 0x68, 0x65, 0x62, 0x0,
    0x0, 0x0,

    /* U+2131 "ℱ" */
    0x0, 0x0, 0x0, 0x0, 0x15, 0x66, 0x51, 0x0,
    0x0, 0x0, 0x0, 0x0, 0x38, 0x74, 0x59, 0xff,
    0xc9, 0x99, 0x0, 0x0, 0x6, 0x50, 0x20, 0x0,
    0x6, 0xbd, 0x80, 0x0, 0x0, 0x52, 0x0, 0x80,
    0x0, 0x34, 0x0, 0x0, 0x0, 0x1, 0x50, 0x0,
    0xb2, 0x3, 0xb0, 0x0, 0x0, 0x0, 0x5, 0x0,
    0x1, 0xf1, 0x2f, 0x50, 0x0, 0x0, 0x0, 0x5,
    0x0, 0x9, 0xc0, 0xcf, 0x12, 0x20, 0x0, 0x0,
    0x5, 0x0, 0x6e, 0x25, 0xfc, 0x1e, 0x60, 0x0,
    0x0, 0x1, 0x67, 0x91, 0xd, 0xf9, 0xa8, 0x0,
    0x0, 0x0, 0x0, 0x0, 0x35, 0x9f, 0xf3, 0xd2,
    0x0, 0x0, 0x5, 0xd7, 0x5, 0x20, 0xdf, 0xb4,
    0xe0, 0x0, 0x0, 0xf, 0xfc, 0x0, 0x5, 0xff,
    0x33, 0x10, 0x0, 0x0, 0xe, 0x71, 0x0, 0xe,
    0xf9, 0x0, 0x0, 0x0, 0x0, 0x9, 0x0, 0x0,
    0x9f, 0xb0, 0x0, 0x0, 0x0, 0x0, 0x3, 0x60,
    0x19, 0xe7, 0x0, 0x0, 0x0, 0x0, 0x0, 0x0,
    0x14, 0x43, 0x0, 0x0, 0x0, 0x0, 0x0, 0x0,

    /* U+2132 "Ⅎ" */
    0x0, 0x0, 0x0, 0x14, 0x30, 0x0, 0x0, 0x4,
    0xfe, 0x0, 0x0, 0x0, 0x4f, 0xe0, 0x0, 0x0,
    0x4, 0xfe, 0x0, 0x0, 0x0, 0x4f, 0xe0, 0x0,
    0x0, 0x4, 0xfe, 0x1, 0x22, 0x22, 0x5f, 0xe0,
    0xcf, 0xff, 0xff, 0xfe, 0x8, 0xbb, 0xbb, 0xcf,
    0xe0, 0x0, 0x0, 0x4, 0xfe, 0x0, 0x0, 0x0,
    0x4f, 0xe0, 0x0, 0x0, 0x4, 0xfe, 0x0, 0x0,
    0x0, 0x4f, 0xe2, 0xdd, 0xdd, 0xde, 0xfe, 0x2f,
    0xff, 0xff, 0xff, 0xe0,

    /* U+2133 "ℳ" */
    0x0, 0x0, 0x0, 0x0, 0x0, 0x0, 0x0, 0x0,
    0x2, 0x0, 0x0, 0x1, 0x0, 0x0, 0x0, 0x0,
    0x0, 0x0, 0x0, 0x0, 0x5, 0x80, 0x0, 0x5,
    0xb0, 0x0, 0x0, 0x0, 0x0, 0x0, 0x0, 0x0,
    0x5, 0xa2, 0x0, 0x6, 0xb2, 0x0, 0x0, 0x0,
    0x0, 0x0, 0x0, 0x0, 0x5, 0x6b, 0x0, 0x6,
    0x89, 0x0, 0x0, 0x0, 0x0, 0x0, 0x0, 0x0,
    0x4, 0x5e, 0x40, 0x5, 0x5f, 0x10, 0x0, 0x0,
    0x0, 0x0, 0x0, 0x0, 0x2, 0x69, 0xd0, 0x4,
    0x4e, 0x80, 0x0, 0x0, 0x0, 0x0, 0x0, 0x0,
    0x0, 0x73, 0xf5, 0x2, 0x5c, 0xf1, 0x0, 0x0,
    0x0, 0x0, 0x0, 0x0, 0x0, 0x70, 0xde, 0x0,
    0x67, 0xf8, 0x0, 0x0, 0x0, 0x0, 0x0, 0x0,
    0x0, 0x52, 0x6f, 0x80, 0x52, 0xff, 0x10, 0x0,
    0x0, 0x0, 0x0, 0x0, 0x0, 0x25, 0xe, 0xf2,
    0x23, 0x9f, 0x90, 0x0, 0x0, 0x0, 0x31, 0x0,
    0x0, 0x7, 0x5, 0xfb, 0x6, 0x1f, 0xf2, 0x0,
    0x0, 0x0, 0xaf, 0xc0, 0x0, 0x6, 0x0, 0xbf,
    0x55, 0x17, 0xfb, 0x0, 0x0, 0x0, 0xf, 0xf8,
    0x0, 0x4, 0x30, 0xf, 0xf2, 0x50, 0xaf, 0x50,
    0x41, 0x0, 0x0, 0xc1, 0x0, 0x4, 0x40, 0x0,
    0xfb, 0x70, 0xa, 0xe0, 0x34, 0x0, 0x0, 0x5,
    0x50, 0x26, 0x40, 0x0, 0xd, 0xd1, 0x0, 0x6b,
    0x44, 0x0, 0x0, 0x0, 0x2, 0x53, 0x0, 0x0,
    0x0, 0x21, 0x0, 0x0, 0x42, 0x0, 0x0, 0x0,

    /* U+2134 "ℴ" */
    0x0, 0x0, 0x4c, 0xc7, 0x30, 0x0, 0x8, 0xfd,
    0x0, 0xa0, 0x0, 0x8f, 0xf2, 0x1, 0xb0, 0x6,
    0xff, 0x90, 0x5, 0x60, 0x3c, 0xff, 0x10, 0xb,
    0x2, 0xb, 0xf9, 0x1, 0x76, 0x60, 0x9, 0xf4,
    0xd, 0xe7, 0x10, 0x2, 0xe4, 0x38, 0x20, 0x0,
    0x0, 0x15, 0x30, 0x0, 0x0,

    /* U+2135 "ℵ" */
    0x0, 0x0, 0x0, 0x0, 0x0, 0x0, 0x8, 0x80,
    0x0, 0x0, 0x3, 0xa4, 0xb, 0xf8, 0x0, 0x0,
    0x6, 0xf4, 0x0, 0xbf, 0x70, 0x0, 0x9, 0xf1,
    0x0, 0xb, 0xf5, 0x0, 0xe, 0xc0, 0x0, 0xa,
    0xff, 0x30, 0x5f, 0x50, 0x0, 0x4f, 0x8e, 0xe3,
    0xec, 0x0, 0x0, 0xdd, 0x3, 0xff, 0xf2, 0x0,
    0x4, 0xf5, 0x0, 0x6f, 0xb0, 0x0, 0xa, 0xf0,
    0x0, 0x9, 0xf6, 0x0, 0xe, 0xb0, 0x0, 0x0,
    0xcf, 0x30, 0x1f, 0x80, 0x0, 0x0, 0x1e, 0xd0,
    0x3f, 0x60, 0x0, 0x0, 0x4, 0xf6, 0x0, 0x0,
    0x0, 0x0, 0x0, 0x40,

    /* U+2136 "ℶ" */
    0x5, 0x66, 0x53, 0x0, 0x0, 0xd, 0xff, 0xff,
    0xd3, 0x0, 0x0, 0x0, 0x4, 0xed, 0x0, 0x0,
    0x0, 0x0, 0x7f, 0x30, 0x0, 0x0, 0x0, 0x4f,
    0x50, 0x0, 0x0, 0x0, 0x3f, 0x50, 0x0, 0x0,
    0x0, 0x3f, 0x60, 0x0, 0x0, 0x0, 0x3f, 0x60,
    0x0, 0x0, 0x0, 0x3f, 0x60, 0x0, 0x0, 0x0,
    0x3f, 0x60, 0x16, 0x66, 0x66, 0x7f, 0x95, 0x5f,
    0xff, 0xff, 0xff, 0xfe,

    /* U+2137 "ℷ" */
    0x2a, 0x50, 0x0, 0x1, 0xdf, 0xf6, 0x0, 0x0,
    0x3d, 0xe0, 0x0, 0x0, 0x8f, 0x0, 0x0, 0x7,
    0xf1, 0x0, 0x0, 0x7f, 0x10, 0x0, 0x7, 0xf1,
    0x0, 0x0, 0x9f, 0x40, 0x0, 0xe, 0xf9, 0x0,
    0x1c, 0xe9, 0xd0, 0x6f, 0xe2, 0x5f, 0x2e, 0x80,
    0x2, 0xf6, 0x20, 0x0, 0x0, 0x0,

    /* U+2138 "ℸ" */
    0x67, 0x77, 0x77, 0x77, 0x6e, 0xff, 0xff, 0xff,
    0xfd, 0x0, 0x0, 0x3, 0xf5, 0x0, 0x0, 0x0,
    0x3f, 0x50, 0x0, 0x0, 0x3, 0xf5, 0x0, 0x0,
    0x0, 0x3f, 0x50, 0x0, 0x0, 0x3, 0xf5, 0x0,
    0x0, 0x0, 0x3f, 0x50, 0x0, 0x0, 0x3, 0xf5,
    0x0, 0x0, 0x0, 0x3f, 0x50, 0x0, 0x0, 0x3,
    0xf5, 0x0, 0x0, 0x0, 0x3f, 0x50, 0x0, 0x0,
    0x0, 0x31, 0x0,

    /* U+2139 "ℹ" */
    0x1c, 0xa0, 0x4f, 0xf0, 0x7, 0x50, 0x0, 0x0,
    0x2c, 0xb0, 0x3f, 0xe0, 0x3f, 0xe0, 0x3f, 0xe0,
    0x3f, 0xe0, 0x3f, 0xe0, 0x3f, 0xe0, 0x3f, 0xe0,
    0x3f, 0xe0, 0x3f, 0xe0, 0x3f, 0xe0,

    /* U+213A "℺" */
    0x0, 0x0, 0x27, 0xbc, 0xdb, 0x94, 0x0, 0x0,
    0x0, 0x10, 0x0, 0x9f, 0xff, 0xff, 0xff, 0xfe,
    0x40, 0x0, 0x2b, 0x0, 0xbf, 0xfd, 0x97, 0x78,
    0xbf, 0xff, 0x40, 0x3e, 0xd0, 0x6f, 0xe4, 0x0,
    0x0, 0x0, 0x1a, 0xfe, 0x4f, 0xfc, 0xd, 0xf3,
    0x0, 0x0, 0x0, 0x0, 0xc, 0xff, 0xfb, 0x10,
    0xfd, 0x0, 0x0, 0x0, 0x0, 0x0, 0x6f, 0xf9,
    0x0, 0x2f, 0xb0, 0x0, 0x0, 0x0, 0x0, 0x4,
    0xfa, 0x0, 0x1, 0xfc, 0x0, 0x0, 0x0, 0x0,
    0x0, 0x4f, 0x80, 0x0, 0xf, 0xf0, 0x0, 0x0,
    0x0, 0x0, 0x8, 0xf6, 0x0, 0x0, 0xaf, 0x90,
    0x0, 0x0, 0x0, 0x3, 0xff, 0x20, 0x0, 0x3,
    0xff, 0xb4, 0x0, 0x0, 0x27, 0xff, 0xa0, 0x0,
    0x0, 0x6, 0xff, 0xff, 0xee, 0xff, 0xff, 0xc0,
    0x0, 0x0, 0x0, 0x3, 0xbf, 0xff, 0xff, 0xfd,
    0x70, 0x0, 0x0, 0x0, 0x0, 0x0, 0x14, 0x56,
    0x42, 0x0, 0x0, 0x0, 0x0,

    /* U+213B "℻" */
    0x4, 0x44, 0x44, 0x42, 0x0, 0x4, 0x53, 0x0,
    0x0, 0x44, 0x20, 0x0, 0x24, 0x31, 0xff, 0xff,
    0xff, 0x80, 0x0, 0xff, 0xc0, 0x0, 0xa, 0xfb,
    0x0, 0xd, 0xf6, 0x1f, 0xf8, 0x88, 0x84, 0x0,
    0x4f, 0xff, 0x10, 0x0, 0x3f, 0xf2, 0x4, 0xfe,
    0x1, 0xff, 0x0, 0x0, 0x0, 0x9, 0xfc, 0xf5,
    0x0, 0x0, 0xcf, 0x80, 0xaf, 0x80, 0x1f, 0xf0,
    0x0, 0x0, 0x0, 0xdf, 0x5f, 0xa0, 0x0, 0x5,
    0xfe, 0x1f, 0xf1, 0x1, 0xff, 0x0, 0x0, 0x0,
    0x1f, 0xc1, 0xfe, 0x0, 0x0, 0xe, 0xfb, 0xf9,
    0x0, 0x1f, 0xf0, 0x0, 0x0, 0x6, 0xf8, 0xe,
    0xf3, 0x0, 0x0, 0x8f, 0xff, 0x20, 0x1, 0xff,
    0xcc, 0xcc, 0x0, 0xaf, 0x50, 0xaf, 0x70, 0x0,
    0x2, 0xff, 0xb0, 0x0, 0x1f, 0xff, 0xff, 0xf0,
    0xf, 0xf1, 0x6, 0xfb, 0x0, 0x0, 0x6f, 0xff,
    0x10, 0x1, 0xff, 0x10, 0x0, 0x3, 0xff, 0xbb,
    0xcf, 0xf0, 0x0, 0xd, 0xfe, 0xf7, 0x0, 0x1f,
    0xf0, 0x0, 0x0, 0x8f, 0xff, 0xff, 0xff, 0x40,
    0x4, 0xfe, 0x6f, 0xe0, 0x1, 0xff, 0x0, 0x0,
    0xc, 0xf6, 0x22, 0x2b, 0xf9, 0x0, 0xbf, 0x70,
    0xef, 0x50, 0x1f, 0xf0, 0x0, 0x1, 0xff, 0x20,
    0x0, 0x6f, 0xd0, 0x2f, 0xf1, 0x9, 0xfc, 0x1,
    0xff, 0x0, 0x0, 0x5f, 0xe0, 0x0, 0x2, 0xff,
    0x29, 0xfa, 0x0, 0x2f, 0xf4, 0x1f, 0xf0, 0x0,
    0xa, 0xfa, 0x0, 0x0, 0xe, 0xf7, 0xff, 0x40,
    0x0, 0xcf, 0xb0,

    /* U+213C "ℼ" */
    0x6, 0xdf, 0xff, 0xff, 0xff, 0xff, 0xff, 0xf6,
    0x1, 0x2d, 0x57, 0xa2, 0x2a, 0xa2, 0xf2, 0x20,
    0x0, 0xf, 0x9, 0x70, 0xc, 0x63, 0xd0, 0x0,
    0x0, 0x3d, 0xc, 0x30, 0xf, 0x27, 0x90, 0x0,
    0x0, 0x6a, 0xf, 0x0, 0x3e, 0xa, 0x60, 0x0,
    0x0, 0xa6, 0x3d, 0x0, 0x7b, 0xe, 0x20, 0x0,
    0x0, 0xd3, 0x79, 0x0, 0xa7, 0x1f, 0x0, 0x0,
    0x0, 0xf0, 0xa6, 0x0, 0xe3, 0x4c, 0x0, 0x0,
    0x4, 0xc0, 0xd3, 0x0, 0xf2, 0x2f, 0x84, 0x0,
    0x7, 0x91, 0xf0, 0x0, 0xc8, 0x2, 0xc5, 0x0,
    0xa, 0xff, 0xb0, 0x0, 0x2c, 0xee, 0xe1, 0x0,
    0x0, 0x0, 0x0, 0x0, 0x0, 0x11, 0x0, 0x0,

    /* U+213D "ℽ" */
    0xaf, 0xfe, 0x0, 0x0, 0xe, 0x13, 0xe1, 0xb7,
    0x0, 0x6, 0xb0, 0xb, 0x63, 0xe0, 0x0, 0xb5,
    0x0, 0x3d, 0xb, 0x60, 0x1e, 0x0, 0x0, 0xc5,
    0x4d, 0x7, 0x90, 0x0, 0x4, 0xd0, 0xc5, 0xd3,
    0x0, 0x0, 0xc, 0x54, 0xed, 0x0, 0x0, 0x0,
    0x4c, 0xd, 0x70, 0x0, 0x0, 0x0, 0xc4, 0xe1,
    0x0, 0x0, 0x0, 0x5, 0xda, 0x0, 0x0, 0x0,
    0x0, 0xe, 0x40, 0x0, 0x0, 0x0, 0x0, 0xe0,
    0x0, 0x0, 0x0, 0x0, 0x4b, 0x0, 0x0, 0x0,
    0x0, 0x8, 0x80, 0x0, 0x0, 0x0, 0x0, 0xb6,
    0x0, 0x0, 0x0, 0x0, 0x7, 0x30, 0x0, 0x0,

    /* U+213E "ℾ" */
    0x1, 0x11, 0x11, 0x11, 0x11, 0x1f, 0xff, 0xff,
    0xff, 0xfb, 0x1f, 0xe, 0x30, 0x0, 0x0, 0x1f,
    0xe, 0x30, 0x0, 0x0, 0x1f, 0xe, 0x30, 0x0,
    0x0, 0x1f, 0xe, 0x30, 0x0, 0x0, 0x1f, 0xe,
    0x30, 0x0, 0x0, 0x1f, 0xe, 0x30, 0x0, 0x0,
    0x1f, 0xe, 0x30, 0x0, 0x0, 0x1f, 0xe, 0x30,
    0x0, 0x0, 0x1f, 0xe, 0x30, 0x0, 0x0, 0x1f,
    0xe, 0x30, 0x0, 0x0, 0x1f, 0xe, 0x30, 0x0,
    0x0, 0x1f, 0x1e, 0x30, 0x0, 0x0, 0x1f, 0xff,
    0x30, 0x0, 0x0,

    /* U+213F "ℿ" */
    0x1, 0x11, 0x11, 0x11, 0x11, 0x11, 0x11, 0xff,
    0xff, 0xff, 0xff, 0xff, 0xfd, 0x1f, 0xe, 0x30,
    0x0, 0xe, 0x23, 0xd1, 0xf0, 0xe3, 0x0, 0x0,
    0xe2, 0x3d, 0x1f, 0xe, 0x30, 0x0, 0xe, 0x23,
    0xd1, 0xf0, 0xe3, 0x0, 0x0, 0xe2, 0x3d, 0x1f,
    0xe, 0x30, 0x0, 0xe, 0x23, 0xd1, 0xf0, 0xe3,
    0x0, 0x0, 0xe2, 0x3d, 0x1f, 0xe, 0x30, 0x0,
    0xe, 0x23, 0xd1, 0xf0, 0xe3, 0x0, 0x0, 0xe2,
    0x3d, 0x1f, 0xe, 0x30, 0x0, 0xe, 0x23, 0xd1,
    0xf0, 0xe3, 0x0, 0x0, 0xe2, 0x3d, 0x1f, 0xe,
    0x30, 0x0, 0xe, 0x23, 0xd1, 0xf1, 0xe3, 0x0,
    0x0, 0xe3, 0x4d, 0x1f, 0xff, 0x30, 0x0, 0xe,
    0xff, 0xd0,

    /* U+2140 "⅀" */
    0x2, 0x22, 0x22, 0x22, 0x22, 0x22, 0x3, 0xff,
    0xff, 0xff, 0xff, 0xff, 0xf1, 0xd, 0x52, 0xf2,
    0x0, 0x0, 0x0, 0x0, 0x4e, 0x18, 0xb0, 0x0,
    0x0, 0x0, 0x0, 0xa9, 0xd, 0x50, 0x0, 0x0,
    0x0, 0x1, 0xe3, 0x4e, 0x10, 0x0, 0x0, 0x0,
    0x6, 0xd0, 0x99, 0x0, 0x0, 0x0, 0x0, 0xb,
    0x71, 0xe3, 0x0, 0x0, 0x0, 0x0, 0x2f, 0x25,
    0xd0, 0x0, 0x0, 0x0, 0x0, 0x7b, 0xc, 0x70,
    0x0, 0x0, 0x0, 0x0, 0xd8, 0xe5, 0x0, 0x0,
    0x0, 0x0, 0x5, 0xf7, 0x0, 0x0, 0x0, 0x0,
    0x1, 0xd8, 0x0, 0x0, 0x0, 0x0, 0x0, 0xca,
    0x0, 0x0, 0x0, 0x0, 0x0, 0xac, 0x0, 0x0,
    0x0, 0x0, 0x0, 0x9d, 0x10, 0x0, 0x0, 0x0,
    0x0, 0x7f, 0x64, 0x44, 0x44, 0x44, 0x10, 0x6e,
    0xbb, 0xbb, 0xbb, 0xbb, 0xe6, 0x4f, 0x41, 0x11,
    0x11, 0x11, 0x19, 0x67, 0xff, 0xff, 0xff, 0xff,
    0xff, 0xf6,

    /* U+2141 "⅁" */
    0x2, 0x68, 0xab, 0xa8, 0x30, 0x0, 0x5, 0xff,
    0xff, 0xff, 0xff, 0xb1, 0x0, 0x5f, 0xe5, 0x32,
    0x49, 0xff, 0xd0, 0x5, 0xfc, 0x0, 0x0, 0x3,
    0xff, 0x80, 0x5f, 0xc0, 0x0, 0x0, 0x7, 0xff,
    0x5, 0xfc, 0x0, 0x0, 0x0, 0x1f, 0xf3, 0x5f,
    0xfb, 0xb9, 0x0, 0x0, 0xdf, 0x65, 0xff, 0xff,
    0xd0, 0x0, 0xc, 0xf7, 0x2, 0x22, 0x22, 0x0,
    0x0, 0xdf, 0x60, 0x0, 0x0, 0x0, 0x0, 0xf,
    0xf4, 0x0, 0x0, 0x0, 0x0, 0x5, 0xff, 0x0,
    0x0, 0x0, 0x0, 0x1, 0xdf, 0xa0, 0x4, 0x30,
    0x0, 0x3, 0xdf, 0xe1, 0x0, 0xdf, 0xec, 0xce,
    0xff, 0xd2, 0x0, 0x8, 0xcf, 0xff, 0xfd, 0x70,
    0x0, 0x0, 0x0, 0x1, 0x10, 0x0, 0x0, 0x0,

    /* U+2142 "⅂" */
    0x1, 0x11, 0x11, 0x11, 0x5, 0xff, 0xff, 0xff,
    0xfe, 0x4d, 0xdd, 0xdd, 0xdf, 0xe0, 0x0, 0x0,
    0x3, 0xfe, 0x0, 0x0, 0x0, 0x3f, 0xe0, 0x0,
    0x0, 0x3, 0xfe, 0x0, 0x0, 0x0, 0x3f, 0xe0,
    0x0, 0x0, 0x3, 0xfe, 0x0, 0x0, 0x0, 0x3f,
    0xe0, 0x0, 0x0, 0x3, 0xfe, 0x0, 0x0, 0x0,
    0x3f, 0xe0, 0x0, 0x0, 0x3, 0xfe, 0x0, 0x0,
    0x0, 0x3f, 0xe0, 0x0, 0x0, 0x3, 0xfe, 0x0,
    0x0, 0x0, 0x3f, 0xe0, 0x0, 0x0, 0x0, 0x33,

    /* U+2143 "⅃" */
    0x0, 0x0, 0x0, 0x14, 0x40, 0x0, 0x0, 0x3,
    0xfe, 0x0, 0x0, 0x0, 0x3f, 0xe0, 0x0, 0x0,
    0x3, 0xfe, 0x0, 0x0, 0x0, 0x3f, 0xe0, 0x0,
    0x0, 0x3, 0xfe, 0x0, 0x0, 0x0, 0x3f, 0xe0,
    0x0, 0x0, 0x3, 0xfe, 0x0, 0x0, 0x0, 0x3f,
    0xe0, 0x0, 0x0, 0x3, 0xfe, 0x0, 0x0, 0x0,
    0x3f, 0xe0, 0x0, 0x0, 0x3, 0xfe, 0x0, 0x0,
    0x0, 0x3f, 0xe4, 0xee, 0xee, 0xee, 0xfe, 0x5f,
    0xff, 0xff, 0xff, 0xe0,

    /* U+2144 "⅄" */
    0x0, 0x0, 0x14, 0x40, 0x0, 0x0, 0x0, 0x0,
    0x4f, 0xe0, 0x0, 0x0, 0x0, 0x0, 0x4f, 0xe0,
    0x0, 0x0, 0x0, 0x0, 0x4f, 0xe0, 0x0, 0x0,
    0x0, 0x0, 0x4f, 0xe0, 0x0, 0x0, 0x0, 0x0,
    0x4f, 0xe0, 0x0, 0x0, 0x0, 0x0, 0x6f, 0xf1,
    0x0, 0x0, 0x0, 0x0, 0xef, 0xfa, 0x0, 0x0,
    0x0, 0x7, 0xfc, 0xff, 0x20, 0x0, 0x0, 0x1f,
    0xf3, 0x8f, 0xb0, 0x0, 0x0, 0x9f, 0xa0, 0x1f,
    0xf4, 0x0, 0x2, 0xff, 0x20, 0x8, 0xfc, 0x0,
    0xa, 0xfa, 0x0, 0x0, 0xef, 0x50, 0x3f, 0xf2,
    0x0, 0x0, 0x7f, 0xd0, 0xbf, 0x90, 0x0, 0x0,
    0xe, 0xf6,

    /* U+2145 "ⅅ" */
    0x0, 0x0, 0x11, 0x11, 0x10, 0x0, 0x0, 0x0,
    0x0, 0x6f, 0xff, 0xff, 0xfe, 0x91, 0x0, 0x0,
    0x9, 0x73, 0xd0, 0x0, 0x2b, 0xe1, 0x0, 0x0,
    0xd3, 0x6a, 0x0, 0x0, 0x9e, 0xa0, 0x0, 0xf,
    0xa, 0x60, 0x0, 0xd, 0x6f, 0x0, 0x4, 0xd0,
    0xd3, 0x0, 0x0, 0xf0, 0xf3, 0x0, 0x79, 0xf,
    0x0, 0x0, 0x3c, 0xe, 0x40, 0xa, 0x64, 0xc0,
    0x0, 0x7, 0x90, 0xf3, 0x0, 0xe2, 0x79, 0x0,
    0x0, 0xa5, 0x1f, 0x10, 0x1f, 0xb, 0x50, 0x0,
    0xe, 0x25, 0xd0, 0x5, 0xb0, 0xe2, 0x0, 0x1,
    0xf0, 0xc7, 0x0, 0x88, 0x2e, 0x0, 0x0, 0x4c,
    0x6d, 0x0, 0xb, 0x45, 0xb0, 0x0, 0x8, 0xde,
    0x30, 0x0, 0xf2, 0x98, 0x11, 0x37, 0xed, 0x20,
    0x0, 0x2f, 0xff, 0xff, 0xfe, 0xb5, 0x0, 0x0,
    0x0,

    /* U+2146 "ⅆ" */
    0x0, 0x0, 0x0, 0x0, 0x1, 0x11, 0x10, 0x0,
    0x0, 0x0, 0x0, 0xcf, 0xfb, 0x0, 0x0, 0x0,
    0x0, 0xf, 0x19, 0x70, 0x0, 0x0, 0x0, 0x3,
    0xe0, 0xc4, 0x0, 0x0, 0x0, 0x0, 0x6a, 0xf,
    0x10, 0x0, 0x6c, 0xda, 0x19, 0x73, 0xd0, 0x0,
    0xad, 0xe2, 0x7c, 0xd3, 0x6a, 0x0, 0x7c, 0x5a,
    0x0, 0xaf, 0xa, 0x60, 0xe, 0x28, 0x70, 0x7,
    0xc0, 0xd3, 0x5, 0xb0, 0xb4, 0x0, 0x89, 0x1f,
    0x0, 0x97, 0xf, 0x10, 0xb, 0x64, 0xc0, 0xb,
    0x42, 0xe0, 0x0, 0xf2, 0x88, 0x0, 0xc4, 0x6a,
    0x0, 0x7f, 0xb, 0x50, 0xb, 0x59, 0x70, 0x2f,
    0xb0, 0xe2, 0x0, 0x6b, 0xd4, 0x4d, 0xb8, 0x2e,
    0x0, 0x0, 0xaf, 0xfd, 0x2c, 0xff, 0xb0, 0x0,
    0x0, 0x12, 0x0, 0x0, 0x0, 0x0, 0x0,

    /* U+2147 "ⅇ" */
    0x0, 0x1, 0x8c, 0xed, 0x80, 0x0, 0x5f, 0xe5,
    0x3f, 0xbb, 0x4, 0xfa, 0xb0, 0x4c, 0x2f, 0xd,
    0x78, 0x80, 0x78, 0x8b, 0x5e, 0xb, 0x52, 0xce,
    0xd1, 0x99, 0xe, 0xfe, 0xb6, 0x0, 0xc6, 0x2e,
    0x0, 0x0, 0x0, 0xc6, 0x5b, 0x0, 0x0, 0x0,
    0x99, 0x87, 0x0, 0x0, 0x0, 0x2f, 0xe4, 0x0,
    0x27, 0x40, 0x4, 0xdf, 0xef, 0xfb, 0x20, 0x0,
    0x1, 0x21, 0x0, 0x0,

    /* U+2148 "ⅈ" */
    0x0, 0x0, 0x1, 0x0, 0x0, 0x4f, 0xf8, 0x0,
    0xb, 0x55, 0xb0, 0x0, 0x7e, 0xd3, 0x0, 0x0,
    0x0, 0x0, 0x4, 0xff, 0xf3, 0x0, 0x89, 0x3f,
    0x0, 0xb, 0x45, 0xc0, 0x0, 0xf1, 0x89, 0x0,
    0x2e, 0xb, 0x50, 0x5, 0xb0, 0xf2, 0x0, 0x97,
    0x2e, 0x0, 0xc, 0x46, 0xb0, 0x0, 0xf1, 0x97,
    0x0, 0x3d, 0xc, 0x40, 0x6, 0xff, 0xf1, 0x0,

    /* U+2149 "ⅉ" */
    0x0, 0x0, 0x0, 0x0, 0x1, 0x0, 0x0, 0x0,
    0x0, 0x4f, 0xf8, 0x0, 0x0, 0x0, 0xb, 0x55,
    0xb0, 0x0, 0x0, 0x0, 0x7e, 0xd3, 0x0, 0x0,
    0x0, 0x0, 0x0, 0x0, 0x0, 0x0, 0x5, 0xff,
    0xf3, 0x0, 0x0, 0x0, 0x89, 0x3f, 0x0, 0x0,
    0x0, 0xb, 0x45, 0xc0, 0x0, 0x0, 0x0, 0xf1,
    0x89, 0x0, 0x0, 0x0, 0x2e, 0xc, 0x50, 0x0,
    0x0, 0x5, 0xa0, 0xf2, 0x0, 0x0, 0x0, 0x97,
    0x3e, 0x0, 0x0, 0x0, 0xc, 0x36, 0xb0, 0x0,
    0x0, 0x0, 0xf0, 0xa8, 0x0, 0x0, 0x0, 0x3d,
    0xd, 0x40, 0x0, 0x0, 0x6, 0x90, 0xf1, 0x0,
    0x0, 0x0, 0x96, 0x4d, 0x0, 0x0, 0x0, 0xd,
    0x2b, 0x80, 0x0, 0x0, 0x1, 0xf8, 0xe1, 0x0,
    0x0, 0x54, 0xbf, 0xe3, 0x0, 0x0, 0xb, 0xdc,
    0x81, 0x0, 0x0, 0x0,

    /* U+214A "⅊" */
    0x0, 0x0, 0x6a, 0x0, 0x0, 0x0, 0x0, 0x11,
    0x19, 0xe1, 0x0, 0x0, 0x0, 0xf, 0xff, 0xff,
    0xff, 0xd8, 0x0, 0x0, 0xf8, 0x29, 0xe2, 0x49,
    0xfc, 0x0, 0xf, 0x60, 0x8e, 0x0, 0x6, 0xf5,
    0x0, 0xf6, 0x8, 0xe0, 0x0, 0xf, 0x80, 0xf,
    0x60, 0x8e, 0x0, 0x0, 0xf8, 0x0, 0xf6, 0x8,
    0xe0, 0x0, 0x5f, 0x40, 0xf, 0x60, 0x8e, 0x1,
    0x6e, 0xb0, 0x0, 0xf6, 0x8, 0xff, 0xfe, 0x80,
    0x0, 0xf, 0x60, 0x8f, 0x42, 0x0, 0x0, 0x0,
    0xf6, 0x8, 0xe0, 0x0, 0x0, 0x0, 0xc, 0x50,
    0x8e, 0x0, 0x0, 0x0, 0x0, 0x0, 0x8, 0xe0,
    0x0, 0x0, 0x0, 0x0, 0x0, 0x8f, 0x55, 0x55,
    0x55, 0x0, 0x0, 0x8, 0xff, 0xff, 0xff, 0xf2,

    /* U+214B "⅋" */
    0x34, 0x40, 0x0, 0x15, 0x77, 0x40, 0x0, 0x3f,
    0xf9, 0x8, 0xff, 0xff, 0xfe, 0x30, 0x3, 0xef,
    0xff, 0xe8, 0x67, 0xdf, 0xf1, 0x0, 0x4f, 0xfe,
    0x10, 0x0, 0x1e, 0xf6, 0x0, 0xbf, 0xff, 0x90,
    0x0, 0xb, 0xf8, 0x4, 0xfe, 0x3e, 0xf9, 0x0,
    0xd, 0xf6, 0xa, 0xf7, 0x2, 0xef, 0x90, 0x8f,
    0xe1, 0xf, 0xf2, 0x0, 0x2d, 0xfd, 0xfe, 0x30,
    0x0, 0x0, 0x0, 0x8, 0xff, 0xd1, 0x0, 0x0,
    0x0, 0x0, 0xbf, 0xde, 0xf4, 0x0, 0x0, 0x0,
    0x8, 0xfb, 0x4, 0xfe, 0x0, 0x0, 0x0, 0xe,
    0xf2, 0x0, 0xdf, 0x20, 0x0, 0x0, 0xe, 0xf3,
    0x0, 0xef, 0x30, 0x0, 0x0, 0x9, 0xfe, 0x9c,
    0xfd, 0x0, 0x0, 0x0, 0x0, 0x9f, 0xff, 0xb2,
    0x0, 0x0, 0x0, 0x0, 0x0, 0x10, 0x0, 0x0,

    /* U+214C "⅌" */
    0x1, 0x30, 0x10, 0x2, 0x55, 0x10, 0x0, 0xef,
    0xae, 0x41, 0x60, 0x1c, 0x30, 0xe, 0x36, 0xc0,
    0x61, 0x0, 0x5d, 0x0, 0x44, 0x8, 0x8, 0x0,
    0x1, 0xf5, 0x0, 0x1, 0x80, 0x80, 0x0, 0xf,
    0x80, 0x1, 0x7a, 0x5b, 0x75, 0x11, 0xf8, 0x4,
    0x56, 0x70, 0x74, 0x4, 0xaf, 0x30, 0x80, 0x76,
    0x6, 0x60, 0xc, 0xc3, 0x7, 0x59, 0x60, 0x68,
    0x39, 0x53, 0x60, 0x2, 0xc9, 0x59, 0xc3, 0x0,
    0x81, 0x0, 0xc, 0x40, 0x4c, 0x0, 0x13, 0x0,
    0x0, 0xd3, 0x3, 0xd0, 0x0, 0x0, 0x0, 0xe,
    0x30, 0x2f, 0x0, 0x0, 0x0, 0x0, 0xb6, 0x5,
    0xc0, 0x0, 0x0, 0x0, 0x2, 0xca, 0xc3, 0x0,
    0x0, 0x0,

    /* U+214D "⅍" */
    0x0, 0x1, 0x0, 0x0, 0x0, 0x1, 0x10, 0x0,
    0x8, 0xf7, 0x0, 0x0, 0x3, 0xf8, 0x0, 0x0,
    0xed, 0xd0, 0x0, 0x0, 0xbe, 0x0, 0x0, 0x4f,
    0x4f, 0x30, 0x0, 0x4f, 0x60, 0x0, 0xb, 0xd3,
    0xe9, 0x0, 0xd, 0xd0, 0x0, 0x1, 0xff, 0xff,
    0xf0, 0x6, 0xf5, 0x0, 0x0, 0x7f, 0x10, 0x2f,
    0x60, 0xec, 0x0, 0x0, 0x8, 0x70, 0x0, 0x87,
    0x7f, 0x30, 0x0, 0x0, 0x0, 0x0, 0x0, 0x1f,
    0xa0, 0xae, 0xeb, 0x0, 0x0, 0x0, 0x9, 0xf2,
    0x7f, 0x65, 0x80, 0x0, 0x0, 0x2, 0xf9, 0x7,
    0xf6, 0x0, 0x0, 0x0, 0x0, 0xbf, 0x10, 0xa,
    0xfe, 0x60, 0x0, 0x0, 0x4f, 0x70, 0x0, 0x2,
    0xbf, 0x20, 0x0, 0xc, 0xe0, 0x0, 0x64, 0x28,
    0xf2, 0x0, 0x5, 0xf5, 0x0, 0xb, 0xff, 0xe7,
    0x0, 0x0, 0x12, 0x0, 0x0, 0x0, 0x0, 0x0,

    /* U+214E "ⅎ" */
    0x0, 0x0, 0xb, 0xc2, 0x0, 0x0, 0xe, 0xf3,
    0x0, 0x0, 0xe, 0xf3, 0x0, 0x0, 0xe, 0xf3,
    0x2a, 0xaa, 0xaf, 0xf3, 0x3f, 0xff, 0xff, 0xf3,
    0x0, 0x0, 0xe, 0xf3, 0x0, 0x0, 0xe, 0xf3,
    0x0, 0x0, 0xe, 0xf3, 0x6b, 0xbb, 0xbf, 0xf3,
    0x9f, 0xff, 0xff, 0xf3,

    /* U+214F "⅏" */
    0x0, 0xa, 0xd9, 0x0, 0x1, 0xad, 0x80, 0x0,
    0x1b, 0xd7, 0x0, 0x0, 0x9c, 0x5d, 0x70, 0xa,
    0xc5, 0xe6, 0x0, 0xbb, 0x5f, 0x50, 0x0, 0xe4,
    0x5, 0xd0, 0xf, 0x30, 0x7b, 0x1, 0xf2, 0x8,
    0xa0, 0x0, 0xf2, 0x3, 0xf0, 0x2f, 0x10, 0x5e,
    0x3, 0xf0, 0x6, 0xc0, 0x1, 0xf1, 0x2, 0xf0,
    0x2f, 0x0, 0x4e, 0x4, 0xe0, 0x5, 0xd0, 0x0,
    0xf2, 0x3, 0xf0, 0x1f, 0x10, 0x5d, 0x3, 0xf0,
    0x6, 0xc0, 0x0, 0xe4, 0x5, 0xc0, 0xf, 0x30,
    0x7b, 0x1, 0xf1, 0x8, 0xa0, 0x0, 0xa9, 0xa,
    0x80, 0xb, 0x70, 0xb6, 0x0, 0xd6, 0xd, 0x50,
    0x0, 0x4f, 0x4f, 0x10, 0x5, 0xe5, 0xf1, 0x0,
    0x7d, 0x6e, 0x0, 0x0, 0x1c, 0xfa, 0x10, 0x2,
    0xef, 0xa0, 0x0, 0x2e, 0xf8, 0x0, 0x3f, 0xfb,
    0x7d, 0xff, 0xff, 0xb7, 0xdf, 0xff, 0xfa, 0x8e,
    0xfd, 0x2, 0x0, 0x0, 0x2, 0x10, 0x0, 0x0,
    0x21, 0x0, 0x0, 0x12,

    /* U+2150 "⅐" */
    0x0, 0x4e, 0xf0, 0x0, 0x0, 0x4f, 0x70, 0x0,
    0x0, 0x8f, 0xef, 0x0, 0x0, 0xd, 0xd0, 0x0,
    0x0, 0x1e, 0x79, 0xf0, 0x0, 0x7, 0xf4, 0x0,
    0x0, 0x0, 0x0, 0xaf, 0x0, 0x1, 0xfa, 0x0,
    0x0, 0x0, 0x0, 0xa, 0xf0, 0x0, 0xaf, 0x10,
    0x0, 0x0, 0x0, 0x0, 0xaf, 0x0, 0x4f, 0x70,
    0x11, 0x11, 0x10, 0x0, 0xa, 0xf0, 0xd, 0xd0,
    0xaf, 0xff, 0xff, 0x70, 0x0, 0xaf, 0x8, 0xf3,
    0x2, 0x44, 0x49, 0xf3, 0x0, 0x5, 0x92, 0xfa,
    0x0, 0x0, 0x0, 0xdc, 0x0, 0x0, 0x0, 0xbe,
    0x10, 0x0, 0x0, 0x6f, 0x40, 0x0, 0x0, 0x5f,
    0x60, 0x0, 0x0, 0xd, 0xc0, 0x0, 0x0, 0xe,
    0xc0, 0x0, 0x0, 0x6, 0xf5, 0x0, 0x0, 0x8,
    0xf3, 0x0, 0x0, 0x0, 0xdd, 0x0, 0x0, 0x2,
    0xf9, 0x0, 0x0, 0x0, 0x6f, 0x60, 0x0,

    /* U+2151 "⅑" */
    0x0, 0x6e, 0xf0, 0x0, 0x0, 0x5f, 0x60, 0x0,
    0x1, 0xbf, 0xdf, 0x0, 0x0, 0xe, 0xc0, 0x0,
    0x0, 0x8, 0x29, 0xf0, 0x0, 0x8, 0xf3, 0x0,
    0x0, 0x0, 0x0, 0xaf, 0x0, 0x2, 0xf9, 0x0,
    0x0, 0x0, 0x0, 0xa, 0xf0, 0x0, 0xbe, 0x10,
    0x0, 0x0, 0x0, 0x0, 0xaf, 0x0, 0x5f, 0x62,
    0xcf, 0xe8, 0x0, 0x0, 0xa, 0xf0, 0xe, 0xc0,
    0xdd, 0x57, 0xf8, 0x0, 0x0, 0xaf, 0x9, 0xf2,
    0x3f, 0x60, 0xb, 0xe0, 0x0, 0x5, 0x93, 0xf9,
    0x4, 0xf5, 0x0, 0x9f, 0x0, 0x0, 0x0, 0xce,
    0x0, 0x1f, 0xb1, 0x3e, 0xf0, 0x0, 0x0, 0x6f,
    0x50, 0x0, 0x6f, 0xfe, 0xce, 0x0, 0x0, 0x1e,
    0xb0, 0x0, 0x0, 0x2, 0xd, 0x90, 0x0, 0x9,
    0xf2, 0x0, 0x0, 0x22, 0x3a, 0xe2, 0x0, 0x3,
    0xf8, 0x0, 0x0, 0xa, 0xfe, 0xb2, 0x0, 0x0,
    0x0, 0x0, 0x0, 0x0, 0x0, 0x0, 0x0, 0x0,

    /* U+2152 "⅒" */
    0x0, 0x6f, 0xf0, 0x0, 0x0, 0x5f, 0x60, 0x0,
    0x0, 0x0, 0x0, 0x1c, 0xfc, 0xf0, 0x0, 0x0,
    0xec, 0x0, 0x0, 0x0, 0x0, 0x0, 0x7, 0x19,
    0xf0, 0x0, 0x8, 0xf3, 0x0, 0x0, 0x0, 0x0,
    0x0, 0x0, 0xa, 0xf0, 0x0, 0x2f, 0x90, 0x0,
    0x0, 0x0, 0x0, 0x0, 0x0, 0xa, 0xf0, 0x0,
    0xbe, 0x10, 0x10, 0x0, 0x0, 0x0, 0x0, 0x0,
    0xa, 0xf0, 0x5, 0xf6, 0x2d, 0xf4, 0x2, 0xcf,
    0xf8, 0x0, 0x0, 0xa, 0xf0, 0xe, 0xc3, 0xef,
    0xf4, 0xc, 0xf5, 0x9f, 0x60, 0x0, 0xa, 0xf0,
    0x9f, 0x3d, 0xe7, 0xf4, 0x2f, 0x90, 0xf, 0xc0,
    0x0, 0x5, 0x93, 0xf9, 0x5, 0x26, 0xf4, 0x4f,
    0x60, 0xc, 0xf0, 0x0, 0x0, 0xc, 0xe0, 0x0,
    0x6, 0xf4, 0x5f, 0x60, 0xb, 0xf0, 0x0, 0x0,
    0x6f, 0x50, 0x0, 0x6, 0xf4, 0x4f, 0x70, 0xc,
    0xe0, 0x0, 0x1, 0xeb, 0x0, 0x0, 0x6, 0xf4,
    0x1f, 0xa0, 0xf, 0xb0, 0x0, 0x9, 0xf2, 0x0,
    0x0, 0x6, 0xf4, 0xb, 0xf7, 0xaf, 0x50, 0x0,
    0x3f, 0x80, 0x0, 0x0, 0x6, 0xf4, 0x1, 0xbf,
    0xe8, 0x0,

    /* U+2153 "⅓" */
    0x0, 0x8f, 0xc0, 0x0, 0x0, 0x7f, 0x40, 0x0,
    0x3d, 0xee, 0xc0, 0x0, 0x2, 0xfa, 0x0, 0x0,
    0x18, 0xd, 0xc0, 0x0, 0xb, 0xf1, 0x0, 0x0,
    0x0, 0xe, 0xc0, 0x0, 0x4f, 0x70, 0x0, 0x0,
    0x0, 0xe, 0xc0, 0x0, 0xdd, 0x0, 0x0, 0x0,
    0x0, 0xe, 0xc0, 0x8, 0xf4, 0x8e, 0xfe, 0x80,
    0x0, 0xe, 0xc0, 0x2f, 0xa1, 0xe8, 0x4a, 0xf5,
    0x0, 0xe, 0xc0, 0xbf, 0x10, 0x10, 0x2, 0xf7,
    0x0, 0x7, 0x75, 0xf6, 0x0, 0x0, 0x19, 0xf3,
    0x0, 0x0, 0xe, 0xc0, 0x0, 0xf, 0xff, 0x80,
    0x0, 0x0, 0x8f, 0x30, 0x0, 0x3, 0x48, 0xf7,
    0x0, 0x2, 0xf9, 0x0, 0x0, 0x0, 0x0, 0xeb,
    0x0, 0xb, 0xe1, 0x0, 0x5, 0x74, 0x37, 0xf7,
    0x0, 0x5f, 0x60, 0x0, 0x4, 0xdf, 0xfd, 0x80,

    /* U+2154 "⅔" */
    0x7, 0xef, 0xd4, 0x0, 0x0, 0x4, 0xf7, 0x0,
    0x3, 0xe8, 0x6d, 0xf1, 0x0, 0x0, 0xdd, 0x0,
    0x0, 0x0, 0x0, 0x8f, 0x20, 0x0, 0x7f, 0x40,
    0x0, 0x0, 0x0, 0xd, 0xd0, 0x0, 0x1f, 0xa0,
    0x0, 0x0, 0x0, 0xb, 0xe2, 0x0, 0xa, 0xf1,
    0x0, 0x0, 0x0, 0xc, 0xe2, 0x0, 0x4, 0xf8,
    0x9e, 0xfe, 0x50, 0x1d, 0xe3, 0x22, 0x0, 0xdd,
    0x2f, 0x84, 0xbf, 0x28, 0xff, 0xff, 0xf4, 0x8f,
    0x30, 0x20, 0x5, 0xf4, 0x25, 0x55, 0x55, 0x3f,
    0xa0, 0x0, 0x1, 0xbe, 0x10, 0x0, 0x0, 0xb,
    0xe1, 0x0, 0x3f, 0xff, 0x50, 0x0, 0x0, 0x5,
    0xf6, 0x0, 0x0, 0x34, 0xaf, 0x40, 0x0, 0x0,
    0xec, 0x0, 0x0, 0x0, 0x1, 0xf9, 0x0, 0x0,
    0x8f, 0x30, 0x0, 0x67, 0x32, 0x9f, 0x50, 0x0,
    0x2f, 0x90, 0x0, 0x5, 0xdf, 0xfd, 0x60,

    /* U+2155 "⅕" */
    0x0, 0x6f, 0xf0, 0x0, 0x0, 0x5f, 0x60, 0x0,
    0x1c, 0xfc, 0xf0, 0x0, 0x0, 0xec, 0x0, 0x0,
    0x7, 0x19, 0xf0, 0x0, 0x8, 0xf3, 0x0, 0x0,
    0x0, 0xa, 0xf0, 0x0, 0x2f, 0x90, 0x0, 0x0,
    0x0, 0xa, 0xf0, 0x0, 0xbe, 0x10, 0x0, 0x0,
    0x0, 0xa, 0xf0, 0x5, 0xf6, 0x7f, 0xff, 0xf8,
    0x0, 0xa, 0xf0, 0xe, 0xc0, 0x8e, 0x33, 0x31,
    0x0, 0xa, 0xf0, 0x9f, 0x20, 0x9d, 0x0, 0x0,
    0x0, 0x5, 0x93, 0xf9, 0x0, 0xac, 0x0, 0x0,
    0x0, 0x0, 0xc, 0xe0, 0x0, 0xbf, 0xff, 0xb1,
    0x0, 0x0, 0x6f, 0x50, 0x0, 0x25, 0x36, 0xfc,
    0x0, 0x1, 0xeb, 0x0, 0x0, 0x0, 0x0, 0xbf,
    0x0, 0x9, 0xf2, 0x0, 0x0, 0x84, 0x25, 0xfb,
    0x0, 0x3f, 0x80, 0x0, 0x0, 0xbe, 0xfe, 0x91,

    /* U+2156 "⅖" */
    0x7, 0xdf, 0xd5, 0x0, 0x0, 0x2, 0xf9, 0x0,
    0x2, 0xd8, 0x6d, 0xf1, 0x0, 0x0, 0xbe, 0x10,
    0x0, 0x0, 0x0, 0x7f, 0x30, 0x0, 0x5f, 0x60,
    0x0, 0x0, 0x0, 0xc, 0xe0, 0x0, 0xe, 0xc0,
    0x0, 0x0, 0x0, 0xa, 0xf3, 0x0, 0x9, 0xf3,
    0x0, 0x0, 0x0, 0xb, 0xe3, 0x0, 0x2, 0xf9,
    0x9f, 0xff, 0xf5, 0x1c, 0xe4, 0x22, 0x0, 0xce,
    0xa, 0xc3, 0x33, 0x17, 0xff, 0xff, 0xf5, 0x6f,
    0x50, 0xba, 0x0, 0x0, 0x25, 0x55, 0x55, 0x2e,
    0xc0, 0xc, 0x90, 0x0, 0x0, 0x0, 0x0, 0x9,
    0xf2, 0x0, 0xdf, 0xfe, 0x90, 0x0, 0x0, 0x3,
    0xf8, 0x0, 0x3, 0x43, 0x8f, 0x90, 0x0, 0x0,
    0xce, 0x0, 0x0, 0x0, 0x0, 0xdc, 0x0, 0x0,
    0x6f, 0x50, 0x0, 0x8, 0x32, 0x6f, 0x80, 0x0,
    0x1e, 0xb0, 0x0, 0x0, 0xcf, 0xfd, 0x80,

    /* U+2157 "⅗" */
    0x18, 0xef, 0xd7, 0x0, 0x0, 0x5, 0xf6, 0x0,
    0x2, 0xb6, 0x5b, 0xf3, 0x0, 0x0, 0xec, 0x0,
    0x0, 0x0, 0x0, 0x9f, 0x20, 0x0, 0x8f, 0x30,
    0x0, 0x0, 0x3f, 0xff, 0x50, 0x0, 0x2f, 0x90,
    0x0, 0x0, 0x0, 0x45, 0xbf, 0x30, 0xb, 0xe1,
    0x0, 0x0, 0x0, 0x0, 0x1, 0xf8, 0x5, 0xf6,
    0xaf, 0xff, 0xf4, 0x87, 0x21, 0x8f, 0x50, 0xec,
    0xb, 0xb3, 0x33, 0x17, 0xff, 0xff, 0x90, 0x9f,
    0x20, 0xc9, 0x0, 0x0, 0x0, 0x33, 0x10, 0x2f,
    0x90, 0xd, 0x80, 0x0, 0x0, 0x0, 0x0, 0xc,
    0xe0, 0x0, 0xef, 0xfe, 0x90, 0x0, 0x0, 0x6,
    0xf5, 0x0, 0x3, 0x44, 0x8f, 0x80, 0x0, 0x1,
    0xeb, 0x0, 0x0, 0x0, 0x0, 0xeb, 0x0, 0x0,
    0x9f, 0x20, 0x0, 0x18, 0x32, 0x7f, 0x70, 0x0,
    0x3f, 0x80, 0x0, 0x1, 0xdf, 0xfd, 0x80,

    /* U+2158 "⅘" */
    0x0, 0x5, 0xfc, 0x0, 0x0, 0x4, 0xf7, 0x0,
    0x0, 0x2, 0xef, 0xc0, 0x0, 0x0, 0xdd, 0x0,
    0x0, 0x0, 0xd8, 0xec, 0x0, 0x0, 0x7f, 0x40,
    0x0, 0x0, 0xac, 0xe, 0xc0, 0x0, 0x2f, 0xa0,
    0x0, 0x0, 0x7f, 0x31, 0xfc, 0x10, 0xb, 0xf1,
    0x0, 0x0, 0xc, 0xff, 0xff, 0xff, 0x5, 0xf6,
    0x9f, 0xff, 0xf6, 0x23, 0x33, 0xfd, 0x30, 0xed,
    0xa, 0xc3, 0x33, 0x10, 0x0, 0xf, 0xc0, 0x8f,
    0x30, 0xba, 0x0, 0x0, 0x0, 0x0, 0x97, 0x2f,
    0x90, 0xc, 0x90, 0x0, 0x0, 0x0, 0x0, 0xb,
    0xe1, 0x0, 0xdf, 0xfe, 0xa0, 0x0, 0x0, 0x5,
    0xf6, 0x0, 0x3, 0x43, 0x7f, 0xa0, 0x0, 0x0,
    0xec, 0x0, 0x0, 0x0, 0x0, 0xdc, 0x0, 0x0,
    0x8f, 0x30, 0x0, 0x8, 0x42, 0x6f, 0x80, 0x0,
    0x2f, 0x90, 0x0, 0x0, 0xcf, 0xfe, 0x80,

    /* U+2159 "⅙" */
    0x0, 0x6f, 0xf0, 0x0, 0x0, 0x4f, 0x60, 0x0,
    0x1b, 0xfd, 0xf0, 0x0, 0x0, 0xdd, 0x0, 0x0,
    0x8, 0x29, 0xf0, 0x0, 0x8, 0xf3, 0x0, 0x0,
    0x0, 0xa, 0xf0, 0x0, 0x2f, 0x90, 0x0, 0x0,
    0x0, 0xa, 0xf0, 0x0, 0xbe, 0x10, 0x0, 0x0,
    0x0, 0xa, 0xf0, 0x5, 0xf6, 0x8, 0xef, 0xf0,
    0x0, 0xa, 0xf0, 0xe, 0xc0, 0xbf, 0x74, 0x50,
    0x0, 0xa, 0xf0, 0x8f, 0x33, 0xf5, 0x0, 0x0,
    0x0, 0x5, 0x92, 0xf9, 0x7, 0xf8, 0xee, 0x90,
    0x0, 0x0, 0xc, 0xe1, 0x9, 0xfa, 0x38, 0xf7,
    0x0, 0x0, 0x5f, 0x60, 0x9, 0xf0, 0x0, 0xea,
    0x0, 0x0, 0xec, 0x0, 0x7, 0xf1, 0x0, 0xf9,
    0x0, 0x9, 0xf2, 0x0, 0x1, 0xfa, 0x38, 0xf4,
    0x0, 0x3f, 0x90, 0x0, 0x0, 0x3c, 0xfd, 0x60,

    /* U+215A "⅚" */
    0xd, 0xff, 0xff, 0x10, 0x0, 0x5, 0xf6, 0x0,
    0x0, 0xf9, 0x44, 0x40, 0x0, 0x0, 0xec, 0x0,
    0x0, 0xf, 0x50, 0x0, 0x0, 0x0, 0x8f, 0x30,
    0x0, 0x1, 0xff, 0xfd, 0x60, 0x0, 0x2f, 0x90,
    0x0, 0x0, 0x4, 0x45, 0xbf, 0x50, 0xb, 0xe1,
    0x0, 0x0, 0x0, 0x0, 0x1, 0xf8, 0x5, 0xf6,
    0x1a, 0xff, 0xd0, 0x47, 0x21, 0x8f, 0x40, 0xec,
    0xd, 0xe6, 0x44, 0x3, 0xdf, 0xfd, 0x60, 0x9f,
    0x26, 0xf2, 0x0, 0x0, 0x0, 0x0, 0x0, 0x2f,
    0x90, 0xae, 0x9f, 0xe7, 0x0, 0x0, 0x0, 0xc,
    0xe0, 0xb, 0xf8, 0x3a, 0xf4, 0x0, 0x0, 0x6,
    0xf5, 0x0, 0xcd, 0x0, 0x1f, 0x80, 0x0, 0x1,
    0xeb, 0x0, 0xa, 0xe0, 0x2, 0xf7, 0x0, 0x0,
    0x9f, 0x20, 0x0, 0x3f, 0x83, 0xaf, 0x20, 0x0,
    0x3f, 0x80, 0x0, 0x0, 0x4c, 0xfd, 0x40,

    /* U+215B "⅛" */
    0x0, 0x7f, 0xe0, 0x0, 0x0, 0x6f, 0x50, 0x0,
    0x1c, 0xed, 0xe0, 0x0, 0x1, 0xfb, 0x0, 0x0,
    0x8, 0x1c, 0xe0, 0x0, 0xa, 0xf2, 0x0, 0x0,
    0x0, 0xc, 0xe0, 0x0, 0x3f, 0x80, 0x0, 0x0,
    0x0, 0xc, 0xe0, 0x0, 0xdd, 0x0, 0x0, 0x0,
    0x0, 0xc, 0xe0, 0x7, 0xf4, 0x6d, 0xfc, 0x40,
    0x0, 0xc, 0xe0, 0x1f, 0xb3, 0xf9, 0x3b, 0xf0,
    0x0, 0xc, 0xe0, 0xaf, 0x26, 0xf4, 0x7, 0xf2,
    0x0, 0x7, 0x74, 0xf7, 0x3, 0xfe, 0x9f, 0xe0,
    0x0, 0x0, 0xd, 0xd0, 0x0, 0x8f, 0xff, 0x20,
    0x0, 0x0, 0x7f, 0x40, 0x3, 0xeb, 0x7e, 0xd1,
    0x0, 0x1, 0xfa, 0x0, 0xa, 0xf0, 0x3, 0xf7,
    0x0, 0xb, 0xf1, 0x0, 0x8, 0xf5, 0x18, 0xf4,
    0x0, 0x4f, 0x70, 0x0, 0x0, 0x9e, 0xfd, 0x60,

    /* U+215C "⅜" */
    0x18, 0xef, 0xd6, 0x0, 0x0, 0xb, 0xe1, 0x0,
    0x2b, 0x65, 0xbf, 0x20, 0x0, 0x5f, 0x60, 0x0,
    0x0, 0x1, 0x9f, 0x10, 0x0, 0xec, 0x0, 0x0,
    0x4, 0xff, 0xf4, 0x0, 0x8, 0xf3, 0x0, 0x0,
    0x0, 0x34, 0xbf, 0x20, 0x2f, 0x90, 0x0, 0x0,
    0x0, 0x0, 0x2f, 0x70, 0xce, 0x4c, 0xfe, 0x70,
    0x66, 0x21, 0x9f, 0x46, 0xf6, 0xfc, 0x38, 0xf4,
    0x6f, 0xff, 0xf8, 0x1e, 0xb1, 0xf8, 0x3, 0xf6,
    0x0, 0x33, 0x10, 0x9f, 0x20, 0xcf, 0xae, 0xe1,
    0x0, 0x0, 0x3, 0xf8, 0x0, 0x3f, 0xff, 0x70,
    0x0, 0x0, 0xc, 0xe0, 0x2, 0xfb, 0x2a, 0xf7,
    0x0, 0x0, 0x6f, 0x50, 0x6, 0xf3, 0x0, 0xeb,
    0x0, 0x1, 0xeb, 0x0, 0x3, 0xf9, 0x14, 0xf8,
    0x0, 0x9, 0xf2, 0x0, 0x0, 0x5d, 0xfe, 0x80,

    /* U+215D "⅝" */
    0xc, 0xff, 0xff, 0x30, 0x0, 0xc, 0xe1, 0x0,
    0xd, 0xa4, 0x44, 0x0, 0x0, 0x5f, 0x50, 0x0,
    0xe, 0x70, 0x0, 0x0, 0x0, 0xec, 0x0, 0x0,
    0xf, 0xff, 0xd7, 0x0, 0x9, 0xf2, 0x0, 0x0,
    0x4, 0x44, 0xaf, 0x60, 0x3f, 0x80, 0x0, 0x0,
    0x0, 0x0, 0xf, 0xa0, 0xce, 0x4c, 0xfe, 0x80,
    0x28, 0x21, 0x6f, 0x76, 0xf5, 0xec, 0x48, 0xf5,
    0x2f, 0xff, 0xfa, 0x1e, 0xb1, 0xf9, 0x2, 0xf7,
    0x0, 0x23, 0x10, 0x9f, 0x20, 0xbf, 0xad, 0xe1,
    0x0, 0x0, 0x3, 0xf8, 0x0, 0x3f, 0xff, 0x80,
    0x0, 0x0, 0xc, 0xe0, 0x2, 0xfc, 0x29, 0xf8,
    0x0, 0x0, 0x6f, 0x40, 0x5, 0xf4, 0x0, 0xec,
    0x0, 0x1, 0xfb, 0x0, 0x2, 0xf9, 0x14, 0xf8,
    0x0, 0xa, 0xf2, 0x0, 0x0, 0x5d, 0xfe, 0x80,

    /* U+215E "⅞" */
    0x2f, 0xff, 0xff, 0xf0, 0x0, 0x9f, 0x30, 0x0,
    0x5, 0x55, 0x5f, 0xc0, 0x2, 0xf9, 0x0, 0x0,
    0x0, 0x0, 0x5f, 0x40, 0xc, 0xe1, 0x0, 0x0,
    0x0, 0x0, 0xdc, 0x0, 0x6f, 0x60, 0x0, 0x0,
    0x0, 0x5, 0xf5, 0x1, 0xec, 0x0, 0x0, 0x0,
    0x0, 0xd, 0xd0, 0x9, 0xf2, 0x4d, 0xfe, 0x70,
    0x0, 0x5f, 0x50, 0x3f, 0x81, 0xfb, 0x49, 0xf4,
    0x0, 0xdd, 0x0, 0xce, 0x3, 0xf7, 0x3, 0xf5,
    0x0, 0x0, 0x6, 0xf5, 0x0, 0xdf, 0x9e, 0xd0,
    0x0, 0x0, 0x1e, 0xb0, 0x0, 0x5f, 0xff, 0x70,
    0x0, 0x0, 0x9f, 0x20, 0x3, 0xfa, 0x29, 0xf6,
    0x0, 0x3, 0xf8, 0x0, 0x7, 0xf1, 0x0, 0xea,
    0x0, 0xd, 0xe0, 0x0, 0x4, 0xf7, 0x15, 0xf6,
    0x0, 0x6f, 0x50, 0x0, 0x0, 0x6d, 0xfe, 0x70,

    /* U+215F "⅟" */
    0x0, 0x5e, 0xf0, 0x0, 0x0, 0x4f, 0x60, 0x9f,
    0xef, 0x0, 0x0, 0xd, 0xd0, 0xd, 0x69, 0xf0,
    0x0, 0x8, 0xf3, 0x0, 0x0, 0xaf, 0x0, 0x2,
    0xf9, 0x0, 0x0, 0xa, 0xf0, 0x0, 0xbe, 0x10,
    0x0, 0x0, 0xaf, 0x0, 0x5f, 0x60, 0x0, 0x0,
    0xa, 0xf0, 0xe, 0xc0, 0x0, 0x0, 0x0, 0xaf,
    0x8, 0xf3, 0x0, 0x0, 0x0, 0x5, 0x92, 0xf9,
    0x0, 0x0, 0x0, 0x0, 0x0, 0xce, 0x10, 0x0,
    0x0, 0x0, 0x0, 0x5f, 0x60, 0x0, 0x0, 0x0,
    0x0, 0xe, 0xc0, 0x0, 0x0, 0x0, 0x0, 0x9,
    0xf2, 0x0, 0x0, 0x0, 0x0, 0x3, 0xf9, 0x0,
    0x0, 0x0, 0x0,

    /* U+2183 "Ↄ" */
    0x16, 0xbd, 0xff, 0xd9, 0x20, 0x0, 0x1f, 0xff,
    0xee, 0xff, 0xf6, 0x0, 0x6, 0x30, 0x0, 0x2b,
    0xff, 0x40, 0x0, 0x0, 0x0, 0x0, 0xcf, 0xd0,
    0x0, 0x0, 0x0, 0x0, 0x3f, 0xf2, 0x0, 0x0,
    0x0, 0x0, 0xe, 0xf6, 0x0, 0x0, 0x0, 0x0,
    0xc, 0xf7, 0x0, 0x0, 0x0, 0x0, 0xc, 0xf7,
    0x0, 0x0, 0x0, 0x0, 0xe, 0xf5, 0x0, 0x0,
    0x0, 0x0, 0x3f, 0xf2, 0x0, 0x0, 0x0, 0x0,
    0xcf, 0xc0, 0x4, 0x10, 0x0, 0x3c, 0xff, 0x20,
    0xd, 0xff, 0xef, 0xff, 0xe4, 0x0, 0x6, 0xce,
    0xfe, 0xd8, 0x10, 0x0,

    /* U+2184 "ↄ" */
    0x2a, 0xdf, 0xfc, 0x50, 0x1, 0xff, 0xdf, 0xff,
    0x80, 0x3, 0x0, 0x7, 0xff, 0x30, 0x0, 0x0,
    0xc, 0xf8, 0x0, 0x0, 0x0, 0x8f, 0xa0, 0x0,
    0x0, 0x7, 0xfb, 0x0, 0x0, 0x0, 0x9f, 0x90,
    0x0, 0x0, 0xd, 0xf6, 0x13, 0x0, 0x8, 0xff,
    0x13, 0xff, 0xdf, 0xff, 0x50, 0x1a, 0xef, 0xea,
    0x30, 0x0,

    /* U+2189 "↉" */
    0x4, 0xdf, 0xd5, 0x0, 0x0, 0x4, 0xf6, 0x0,
    0x0, 0x1f, 0xe8, 0xdf, 0x20, 0x0, 0xd, 0xd0,
    0x0, 0x0, 0x6f, 0x60, 0x3f, 0x80, 0x0, 0x8f,
    0x30, 0x0, 0x0, 0x8f, 0x30, 0xf, 0xb0, 0x2,
    0xf9, 0x0, 0x0, 0x0, 0x9f, 0x20, 0xf, 0xb0,
    0xb, 0xe1, 0x0, 0x0, 0x0, 0x7f, 0x40, 0x1f,
    0xa0, 0x5f, 0x65, 0xdf, 0xfb, 0x10, 0x3f, 0xa1,
    0x8f, 0x60, 0xec, 0xc, 0xb4, 0x6f, 0x90, 0xa,
    0xff, 0xfd, 0x8, 0xf3, 0x1, 0x0, 0xd, 0xc0,
    0x0, 0x57, 0x50, 0x2f, 0x90, 0x0, 0x0, 0x5f,
    0x70, 0x0, 0x0, 0x0, 0xce, 0x10, 0x0, 0xbf,
    0xfc, 0x0, 0x0, 0x0, 0x5, 0xf6, 0x0, 0x0,
    0x23, 0x6e, 0xc0, 0x0, 0x0, 0xe, 0xc0, 0x0,
    0x0, 0x0, 0x9, 0xf0, 0x0, 0x0, 0x9f, 0x20,
    0x0, 0x19, 0x42, 0x5e, 0xc0, 0x0, 0x3, 0xf9,
    0x0, 0x0, 0xb, 0xef, 0xea, 0x10,

    /* U+2190 "←" */
    0x0, 0x0, 0x53, 0x0, 0x0, 0x0, 0x0, 0x0,
    0x0, 0x0, 0x0, 0x7f, 0x10, 0x0, 0x0, 0x0,
    0x0, 0x0, 0x0, 0x0, 0x8f, 0x80, 0x0, 0x0,
    0x0, 0x0, 0x0, 0x0, 0x2, 0xcf, 0xe4, 0x44,
    0x44, 0x44, 0x44, 0x44, 0x44, 0x40, 0xef, 0xff,
    0xff, 0xff, 0xff, 0xff, 0xff, 0xff, 0xff, 0x31,
    0xaf, 0xe3, 0x22, 0x22, 0x22, 0x22, 0x22, 0x22,
    0x20, 0x0, 0x6f, 0x90, 0x0, 0x0, 0x0, 0x0,
    0x0, 0x0, 0x0, 0x0, 0x5f, 0x20, 0x0, 0x0,
    0x0, 0x0, 0x0, 0x0, 0x0, 0x0, 0x42, 0x0,
    0x0, 0x0, 0x0, 0x0, 0x0, 0x0,

    /* U+2191 "↑" */
    0x0, 0x3, 0xb0, 0x0, 0x0, 0x0, 0xcf, 0x60,
    0x0, 0x0, 0x9f, 0xff, 0x30, 0x0, 0x7f, 0xff,
    0xfe, 0x20, 0x7f, 0x87, 0xf3, 0xce, 0x15, 0x20,
    0x6f, 0x0, 0x52, 0x0, 0x6, 0xf0, 0x0, 0x0,
    0x0, 0x6f, 0x0, 0x0, 0x0, 0x6, 0xf0, 0x0,
    0x0, 0x0, 0x6f, 0x0, 0x0, 0x0, 0x6, 0xf0,
    0x0, 0x0, 0x0, 0x6f, 0x0, 0x0, 0x0, 0x6,
    0xf0, 0x0, 0x0, 0x0, 0x6f, 0x0, 0x0, 0x0,
    0x6, 0xf0, 0x0, 0x0, 0x0, 0x6f, 0x0, 0x0,
    0x0, 0x6, 0xf0, 0x0, 0x0, 0x0, 0x6f, 0x0,
    0x0, 0x0, 0x2, 0x50, 0x0, 0x0,

    /* U+2192 "→" */
    0x0, 0x0, 0x0, 0x0, 0x0, 0x0, 0x16, 0x0,
    0x0, 0x0, 0x0, 0x0, 0x0, 0x0, 0x0, 0x0,
    0xdb, 0x0, 0x0, 0x0, 0x0, 0x0, 0x0, 0x0,
    0x0, 0x4, 0xfb, 0x0, 0x4, 0x44, 0x44, 0x44,
    0x44, 0x44, 0x44, 0x4c, 0xfd, 0x40, 0xff, 0xff,
    0xff, 0xff, 0xff, 0xff, 0xff, 0xff, 0xff, 0x22,
    0x22, 0x22, 0x22, 0x22, 0x22, 0x22, 0x2c, 0xfc,
    0x20, 0x0, 0x0, 0x0, 0x0, 0x0, 0x0, 0x5,
    0xf9, 0x0, 0x0, 0x0, 0x0, 0x0, 0x0, 0x0,
    0x0, 0xe9, 0x0, 0x0, 0x0, 0x0, 0x0, 0x0,
    0x0, 0x0, 0x15, 0x0, 0x0, 0x0,

    /* U+2193 "↓" */
    0x0, 0x5, 0xe0, 0x0, 0x0, 0x0, 0x6f, 0x0,
    0x0, 0x0, 0x6, 0xf0, 0x0, 0x0, 0x0, 0x6f,
    0x0, 0x0, 0x0, 0x6, 0xf0, 0x0, 0x0, 0x0,
    0x6f, 0x0, 0x0, 0x0, 0x6, 0xf0, 0x0, 0x0,
    0x0, 0x6f, 0x0, 0x0, 0x0, 0x6, 0xf0, 0x0,
    0x0, 0x0, 0x6f, 0x0, 0x0, 0x0, 0x6, 0xf0,
    0x0, 0x0, 0x0, 0x6f, 0x0, 0x0, 0x0, 0x6,
    0xf0, 0x0, 0x9, 0xa2, 0x6f, 0x5, 0xd3, 0x1d,
    0xfb, 0xfa, 0xf9, 0x0, 0x1e, 0xff, 0xf9, 0x0,
    0x0, 0x3f, 0xfb, 0x0, 0x0, 0x0, 0x7f, 0x10,
    0x0, 0x0, 0x0, 0x30, 0x0, 0x0,

    /* U+2194 "↔" */
    0x0, 0x0, 0x63, 0x0, 0x0, 0x0, 0x0, 0x6,
    0x30, 0x0, 0x0, 0x0, 0x8f, 0x10, 0x0, 0x0,
    0x0, 0x0, 0x7e, 0x20, 0x0, 0x0, 0x9f, 0x80,
    0x0, 0x0, 0x0, 0x0, 0x0, 0xee, 0x30, 0x2,
    0xcf, 0xe5, 0x44, 0x44, 0x44, 0x44, 0x44, 0x48,
    0xff, 0x80, 0xef, 0xff, 0xff, 0xff, 0xff, 0xff,
    0xff, 0xff, 0xff, 0xff, 0x71, 0xaf, 0xe3, 0x22,
    0x22, 0x22, 0x22, 0x22, 0x27, 0xfe, 0x50, 0x0,
    0x6f, 0x90, 0x0, 0x0, 0x0, 0x0, 0x1, 0xed,
    0x20, 0x0, 0x0, 0x5f, 0x20, 0x0, 0x0, 0x0,
    0x0, 0x9d, 0x10, 0x0, 0x0, 0x0, 0x32, 0x0,
    0x0, 0x0, 0x0, 0x4, 0x10, 0x0, 0x0,

    /* U+2195 "↕" */
    0x0, 0x4, 0xc0, 0x0, 0x0, 0x0, 0xdf, 0x70,
    0x0, 0x0, 0xaf, 0xff, 0x40, 0x0, 0x9f, 0xef,
    0xef, 0x40, 0x7f, 0x76, 0xf1, 0xbf, 0x24, 0x10,
    0x6f, 0x0, 0x41, 0x0, 0x6, 0xf0, 0x0, 0x0,
    0x0, 0x6f, 0x0, 0x0, 0x0, 0x6, 0xf0, 0x0,
    0x0, 0x0, 0x6f, 0x0, 0x0, 0x0, 0x6, 0xf0,
    0x0, 0x0, 0x0, 0x6f, 0x0, 0x0, 0x0, 0x6,
    0xf0, 0x0, 0x0, 0x0, 0x6f, 0x0, 0x0, 0x0,
    0x6, 0xf0, 0x0, 0x7, 0x60, 0x6f, 0x1, 0x92,
    0x4f, 0xc9, 0xf6, 0xfd, 0x10, 0x4f, 0xff, 0xfc,
    0x10, 0x0, 0x6f, 0xfe, 0x10, 0x0, 0x0, 0xaf,
    0x30, 0x0, 0x0, 0x1, 0x70, 0x0, 0x0,

    /* U+2196 "↖" */
    0x31, 0x0, 0x0, 0x0, 0x0, 0x0, 0x0, 0xef,
    0xec, 0xbc, 0x50, 0x0, 0x0, 0x0, 0xbf, 0xfe,
    0xb7, 0x20, 0x0, 0x0, 0x0, 0x8f, 0xfc, 0x10,
    0x0, 0x0, 0x0, 0x0, 0x6f, 0x6e, 0xc1, 0x0,
    0x0, 0x0, 0x0, 0x6f, 0x3, 0xec, 0x10, 0x0,
    0x0, 0x0, 0x6b, 0x0, 0x3f, 0xc1, 0x0, 0x0,
    0x0, 0x2, 0x0, 0x3, 0xfc, 0x10, 0x0, 0x0,
    0x0, 0x0, 0x0, 0x3f, 0xc1, 0x0, 0x0, 0x0,
    0x0, 0x0, 0x3, 0xfc, 0x10, 0x0, 0x0, 0x0,
    0x0, 0x0, 0x3f, 0xc1, 0x0, 0x0, 0x0, 0x0,
    0x0, 0x3, 0xfc, 0x10, 0x0, 0x0, 0x0, 0x0,
    0x0, 0x3f, 0xc1, 0x0, 0x0, 0x0, 0x0, 0x0,
    0x3, 0xe4, 0x0, 0x0, 0x0, 0x0, 0x0, 0x0,
    0x0,

    /* U+2197 "↗" */
    0x0, 0x0, 0x0, 0x0, 0x0, 0x0, 0x32, 0x0,
    0x0, 0x0, 0xa, 0xcc, 0xdf, 0xf7, 0x0, 0x0,
    0x0, 0x3, 0x8c, 0xff, 0xf4, 0x0, 0x0, 0x0,
    0x0, 0x4, 0xff, 0xf1, 0x0, 0x0, 0x0, 0x0,
    0x4f, 0xb9, 0xf0, 0x0, 0x0, 0x0, 0x4, 0xfb,
    0x6, 0xf0, 0x0, 0x0, 0x0, 0x4f, 0xb0, 0x1,
    0xf0, 0x0, 0x0, 0x4, 0xfb, 0x0, 0x0, 0x20,
    0x0, 0x0, 0x4f, 0xb0, 0x0, 0x0, 0x0, 0x0,
    0x4, 0xfb, 0x0, 0x0, 0x0, 0x0, 0x0, 0x4f,
    0xb0, 0x0, 0x0, 0x0, 0x0, 0x4, 0xfb, 0x0,
    0x0, 0x0, 0x0, 0x0, 0x4f, 0xb0, 0x0, 0x0,
    0x0, 0x0, 0x0, 0xab, 0x0, 0x0, 0x0, 0x0,
    0x0, 0x0, 0x0, 0x0, 0x0, 0x0, 0x0, 0x0,
    0x0,

    /* U+2198 "↘" */
    0x1, 0x0, 0x0, 0x0, 0x0, 0x0, 0x0, 0xbc,
    0x10, 0x0, 0x0, 0x0, 0x0, 0x0, 0x3f, 0xc1,
    0x0, 0x0, 0x0, 0x0, 0x0, 0x3, 0xfc, 0x10,
    0x0, 0x0, 0x0, 0x0, 0x0, 0x3f, 0xc1, 0x0,
    0x0, 0x0, 0x0, 0x0, 0x3, 0xfc, 0x10, 0x0,
    0x0, 0x0, 0x0, 0x0, 0x3f, 0xc1, 0x0, 0x0,
    0x0, 0x0, 0x0, 0x3, 0xfc, 0x10, 0x0, 0x40,
    0x0, 0x0, 0x0, 0x3f, 0xc1, 0x1, 0xf0, 0x0,
    0x0, 0x0, 0x3, 0xfc, 0x16, 0xf0, 0x0, 0x0,
    0x0, 0x0, 0x3f, 0xca, 0xf0, 0x0, 0x0, 0x0,
    0x0, 0x3, 0xef, 0xf1, 0x0, 0x0, 0x0, 0x5,
    0xae, 0xff, 0xf4, 0x0, 0x0, 0x0, 0x8, 0xaa,
    0xbe, 0xf7, 0x0, 0x0, 0x0, 0x0, 0x0, 0x0,
    0x11,

    /* U+2199 "↙" */
    0x0, 0x0, 0x0, 0x0, 0x0, 0x0, 0x20, 0x0,
    0x0, 0x0, 0x0, 0x0, 0x5, 0xf5, 0x0, 0x0,
    0x0, 0x0, 0x0, 0x5f, 0xb0, 0x0, 0x0, 0x0,
    0x0, 0x5, 0xfb, 0x0, 0x0, 0x0, 0x0, 0x0,
    0x5f, 0xb0, 0x0, 0x0, 0x0, 0x0, 0x4, 0xfb,
    0x0, 0x0, 0x0, 0x0, 0x0, 0x4f, 0xb0, 0x0,
    0x0, 0x4, 0x0, 0x4, 0xfb, 0x0, 0x0, 0x0,
    0x6c, 0x0, 0x4f, 0xb0, 0x0, 0x0, 0x0, 0x6f,
    0x4, 0xfb, 0x0, 0x0, 0x0, 0x0, 0x6f, 0x8f,
    0xb0, 0x0, 0x0, 0x0, 0x0, 0x8f, 0xfb, 0x0,
    0x0, 0x0, 0x0, 0x0, 0xbf, 0xff, 0xd9, 0x30,
    0x0, 0x0, 0x0, 0xef, 0xca, 0x99, 0x40, 0x0,
    0x0, 0x0, 0x10, 0x0, 0x0, 0x0, 0x0, 0x0,
    0x0,

    /* U+219A "↚" */
    0x0, 0x0, 0x53, 0x0, 0x0, 0x1, 0x72, 0x0,
    0x0, 0x0, 0x0, 0x7f, 0x10, 0x0, 0x0, 0x9e,
    0x10, 0x0, 0x0, 0x0, 0x8f, 0x80, 0x0, 0x0,
    0x2f, 0x70, 0x0, 0x0, 0x2, 0xcf, 0xe4, 0x44,
    0x44, 0x4b, 0xf5, 0x44, 0x44, 0x40, 0xef, 0xff,
    0xff, 0xff, 0xff, 0xff, 0xff, 0xff, 0xff, 0x31,
    0xaf, 0xe3, 0x22, 0x22, 0xdd, 0x22, 0x22, 0x22,
    0x20, 0x0, 0x6f, 0x90, 0x0, 0x4f, 0x50, 0x0,
    0x0, 0x0, 0x0, 0x0, 0x5f, 0x20, 0xd, 0xc0,
    0x0, 0x0, 0x0, 0x0, 0x0, 0x0, 0x42, 0x1,
    0x52, 0x0, 0x0, 0x0, 0x0, 0x0,

    /* U+219B "↛" */
    0x0, 0x0, 0x0, 0x0, 0x46, 0x0, 0x16, 0x0,
    0x0, 0x0, 0x0, 0x0, 0x0, 0x1f, 0x90, 0x0,
    0xdb, 0x0, 0x0, 0x0, 0x0, 0x0, 0x9, 0xf1,
    0x0, 0x4, 0xfb, 0x0, 0x4, 0x44, 0x44, 0x45,
    0xfb, 0x44, 0x44, 0x4c, 0xfd, 0x40, 0xff, 0xff,
    0xff, 0xff, 0xff, 0xff, 0xff, 0xff, 0xff, 0x22,
    0x22, 0x22, 0x5f, 0x72, 0x22, 0x22, 0x2c, 0xfc,
    0x20, 0x0, 0x0, 0xb, 0xe0, 0x0, 0x0, 0x5,
    0xf9, 0x0, 0x0, 0x0, 0x4, 0xf5, 0x0, 0x0,
    0x0, 0xe9, 0x0, 0x0, 0x0, 0x0, 0x35, 0x0,
    0x0, 0x0, 0x15, 0x0, 0x0, 0x0,

    /* U+219C "↜" */
    0xb9, 0x42, 0x0, 0x0, 0x0, 0x0, 0x0, 0x0,
    0x0, 0xd, 0xff, 0xff, 0xf6, 0x0, 0x0, 0x0,
    0x0, 0x0, 0x0, 0xbf, 0xfa, 0x63, 0x0, 0x0,
    0x2c, 0xff, 0xa0, 0x0, 0xa, 0xfd, 0xe2, 0x0,
    0x0, 0x5f, 0xd6, 0x7f, 0xd1, 0x0, 0xbc, 0x1d,
    0xe2, 0x0, 0x7f, 0xb0, 0x0, 0x3e, 0xd1, 0xc,
    0x80, 0x1d, 0xe7, 0xbf, 0x80, 0x0, 0x0, 0x2e,
    0xd0, 0x82, 0x0, 0x1a, 0xfd, 0x40, 0x0, 0x0,
    0x0, 0x37, 0x0, 0x0, 0x0, 0x0, 0x0, 0x0,
    0x0, 0x0, 0x0, 0x0,

    /* U+219D "↝" */
    0x0, 0x0, 0x0, 0x0, 0x0, 0x0, 0x0, 0x14,
    0x8c, 0x10, 0x0, 0x0, 0x10, 0x0, 0x0, 0x3e,
    0xff, 0xff, 0xf1, 0x0, 0x7, 0xff, 0xe4, 0x0,
    0x0, 0x26, 0x8f, 0xfe, 0x0, 0xa, 0xf8, 0x5b,
    0xf7, 0x0, 0x0, 0xc, 0xfe, 0xe0, 0xa, 0xf5,
    0x0, 0x7, 0xfa, 0x0, 0xc, 0xf3, 0x9e, 0xa,
    0xf5, 0x0, 0x0, 0x5, 0xfd, 0x7d, 0xf4, 0x4,
    0xf0, 0x56, 0x0, 0x0, 0x0, 0x2, 0xcf, 0xc2,
    0x0, 0x9, 0x0, 0x0, 0x0, 0x0, 0x0, 0x0,
    0x0, 0x0, 0x0, 0x0,

    /* U+219E "↞" */
    0x0, 0x0, 0x53, 0x0, 0x53, 0x0, 0x0, 0x0,
    0x0, 0x0, 0x0, 0x7f, 0x10, 0x8f, 0x10, 0x0,
    0x0, 0x0, 0x0, 0x0, 0x8f, 0x80, 0x8f, 0x80,
    0x0, 0x0, 0x0, 0x0, 0x2, 0xcf, 0xe5, 0xcf,
    0xe4, 0x44, 0x44, 0x44, 0x44, 0x40, 0xef, 0xff,
    0xff, 0xff, 0xff, 0xff, 0xff, 0xff, 0xff, 0x31,
    0xaf, 0xe3, 0xbf, 0xe3, 0x22, 0x22, 0x22, 0x22,
    0x20, 0x0, 0x6f, 0x90, 0x7f, 0x90, 0x0, 0x0,
    0x0, 0x0, 0x0, 0x0, 0x5f, 0x20, 0x6f, 0x20,
    0x0, 0x0, 0x0, 0x0, 0x0, 0x0, 0x42, 0x0,
    0x42, 0x0, 0x0, 0x0, 0x0, 0x0,

    /* U+219F "↟" */
    0x0, 0x3, 0xc0, 0x0, 0x0, 0x0, 0xdf, 0x70,
    0x0, 0x0, 0x9f, 0xff, 0x30, 0x0, 0x8f, 0xff,
    0xff, 0x30, 0x7f, 0x87, 0xf2, 0xcf, 0x14, 0x10,
    0xdf, 0x70, 0x41, 0x0, 0xaf, 0xff, 0x30, 0x0,
    0x9f, 0xff, 0xff, 0x30, 0x7f, 0x86, 0xf2, 0xcf,
    0x14, 0x10, 0x6f, 0x0, 0x41, 0x0, 0x6, 0xf0,
    0x0, 0x0, 0x0, 0x6f, 0x0, 0x0, 0x0, 0x6,
    0xf0, 0x0, 0x0, 0x0, 0x6f, 0x0, 0x0, 0x0,
    0x6, 0xf0, 0x0, 0x0, 0x0, 0x6f, 0x0, 0x0,
    0x0, 0x6, 0xf0, 0x0, 0x0, 0x0, 0x6f, 0x0,
    0x0, 0x0, 0x1, 0x40, 0x0, 0x0,

    /* U+21A0 "↠" */
    0x0, 0x0, 0x0, 0x0, 0x16, 0x0, 0x16, 0x0,
    0x0, 0x0, 0x0, 0x0, 0x0, 0x0, 0xdb, 0x0,
    0xdb, 0x0, 0x0, 0x0, 0x0, 0x0, 0x0, 0x4,
    0xfb, 0x14, 0xfb, 0x0, 0x4, 0x44, 0x44, 0x44,
    0x44, 0x4c, 0xfe, 0x5c, 0xfd, 0x40, 0xff, 0xff,
    0xff, 0xff, 0xff, 0xff, 0xff, 0xff, 0xff, 0x22,
    0x22, 0x22, 0x22, 0x22, 0x2c, 0xfd, 0x3c, 0xfc,
    0x20, 0x0, 0x0, 0x0, 0x0, 0x5, 0xfa, 0x5,
    0xf9, 0x0, 0x0, 0x0, 0x0, 0x0, 0x0, 0xea,
    0x0, 0xe9, 0x0, 0x0, 0x0, 0x0, 0x0, 0x0,
    0x15, 0x0, 0x15, 0x0, 0x0, 0x0,

    /* U+21A1 "↡" */
    0x0, 0x5, 0xe0, 0x0, 0x0, 0x0, 0x6f, 0x0,
    0x0, 0x0, 0x6, 0xf0, 0x0, 0x0, 0x0, 0x6f,
    0x0, 0x0, 0x0, 0x6, 0xf0, 0x0, 0x0, 0x0,
    0x6f, 0x0, 0x0, 0x0, 0x6, 0xf0, 0x0, 0x0,
    0x0, 0x6f, 0x0, 0x0, 0x10, 0x6, 0xf0, 0x0,
    0x9, 0xb2, 0x6f, 0x5, 0xe3, 0x1d, 0xfb, 0xfb,
    0xf9, 0x0, 0x1d, 0xff, 0xf9, 0x0, 0x10, 0x3f,
    0xfc, 0x0, 0x9, 0xb2, 0x8f, 0x15, 0xe3, 0x1d,
    0xfb, 0xfb, 0xf8, 0x0, 0x1d, 0xff, 0xf8, 0x0,
    0x0, 0x2f, 0xfb, 0x0, 0x0, 0x0, 0x7f, 0x10,
    0x0, 0x0, 0x0, 0x30, 0x0, 0x0,

    /* U+21A2 "↢" */
    0x0, 0x0, 0x94, 0x0, 0x0, 0x0, 0x0, 0x0,
    0x79, 0x0, 0x0, 0xbe, 0x0, 0x0, 0x0, 0x0,
    0x0, 0x6f, 0x40, 0x1, 0xcf, 0x50, 0x0, 0x0,
    0x0, 0x0, 0x4f, 0x70, 0x5, 0xef, 0xe8, 0x88,
    0x88, 0x88, 0x88, 0x8e, 0xa0, 0x0, 0xcf, 0xff,
    0xee, 0xee, 0xee, 0xee, 0xee, 0xf5, 0x0, 0x0,
    0x6f, 0xf2, 0x0, 0x0, 0x0, 0x0, 0x9, 0xf2,
    0x0, 0x0, 0x3e, 0xb0, 0x0, 0x0, 0x0, 0x0,
    0xc, 0xd0, 0x0, 0x0, 0x3f, 0x40, 0x0, 0x0,
    0x0, 0x0, 0x1e, 0xb0, 0x0, 0x0, 0x0, 0x0,
    0x0, 0x0, 0x0, 0x0, 0x12, 0x0,

    /* U+21A3 "↣" */
    0x79, 0x0, 0x0, 0x0, 0x0, 0x0, 0x1a, 0x10,
    0x0, 0x1, 0xea, 0x0, 0x0, 0x0, 0x0, 0x0,
    0xbd, 0x10, 0x0, 0x3, 0xf7, 0x0, 0x0, 0x0,
    0x0, 0x2, 0xfe, 0x30, 0x0, 0x6, 0xf9, 0x88,
    0x88, 0x88, 0x88, 0x8c, 0xff, 0x70, 0x0, 0x1f,
    0xee, 0xee, 0xee, 0xee, 0xee, 0xff, 0xfd, 0x10,
    0xd, 0xc0, 0x0, 0x0, 0x0, 0x0, 0xd, 0xf9,
    0x0, 0xa, 0xe1, 0x0, 0x0, 0x0, 0x0, 0x7,
    0xf6, 0x0, 0x7, 0xf3, 0x0, 0x0, 0x0, 0x0,
    0x1, 0xf5, 0x0, 0x0, 0x11, 0x0, 0x0, 0x0,
    0x0, 0x0, 0x1, 0x0, 0x0, 0x0,

    /* U+21A4 "↤" */
    0x0, 0x0, 0x53, 0x0, 0x0, 0x0, 0x0, 0x0,
    0x17, 0x10, 0x0, 0x7f, 0x10, 0x0, 0x0, 0x0,
    0x0, 0x3, 0xf3, 0x0, 0x8f, 0x80, 0x0, 0x0,
    0x0, 0x0, 0x0, 0x3f, 0x32, 0xcf, 0xe4, 0x44,
    0x44, 0x44, 0x44, 0x44, 0x47, 0xf4, 0xef, 0xff,
    0xff, 0xff, 0xff, 0xff, 0xff, 0xff, 0xff, 0x71,
    0xaf, 0xe3, 0x22, 0x22, 0x22, 0x22, 0x22, 0x25,
    0xf3, 0x0, 0x6f, 0x90, 0x0, 0x0, 0x0, 0x0,
    0x0, 0x3f, 0x30, 0x0, 0x5f, 0x20, 0x0, 0x0,
    0x0, 0x0, 0x3, 0xf3, 0x0, 0x0, 0x42, 0x0,
    0x0, 0x0, 0x0, 0x0, 0x15, 0x10,

    /* U+21A5 "↥" */
    0x0, 0x3, 0x80, 0x0, 0x0, 0x0, 0xdf, 0x30,
    0x0, 0x0, 0x9f, 0xfe, 0x10, 0x0, 0x7f, 0xff,
    0xfc, 0x0, 0x7f, 0x99, 0xe5, 0xec, 0x7, 0x30,
    0x8e, 0x1, 0x80, 0x0, 0x8, 0xe0, 0x0, 0x0,
    0x0, 0x8e, 0x0, 0x0, 0x0, 0x8, 0xe0, 0x0,
    0x0, 0x0, 0x8e, 0x0, 0x0, 0x0, 0x8, 0xe0,
    0x0, 0x0, 0x0, 0x8e, 0x0, 0x0, 0x0, 0x8,
    0xe0, 0x0, 0x0, 0x0, 0x8e, 0x0, 0x0, 0x0,
    0x8, 0xe0, 0x0, 0x0, 0x0, 0x8e, 0x0, 0x0,
    0x0, 0x8, 0xe0, 0x0, 0xa, 0xff, 0xff, 0xff,
    0xf1, 0x57, 0x77, 0x77, 0x77, 0x0,

    /* U+21A6 "↦" */
    0xa4, 0x0, 0x0, 0x0, 0x0, 0x0, 0x1a, 0x10,
    0x0, 0xf, 0x70, 0x0, 0x0, 0x0, 0x0, 0x0,
    0xbd, 0x10, 0x0, 0xf7, 0x0, 0x0, 0x0, 0x0,
    0x0, 0x2, 0xfd, 0x20, 0xf, 0xb8, 0x88, 0x88,
    0x88, 0x88, 0x88, 0x8c, 0xff, 0x70, 0xff, 0xee,
    0xee, 0xee, 0xee, 0xee, 0xee, 0xff, 0xfe, 0x1f,
    0x70, 0x0, 0x0, 0x0, 0x0, 0x0, 0xd, 0xf9,
    0x0, 0xf7, 0x0, 0x0, 0x0, 0x0, 0x0, 0x7,
    0xf6, 0x0, 0xf, 0x70, 0x0, 0x0, 0x0, 0x0,
    0x1, 0xf6, 0x0, 0x0, 0x10, 0x0, 0x0, 0x0,
    0x0, 0x0, 0x1, 0x0, 0x0, 0x0,

    /* U+21A7 "↧" */
    0x57, 0x77, 0x77, 0x77, 0xa, 0xff, 0xff, 0xff,
    0xf1, 0x0, 0x8, 0xe0, 0x0, 0x0, 0x0, 0x8e,
    0x0, 0x0, 0x0, 0x8, 0xe0, 0x0, 0x0, 0x0,
    0x8e, 0x0, 0x0, 0x0, 0x8, 0xe0, 0x0, 0x0,
    0x0, 0x8e, 0x0, 0x0, 0x0, 0x8, 0xe0, 0x0,
    0x0, 0x0, 0x8e, 0x0, 0x0, 0x0, 0x8, 0xe0,
    0x0, 0x0, 0x0, 0x8e, 0x0, 0x0, 0x0, 0x8,
    0xe0, 0x0, 0x7, 0x30, 0x8e, 0x1, 0x80, 0x7f,
    0x99, 0xe5, 0xec, 0x0, 0x7f, 0xff, 0xfc, 0x0,
    0x0, 0x9f, 0xfd, 0x10, 0x0, 0x0, 0xdf, 0x30,
    0x0, 0x0, 0x3, 0x70, 0x0, 0x0,

    /* U+21A8 "↨" */
    0x0, 0x0, 0x0, 0x0, 0x0, 0x0, 0x6c, 0x0,
    0x0, 0x0, 0x2f, 0xf7, 0x0, 0x0, 0xd, 0xff,
    0xf4, 0x0, 0xc, 0xfe, 0xfe, 0xf3, 0xa, 0xd4,
    0x9e, 0x1a, 0xf0, 0x30, 0x9, 0xe0, 0x3, 0x0,
    0x0, 0x9e, 0x0, 0x0, 0x0, 0x9, 0xe0, 0x0,
    0x0, 0x0, 0x9e, 0x0, 0x0, 0x0, 0x9, 0xe0,
    0x0, 0x0, 0x0, 0x9e, 0x0, 0x0, 0x0, 0x9,
    0xe0, 0x0, 0x0, 0x0, 0x9e, 0x0, 0x0, 0x30,
    0x9, 0xe0, 0x3, 0xa, 0xd4, 0x9e, 0x1a, 0xf0,
    0x1c, 0xfe, 0xfe, 0xe3, 0x0, 0x1d, 0xff, 0xf3,
    0x0, 0x0, 0x2f, 0xf6, 0x0, 0x0, 0x0, 0x7c,
    0x0, 0x0, 0xbf, 0xff, 0xff, 0xff, 0x5, 0x77,
    0x77, 0x77, 0x70,

    /* U+21A9 "↩" */
    0x0, 0x0, 0x0, 0x0, 0x0, 0x0, 0x47, 0x76,
    0x40, 0x0, 0x0, 0x0, 0x0, 0x0, 0x0, 0x9,
    0xff, 0xff, 0xd2, 0x0, 0x0, 0x63, 0x0, 0x0,
    0x0, 0x0, 0x0, 0x3e, 0xa0, 0x0, 0x8f, 0x10,
    0x0, 0x0, 0x0, 0x0, 0x0, 0x9d, 0x0, 0x9f,
    0x80, 0x0, 0x0, 0x0, 0x0, 0x0, 0xa, 0xd2,
    0xcf, 0xe5, 0x44, 0x44, 0x44, 0x44, 0x44, 0x59,
    0xf8, 0xef, 0xff, 0xff, 0xff, 0xff, 0xff, 0xff,
    0xff, 0xe8, 0x1, 0xaf, 0xe3, 0x22, 0x22, 0x22,
    0x22, 0x21, 0x10, 0x0, 0x0, 0x6f, 0x90, 0x0,
    0x0, 0x0, 0x0, 0x0, 0x0, 0x0, 0x0, 0x5f,
    0x20, 0x0, 0x0, 0x0, 0x0, 0x0, 0x0, 0x0,
    0x0, 0x32, 0x0, 0x0, 0x0, 0x0, 0x0, 0x0,
    0x0,

    /* U+21AA "↪" */
    0x0, 0x46, 0x77, 0x30, 0x0, 0x0, 0x0, 0x0,
    0x0, 0x2, 0xef, 0xff, 0xf7, 0x0, 0x0, 0x0,
    0x0, 0x0, 0x0, 0xcd, 0x30, 0x0, 0x0, 0x0,
    0x0, 0x4, 0x50, 0x0, 0xf, 0x70, 0x0, 0x0,
    0x0, 0x0, 0x0, 0x2f, 0x60, 0x0, 0xe9, 0x0,
    0x0, 0x0, 0x0, 0x0, 0x0, 0x9f, 0x70, 0x9,
    0xf8, 0x54, 0x44, 0x44, 0x44, 0x44, 0x45, 0xff,
    0xb2, 0x9, 0xff, 0xff, 0xff, 0xff, 0xff, 0xff,
    0xff, 0xff, 0xd0, 0x0, 0x11, 0x22, 0x22, 0x22,
    0x22, 0x23, 0xff, 0x90, 0x0, 0x0, 0x0, 0x0,
    0x0, 0x0, 0x0, 0xaf, 0x50, 0x0, 0x0, 0x0,
    0x0, 0x0, 0x0, 0x0, 0x3f, 0x40, 0x0, 0x0,
    0x0, 0x0, 0x0, 0x0, 0x0, 0x2, 0x30, 0x0,
    0x0,

    /* U+21AB "↫" */
    0x0, 0x0, 0x0, 0x0, 0x0, 0x0, 0x0, 0x4,
    0x75, 0x10, 0x0, 0x0, 0x0, 0x0, 0x0, 0x0,
    0x0, 0xcf, 0xef, 0xe2, 0x0, 0x0, 0x63, 0x0,
    0x0, 0x0, 0x7, 0xf4, 0x1, 0xdb, 0x0, 0x8,
    0xf1, 0x0, 0x0, 0x0, 0xc, 0xa0, 0x0, 0x8e,
    0x0, 0x9f, 0x80, 0x0, 0x0, 0x0, 0xf, 0x70,
    0x0, 0xbd, 0x2c, 0xfe, 0x54, 0x44, 0x44, 0x44,
    0x4f, 0x94, 0x6b, 0xf6, 0xef, 0xff, 0xff, 0xff,
    0xff, 0xff, 0xff, 0xff, 0xfd, 0x60, 0x1a, 0xfe,
    0x32, 0x22, 0x22, 0x22, 0x2f, 0x71, 0x0, 0x0,
    0x0, 0x6f, 0x90, 0x0, 0x0, 0x0, 0xf, 0x60,
    0x0, 0x0, 0x0, 0x5, 0xf2, 0x0, 0x0, 0x0,
    0xf, 0x60, 0x0, 0x0, 0x0, 0x0, 0x32, 0x0,
    0x0, 0x0, 0x5, 0x20, 0x0, 0x0,

    /* U+21AC "↬" */
    0x1, 0x57, 0x40, 0x0, 0x0, 0x0, 0x0, 0x0,
    0x0, 0x0, 0x3e, 0xfe, 0xfb, 0x0, 0x0, 0x0,
    0x0, 0x0, 0x0, 0x0, 0xcc, 0x0, 0x5f, 0x60,
    0x0, 0x0, 0x0, 0x35, 0x0, 0x0, 0xf7, 0x0,
    0xb, 0xc0, 0x0, 0x0, 0x0, 0x2f, 0x70, 0x0,
    0xea, 0x0, 0x8, 0xe0, 0x0, 0x0, 0x0, 0x9,
    0xf8, 0x0, 0x7f, 0xa6, 0x49, 0xf4, 0x44, 0x44,
    0x44, 0x45, 0xff, 0xb2, 0x7, 0xdf, 0xff, 0xff,
    0xff, 0xff, 0xff, 0xff, 0xff, 0xfd, 0x0, 0x0,
    0x18, 0xf2, 0x22, 0x22, 0x22, 0x23, 0xff, 0x90,
    0x0, 0x0, 0x7, 0xf0, 0x0, 0x0, 0x0, 0xa,
    0xf5, 0x0, 0x0, 0x0, 0x7, 0xf0, 0x0, 0x0,
    0x0, 0x3f, 0x40, 0x0, 0x0, 0x0, 0x2, 0x40,
    0x0, 0x0, 0x0, 0x23, 0x0, 0x0,

    /* U+21AD "↭" */
    0x0, 0x0, 0x53, 0x0, 0x0, 0x0, 0x0, 0x0,
    0x7, 0x10, 0x0, 0x0, 0x0, 0x7f, 0x10, 0x0,
    0x1, 0x20, 0x0, 0x0, 0xad, 0x10, 0x0, 0x0,
    0x8f, 0x80, 0x0, 0x4, 0xff, 0xa0, 0x0, 0x2,
    0xfd, 0x20, 0x2, 0xcf, 0xe4, 0x40, 0x0, 0xda,
    0x4f, 0x40, 0x2, 0x4a, 0xff, 0x60, 0xef, 0xff,
    0xff, 0x20, 0x4f, 0x10, 0xab, 0x0, 0xbf, 0xff,
    0xff, 0x51, 0xaf, 0xe3, 0xc9, 0xc, 0xa0, 0x3,
    0xf3, 0x2f, 0x59, 0xfe, 0x40, 0x0, 0x6f, 0x94,
    0xff, 0xf2, 0x0, 0x9, 0xff, 0xb3, 0xfc, 0x10,
    0x0, 0x0, 0x5f, 0x23, 0x62, 0x0, 0x0, 0x5,
    0x50, 0xbb, 0x0, 0x0, 0x0, 0x0, 0x42, 0x0,
    0x0, 0x0, 0x0, 0x0, 0x5, 0x0, 0x0, 0x0,

    /* U+21AE "↮" */
    0x0, 0x0, 0x63, 0x0, 0x0, 0x3, 0x70, 0x6,
    0x30, 0x0, 0x0, 0x0, 0x8f, 0x10, 0x0, 0x0,
    0xeb, 0x0, 0x7e, 0x20, 0x0, 0x0, 0x9f, 0x80,
    0x0, 0x0, 0x7f, 0x20, 0x0, 0xee, 0x30, 0x2,
    0xcf, 0xe5, 0x44, 0x44, 0x4f, 0xc4, 0x44, 0x48,
    0xff, 0x80, 0xef, 0xff, 0xff, 0xff, 0xff, 0xff,
    0xff, 0xff, 0xff, 0xff, 0x71, 0xaf, 0xe3, 0x22,
    0x23, 0xf9, 0x22, 0x22, 0x27, 0xfe, 0x50, 0x0,
    0x6f, 0x90, 0x0, 0xae, 0x10, 0x0, 0x1, 0xed,
    0x20, 0x0, 0x0, 0x5f, 0x20, 0x2f, 0x70, 0x0,
    0x0, 0x9d, 0x10, 0x0, 0x0, 0x0, 0x32, 0x2,
    0x50, 0x0, 0x0, 0x4, 0x10, 0x0, 0x0,

    /* U+21AF "↯" */
    0x0, 0x5, 0x50, 0x0, 0x0, 0x0, 0x0, 0xdb,
    0x0, 0x0, 0x0, 0x0, 0x2f, 0x60, 0x0, 0x0,
    0x0, 0x7, 0xf1, 0x0, 0x0, 0x0, 0x0, 0xcc,
    0x0, 0x0, 0x0, 0x0, 0x1f, 0x70, 0x0, 0x3,
    0xb1, 0x6, 0xf2, 0x0, 0x4c, 0xfa, 0x0, 0xbd,
    0x5, 0xcf, 0xff, 0x40, 0xf, 0xcd, 0xfe, 0x7d,
    0xd0, 0x5, 0xff, 0xe7, 0x2, 0xf6, 0x0, 0xad,
    0x60, 0x0, 0x9f, 0x0, 0x4, 0x0, 0x0, 0xf,
    0x90, 0x0, 0x0, 0x70, 0x6, 0xf2, 0x0, 0x0,
    0xc, 0x90, 0xdc, 0x0, 0x0, 0x0, 0x4f, 0x8f,
    0x50, 0x0, 0x0, 0x0, 0xef, 0xfa, 0xde, 0x30,
    0x0, 0xa, 0xff, 0xfa, 0x30, 0x0, 0x0, 0x6f,
    0xb2, 0x0, 0x0, 0x0, 0x2, 0x60, 0x0, 0x0,
    0x0,

    /* U+21B0 "↰" */
    0x0, 0x0, 0x67, 0x0, 0x0, 0x0, 0x0, 0x6f,
    0x30, 0x0, 0x0, 0x0, 0x8f, 0xa0, 0x0, 0x0,
    0x2, 0xcf, 0xf8, 0x77, 0x77, 0x71, 0x8f, 0xff,
    0xff, 0xff, 0xff, 0x20, 0x4e, 0xf5, 0x0, 0x4,
    0xf2, 0x0, 0x1d, 0xe0, 0x0, 0x4f, 0x20, 0x0,
    0x1d, 0x80, 0x4, 0xf2, 0x0, 0x0, 0x1, 0x0,
    0x4f, 0x20, 0x0, 0x0, 0x0, 0x4, 0xf2, 0x0,
    0x0, 0x0, 0x0, 0x4f, 0x20, 0x0, 0x0, 0x0,
    0x4, 0xf2, 0x0, 0x0, 0x0, 0x0, 0x4f, 0x20,
    0x0, 0x0, 0x0, 0x4, 0xf2, 0x0, 0x0, 0x0,
    0x0, 0x4f, 0x20, 0x0, 0x0, 0x0, 0x4, 0xf2,
    0x0, 0x0, 0x0, 0x0, 0x4f, 0x20, 0x0, 0x0,
    0x0, 0x4, 0xf2, 0x0, 0x0, 0x0, 0x0, 0x28,
    0x10,

    /* U+21B1 "↱" */
    0x0, 0x0, 0xa, 0x20, 0x0, 0x0, 0x0, 0x0,
    0xae, 0x20, 0x0, 0x0, 0x0, 0x1, 0xfe, 0x30,
    0x3, 0x77, 0x77, 0x7b, 0xff, 0x80, 0x8f, 0xff,
    0xff, 0xff, 0xff, 0x38, 0xe0, 0x0, 0xb, 0xfb,
    0x10, 0x8e, 0x0, 0x5, 0xf8, 0x0, 0x8, 0xe0,
    0x0, 0xe8, 0x0, 0x0, 0x8e, 0x0, 0x1, 0x0,
    0x0, 0x8, 0xe0, 0x0, 0x0, 0x0, 0x0, 0x8e,
    0x0, 0x0, 0x0, 0x0, 0x8, 0xe0, 0x0, 0x0,
    0x0, 0x0, 0x8e, 0x0, 0x0, 0x0, 0x0, 0x8,
    0xe0, 0x0, 0x0, 0x0, 0x0, 0x8e, 0x0, 0x0,
    0x0, 0x0, 0x8, 0xe0, 0x0, 0x0, 0x0, 0x0,
    0x8e, 0x0, 0x0, 0x0, 0x0, 0x8, 0xe0, 0x0,
    0x0, 0x0, 0x0, 0x48, 0x0, 0x0, 0x0, 0x0,
    0x0,

    /* U+21B2 "↲" */
    0x0, 0x0, 0x0, 0x0, 0x3b, 0x10, 0x0, 0x0,
    0x0, 0x4, 0xf2, 0x0, 0x0, 0x0, 0x0, 0x4f,
    0x20, 0x0, 0x0, 0x0, 0x4, 0xf2, 0x0, 0x0,
    0x0, 0x0, 0x4f, 0x20, 0x0, 0x0, 0x0, 0x4,
    0xf2, 0x0, 0x0, 0x0, 0x0, 0x4f, 0x20, 0x0,
    0x0, 0x0, 0x4, 0xf2, 0x0, 0x0, 0x0, 0x0,
    0x4f, 0x20, 0x0, 0x0, 0x0, 0x4, 0xf2, 0x0,
    0x0, 0x13, 0x0, 0x4f, 0x20, 0x0, 0x2e, 0x70,
    0x4, 0xf2, 0x0, 0x2e, 0xd0, 0x0, 0x4f, 0x20,
    0x6f, 0xf5, 0x11, 0x15, 0xf2, 0x9f, 0xff, 0xff,
    0xff, 0xff, 0x21, 0x9f, 0xf7, 0x55, 0x55, 0x50,
    0x0, 0x5f, 0xc0, 0x0, 0x0, 0x0, 0x0, 0x4f,
    0x50, 0x0, 0x0, 0x0, 0x0, 0x45, 0x0, 0x0,
    0x0,

    /* U+21B3 "↳" */
    0x5a, 0x0, 0x0, 0x0, 0x0, 0x8, 0xe0, 0x0,
    0x0, 0x0, 0x0, 0x8e, 0x0, 0x0, 0x0, 0x0,
    0x8, 0xe0, 0x0, 0x0, 0x0, 0x0, 0x8e, 0x0,
    0x0, 0x0, 0x0, 0x8, 0xe0, 0x0, 0x0, 0x0,
    0x0, 0x8e, 0x0, 0x0, 0x0, 0x0, 0x8, 0xe0,
    0x0, 0x0, 0x0, 0x0, 0x8e, 0x0, 0x0, 0x0,
    0x0, 0x8, 0xe0, 0x0, 0x0, 0x0, 0x0, 0x8e,
    0x0, 0x4, 0x0, 0x0, 0x8, 0xe0, 0x0, 0xda,
    0x0, 0x0, 0x8e, 0x0, 0x4, 0xfa, 0x0, 0x8,
    0xe1, 0x11, 0x1a, 0xfd, 0x20, 0x8f, 0xff, 0xff,
    0xff, 0xff, 0x42, 0x55, 0x55, 0x5b, 0xfe, 0x60,
    0x0, 0x0, 0x2, 0xfd, 0x20, 0x0, 0x0, 0x0,
    0xbc, 0x10, 0x0, 0x0, 0x0, 0x7, 0x10, 0x0,
    0x0,

    /* U+21B4 "↴" */
    0xaf, 0xff, 0xff, 0xff, 0xf4, 0x0, 0x5, 0x77,
    0x77, 0x77, 0x8f, 0x40, 0x0, 0x0, 0x0, 0x0,
    0x2, 0xf4, 0x0, 0x0, 0x0, 0x0, 0x0, 0x2f,
    0x40, 0x0, 0x0, 0x0, 0x33, 0x2, 0xf4, 0x3,
    0x40, 0x0, 0x3, 0xfb, 0x4f, 0x59, 0xf5, 0x0,
    0x0, 0x4, 0xff, 0xff, 0xf6, 0x0, 0x0, 0x0,
    0x5, 0xff, 0xf7, 0x0, 0x0, 0x0, 0x0, 0x9,
    0xfb, 0x0, 0x0, 0x0, 0x0, 0x0, 0xc, 0x10,
    0x0,

    /* U+21B5 "↵" */
    0x0, 0x0, 0x0, 0x0, 0x2a, 0x10, 0x0, 0x0,
    0x0, 0x4, 0xf2, 0x0, 0x0, 0x0, 0x0, 0x4f,
    0x20, 0x0, 0x0, 0x0, 0x4, 0xf2, 0x0, 0x0,
    0x13, 0x0, 0x4f, 0x20, 0x0, 0x2e, 0x70, 0x4,
    0xf2, 0x0, 0x2e, 0xd0, 0x0, 0x4f, 0x20, 0x6f,
    0xf5, 0x11, 0x15, 0xf2, 0x9f, 0xff, 0xff, 0xff,
    0xff, 0x21, 0x9f, 0xf7, 0x55, 0x55, 0x50, 0x0,
    0x5f, 0xc0, 0x0, 0x0, 0x0, 0x0, 0x4f, 0x50,
    0x0, 0x0, 0x0, 0x0, 0x45, 0x0, 0x0, 0x0,

    /* U+21B6 "↶" */
    0x0, 0x0, 0x0, 0x0, 0x1, 0x46, 0x53, 0x0,
    0x0, 0x0, 0x0, 0x0, 0x0, 0x0, 0x3b, 0xff,
    0xff, 0xff, 0x91, 0x0, 0x0, 0x0, 0x0, 0x0,
    0x8f, 0xd7, 0x20, 0x13, 0x8f, 0xe3, 0x0, 0x0,
    0x0, 0x0, 0x9f, 0x80, 0x0, 0x0, 0x0, 0x1b,
    0xf4, 0x0, 0x29, 0x0, 0x5f, 0x70, 0x0, 0x0,
    0x0, 0x0, 0xb, 0xe1, 0x1, 0xea, 0xe, 0xb0,
    0x1, 0x0, 0x0, 0x0, 0x0, 0x1f, 0x90, 0x5,
    0xfc, 0xf8, 0xbf, 0x50, 0x0, 0x0, 0x0, 0x0,
    0x8f, 0x0, 0xc, 0xff, 0xfe, 0x40, 0x0, 0x0,
    0x0, 0x0, 0x3, 0xf3, 0x0, 0x5f, 0xfa, 0x0,
    0x0, 0x0, 0x0, 0x0, 0x0, 0xf, 0x50, 0x0,
    0xf8, 0x0, 0x0, 0x0, 0x0, 0x0, 0x0, 0x0,
    0x21, 0x0, 0x2, 0x0, 0x0, 0x0, 0x0, 0x0,
    0x0, 0x0, 0x0, 0x0,

    /* U+21B7 "↷" */
    0x0, 0x0, 0x0, 0x3, 0x56, 0x41, 0x0, 0x0,
    0x0, 0x0, 0x0, 0x0, 0x0, 0x8e, 0xff, 0xff,
    0xfc, 0x40, 0x0, 0x0, 0x0, 0x0, 0x2, 0xdf,
    0x94, 0x10, 0x26, 0xcf, 0xa0, 0x0, 0x0, 0x0,
    0x2, 0xfd, 0x20, 0x0, 0x0, 0x0, 0x6f, 0xb0,
    0x0, 0x0, 0x0, 0xdd, 0x0, 0x0, 0x0, 0x0,
    0x0, 0x5f, 0x70, 0x6, 0x40, 0x6f, 0x20, 0x0,
    0x0, 0x0, 0x1, 0x0, 0x9f, 0x18, 0xf2, 0xd,
    0xa0, 0x0, 0x0, 0x0, 0x0, 0x3f, 0xc7, 0xfc,
    0xf8, 0x1, 0xf5, 0x0, 0x0, 0x0, 0x0, 0x0,
    0x3d, 0xff, 0xfe, 0x0, 0x3f, 0x30, 0x0, 0x0,
    0x0, 0x0, 0x0, 0x9, 0xff, 0x70, 0x0, 0x30,
    0x0, 0x0, 0x0, 0x0, 0x0, 0x0, 0x6, 0xf2,
    0x0, 0x0, 0x0, 0x0, 0x0, 0x0, 0x0, 0x0,
    0x0, 0x3, 0x0, 0x0,

    /* U+21B8 "↸" */
    0x33, 0x33, 0x33, 0x33, 0x33, 0x33, 0x0, 0xff,
    0xff, 0xff, 0xff, 0xff, 0xff, 0x30, 0x64, 0x33,
    0x33, 0x33, 0x33, 0x33, 0x0, 0xef, 0xec, 0xbc,
    0x50, 0x0, 0x0, 0x0, 0xbf, 0xfe, 0xb7, 0x20,
    0x0, 0x0, 0x0, 0x8f, 0xfc, 0x10, 0x0, 0x0,
    0x0, 0x0, 0x6f, 0x6e, 0xc1, 0x0, 0x0, 0x0,
    0x0, 0x6f, 0x3, 0xec, 0x10, 0x0, 0x0, 0x0,
    0x6b, 0x0, 0x3f, 0xc1, 0x0, 0x0, 0x0, 0x2,
    0x0, 0x3, 0xfc, 0x10, 0x0, 0x0, 0x0, 0x0,
    0x0, 0x3f, 0xc1, 0x0, 0x0, 0x0, 0x0, 0x0,
    0x3, 0xfc, 0x10, 0x0, 0x0, 0x0, 0x0, 0x0,
    0x3f, 0xc1, 0x0, 0x0, 0x0, 0x0, 0x0, 0x3,
    0xfc, 0x10, 0x0, 0x0, 0x0, 0x0, 0x0, 0x3f,
    0xc1, 0x0, 0x0, 0x0, 0x0, 0x0, 0x3, 0xe4,
    0x0, 0x0, 0x0, 0x0, 0x0, 0x0, 0x0,

    /* U+21B9 "↹" */
    0x52, 0x0, 0x1, 0x50, 0x0, 0x0, 0x0, 0x0,
    0x0, 0xf, 0x70, 0x1, 0xd8, 0x0, 0x0, 0x0,
    0x0, 0x0, 0x0, 0xf7, 0x2, 0xde, 0x10, 0x0,
    0x0, 0x0, 0x0, 0x0, 0xf, 0x76, 0xff, 0x83,
    0x33, 0x33, 0x33, 0x33, 0x33, 0x30, 0xfe, 0xff,
    0xff, 0xff, 0xff, 0xff, 0xff, 0xff, 0xff, 0x3f,
    0x76, 0xff, 0x83, 0x33, 0x33, 0x33, 0x33, 0x33,
    0x30, 0xf7, 0x2, 0xde, 0x10, 0x0, 0x0, 0x0,
    0x0, 0x0, 0xf, 0x70, 0x1, 0xd9, 0x0, 0x0,
    0x0, 0x0, 0x0, 0x0, 0x31, 0x0, 0x1, 0x30,
    0x0, 0x6, 0x80, 0x0, 0x2c, 0x20, 0x0, 0x0,
    0x0, 0x0, 0x0, 0x2f, 0x90, 0x3, 0xf3, 0x0,
    0x0, 0x0, 0x0, 0x0, 0x0, 0x8f, 0xa0, 0x3f,
    0x39, 0x99, 0x99, 0x99, 0x99, 0x99, 0x99, 0xff,
    0xd8, 0xf3, 0xdd, 0xdd, 0xdd, 0xdd, 0xdd, 0xdd,
    0xdf, 0xff, 0xbf, 0x30, 0x0, 0x0, 0x0, 0x0,
    0x0, 0x5, 0xfe, 0x33, 0xf3, 0x0, 0x0, 0x0,
    0x0, 0x0, 0x0, 0xec, 0x10, 0x3f, 0x30, 0x0,
    0x0, 0x0, 0x0, 0x0, 0x7d, 0x10, 0x3, 0xf3,
    0x0, 0x0, 0x0, 0x0, 0x0, 0x0, 0x0, 0x0,
    0x0, 0x0,

    /* U+21BA "↺" */
    0x0, 0x0, 0x0, 0x0, 0x0, 0x0, 0x0, 0x0,
    0x0, 0x0, 0x0, 0x0, 0x0, 0x0, 0x0, 0x0,
    0xae, 0xa6, 0x43, 0x0, 0x0, 0x0, 0x50, 0x0,
    0x0, 0x0, 0x8f, 0xff, 0xff, 0xa0, 0x0, 0xc,
    0xf1, 0x0, 0x0, 0x0, 0x6f, 0xfb, 0x31, 0x0,
    0x0, 0xae, 0x20, 0x0, 0x0, 0x0, 0x6f, 0xaf,
    0x50, 0x0, 0x5, 0xf5, 0x0, 0x0, 0x0, 0x0,
    0x7f, 0xb, 0xe0, 0x0, 0xc, 0xc0, 0x0, 0x0,
    0x0, 0x0, 0x99, 0x2, 0xf5, 0x0, 0x1f, 0x60,
    0x0, 0x0, 0x0, 0x0, 0x32, 0x0, 0xca, 0x0,
    0x3f, 0x30, 0x0, 0x0, 0x0, 0x0, 0x0, 0x0,
    0x9d, 0x0, 0x4f, 0x20, 0x0, 0x0, 0x0, 0x0,
    0x0, 0x0, 0x8e, 0x0, 0x3f, 0x30, 0x0, 0x0,
    0x0, 0x0, 0x0, 0x0, 0x9c, 0x0, 0xf, 0x70,
    0x0, 0x0, 0x0, 0x0, 0x0, 0x0, 0xda, 0x0,
    0xb, 0xd0, 0x0, 0x0, 0x0, 0x0, 0x0, 0x3,
    0xf4, 0x0, 0x3, 0xf6, 0x0, 0x0, 0x0, 0x0,
    0x0, 0xc, 0xd0, 0x0, 0x0, 0x9f, 0x40, 0x0,
    0x0, 0x0, 0x0, 0xaf, 0x30, 0x0, 0x0, 0xb,
    0xf8, 0x0, 0x0, 0x0, 0x2c, 0xf5, 0x0, 0x0,
    0x0, 0x0, 0x8f, 0xfa, 0x76, 0x8c, 0xfd, 0x40,
    0x0, 0x0, 0x0, 0x0, 0x2, 0x8d, 0xff, 0xeb,
    0x60, 0x0, 0x0, 0x0, 0x0, 0x0, 0x0, 0x0,
    0x0, 0x0, 0x0, 0x0, 0x0, 0x0,

    /* U+21BB "↻" */
    0x0, 0x0, 0x0, 0x0, 0x0, 0x0, 0x0, 0x0,
    0x0, 0x0, 0x1, 0x35, 0x7b, 0xf6, 0x0, 0x0,
    0x0, 0x0, 0x0, 0x0, 0x1d, 0xff, 0xff, 0xf3,
    0x0, 0x0, 0x0, 0x6, 0x0, 0x0, 0x0, 0x24,
    0xef, 0xf2, 0x0, 0x0, 0x0, 0x4f, 0xa0, 0x0,
    0x0, 0x9, 0xfb, 0xf2, 0x0, 0x0, 0x0, 0x5,
    0xf7, 0x0, 0x0, 0x2f, 0x73, 0xf3, 0x0, 0x0,
    0x0, 0x0, 0x9f, 0x10, 0x0, 0x9e, 0x0, 0xd5,
    0x0, 0x0, 0x0, 0x0, 0x1f, 0x80, 0x0, 0xe8,
    0x0, 0x40, 0x0, 0x0, 0x0, 0x0, 0xa, 0xc0,
    0x1, 0xf5, 0x0, 0x0, 0x0, 0x0, 0x0, 0x0,
    0x7, 0xf0, 0x2, 0xf4, 0x0, 0x0, 0x0, 0x0,
    0x0, 0x0, 0x6, 0xf0, 0x0, 0xf5, 0x0, 0x0,
    0x0, 0x0, 0x0, 0x0, 0x7, 0xf0, 0x0, 0xe9,
    0x0, 0x0, 0x0, 0x0, 0x0, 0x0, 0xb, 0xc0,
    0x0, 0x8e, 0x0, 0x0, 0x0, 0x0, 0x0, 0x0,
    0x1f, 0x70, 0x0, 0x1f, 0x80, 0x0, 0x0, 0x0,
    0x0, 0x0, 0xae, 0x0, 0x0, 0x7, 0xf6, 0x0,
    0x0, 0x0, 0x0, 0x8, 0xf5, 0x0, 0x0, 0x0,
    0x9f, 0x91, 0x0, 0x0, 0x2, 0xbf, 0x70, 0x0,
    0x0, 0x0, 0x6, 0xff, 0xa7, 0x67, 0xbf, 0xe5,
    0x0, 0x0, 0x0, 0x0, 0x0, 0x17, 0xcf, 0xfe,
    0xc7, 0x0, 0x0, 0x0, 0x0, 0x0, 0x0, 0x0,
    0x0, 0x0, 0x0, 0x0, 0x0, 0x0,

    /* U+21BC "↼" */
    0x0, 0x0, 0x63, 0x0, 0x0, 0x0, 0x0, 0x0,
    0x0, 0x0, 0x0, 0x8f, 0x10, 0x0, 0x0, 0x0,
    0x0, 0x0, 0x0, 0x0, 0x9f, 0x70, 0x0, 0x0,
    0x0, 0x0, 0x0, 0x0, 0x2, 0xcf, 0xe5, 0x44,
    0x44, 0x44, 0x44, 0x44, 0x44, 0x41, 0xff, 0xff,
    0xff, 0xff, 0xff, 0xff, 0xff, 0xff, 0xff, 0x31,
    0x22, 0x22, 0x22, 0x22, 0x22, 0x22, 0x22, 0x22,
    0x20,

    /* U+21BD "↽" */
    0x44, 0x44, 0x44, 0x44, 0x44, 0x44, 0x44, 0x44,
    0x44, 0x1e, 0xff, 0xff, 0xff, 0xff, 0xff, 0xff,
    0xff, 0xff, 0xf3, 0x1a, 0xfe, 0x32, 0x22, 0x22,
    0x22, 0x22, 0x22, 0x22, 0x0, 0x6, 0xf9, 0x0,
    0x0, 0x0, 0x0, 0x0, 0x0, 0x0, 0x0, 0x5,
    0xf2, 0x0, 0x0, 0x0, 0x0, 0x0, 0x0, 0x0,
    0x0, 0x3, 0x20, 0x0, 0x0, 0x0, 0x0, 0x0,
    0x0,

    /* U+21BE "↾" */
    0x2e, 0x10, 0x0, 0x3f, 0xb0, 0x0, 0x3f, 0xf7,
    0x0, 0x3f, 0xff, 0x60, 0x3f, 0x49, 0xf5, 0x3f,
    0x30, 0x23, 0x3f, 0x30, 0x0, 0x3f, 0x30, 0x0,
    0x3f, 0x30, 0x0, 0x3f, 0x30, 0x0, 0x3f, 0x30,
    0x0, 0x3f, 0x30, 0x0, 0x3f, 0x30, 0x0, 0x3f,
    0x30, 0x0, 0x3f, 0x30, 0x0, 0x3f, 0x30, 0x0,
    0x3f, 0x30, 0x0, 0x3f, 0x30, 0x0, 0x4, 0x10,
    0x0,

    /* U+21BF "↿" */
    0x0, 0x3, 0xd0, 0x0, 0xc, 0xf0, 0x0, 0x9f,
    0xf0, 0x7, 0xff, 0xf0, 0x7f, 0x87, 0xf0, 0x52,
    0x6, 0xf0, 0x0, 0x6, 0xf0, 0x0, 0x6, 0xf0,
    0x0, 0x6, 0xf0, 0x0, 0x6, 0xf0, 0x0, 0x6,
    0xf0, 0x0, 0x6, 0xf0, 0x0, 0x6, 0xf0, 0x0,
    0x6, 0xf0, 0x0, 0x6, 0xf0, 0x0, 0x6, 0xf0,
    0x0, 0x6, 0xf0, 0x0, 0x6, 0xf0, 0x0, 0x2,
    0x50,

    /* U+21C0 "⇀" */
    0x0, 0x0, 0x0, 0x0, 0x0, 0x0, 0x17, 0x0,
    0x0, 0x0, 0x0, 0x0, 0x0, 0x0, 0x0, 0x0,
    0xdb, 0x0, 0x0, 0x0, 0x0, 0x0, 0x0, 0x0,
    0x0, 0x4, 0xfc, 0x10, 0x4, 0x44, 0x44, 0x44,
    0x44, 0x44, 0x44, 0x4c, 0xfe, 0x40, 0xff, 0xff,
    0xff, 0xff, 0xff, 0xff, 0xff, 0xff, 0xff, 0x31,
    0x22, 0x22, 0x22, 0x22, 0x22, 0x22, 0x22, 0x22,
    0x20,

    /* U+21C1 "⇁" */
    0x44, 0x44, 0x44, 0x44, 0x44, 0x44, 0x44, 0x44,
    0x44, 0x1f, 0xff, 0xff, 0xff, 0xff, 0xff, 0xff,
    0xff, 0xff, 0xf2, 0x12, 0x22, 0x22, 0x22, 0x22,
    0x22, 0x22, 0xcf, 0xc2, 0x0, 0x0, 0x0, 0x0,
    0x0, 0x0, 0x0, 0x5f, 0x90, 0x0, 0x0, 0x0,
    0x0, 0x0, 0x0, 0x0, 0xe, 0x90, 0x0, 0x0,
    0x0, 0x0, 0x0, 0x0, 0x0, 0x1, 0x40, 0x0,
    0x0,

    /* U+21C2 "⇂" */
    0x2e, 0x30, 0x0, 0x3f, 0x30, 0x0, 0x3f, 0x30,
    0x0, 0x3f, 0x30, 0x0, 0x3f, 0x30, 0x0, 0x3f,
    0x30, 0x0, 0x3f, 0x30, 0x0, 0x3f, 0x30, 0x0,
    0x3f, 0x30, 0x0, 0x3f, 0x30, 0x0, 0x3f, 0x30,
    0x0, 0x3f, 0x30, 0x0, 0x3f, 0x30, 0x0, 0x3f,
    0x33, 0xc6, 0x3f, 0xbf, 0xc0, 0x3f, 0xfc, 0x0,
    0x3f, 0xe1, 0x0, 0x3f, 0x40, 0x0, 0x4, 0x0,
    0x0,

    /* U+21C3 "⇃" */
    0x0, 0x5, 0xe0, 0x0, 0x6, 0xf0, 0x0, 0x6,
    0xf0, 0x0, 0x6, 0xf0, 0x0, 0x6, 0xf0, 0x0,
    0x6, 0xf0, 0x0, 0x6, 0xf0, 0x0, 0x6, 0xf0,
    0x0, 0x6, 0xf0, 0x0, 0x6, 0xf0, 0x0, 0x6,
    0xf0, 0x0, 0x6, 0xf0, 0x0, 0x6, 0xf0, 0x9a,
    0x26, 0xf0, 0x1d, 0xfb, 0xf0, 0x1, 0xef, 0xf0,
    0x0, 0x3f, 0xf0, 0x0, 0x7, 0xf0, 0x0, 0x0,
    0x50,

    /* U+21C4 "⇄" */
    0x0, 0x0, 0x0, 0x0, 0x0, 0x0, 0x15, 0x0,
    0x0, 0x0, 0x0, 0x0, 0x0, 0x0, 0x0, 0x0,
    0xe9, 0x0, 0x0, 0x0, 0x0, 0x0, 0x0, 0x0,
    0x0, 0x5, 0xfa, 0x0, 0x2, 0x22, 0x22, 0x22,
    0x22, 0x22, 0x22, 0x2c, 0xfc, 0x20, 0xff, 0xff,
    0xff, 0xff, 0xff, 0xff, 0xff, 0xff, 0xff, 0x24,
    0x44, 0x44, 0x44, 0x44, 0x44, 0x44, 0x4c, 0xfd,
    0x40, 0x0, 0x0, 0x0, 0x0, 0x0, 0x0, 0x4,
    0xfb, 0x10, 0x0, 0x0, 0x0, 0x0, 0x0, 0x0,
    0x0, 0xda, 0x0, 0x0, 0x0, 0x0, 0x73, 0x0,
    0x0, 0x0, 0x16, 0x0, 0x0, 0x0, 0x0, 0x8f,
    0x10, 0x0, 0x0, 0x0, 0x0, 0x0, 0x0, 0x0,
    0x9f, 0x70, 0x0, 0x0, 0x0, 0x0, 0x0, 0x0,
    0x3, 0xdf, 0xe5, 0x55, 0x55, 0x55, 0x55, 0x55,
    0x55, 0x51, 0xdf, 0xff, 0xff, 0xff, 0xff, 0xff,
    0xff, 0xff, 0xff, 0x30, 0x9f, 0xe2, 0x11, 0x11,
    0x11, 0x11, 0x11, 0x11, 0x10, 0x0, 0x5f, 0xa0,
    0x0, 0x0, 0x0, 0x0, 0x0, 0x0, 0x0, 0x0,
    0x4f, 0x30, 0x0, 0x0, 0x0, 0x0, 0x0, 0x0,
    0x0, 0x0, 0x22, 0x0, 0x0, 0x0, 0x0, 0x0,
    0x0, 0x0,

    /* U+21C5 "⇅" */
    0x0, 0x3, 0xb0, 0x0, 0x0, 0x7, 0xc0, 0x0,
    0x0, 0x0, 0xcf, 0x60, 0x0, 0x0, 0x8e, 0x0,
    0x0, 0x0, 0x9f, 0xff, 0x30, 0x0, 0x8, 0xe0,
    0x0, 0x0, 0x7f, 0xff, 0xfe, 0x20, 0x0, 0x8e,
    0x0, 0x0, 0x7f, 0x87, 0xf2, 0xce, 0x10, 0x8,
    0xe0, 0x0, 0x5, 0x20, 0x6f, 0x0, 0x52, 0x0,
    0x8e, 0x0, 0x0, 0x0, 0x6, 0xf0, 0x0, 0x0,
    0x8, 0xe0, 0x0, 0x0, 0x0, 0x6f, 0x0, 0x0,
    0x0, 0x8e, 0x0, 0x0, 0x0, 0x6, 0xf0, 0x0,
    0x0, 0x8, 0xe0, 0x0, 0x0, 0x0, 0x6f, 0x0,
    0x0, 0x0, 0x8e, 0x0, 0x0, 0x0, 0x6, 0xf0,
    0x0, 0x0, 0x8, 0xe0, 0x0, 0x0, 0x0, 0x6f,
    0x0, 0x0, 0x0, 0x8e, 0x0, 0x0, 0x0, 0x6,
    0xf0, 0x0, 0x0, 0x8, 0xe0, 0x0, 0x0, 0x0,
    0x6f, 0x0, 0xa, 0xa1, 0x8e, 0x6, 0xe1, 0x0,
    0x6, 0xf0, 0x0, 0x2e, 0xeb, 0xfb, 0xf8, 0x0,
    0x0, 0x6f, 0x0, 0x0, 0x2e, 0xff, 0xf8, 0x0,
    0x0, 0x6, 0xf0, 0x0, 0x0, 0x3f, 0xfa, 0x0,
    0x0, 0x0, 0x6f, 0x0, 0x0, 0x0, 0x8e, 0x10,
    0x0, 0x0, 0x2, 0x50, 0x0, 0x0, 0x0, 0x30,
    0x0, 0x0,

    /* U+21C6 "⇆" */
    0x0, 0x0, 0x42, 0x0, 0x0, 0x0, 0x0, 0x0,
    0x0, 0x0, 0x0, 0x5f, 0x20, 0x0, 0x0, 0x0,
    0x0, 0x0, 0x0, 0x0, 0x6f, 0x90, 0x0, 0x0,
    0x0, 0x0, 0x0, 0x0, 0x1, 0xaf, 0xe3, 0x22,
    0x22, 0x22, 0x22, 0x22, 0x22, 0x20, 0xef, 0xff,
    0xff, 0xff, 0xff, 0xff, 0xff, 0xff, 0xff, 0x32,
    0xcf, 0xe4, 0x44, 0x44, 0x44, 0x44, 0x44, 0x44,
    0x40, 0x0, 0x8f, 0x80, 0x0, 0x0, 0x0, 0x0,
    0x0, 0x0, 0x0, 0x0, 0x7f, 0x10, 0x0, 0x0,
    0x0, 0x0, 0x0, 0x0, 0x0, 0x0, 0x53, 0x0,
    0x0, 0x0, 0x18, 0x0, 0x0, 0x0, 0x0, 0x0,
    0x0, 0x0, 0x0, 0x0, 0xcc, 0x0, 0x0, 0x0,
    0x0, 0x0, 0x0, 0x0, 0x0, 0x3, 0xfc, 0x10,
    0x5, 0x55, 0x55, 0x55, 0x55, 0x55, 0x55, 0x5c,
    0xfe, 0x50, 0xff, 0xff, 0xff, 0xff, 0xff, 0xff,
    0xff, 0xff, 0xff, 0x20, 0x11, 0x11, 0x11, 0x11,
    0x11, 0x11, 0x1c, 0xfb, 0x10, 0x0, 0x0, 0x0,
    0x0, 0x0, 0x0, 0x6, 0xf8, 0x0, 0x0, 0x0,
    0x0, 0x0, 0x0, 0x0, 0x0, 0xe8, 0x0, 0x0,
    0x0, 0x0, 0x0, 0x0, 0x0, 0x0, 0x13, 0x0,
    0x0, 0x0,

    /* U+21C7 "⇇" */
    0x0, 0x0, 0x42, 0x0, 0x0, 0x0, 0x0, 0x0,
    0x0, 0x0, 0x0, 0x5f, 0x20, 0x0, 0x0, 0x0,
    0x0, 0x0, 0x0, 0x0, 0x6f, 0x90, 0x0, 0x0,
    0x0, 0x0, 0x0, 0x0, 0x1, 0xaf, 0xe3, 0x22,
    0x22, 0x22, 0x22, 0x22, 0x22, 0x20, 0xef, 0xff,
    0xff, 0xff, 0xff, 0xff, 0xff, 0xff, 0xff, 0x32,
    0xcf, 0xe4, 0x44, 0x44, 0x44, 0x44, 0x44, 0x44,
    0x40, 0x0, 0x8f, 0x80, 0x0, 0x0, 0x0, 0x0,
    0x0, 0x0, 0x0, 0x0, 0x7f, 0x10, 0x0, 0x0,
    0x0, 0x0, 0x0, 0x0, 0x0, 0x0, 0xc7, 0x0,
    0x0, 0x0, 0x0, 0x0, 0x0, 0x0, 0x0, 0x8f,
    0x10, 0x0, 0x0, 0x0, 0x0, 0x0, 0x0, 0x0,
    0x9f, 0x70, 0x0, 0x0, 0x0, 0x0, 0x0, 0x0,
    0x3, 0xcf, 0xe5, 0x55, 0x55, 0x55, 0x55, 0x55,
    0x55, 0x51, 0xdf, 0xff, 0xff, 0xff, 0xff, 0xff,
    0xff, 0xff, 0xff, 0x30, 0x9f, 0xe2, 0x11, 0x11,
    0x11, 0x11, 0x11, 0x11, 0x10, 0x0, 0x5f, 0xa0,
    0x0, 0x0, 0x0, 0x0, 0x0, 0x0, 0x0, 0x0,
    0x4f, 0x30, 0x0, 0x0, 0x0, 0x0, 0x0, 0x0,
    0x0, 0x0, 0x22, 0x0, 0x0, 0x0, 0x0, 0x0,
    0x0, 0x0,

    /* U+21C8 "⇈" */
    0x0, 0x3, 0xb0, 0x0, 0x0, 0x4, 0xa0, 0x0,
    0x0, 0x0, 0xcf, 0x70, 0x0, 0x0, 0xdf, 0x50,
    0x0, 0x0, 0x9f, 0xff, 0x30, 0x0, 0xbf, 0xff,
    0x20, 0x0, 0x7f, 0xff, 0xff, 0x30, 0x9f, 0xff,
    0xfe, 0x20, 0x7f, 0x87, 0xf2, 0xcf, 0xbf, 0x78,
    0xe3, 0xde, 0x15, 0x20, 0x6f, 0x0, 0x58, 0x10,
    0x8e, 0x0, 0x51, 0x0, 0x6, 0xf0, 0x0, 0x0,
    0x8, 0xe0, 0x0, 0x0, 0x0, 0x6f, 0x0, 0x0,
    0x0, 0x8e, 0x0, 0x0, 0x0, 0x6, 0xf0, 0x0,
    0x0, 0x8, 0xe0, 0x0, 0x0, 0x0, 0x6f, 0x0,
    0x0, 0x0, 0x8e, 0x0, 0x0, 0x0, 0x6, 0xf0,
    0x0, 0x0, 0x8, 0xe0, 0x0, 0x0, 0x0, 0x6f,
    0x0, 0x0, 0x0, 0x8e, 0x0, 0x0, 0x0, 0x6,
    0xf0, 0x0, 0x0, 0x8, 0xe0, 0x0, 0x0, 0x0,
    0x6f, 0x0, 0x0, 0x0, 0x8e, 0x0, 0x0, 0x0,
    0x6, 0xf0, 0x0, 0x0, 0x8, 0xe0, 0x0, 0x0,
    0x0, 0x6f, 0x0, 0x0, 0x0, 0x8e, 0x0, 0x0,
    0x0, 0x6, 0xf0, 0x0, 0x0, 0x8, 0xe0, 0x0,
    0x0, 0x0, 0x6f, 0x0, 0x0, 0x0, 0x8e, 0x0,
    0x0, 0x0, 0x2, 0x50, 0x0, 0x0, 0x2, 0x40,
    0x0, 0x0,

    /* U+21C9 "⇉" */
    0x0, 0x0, 0x0, 0x0, 0x0, 0x0, 0x15, 0x0,
    0x0, 0x0, 0x0, 0x0, 0x0, 0x0, 0x0, 0x0,
    0xe9, 0x0, 0x0, 0x0, 0x0, 0x0, 0x0, 0x0,
    0x0, 0x5, 0xfa, 0x0, 0x2, 0x22, 0x22, 0x22,
    0x22, 0x22, 0x22, 0x2c, 0xfc, 0x20, 0xff, 0xff,
    0xff, 0xff, 0xff, 0xff, 0xff, 0xff, 0xff, 0x24,
    0x44, 0x44, 0x44, 0x44, 0x44, 0x44, 0x4c, 0xfd,
    0x40, 0x0, 0x0, 0x0, 0x0, 0x0, 0x0, 0x4,
    0xfb, 0x10, 0x0, 0x0, 0x0, 0x0, 0x0, 0x0,
    0x0, 0xda, 0x0, 0x0, 0x0, 0x0, 0x0, 0x0,
    0x0, 0x0, 0x3f, 0x10, 0x0, 0x0, 0x0, 0x0,
    0x0, 0x0, 0x0, 0x0, 0xcc, 0x0, 0x0, 0x0,
    0x0, 0x0, 0x0, 0x0, 0x0, 0x3, 0xfc, 0x10,
    0x5, 0x55, 0x55, 0x55, 0x55, 0x55, 0x55, 0x5c,
    0xfe, 0x50, 0xff, 0xff, 0xff, 0xff, 0xff, 0xff,
    0xff, 0xff, 0xff, 0x20, 0x11, 0x11, 0x11, 0x11,
    0x11, 0x11, 0x1c, 0xfb, 0x10, 0x0, 0x0, 0x0,
    0x0, 0x0, 0x0, 0x6, 0xf8, 0x0, 0x0, 0x0,
    0x0, 0x0, 0x0, 0x0, 0x0, 0xe8, 0x0, 0x0,
    0x0, 0x0, 0x0, 0x0, 0x0, 0x0, 0x13, 0x0,
    0x0, 0x0,

    /* U+21CA "⇊" */
    0x0, 0x5, 0xe0, 0x0, 0x0, 0x7, 0xc0, 0x0,
    0x0, 0x0, 0x6f, 0x0, 0x0, 0x0, 0x8e, 0x0,
    0x0, 0x0, 0x6, 0xf0, 0x0, 0x0, 0x8, 0xe0,
    0x0, 0x0, 0x0, 0x6f, 0x0, 0x0, 0x0, 0x8e,
    0x0, 0x0, 0x0, 0x6, 0xf0, 0x0, 0x0, 0x8,
    0xe0, 0x0, 0x0, 0x0, 0x6f, 0x0, 0x0, 0x0,
    0x8e, 0x0, 0x0, 0x0, 0x6, 0xf0, 0x0, 0x0,
    0x8, 0xe0, 0x0, 0x0, 0x0, 0x6f, 0x0, 0x0,
    0x0, 0x8e, 0x0, 0x0, 0x0, 0x6, 0xf0, 0x0,
    0x0, 0x8, 0xe0, 0x0, 0x0, 0x0, 0x6f, 0x0,
    0x0, 0x0, 0x8e, 0x0, 0x0, 0x0, 0x6, 0xf0,
    0x0, 0x0, 0x8, 0xe0, 0x0, 0x0, 0x0, 0x6f,
    0x0, 0x0, 0x0, 0x8e, 0x0, 0x0, 0x0, 0x6,
    0xf0, 0x0, 0x10, 0x8, 0xe0, 0x0, 0x9, 0xa2,
    0x6f, 0x5, 0xdf, 0x91, 0x8e, 0x6, 0xe1, 0x1d,
    0xfb, 0xfa, 0xf9, 0x3e, 0xeb, 0xfb, 0xf8, 0x0,
    0x1e, 0xff, 0xf9, 0x0, 0x2e, 0xff, 0xf8, 0x0,
    0x0, 0x3f, 0xfc, 0x0, 0x0, 0x4f, 0xfa, 0x0,
    0x0, 0x0, 0x7f, 0x10, 0x0, 0x0, 0x8e, 0x10,
    0x0, 0x0, 0x0, 0x30, 0x0, 0x0, 0x0, 0x30,
    0x0, 0x0,

    /* U+21CB "⇋" */
    0x0, 0x0, 0x84, 0x0, 0x0, 0x0, 0x0, 0x0,
    0x0, 0x0, 0x0, 0xae, 0x10, 0x0, 0x0, 0x0,
    0x0, 0x0, 0x0, 0x0, 0xbf, 0x60, 0x0, 0x0,
    0x0, 0x0, 0x0, 0x0, 0x4, 0xdf, 0xe6, 0x66,
    0x66, 0x66, 0x66, 0x66, 0x66, 0x61, 0xff, 0xff,
    0xff, 0xff, 0xff, 0xff, 0xff, 0xff, 0xff, 0x30,
    0x0, 0x0, 0x0, 0x0, 0x0, 0x0, 0x0, 0x0,
    0x0, 0x0, 0x0, 0x0, 0x0, 0x0, 0x0, 0x0,
    0x0, 0x0, 0x1, 0x11, 0x11, 0x11, 0x11, 0x11,
    0x11, 0x11, 0x11, 0x10, 0xff, 0xff, 0xff, 0xff,
    0xff, 0xff, 0xff, 0xff, 0xff, 0x34, 0x55, 0x55,
    0x55, 0x55, 0x55, 0x55, 0x5c, 0xfe, 0x40, 0x0,
    0x0, 0x0, 0x0, 0x0, 0x0, 0x4, 0xfc, 0x10,
    0x0, 0x0, 0x0, 0x0, 0x0, 0x0, 0x0, 0xdb,
    0x0, 0x0, 0x0, 0x0, 0x0, 0x0, 0x0, 0x0,
    0x17, 0x0, 0x0, 0x0,

    /* U+21CC "⇌" */
    0x0, 0x0, 0x0, 0x0, 0x0, 0x0, 0x19, 0x10,
    0x0, 0x0, 0x0, 0x0, 0x0, 0x0, 0x0, 0x0,
    0xcc, 0x10, 0x0, 0x0, 0x0, 0x0, 0x0, 0x0,
    0x0, 0x3, 0xfd, 0x20, 0x6, 0x66, 0x66, 0x66,
    0x66, 0x66, 0x66, 0x6c, 0xff, 0x60, 0xff, 0xff,
    0xff, 0xff, 0xff, 0xff, 0xff, 0xff, 0xff, 0x30,
    0x0, 0x0, 0x0, 0x0, 0x0, 0x0, 0x0, 0x0,
    0x0, 0x0, 0x0, 0x0, 0x0, 0x0, 0x0, 0x0,
    0x0, 0x0, 0x1, 0x11, 0x11, 0x11, 0x11, 0x11,
    0x11, 0x11, 0x11, 0x10, 0xff, 0xff, 0xff, 0xff,
    0xff, 0xff, 0xff, 0xff, 0xff, 0x32, 0xcf, 0xe5,
    0x55, 0x55, 0x55, 0x55, 0x55, 0x55, 0x51, 0x0,
    0x9f, 0x70, 0x0, 0x0, 0x0, 0x0, 0x0, 0x0,
    0x0, 0x0, 0x8f, 0x10, 0x0, 0x0, 0x0, 0x0,
    0x0, 0x0, 0x0, 0x0, 0x63, 0x0, 0x0, 0x0,
    0x0, 0x0, 0x0, 0x0,

    /* U+21CD "⇍" */
    0x0, 0x0, 0x8, 0x80, 0x0, 0x0, 0x0, 0x0,
    0x0, 0x0, 0x0, 0x7, 0xf2, 0x0, 0x0, 0x0,
    0x0, 0x0, 0x0, 0x0, 0x6, 0xf8, 0x0, 0x0,
    0x0, 0x17, 0x30, 0x0, 0x0, 0x5, 0xfe, 0x22,
    0x22, 0x22, 0x29, 0xf4, 0x22, 0x20, 0x5, 0xff,
    0xff, 0xff, 0xff, 0xff, 0xff, 0xff, 0xff, 0x35,
    0xff, 0x74, 0x44, 0x44, 0x44, 0xce, 0x44, 0x44,
    0x40, 0xef, 0xd0, 0x0, 0x0, 0x0, 0x2f, 0x70,
    0x0, 0x0, 0x3, 0xff, 0xa6, 0x66, 0x66, 0x6c,
    0xf7, 0x66, 0x66, 0x61, 0x3, 0xff, 0xff, 0xff,
    0xff, 0xff, 0xff, 0xff, 0xff, 0x30, 0x3, 0xfe,
    0x10, 0x0, 0xcd, 0x0, 0x0, 0x0, 0x0, 0x0,
    0x4, 0xf9, 0x0, 0x5, 0x20, 0x0, 0x0, 0x0,
    0x0, 0x0, 0x5, 0xf3, 0x0, 0x0, 0x0, 0x0,
    0x0, 0x0, 0x0, 0x0, 0x6, 0x70, 0x0, 0x0,
    0x0, 0x0, 0x0, 0x0,

    /* U+21CE "⇎" */
    0x0, 0x0, 0x8, 0x80, 0x0, 0x0, 0x0, 0x0,
    0x5a, 0x0, 0x0, 0x0, 0x0, 0x0, 0x7f, 0x20,
    0x0, 0x0, 0x0, 0x0, 0xd, 0xa0, 0x0, 0x0,
    0x0, 0x6, 0xf8, 0x0, 0x0, 0x0, 0x17, 0x20,
    0x4, 0xf9, 0x0, 0x0, 0x0, 0x5f, 0xe2, 0x22,
    0x22, 0x22, 0xaf, 0x32, 0x22, 0xbf, 0x80, 0x0,
    0x5, 0xff, 0xff, 0xff, 0xff, 0xff, 0xff, 0xff,
    0xff, 0xff, 0xf8, 0x0, 0x5f, 0xf8, 0x44, 0x44,
    0x44, 0x4d, 0xe4, 0x44, 0x44, 0x45, 0xff, 0x80,
    0xef, 0xd0, 0x0, 0x0, 0x0, 0x3f, 0x60, 0x0,
    0x0, 0x0, 0xaf, 0xf2, 0x3f, 0xf9, 0x66, 0x66,
    0x66, 0xcf, 0x66, 0x66, 0x66, 0x67, 0xff, 0x60,
    0x3, 0xff, 0xff, 0xff, 0xff, 0xff, 0xff, 0xff,
    0xff, 0xff, 0xf6, 0x0, 0x0, 0x3f, 0xe1, 0x0,
    0xd, 0xc0, 0x0, 0x0, 0x0, 0xbf, 0x60, 0x0,
    0x0, 0x4, 0xf9, 0x0, 0x15, 0x20, 0x0, 0x0,
    0x6, 0xf7, 0x0, 0x0, 0x0, 0x0, 0x5f, 0x30,
    0x0, 0x0, 0x0, 0x0, 0xe, 0x90, 0x0, 0x0,
    0x0, 0x0, 0x6, 0x70, 0x0, 0x0, 0x0, 0x0,
    0x48, 0x0, 0x0, 0x0,

    /* U+21CF "⇏" */
    0x0, 0x0, 0x0, 0x0, 0x0, 0x5, 0xa0, 0x0,
    0x0, 0x0, 0x0, 0x0, 0x0, 0x0, 0x0, 0xd,
    0xa0, 0x0, 0x0, 0x0, 0x0, 0x0, 0x2, 0x72,
    0x0, 0x4f, 0x90, 0x0, 0x2, 0x22, 0x22, 0x22,
    0xbe, 0x22, 0x22, 0xbf, 0x80, 0x0, 0xff, 0xff,
    0xff, 0xff, 0xff, 0xff, 0xff, 0xff, 0x80, 0x4,
    0x44, 0x44, 0x4e, 0xd4, 0x44, 0x44, 0x45, 0xff,
    0x80, 0x0, 0x0, 0x5, 0xf4, 0x0, 0x0, 0x0,
    0xa, 0xff, 0x26, 0x66, 0x66, 0xde, 0x66, 0x66,
    0x66, 0x68, 0xff, 0x60, 0xff, 0xff, 0xff, 0xff,
    0xff, 0xff, 0xff, 0xff, 0x60, 0x0, 0x0, 0xe,
    0xa0, 0x0, 0x0, 0x0, 0xbf, 0x60, 0x0, 0x0,
    0x1, 0x51, 0x0, 0x0, 0x0, 0x6f, 0x70, 0x0,
    0x0, 0x0, 0x0, 0x0, 0x0, 0x0, 0xe, 0x80,
    0x0, 0x0, 0x0, 0x0, 0x0, 0x0, 0x0, 0x4,
    0x80, 0x0, 0x0, 0x0,

    /* U+21D0 "⇐" */
    0x0, 0x0, 0x8, 0x80, 0x0, 0x0, 0x0, 0x0,
    0x0, 0x0, 0x0, 0x7, 0xf2, 0x0, 0x0, 0x0,
    0x0, 0x0, 0x0, 0x0, 0x6, 0xf8, 0x0, 0x0,
    0x0, 0x0, 0x0, 0x0, 0x0, 0x5, 0xfe, 0x22,
    0x22, 0x22, 0x22, 0x22, 0x22, 0x20, 0x5, 0xff,
    0xff, 0xff, 0xff, 0xff, 0xff, 0xff, 0xff, 0x35,
    0xff, 0x74, 0x44, 0x44, 0x44, 0x44, 0x44, 0x44,
    0x40, 0xef, 0xd0, 0x0, 0x0, 0x0, 0x0, 0x0,
    0x0, 0x0, 0x3, 0xff, 0xa6, 0x66, 0x66, 0x66,
    0x66, 0x66, 0x66, 0x61, 0x3, 0xff, 0xff, 0xff,
    0xff, 0xff, 0xff, 0xff, 0xff, 0x30, 0x3, 0xfe,
    0x10, 0x0, 0x0, 0x0, 0x0, 0x0, 0x0, 0x0,
    0x4, 0xf9, 0x0, 0x0, 0x0, 0x0, 0x0, 0x0,
    0x0, 0x0, 0x5, 0xf3, 0x0, 0x0, 0x0, 0x0,
    0x0, 0x0, 0x0, 0x0, 0x6, 0x70, 0x0, 0x0,
    0x0, 0x0, 0x0, 0x0,

    /* U+21D1 "⇑" */
    0x0, 0x0, 0x0, 0x92, 0x0, 0x0, 0x0, 0x0,
    0x0, 0xcf, 0xe2, 0x0, 0x0, 0x0, 0x0, 0xbf,
    0xff, 0xe2, 0x0, 0x0, 0x0, 0xcf, 0xd3, 0xaf,
    0xe3, 0x0, 0x1, 0xdf, 0xf7, 0x3, 0xff, 0xf4,
    0x2, 0xde, 0x5f, 0x70, 0x3f, 0x6c, 0xf5, 0x98,
    0x0, 0xf7, 0x3, 0xf3, 0x6, 0xc0, 0x0, 0xf,
    0x70, 0x3f, 0x30, 0x0, 0x0, 0x0, 0xf7, 0x3,
    0xf3, 0x0, 0x0, 0x0, 0xf, 0x70, 0x3f, 0x30,
    0x0, 0x0, 0x0, 0xf7, 0x3, 0xf3, 0x0, 0x0,
    0x0, 0xf, 0x70, 0x3f, 0x30, 0x0, 0x0, 0x0,
    0xf7, 0x3, 0xf3, 0x0, 0x0, 0x0, 0xf, 0x70,
    0x3f, 0x30, 0x0, 0x0, 0x0, 0xf7, 0x3, 0xf3,
    0x0, 0x0, 0x0, 0xf, 0x70, 0x3f, 0x30, 0x0,
    0x0, 0x0, 0xf7, 0x3, 0xf3, 0x0, 0x0, 0x0,
    0xf, 0x70, 0x3f, 0x30, 0x0, 0x0, 0x0, 0x73,
    0x1, 0x81, 0x0, 0x0,

    /* U+21D2 "⇒" */
    0x0, 0x0, 0x0, 0x0, 0x0, 0x5, 0xa0, 0x0,
    0x0, 0x0, 0x0, 0x0, 0x0, 0x0, 0x0, 0xd,
    0xa0, 0x0, 0x0, 0x0, 0x0, 0x0, 0x0, 0x0,
    0x0, 0x4f, 0x90, 0x0, 0x2, 0x22, 0x22, 0x22,
    0x22, 0x22, 0x22, 0xbf, 0x80, 0x0, 0xff, 0xff,
    0xff, 0xff, 0xff, 0xff, 0xff, 0xff, 0x80, 0x4,
    0x44, 0x44, 0x44, 0x44, 0x44, 0x44, 0x45, 0xff,
    0x80, 0x0, 0x0, 0x0, 0x0, 0x0, 0x0, 0x0,
    0xa, 0xff, 0x26, 0x66, 0x66, 0x66, 0x66, 0x66,
    0x66, 0x68, 0xff, 0x60, 0xff, 0xff, 0xff, 0xff,
    0xff, 0xff, 0xff, 0xff, 0x60, 0x0, 0x0, 0x0,
    0x0, 0x0, 0x0, 0x0, 0xbf, 0x60, 0x0, 0x0,
    0x0, 0x0, 0x0, 0x0, 0x0, 0x6f, 0x70, 0x0,
    0x0, 0x0, 0x0, 0x0, 0x0, 0x0, 0xe, 0x80,
    0x0, 0x0, 0x0, 0x0, 0x0, 0x0, 0x0, 0x4,
    0x80, 0x0, 0x0, 0x0,

    /* U+21D3 "⇓" */
    0x0, 0x0, 0xa5, 0x2, 0xb2, 0x0, 0x0, 0x0,
    0xf, 0x70, 0x3f, 0x30, 0x0, 0x0, 0x0, 0xf7,
    0x3, 0xf3, 0x0, 0x0, 0x0, 0xf, 0x70, 0x3f,
    0x30, 0x0, 0x0, 0x0, 0xf7, 0x3, 0xf3, 0x0,
    0x0, 0x0, 0xf, 0x70, 0x3f, 0x30, 0x0, 0x0,
    0x0, 0xf7, 0x3, 0xf3, 0x0, 0x0, 0x0, 0xf,
    0x70, 0x3f, 0x30, 0x0, 0x0, 0x0, 0xf7, 0x3,
    0xf3, 0x0, 0x0, 0x0, 0xf, 0x70, 0x3f, 0x30,
    0x0, 0x0, 0x0, 0xf7, 0x3, 0xf3, 0x0, 0x1,
    0x0, 0xf, 0x70, 0x3f, 0x30, 0x1, 0x9b, 0x20,
    0xf7, 0x3, 0xf3, 0x8, 0xd1, 0xcf, 0x7f, 0x70,
    0x3f, 0x8e, 0xe3, 0x0, 0xbf, 0xf7, 0x3, 0xff,
    0xd2, 0x0, 0x0, 0xaf, 0xe5, 0xcf, 0xd1, 0x0,
    0x0, 0x0, 0x9f, 0xff, 0xd1, 0x0, 0x0, 0x0,
    0x0, 0x9f, 0xd1, 0x0, 0x0, 0x0, 0x0, 0x0,
    0x71, 0x0, 0x0, 0x0,

    /* U+21D4 "⇔" */
    0x0, 0x0, 0x8, 0x80, 0x0, 0x0, 0x0, 0x0,
    0x5a, 0x0, 0x0, 0x0, 0x0, 0x0, 0x7f, 0x20,
    0x0, 0x0, 0x0, 0x0, 0xd, 0xa0, 0x0, 0x0,
    0x0, 0x6, 0xf8, 0x0, 0x0, 0x0, 0x0, 0x0,
    0x4, 0xf9, 0x0, 0x0, 0x0, 0x5f, 0xe2, 0x22,
    0x22, 0x22, 0x22, 0x22, 0x22, 0xbf, 0x80, 0x0,
    0x5, 0xff, 0xff, 0xff, 0xff, 0xff, 0xff, 0xff,
    0xff, 0xff, 0xf8, 0x0, 0x5f, 0xf8, 0x44, 0x44,
    0x44, 0x44, 0x44, 0x44, 0x44, 0x45, 0xff, 0x80,
    0xef, 0xd0, 0x0, 0x0, 0x0, 0x0, 0x0, 0x0,
    0x0, 0x0, 0xaf, 0xf2, 0x3f, 0xf9, 0x66, 0x66,
    0x66, 0x66, 0x66, 0x66, 0x66, 0x67, 0xff, 0x60,
    0x3, 0xff, 0xff, 0xff, 0xff, 0xff, 0xff, 0xff,
    0xff, 0xff, 0xf6, 0x0, 0x0, 0x3f, 0xe1, 0x0,
    0x0, 0x0, 0x0, 0x0, 0x0, 0xbf, 0x60, 0x0,
    0x0, 0x4, 0xf9, 0x0, 0x0, 0x0, 0x0, 0x0,
    0x6, 0xf7, 0x0, 0x0, 0x0, 0x0, 0x5f, 0x30,
    0x0, 0x0, 0x0, 0x0, 0xe, 0x90, 0x0, 0x0,
    0x0, 0x0, 0x6, 0x70, 0x0, 0x0, 0x0, 0x0,
    0x48, 0x0, 0x0, 0x0,

    /* U+21D5 "⇕" */
    0x0, 0x0, 0x0, 0x20, 0x0, 0x0, 0x0, 0x0,
    0x0, 0x5f, 0xa0, 0x0, 0x0, 0x0, 0x0, 0x5f,
    0xff, 0x90, 0x0, 0x0, 0x0, 0x6f, 0xfa, 0xff,
    0xa0, 0x0, 0x0, 0x6f, 0xf8, 0x4, 0xff, 0xa0,
    0x0, 0x8f, 0xbf, 0x70, 0x3f, 0xbf, 0xc0, 0x7e,
    0x60, 0xf7, 0x3, 0xf3, 0x3d, 0xc4, 0x0, 0xf,
    0x70, 0x3f, 0x30, 0x4, 0x0, 0x0, 0xf7, 0x3,
    0xf3, 0x0, 0x0, 0x0, 0xf, 0x70, 0x3f, 0x30,
    0x0, 0x0, 0x0, 0xf7, 0x3, 0xf3, 0x0, 0x0,
    0x0, 0xf, 0x70, 0x3f, 0x30, 0x0, 0x0, 0x0,
    0xf7, 0x3, 0xf3, 0x0, 0x0, 0x0, 0xf, 0x70,
    0x3f, 0x30, 0x0, 0x0, 0x0, 0xf7, 0x3, 0xf3,
    0x0, 0x0, 0x0, 0xf, 0x70, 0x3f, 0x30, 0x0,
    0x0, 0x0, 0xf7, 0x3, 0xf3, 0x0, 0x6, 0x40,
    0xf, 0x70, 0x3f, 0x30, 0x29, 0x5f, 0xb1, 0xf7,
    0x3, 0xf3, 0x8f, 0x90, 0x4f, 0xff, 0x70, 0x3f,
    0xef, 0x70, 0x0, 0x3e, 0xfb, 0x7, 0xff, 0x60,
    0x0, 0x0, 0x2e, 0xfe, 0xff, 0x50, 0x0, 0x0,
    0x0, 0x2e, 0xff, 0x50, 0x0, 0x0, 0x0, 0x0,
    0x2e, 0x50, 0x0, 0x0,

    /* U+21D6 "⇖" */
    0x0, 0x0, 0x0, 0x0, 0x0, 0x0, 0x0, 0x0,
    0x9d, 0xdd, 0xee, 0xff, 0xf4, 0x0, 0x0, 0x0,
    0xcf, 0xff, 0xfd, 0x73, 0x0, 0x0, 0x0, 0x0,
    0xcf, 0x51, 0xbf, 0x40, 0x0, 0x0, 0x0, 0x0,
    0xcf, 0x30, 0xb, 0xf4, 0x0, 0x0, 0x0, 0x0,
    0xcf, 0xd1, 0x0, 0xbf, 0x40, 0x0, 0x0, 0x0,
    0xde, 0xed, 0x10, 0xb, 0xf4, 0x0, 0x0, 0x0,
    0xd9, 0x2e, 0xd1, 0x0, 0xbf, 0x40, 0x0, 0x0,
    0xe5, 0x2, 0xed, 0x10, 0xb, 0xf4, 0x0, 0x0,
    0xe1, 0x0, 0x2e, 0xd1, 0x0, 0xbf, 0x40, 0x0,
    0x20, 0x0, 0x2, 0xed, 0x10, 0xb, 0xf4, 0x0,
    0x0, 0x0, 0x0, 0x2e, 0xd1, 0x0, 0xbf, 0x40,
    0x0, 0x0, 0x0, 0x2, 0xed, 0x10, 0xb, 0xc0,
    0x0, 0x0, 0x0, 0x0, 0x2e, 0xd1, 0x0, 0x10,
    0x0, 0x0, 0x0, 0x0, 0x2, 0xed, 0x10, 0x0,
    0x0, 0x0, 0x0, 0x0, 0x0, 0x2b, 0x10, 0x0,

    /* U+21D7 "⇗" */
    0x0, 0x0, 0x0, 0x10, 0x0, 0x0, 0x0, 0x0,
    0x0, 0x0, 0x2, 0xef, 0xff, 0xee, 0xee, 0xb0,
    0x0, 0x0, 0x0, 0x3, 0x7d, 0xff, 0xff, 0xd0,
    0x0, 0x0, 0x0, 0x0, 0x3f, 0xc1, 0x3f, 0xd0,
    0x0, 0x0, 0x0, 0x3, 0xfc, 0x0, 0x1f, 0xe0,
    0x0, 0x0, 0x0, 0x3f, 0xc0, 0x1, 0xcf, 0xe0,
    0x0, 0x0, 0x3, 0xfc, 0x0, 0x1c, 0xed, 0xe0,
    0x0, 0x0, 0x3f, 0xc0, 0x1, 0xce, 0x37, 0xf0,
    0x0, 0x3, 0xfc, 0x0, 0x1c, 0xe3, 0x3, 0xf0,
    0x0, 0x3f, 0xc0, 0x1, 0xce, 0x30, 0x0, 0xf0,
    0x3, 0xfc, 0x0, 0x1c, 0xe3, 0x0, 0x0, 0x20,
    0x3f, 0xc1, 0x1, 0xce, 0x30, 0x0, 0x0, 0x0,
    0xbc, 0x10, 0x1c, 0xe3, 0x0, 0x0, 0x0, 0x0,
    0x1, 0x1, 0xce, 0x30, 0x0, 0x0, 0x0, 0x0,
    0x0, 0x1c, 0xe3, 0x0, 0x0, 0x0, 0x0, 0x0,
    0x0, 0xb, 0x30, 0x0, 0x0, 0x0, 0x0, 0x0,

    /* U+21D8 "⇘" */
    0x0, 0x0, 0x0, 0x0, 0x0, 0x0, 0x0, 0x0,
    0x0, 0x1c, 0x40, 0x0, 0x0, 0x0, 0x0, 0x0,
    0x0, 0xc, 0xf4, 0x0, 0x0, 0x0, 0x0, 0x0,
    0x11, 0x0, 0xcf, 0x40, 0x0, 0x0, 0x0, 0x0,
    0xbd, 0x10, 0xc, 0xf4, 0x0, 0x0, 0x0, 0x0,
    0x2e, 0xd1, 0x0, 0xcf, 0x40, 0x0, 0x0, 0x0,
    0x2, 0xed, 0x10, 0xc, 0xf4, 0x0, 0x0, 0x30,
    0x0, 0x2e, 0xd1, 0x0, 0xcf, 0x40, 0x0, 0xf1,
    0x0, 0x2, 0xed, 0x10, 0xc, 0xf4, 0x4, 0xf0,
    0x0, 0x0, 0x2e, 0xd1, 0x0, 0xbf, 0x48, 0xf0,
    0x0, 0x0, 0x2, 0xed, 0x10, 0xb, 0xfd, 0xf0,
    0x0, 0x0, 0x0, 0x2e, 0xd1, 0x0, 0xbf, 0xe0,
    0x0, 0x0, 0x0, 0x2, 0xed, 0x10, 0x1f, 0xe0,
    0x0, 0x0, 0x0, 0x0, 0x2e, 0xd2, 0x4f, 0xe0,
    0x0, 0x0, 0x0, 0x4, 0x8d, 0xff, 0xff, 0xe0,
    0x0, 0x0, 0x2, 0xff, 0xee, 0xdd, 0xdd, 0xa0,
    0x0, 0x0, 0x0, 0x0, 0x0, 0x0, 0x0, 0x0,

    /* U+21D9 "⇙" */
    0x0, 0x0, 0x0, 0x0, 0x0, 0x0, 0x0, 0x0,
    0x0, 0x0, 0x0, 0x0, 0x0, 0x3d, 0x20, 0x0,
    0x0, 0x0, 0x0, 0x0, 0x3, 0xec, 0x10, 0x0,
    0x0, 0x0, 0x0, 0x0, 0x3e, 0xc1, 0x1, 0x20,
    0x0, 0x0, 0x0, 0x3, 0xec, 0x10, 0x1c, 0xd0,
    0x0, 0x0, 0x0, 0x3e, 0xc1, 0x1, 0xce, 0x30,
    0x40, 0x0, 0x3, 0xec, 0x10, 0x1c, 0xe3, 0x0,
    0xf2, 0x0, 0x3e, 0xc1, 0x1, 0xce, 0x30, 0x0,
    0xe5, 0x3, 0xec, 0x10, 0xc, 0xe3, 0x0, 0x0,
    0xd9, 0x3e, 0xc1, 0x0, 0xcf, 0x30, 0x0, 0x0,
    0xce, 0xec, 0x10, 0xc, 0xf3, 0x0, 0x0, 0x0,
    0xcf, 0xc1, 0x0, 0xcf, 0x30, 0x0, 0x0, 0x0,
    0xcf, 0x30, 0xc, 0xf3, 0x0, 0x0, 0x0, 0x0,
    0xcf, 0x72, 0xcf, 0x30, 0x0, 0x0, 0x0, 0x0,
    0xcf, 0xff, 0xfe, 0xa6, 0x20, 0x0, 0x0, 0x0,
    0x8c, 0xcc, 0xcd, 0xde, 0xf4, 0x0, 0x0, 0x0,

    /* U+21DA "⇚" */
    0x0, 0x0, 0x2, 0x50, 0x0, 0x0, 0x0, 0x0,
    0x0, 0x0, 0x0, 0x0, 0xd8, 0x0, 0x0, 0x0,
    0x0, 0x0, 0x0, 0x0, 0x0, 0xaf, 0x20, 0x0,
    0x0, 0x0, 0x0, 0x0, 0x0, 0x0, 0x6f, 0x90,
    0x0, 0x0, 0x0, 0x0, 0x0, 0x0, 0x0, 0x2f,
    0xff, 0xff, 0xff, 0xff, 0xff, 0xff, 0xff, 0x30,
    0xd, 0xfa, 0x77, 0x77, 0x77, 0x77, 0x77, 0x77,
    0x71, 0xb, 0xfe, 0x0, 0x0, 0x0, 0x0, 0x0,
    0x0, 0x0, 0x7, 0xff, 0x94, 0x44, 0x44, 0x44,
    0x44, 0x44, 0x44, 0x40, 0xff, 0xff, 0xff, 0xff,
    0xff, 0xff, 0xff, 0xff, 0xff, 0x36, 0xff, 0x82,
    0x22, 0x22, 0x22, 0x22, 0x22, 0x22, 0x20, 0x9,
    0xfe, 0x0, 0x0, 0x0, 0x0, 0x0, 0x0, 0x0,
    0x0, 0xd, 0xfa, 0x77, 0x77, 0x77, 0x77, 0x77,
    0x77, 0x71, 0x0, 0x2f, 0xff, 0xff, 0xff, 0xff,
    0xff, 0xff, 0xff, 0x30, 0x0, 0x5f, 0x90, 0x0,
    0x0, 0x0, 0x0, 0x0, 0x0, 0x0, 0x0, 0xaf,
    0x20, 0x0, 0x0, 0x0, 0x0, 0x0, 0x0, 0x0,
    0x0, 0xd8, 0x0, 0x0, 0x0, 0x0, 0x0, 0x0,
    0x0, 0x0, 0x2, 0x50, 0x0, 0x0, 0x0, 0x0,
    0x0, 0x0,

    /* U+21DB "⇛" */
    0x0, 0x0, 0x0, 0x0, 0x0, 0x4, 0x40, 0x0,
    0x0, 0x0, 0x0, 0x0, 0x0, 0x0, 0x0, 0x5f,
    0x20, 0x0, 0x0, 0x0, 0x0, 0x0, 0x0, 0x0,
    0x0, 0xdd, 0x0, 0x0, 0x0, 0x0, 0x0, 0x0,
    0x0, 0x0, 0x5, 0xfa, 0x0, 0x0, 0xff, 0xff,
    0xff, 0xff, 0xff, 0xff, 0xff, 0xf6, 0x0, 0x7,
    0x77, 0x77, 0x77, 0x77, 0x77, 0x77, 0x8f, 0xf2,
    0x0, 0x0, 0x0, 0x0, 0x0, 0x0, 0x0, 0x0,
    0xbf, 0xd1, 0x4, 0x44, 0x44, 0x44, 0x44, 0x44,
    0x44, 0x46, 0xff, 0xb0, 0xff, 0xff, 0xff, 0xff,
    0xff, 0xff, 0xff, 0xff, 0xff, 0x22, 0x22, 0x22,
    0x22, 0x22, 0x22, 0x22, 0x25, 0xff, 0x90, 0x0,
    0x0, 0x0, 0x0, 0x0, 0x0, 0x0, 0xbf, 0xd0,
    0x7, 0x77, 0x77, 0x77, 0x77, 0x77, 0x77, 0x9f,
    0xf2, 0x0, 0xef, 0xff, 0xff, 0xff, 0xff, 0xff,
    0xff, 0xf5, 0x0, 0x0, 0x0, 0x0, 0x0, 0x0,
    0x0, 0x5, 0xf9, 0x0, 0x0, 0x0, 0x0, 0x0,
    0x0, 0x0, 0x0, 0xdd, 0x0, 0x0, 0x0, 0x0,
    0x0, 0x0, 0x0, 0x0, 0x5f, 0x20, 0x0, 0x0,
    0x0, 0x0, 0x0, 0x0, 0x0, 0x4, 0x40, 0x0,
    0x0, 0x0,

    /* U+21DC "⇜" */
    0x0, 0x0, 0x63, 0x0, 0x0, 0x0, 0x0, 0x0,
    0x0, 0x0, 0x0, 0x0, 0x8f, 0x10, 0x0, 0x0,
    0x0, 0x0, 0x0, 0x0, 0x0, 0x0, 0x9f, 0x80,
    0x0, 0x54, 0x0, 0x71, 0x0, 0x91, 0x0, 0x2,
    0xcf, 0xe5, 0x40, 0xd, 0xd0, 0x1f, 0xa0, 0x4f,
    0xd4, 0x40, 0xef, 0xff, 0xff, 0x97, 0xcd, 0x79,
    0xbe, 0x4d, 0x6b, 0xff, 0x11, 0xaf, 0xe3, 0x4f,
    0xf3, 0x3f, 0xf1, 0x6f, 0xd0, 0x2, 0x20, 0x0,
    0x6f, 0x90, 0x8a, 0x0, 0x97, 0x0, 0xd4, 0x0,
    0x0, 0x0, 0x0, 0x5f, 0x20, 0x10, 0x1, 0x0,
    0x1, 0x0, 0x0, 0x0, 0x0, 0x0, 0x32, 0x0,
    0x0, 0x0, 0x0, 0x0, 0x0, 0x0, 0x0,

    /* U+21DD "⇝" */
    0x0, 0x0, 0x0, 0x0, 0x0, 0x0, 0x0, 0x27,
    0x0, 0x0, 0x0, 0x0, 0x0, 0x0, 0x0, 0x0,
    0x0, 0x0, 0xea, 0x0, 0x0, 0x0, 0xa, 0x0,
    0x17, 0x0, 0x26, 0x0, 0x6, 0xfa, 0x0, 0x4,
    0x4c, 0xf6, 0x9, 0xf2, 0xc, 0xe1, 0x4, 0x4d,
    0xfd, 0x30, 0xff, 0xc5, 0xe3, 0xfa, 0xb6, 0xeb,
    0x97, 0xff, 0xff, 0xff, 0x2, 0x20, 0xb, 0xf8,
    0xe, 0xf5, 0x2f, 0xf5, 0x2d, 0xfb, 0x10, 0x0,
    0x0, 0x2e, 0x0, 0x6b, 0x0, 0x8a, 0x8, 0xf8,
    0x0, 0x0, 0x0, 0x0, 0x10, 0x0, 0x10, 0x0,
    0x11, 0xf7, 0x0, 0x0, 0x0, 0x0, 0x0, 0x0,
    0x0, 0x0, 0x0, 0x14, 0x0, 0x0, 0x0,

    /* U+21DE "⇞" */
    0x0, 0x48, 0x0, 0x0, 0x1e, 0xf3, 0x0, 0xc,
    0xff, 0xe2, 0xb, 0xa7, 0xb8, 0xe0, 0x20, 0x6a,
    0x1, 0x0, 0x6, 0xa0, 0x0, 0x68, 0xbd, 0x88,
    0x7, 0x9b, 0xd9, 0x90, 0x0, 0x6a, 0x0, 0xd,
    0xff, 0xff, 0xf1, 0x0, 0x6a, 0x0, 0x0, 0x6,
    0xa0, 0x0, 0x0, 0x6a, 0x0, 0x0, 0x6, 0xa0,
    0x0,

    /* U+21DF "⇟" */
    0x0, 0x59, 0x0, 0x0, 0x6, 0xa0, 0x0, 0x0,
    0x6a, 0x0, 0x0, 0x6, 0xa0, 0x0, 0xbe, 0xef,
    0xee, 0x12, 0x38, 0xb3, 0x30, 0x56, 0xac, 0x66,
    0x8, 0xac, 0xea, 0xa1, 0x0, 0x6a, 0x0, 0x0,
    0x6, 0xa0, 0x0, 0xb8, 0x6a, 0x5d, 0x11, 0xdf,
    0xff, 0x40, 0x2, 0xff, 0x50, 0x0, 0x6, 0xb0,
    0x0,

    /* U+21E0 "⇠" */
    0x0, 0x0, 0x53, 0x0, 0x0, 0x0, 0x0, 0x0,
    0x0, 0x0, 0x0, 0x8f, 0x10, 0x0, 0x0, 0x0,
    0x0, 0x0, 0x0, 0x0, 0x8f, 0x80, 0x0, 0x0,
    0x0, 0x0, 0x0, 0x0, 0x2, 0xcf, 0xe4, 0x43,
    0x4, 0x43, 0x4, 0x41, 0x34, 0x40, 0xef, 0xff,
    0xff, 0xb1, 0xff, 0xb3, 0xff, 0x3b, 0xff, 0x11,
    0xaf, 0xe3, 0x21, 0x2, 0x21, 0x2, 0x20, 0x12,
    0x20, 0x0, 0x6f, 0x90, 0x0, 0x0, 0x0, 0x0,
    0x0, 0x0, 0x0, 0x0, 0x6f, 0x20, 0x0, 0x0,
    0x0, 0x0, 0x0, 0x0, 0x0, 0x0, 0x42, 0x0,
    0x0, 0x0, 0x0, 0x0, 0x0, 0x0,

    /* U+21E1 "⇡" */
    0x0, 0x1, 0x80, 0x0, 0x0, 0x0, 0xaf, 0x40,
    0x0, 0x0, 0x6f, 0xfe, 0x10, 0x0, 0x5f, 0xff,
    0xfd, 0x10, 0x5f, 0xc8, 0xf5, 0xed, 0x17, 0x50,
    0x6f, 0x1, 0x82, 0x0, 0x6, 0xf0, 0x0, 0x0,
    0x0, 0x0, 0x0, 0x0, 0x0, 0x5, 0xd0, 0x0,
    0x0, 0x0, 0x6f, 0x0, 0x0, 0x0, 0x6, 0xf0,
    0x0, 0x0, 0x0, 0x0, 0x0, 0x0, 0x0, 0x6,
    0xf0, 0x0, 0x0, 0x0, 0x6f, 0x0, 0x0, 0x0,
    0x4, 0xa0, 0x0, 0x0, 0x0, 0x0, 0x0, 0x0,
    0x0, 0x6, 0xf0, 0x0, 0x0, 0x0, 0x6f, 0x0,
    0x0, 0x0, 0x5, 0xc0, 0x0, 0x0,

    /* U+21E2 "⇢" */
    0x0, 0x0, 0x0, 0x0, 0x0, 0x0, 0x7, 0x10,
    0x0, 0x0, 0x0, 0x0, 0x0, 0x0, 0x0, 0x0,
    0xad, 0x10, 0x0, 0x0, 0x0, 0x0, 0x0, 0x0,
    0x0, 0x1, 0xfd, 0x20, 0x4, 0x43, 0x4, 0x42,
    0x4, 0x42, 0x14, 0x4a, 0xff, 0x60, 0xff, 0xd1,
    0xff, 0x82, 0xff, 0xa4, 0xff, 0xff, 0xff, 0x52,
    0x21, 0x2, 0x21, 0x2, 0x21, 0x2, 0x29, 0xfe,
    0x40, 0x0, 0x0, 0x0, 0x0, 0x0, 0x0, 0x2,
    0xfc, 0x10, 0x0, 0x0, 0x0, 0x0, 0x0, 0x0,
    0x0, 0xbc, 0x0, 0x0, 0x0, 0x0, 0x0, 0x0,
    0x0, 0x0, 0x5, 0x10, 0x0, 0x0,

    /* U+21E3 "⇣" */
    0x0, 0x5, 0xc0, 0x0, 0x0, 0x0, 0x6f, 0x0,
    0x0, 0x0, 0x6, 0xf0, 0x0, 0x0, 0x0, 0x0,
    0x0, 0x0, 0x0, 0x4, 0xa0, 0x0, 0x0, 0x0,
    0x6f, 0x0, 0x0, 0x0, 0x6, 0xf0, 0x0, 0x0,
    0x0, 0x0, 0x0, 0x0, 0x0, 0x6, 0xf0, 0x0,
    0x0, 0x0, 0x6f, 0x0, 0x0, 0x0, 0x5, 0xc0,
    0x0, 0x0, 0x0, 0x0, 0x0, 0x0, 0x0, 0x6,
    0xf0, 0x0, 0x7, 0x50, 0x6f, 0x1, 0x82, 0x5f,
    0xc8, 0xf5, 0xed, 0x10, 0x5f, 0xff, 0xfd, 0x10,
    0x0, 0x6f, 0xfe, 0x10, 0x0, 0x0, 0xaf, 0x40,
    0x0, 0x0, 0x1, 0x80, 0x0, 0x0,

    /* U+21E4 "⇤" */
    0xa4, 0x0, 0x5, 0x80, 0x0, 0x0, 0x0, 0x0,
    0x0, 0xf, 0x70, 0x4, 0xf6, 0x0, 0x0, 0x0,
    0x0, 0x0, 0x0, 0xf7, 0x6, 0xfc, 0x0, 0x0,
    0x0, 0x0, 0x0, 0x0, 0xf, 0x9b, 0xff, 0xa8,
    0x88, 0x88, 0x88, 0x88, 0x88, 0x81, 0xfd, 0xff,
    0xfe, 0xee, 0xee, 0xee, 0xee, 0xee, 0xee, 0x3f,
    0x72, 0xdf, 0x80, 0x0, 0x0, 0x0, 0x0, 0x0,
    0x0, 0xf7, 0x0, 0xbf, 0x20, 0x0, 0x0, 0x0,
    0x0, 0x0, 0xf, 0x70, 0x0, 0xba, 0x0, 0x0,
    0x0, 0x0, 0x0, 0x0, 0x10, 0x0, 0x0, 0x10,
    0x0, 0x0, 0x0, 0x0, 0x0, 0x0,

    /* U+21E5 "⇥" */
    0x0, 0x0, 0x0, 0x0, 0x0, 0x6, 0x70, 0x0,
    0x2a, 0x20, 0x0, 0x0, 0x0, 0x0, 0x0, 0x2f,
    0x80, 0x3, 0xf3, 0x0, 0x0, 0x0, 0x0, 0x0,
    0x0, 0x9f, 0x90, 0x3f, 0x37, 0x88, 0x88, 0x88,
    0x88, 0x88, 0x88, 0xff, 0xd6, 0xf3, 0xee, 0xee,
    0xee, 0xee, 0xee, 0xee, 0xef, 0xff, 0xcf, 0x30,
    0x0, 0x0, 0x0, 0x0, 0x0, 0x4, 0xfe, 0x43,
    0xf3, 0x0, 0x0, 0x0, 0x0, 0x0, 0x0, 0xed,
    0x20, 0x3f, 0x30, 0x0, 0x0, 0x0, 0x0, 0x0,
    0x7d, 0x10, 0x3, 0xf3, 0x0, 0x0, 0x0, 0x0,
    0x0, 0x1, 0x0, 0x0, 0x2, 0x0,

    /* U+21E6 "⇦" */
    0x0, 0x0, 0x3, 0x0, 0x0, 0x0, 0x0, 0x0,
    0x0, 0x7, 0x90, 0x0, 0x0, 0x0, 0x0, 0x0,
    0x7, 0x59, 0x0, 0x0, 0x0, 0x0, 0x0, 0x7,
    0x50, 0xd9, 0x99, 0x99, 0x99, 0x90, 0x7, 0x60,
    0x0, 0x0, 0x0, 0x0, 0x8, 0x17, 0x60, 0x0,
    0x0, 0x0, 0x0, 0x0, 0x81, 0x85, 0x0, 0x0,
    0x0, 0x0, 0x0, 0x8, 0x10, 0x84, 0x0, 0x0,
    0x0, 0x0, 0x0, 0x81, 0x0, 0x84, 0xc, 0x99,
    0x99, 0x99, 0x9a, 0x0, 0x0, 0x94, 0x90, 0x0,
    0x0, 0x0, 0x0, 0x0, 0x0, 0x99, 0x0, 0x0,
    0x0, 0x0, 0x0, 0x0, 0x0, 0x40, 0x0, 0x0,
    0x0, 0x0,

    /* U+21E7 "⇧" */
    0x0, 0x0, 0x6, 0x0, 0x0, 0x0, 0x0, 0x0,
    0x97, 0x90, 0x0, 0x0, 0x0, 0x8, 0x40, 0x39,
    0x0, 0x0, 0x0, 0x84, 0x0, 0x3, 0x90, 0x0,
    0x8, 0x50, 0x0, 0x0, 0x49, 0x0, 0x7d, 0x97,
    0x0, 0x6, 0x9c, 0x80, 0x0, 0x9, 0x0, 0x9,
    0x0, 0x0, 0x0, 0x9, 0x0, 0x9, 0x0, 0x0,
    0x0, 0x9, 0x0, 0x9, 0x0, 0x0, 0x0, 0x9,
    0x0, 0x9, 0x0, 0x0, 0x0, 0x9, 0x0, 0x9,
    0x0, 0x0, 0x0, 0x9, 0x0, 0x9, 0x0, 0x0,
    0x0, 0x9, 0x0, 0x9, 0x0, 0x0, 0x0, 0x9,
    0x0, 0x9, 0x0, 0x0, 0x0, 0x8, 0x99, 0x99,
    0x0, 0x0,

    /* U+21E8 "⇨" */
    0x0, 0x0, 0x0, 0x0, 0x30, 0x0, 0x0, 0x0,
    0x0, 0x0, 0x0, 0x8, 0x90, 0x0, 0x0, 0x0,
    0x0, 0x0, 0x0, 0x85, 0x80, 0x0, 0x9, 0x99,
    0x99, 0x99, 0x9c, 0x14, 0x80, 0x0, 0x90, 0x0,
    0x0, 0x0, 0x0, 0x5, 0x80, 0x9, 0x0, 0x0,
    0x0, 0x0, 0x0, 0x5, 0x80, 0x90, 0x0, 0x0,
    0x0, 0x0, 0x0, 0x49, 0x9, 0x0, 0x0, 0x0,
    0x0, 0x0, 0x49, 0x0, 0xa9, 0x99, 0x99, 0x99,
    0xc0, 0x39, 0x0, 0x0, 0x0, 0x0, 0x0, 0x8,
    0x49, 0x0, 0x0, 0x0, 0x0, 0x0, 0x0, 0x8a,
    0x0, 0x0, 0x0, 0x0, 0x0, 0x0, 0x4, 0x0,
    0x0, 0x0,

    /* U+21E9 "⇩" */
    0x0, 0x9, 0x99, 0x9a, 0x0, 0x0, 0x0, 0x9,
    0x0, 0x9, 0x0, 0x0, 0x0, 0x9, 0x0, 0x9,
    0x0, 0x0, 0x0, 0x9, 0x0, 0x9, 0x0, 0x0,
    0x0, 0x9, 0x0, 0x9, 0x0, 0x0, 0x0, 0x9,
    0x0, 0x9, 0x0, 0x0, 0x0, 0x9, 0x0, 0x9,
    0x0, 0x0, 0x0, 0x9, 0x0, 0x9, 0x0, 0x0,
    0x0, 0x9, 0x0, 0x9, 0x0, 0x0, 0x7d, 0x96,
    0x0, 0x5, 0x9d, 0x90, 0x7, 0x60, 0x0, 0x0,
    0x48, 0x0, 0x0, 0x85, 0x0, 0x4, 0x90, 0x0,
    0x0, 0x8, 0x50, 0x49, 0x0, 0x0, 0x0, 0x0,
    0x88, 0x90, 0x0, 0x0, 0x0, 0x0, 0x5, 0x0,
    0x0, 0x0,

    /* U+21EA "⇪" */
    0x0, 0x0, 0x6, 0x0, 0x0, 0x0, 0x0, 0x0,
    0x97, 0x90, 0x0, 0x0, 0x0, 0x8, 0x40, 0x39,
    0x0, 0x0, 0x0, 0x84, 0x0, 0x3, 0x90, 0x0,
    0x8, 0x50, 0x0, 0x0, 0x49, 0x0, 0x7d, 0x97,
    0x0, 0x6, 0x9c, 0x80, 0x0, 0x9, 0x0, 0x9,
    0x0, 0x0, 0x0, 0x9, 0x0, 0x9, 0x0, 0x0,
    0x0, 0x9, 0x0, 0x9, 0x0, 0x0, 0x0, 0x9,
    0x0, 0x9, 0x0, 0x0, 0x0, 0x9, 0x0, 0x9,
    0x0, 0x0, 0x0, 0xc, 0x99, 0x9d, 0x0, 0x0,
    0x0, 0x0, 0x0, 0x0, 0x0, 0x0, 0x0, 0x8,
    0x99, 0x99, 0x0, 0x0, 0x0, 0x9, 0x0, 0x9,
    0x0, 0x0, 0x0, 0xa, 0x11, 0x19, 0x0, 0x0,
    0x0, 0x8, 0x88, 0x88, 0x0, 0x0,

    /* U+21EB "⇫" */
    0x0, 0x0, 0x6, 0x0, 0x0, 0x0, 0x0, 0x9,
    0x79, 0x0, 0x0, 0x0, 0x8, 0x40, 0x39, 0x0,
    0x0, 0x8, 0x40, 0x0, 0x49, 0x0, 0x8, 0x50,
    0x0, 0x0, 0x49, 0x7, 0xd9, 0x70, 0x0, 0x69,
    0xc8, 0x0, 0x9, 0x0, 0x9, 0x0, 0x0, 0x0,
    0x90, 0x0, 0x90, 0x0, 0x0, 0x9, 0x0, 0x9,
    0x0, 0x0, 0x0, 0x90, 0x0, 0x90, 0x0, 0x0,
    0x9, 0x0, 0x9, 0x0, 0x0, 0x0, 0x90, 0x0,
    0x90, 0x0, 0x0, 0x9, 0x0, 0x9, 0x0, 0x9,
    0x99, 0xa0, 0x0, 0x99, 0x99, 0x90, 0x0, 0x0,
    0x0, 0x0, 0x9a, 0x11, 0x11, 0x11, 0x11, 0x19,
    0x88, 0x88, 0x88, 0x88, 0x88, 0x80,

    /* U+21EC "⇬" */
    0x0, 0x0, 0x7, 0x0, 0x0, 0x0, 0x0, 0x9,
    0x6a, 0x0, 0x0, 0x0, 0x9, 0x40, 0x39, 0x0,
    0x0, 0x9, 0xd9, 0x99, 0xca, 0x0, 0x8, 0x40,
    0x0, 0x0, 0x49, 0x7, 0xd9, 0x70, 0x0, 0x69,
    0xc8, 0x0, 0x9, 0x0, 0x9, 0x0, 0x0, 0x0,
    0x90, 0x0, 0x90, 0x0, 0x0, 0x9, 0x0, 0x9,
    0x0, 0x0, 0x0, 0x90, 0x0, 0x90, 0x0, 0x0,
    0x9, 0x0, 0x9, 0x0, 0x0, 0x0, 0x90, 0x0,
    0x90, 0x0, 0x0, 0x9, 0x0, 0x9, 0x0, 0x9,
    0x99, 0xa0, 0x0, 0x99, 0x99, 0x90, 0x0, 0x0,
    0x0, 0x0, 0x9a, 0x11, 0x11, 0x11, 0x11, 0x19,
    0x88, 0x88, 0x88, 0x88, 0x88, 0x80,

    /* U+21ED "⇭" */
    0x0, 0x0, 0x6, 0x0, 0x0, 0x0, 0x0, 0x8,
    0xda, 0x0, 0x0, 0x0, 0x8, 0x59, 0x39, 0x0,
    0x0, 0x8, 0x50, 0x90, 0x39, 0x0, 0x8, 0x50,
    0x9, 0x0, 0x49, 0x7, 0xd9, 0x70, 0x90, 0x69,
    0xc8, 0x0, 0x9, 0x9, 0x9, 0x0, 0x0, 0x0,
    0x90, 0x90, 0x90, 0x0, 0x0, 0x9, 0x9, 0x9,
    0x0, 0x0, 0x0, 0x90, 0x90, 0x90, 0x0, 0x0,
    0x9, 0x9, 0x9, 0x0, 0x0, 0x0, 0x90, 0x90,
    0x90, 0x0, 0x0, 0x9, 0x9, 0x9, 0x0, 0x9,
    0x99, 0xa0, 0x90, 0x99, 0x99, 0x90, 0x0, 0x9,
    0x0, 0x0, 0x9a, 0x11, 0x11, 0xa1, 0x11, 0x19,
    0x88, 0x88, 0x88, 0x88, 0x88, 0x80,

    /* U+21EE "⇮" */
    0x0, 0x0, 0x1b, 0x20, 0x0, 0x0, 0x0, 0x1,
    0xa2, 0xa2, 0x0, 0x0, 0x0, 0x1a, 0x14, 0xa,
    0x20, 0x0, 0x1, 0xa1, 0x78, 0x81, 0xa1, 0x0,
    0x1b, 0x17, 0x50, 0x48, 0x1a, 0x10, 0x69, 0xe5,
    0x0, 0x4, 0xe9, 0x70, 0x7, 0x50, 0x0, 0x0,
    0x48, 0x0, 0x7d, 0x97, 0x0, 0x6, 0x9c, 0x80,
    0x0, 0x9, 0x0, 0x9, 0x0, 0x0, 0x0, 0x9,
    0x0, 0x9, 0x0, 0x0, 0x0, 0x9, 0x0, 0x9,
    0x0, 0x0, 0x0, 0x9, 0x0, 0x9, 0x0, 0x0,
    0x0, 0x9, 0x0, 0x9, 0x0, 0x0, 0x0, 0x9,
    0x0, 0x9, 0x0, 0x0, 0x0, 0x9, 0x0, 0x9,
    0x0, 0x0, 0x0, 0x9, 0x0, 0x9, 0x0, 0x0,
    0x0, 0x9, 0x0, 0x9, 0x0, 0x0, 0x0, 0xa,
    0x11, 0x19, 0x0, 0x0, 0x0, 0x8, 0x88, 0x88,
    0x0, 0x0,

    /* U+21EF "⇯" */
    0x0, 0x0, 0x1b, 0x20, 0x0, 0x0, 0x0, 0x1a,
    0x2a, 0x20, 0x0, 0x0, 0x1a, 0x14, 0x1a, 0x10,
    0x0, 0x1a, 0x17, 0x88, 0x1a, 0x10, 0x1b, 0x17,
    0x50, 0x48, 0x1a, 0x16, 0x9e, 0x50, 0x0, 0x4e,
    0x96, 0x7, 0x50, 0x0, 0x0, 0x48, 0x7, 0xd9,
    0x70, 0x0, 0x69, 0xc7, 0x0, 0x9, 0x0, 0x9,
    0x0, 0x0, 0x0, 0x90, 0x0, 0x90, 0x0, 0x0,
    0x9, 0x0, 0x9, 0x0, 0x0, 0x0, 0x90, 0x0,
    0x90, 0x0, 0x0, 0x9, 0x0, 0x9, 0x0, 0x0,
    0x0, 0x90, 0x0, 0x90, 0x0, 0x0, 0x9, 0x0,
    0x9, 0x0, 0x9, 0x99, 0xa0, 0x0, 0x99, 0x99,
    0x90, 0x0, 0x0, 0x0, 0x0, 0x9a, 0x11, 0x11,
    0x11, 0x11, 0x19, 0x88, 0x88, 0x88, 0x88, 0x88,
    0x80,

    /* U+21F0 "⇰" */
    0x99, 0x90, 0x0, 0x0, 0x0, 0x20, 0x0, 0x0,
    0x90, 0x90, 0x0, 0x0, 0x0, 0x97, 0x0, 0x0,
    0x90, 0x90, 0x0, 0x0, 0x0, 0x95, 0x70, 0x0,
    0x90, 0x99, 0x99, 0x99, 0x99, 0xd0, 0x67, 0x0,
    0x90, 0x0, 0x0, 0x0, 0x0, 0x0, 0x6, 0x70,
    0x90, 0x0, 0x0, 0x0, 0x0, 0x0, 0x0, 0x67,
    0x90, 0x0, 0x0, 0x0, 0x0, 0x0, 0x0, 0x58,
    0x90, 0x0, 0x0, 0x0, 0x0, 0x0, 0x4, 0x80,
    0x90, 0x99, 0x99, 0x99, 0x99, 0xc0, 0x49, 0x0,
    0x90, 0x90, 0x0, 0x0, 0x0, 0x94, 0x90, 0x0,
    0x90, 0x90, 0x0, 0x0, 0x0, 0x99, 0x0, 0x0,
    0xb9, 0xa0, 0x0, 0x0, 0x0, 0x40, 0x0, 0x0,

    /* U+21F1 "⇱" */
    0xff, 0xff, 0xff, 0xff, 0xff, 0xff, 0xff, 0xff,
    0xf6, 0xfb, 0x77, 0x77, 0x77, 0x77, 0x77, 0x77,
    0x77, 0x73, 0xf7, 0x3, 0x10, 0x0, 0x0, 0x0,
    0x0, 0x0, 0x0, 0xf7, 0xf, 0xfd, 0xcb, 0xc4,
    0x0, 0x0, 0x0, 0x0, 0xf7, 0xd, 0xff, 0xdb,
    0x61, 0x0, 0x0, 0x0, 0x0, 0xf7, 0xa, 0xff,
    0xa0, 0x0, 0x0, 0x0, 0x0, 0x0, 0xf7, 0x9,
    0xf5, 0xfa, 0x0, 0x0, 0x0, 0x0, 0x0, 0xf7,
    0x8, 0xd0, 0x5f, 0xa0, 0x0, 0x0, 0x0, 0x0,
    0xf7, 0x8, 0x80, 0x5, 0xfa, 0x0, 0x0, 0x0,
    0x0, 0xf7, 0x0, 0x20, 0x0, 0x5f, 0xa0, 0x0,
    0x0, 0x0, 0xf7, 0x0, 0x0, 0x0, 0x5, 0xfa,
    0x0, 0x0, 0x0, 0xf7, 0x0, 0x0, 0x0, 0x0,
    0x5f, 0xa0, 0x0, 0x0, 0xf7, 0x0, 0x0, 0x0,
    0x0, 0x5, 0xfa, 0x0, 0x0, 0xf7, 0x0, 0x0,
    0x0, 0x0, 0x0, 0x5f, 0xa0, 0x0, 0xf7, 0x0,
    0x0, 0x0, 0x0, 0x0, 0x5, 0xfa, 0x0, 0xf7,
    0x0, 0x0, 0x0, 0x0, 0x0, 0x0, 0x5e, 0x20,
    0xf7, 0x0, 0x0, 0x0, 0x0, 0x0, 0x0, 0x1,
    0x0, 0x0, 0x0, 0x0, 0x0, 0x0, 0x0, 0x0,
    0x0, 0x0,

    /* U+21F2 "⇲" */
    0x0, 0x0, 0x0, 0x0, 0x0, 0x0, 0x0, 0x0,
    0x0, 0x0, 0x0, 0x0, 0x0, 0x0, 0x0, 0x0,
    0x0, 0xf7, 0xa, 0xb0, 0x0, 0x0, 0x0, 0x0,
    0x0, 0x0, 0xf7, 0x4, 0xfb, 0x0, 0x0, 0x0,
    0x0, 0x0, 0x0, 0xf7, 0x0, 0x4f, 0xb0, 0x0,
    0x0, 0x0, 0x0, 0x0, 0xf7, 0x0, 0x4, 0xfb,
    0x0, 0x0, 0x0, 0x0, 0x0, 0xf7, 0x0, 0x0,
    0x4f, 0xb0, 0x0, 0x0, 0x0, 0x0, 0xf7, 0x0,
    0x0, 0x4, 0xfb, 0x0, 0x0, 0x0, 0x0, 0xf7,
    0x0, 0x0, 0x0, 0x4f, 0xb0, 0x0, 0x3, 0x0,
    0xf7, 0x0, 0x0, 0x0, 0x4, 0xfb, 0x0, 0x1f,
    0x0, 0xf7, 0x0, 0x0, 0x0, 0x0, 0x4f, 0xb0,
    0x6f, 0x0, 0xf7, 0x0, 0x0, 0x0, 0x0, 0x4,
    0xfb, 0x9f, 0x0, 0xf7, 0x0, 0x0, 0x0, 0x0,
    0x0, 0x4f, 0xff, 0x10, 0xf7, 0x0, 0x0, 0x0,
    0x0, 0x49, 0xcf, 0xff, 0x40, 0xf7, 0x0, 0x0,
    0x0, 0x0, 0x9b, 0xbc, 0xff, 0x80, 0xf7, 0x0,
    0x0, 0x0, 0x0, 0x0, 0x0, 0x2, 0x10, 0xf7,
    0x77, 0x77, 0x77, 0x77, 0x77, 0x77, 0x77, 0x77,
    0xf7, 0xff, 0xff, 0xff, 0xff, 0xff, 0xff, 0xff,
    0xff, 0xf6,

    /* U+21F3 "⇳" */
    0x0, 0x0, 0x0, 0x0, 0x0, 0x0, 0x0, 0x0,
    0x1c, 0x20, 0x0, 0x0, 0x0, 0x1, 0xa1, 0xa2,
    0x0, 0x0, 0x0, 0x1a, 0x10, 0xa, 0x20, 0x0,
    0x1, 0xa1, 0x0, 0x0, 0xa2, 0x0, 0x1b, 0x20,
    0x0, 0x0, 0x1b, 0x20, 0x69, 0x9a, 0x0, 0x9,
    0x99, 0x70, 0x0, 0x9, 0x0, 0x9, 0x0, 0x0,
    0x0, 0x9, 0x0, 0x9, 0x0, 0x0, 0x0, 0x9,
    0x0, 0x9, 0x0, 0x0, 0x0, 0x9, 0x0, 0x9,
    0x0, 0x0, 0x0, 0x9, 0x0, 0x9, 0x0, 0x0,
    0x69, 0x9a, 0x0, 0x9, 0x99, 0x70, 0x1b, 0x10,
    0x0, 0x0, 0x1a, 0x10, 0x1, 0xa1, 0x0, 0x1,
    0xa1, 0x0, 0x0, 0x1a, 0x10, 0xa, 0x20, 0x0,
    0x0, 0x1, 0xa2, 0xa2, 0x0, 0x0, 0x0, 0x0,
    0x1b, 0x20, 0x0, 0x0,

    /* U+21F4 "⇴" */
    0x0, 0x0, 0x2, 0x66, 0x20, 0x0, 0x16, 0x0,
    0x0, 0x0, 0x0, 0x8, 0xff, 0xff, 0x80, 0x0,
    0xdb, 0x0, 0x0, 0x0, 0x5, 0xf8, 0x0, 0x8f,
    0x60, 0x4, 0xfb, 0x0, 0x4, 0x44, 0xcd, 0x44,
    0x44, 0xdd, 0x44, 0x4c, 0xfd, 0x40, 0xff, 0xff,
    0xff, 0xff, 0xff, 0xff, 0xff, 0xff, 0xff, 0x22,
    0x22, 0xbe, 0x22, 0x22, 0xdc, 0x22, 0x2c, 0xfc,
    0x20, 0x0, 0x3, 0xfa, 0x22, 0xaf, 0x40, 0x5,
    0xf9, 0x0, 0x0, 0x0, 0x5, 0xff, 0xff, 0x60,
    0x0, 0xe9, 0x0, 0x0, 0x0, 0x0, 0x0, 0x44,
    0x0, 0x0, 0x15, 0x0, 0x0, 0x0,

    /* U+21F5 "⇵" */
    0x0, 0x5, 0xe0, 0x0, 0x0, 0x4, 0xa0, 0x0,
    0x0, 0x0, 0x6f, 0x0, 0x0, 0x0, 0xdf, 0x50,
    0x0, 0x0, 0x6, 0xf0, 0x0, 0x0, 0xaf, 0xfe,
    0x20, 0x0, 0x0, 0x6f, 0x0, 0x0, 0x9f, 0xff,
    0xfe, 0x20, 0x0, 0x6, 0xf0, 0x0, 0x8f, 0x78,
    0xe3, 0xde, 0x0, 0x0, 0x6f, 0x0, 0x5, 0x10,
    0x7e, 0x0, 0x61, 0x0, 0x6, 0xf0, 0x0, 0x0,
    0x7, 0xe0, 0x0, 0x0, 0x0, 0x6f, 0x0, 0x0,
    0x0, 0x7e, 0x0, 0x0, 0x0, 0x6, 0xf0, 0x0,
    0x0, 0x7, 0xe0, 0x0, 0x0, 0x0, 0x6f, 0x0,
    0x0, 0x0, 0x7e, 0x0, 0x0, 0x0, 0x6, 0xf0,
    0x0, 0x0, 0x7, 0xe0, 0x0, 0x0, 0x0, 0x6f,
    0x0, 0x0, 0x0, 0x7e, 0x0, 0x0, 0x0, 0x6,
    0xf0, 0x0, 0x0, 0x7, 0xe0, 0x0, 0x9, 0xa2,
    0x6f, 0x5, 0xd3, 0x0, 0x7e, 0x0, 0x0, 0x1d,
    0xfb, 0xfa, 0xf9, 0x0, 0x7, 0xe0, 0x0, 0x0,
    0x1e, 0xff, 0xf9, 0x0, 0x0, 0x7e, 0x0, 0x0,
    0x0, 0x3f, 0xfb, 0x0, 0x0, 0x7, 0xe0, 0x0,
    0x0, 0x0, 0x7f, 0x10, 0x0, 0x0, 0x7e, 0x0,
    0x0, 0x0, 0x0, 0x30, 0x0, 0x0, 0x2, 0x40,
    0x0, 0x0,

    /* U+21F6 "⇶" */
    0x0, 0x0, 0x0, 0x0, 0x0, 0x0, 0x13, 0x0,
    0x0, 0x0, 0x0, 0x0, 0x0, 0x0, 0x0, 0x0,
    0xe8, 0x0, 0x0, 0x0, 0x0, 0x0, 0x0, 0x0,
    0x0, 0x6, 0xf8, 0x0, 0x1, 0x11, 0x11, 0x11,
    0x11, 0x11, 0x11, 0x1c, 0xfb, 0x10, 0xff, 0xff,
    0xff, 0xff, 0xff, 0xff, 0xff, 0xff, 0xff, 0x25,
    0x55, 0x55, 0x55, 0x55, 0x55, 0x55, 0x5c, 0xfe,
    0x50, 0x0, 0x0, 0x0, 0x0, 0x0, 0x0, 0x3,
    0xfc, 0x10, 0x0, 0x0, 0x0, 0x0, 0x0, 0x0,
    0x0, 0xcb, 0x0, 0x0, 0x0, 0x0, 0x0, 0x0,
    0x0, 0x0, 0x3f, 0x10, 0x0, 0x0, 0x0, 0x0,
    0x0, 0x0, 0x0, 0x0, 0xdb, 0x0, 0x0, 0x0,
    0x0, 0x0, 0x0, 0x0, 0x0, 0x4, 0xfb, 0x0,
    0x4, 0x44, 0x44, 0x44, 0x44, 0x44, 0x44, 0x4c,
    0xfd, 0x40, 0xff, 0xff, 0xff, 0xff, 0xff, 0xff,
    0xff, 0xff, 0xff, 0x22, 0x22, 0x22, 0x22, 0x22,
    0x22, 0x22, 0x2c, 0xfc, 0x20, 0x0, 0x0, 0x0,
    0x0, 0x0, 0x0, 0x5, 0xf9, 0x0, 0x0, 0x0,
    0x0, 0x0, 0x0, 0x0, 0x0, 0xe9, 0x0, 0x0,
    0x0, 0x0, 0x0, 0x0, 0x0, 0x0, 0x3f, 0x10,
    0x0, 0x0, 0x0, 0x0, 0x0, 0x0, 0x0, 0x0,
    0xcd, 0x10, 0x0, 0x0, 0x0, 0x0, 0x0, 0x0,
    0x0, 0x3, 0xfd, 0x20, 0x7, 0x77, 0x77, 0x77,
    0x77, 0x77, 0x77, 0x7c, 0xff, 0x70, 0xff, 0xff,
    0xff, 0xff, 0xff, 0xff, 0xff, 0xff, 0xfe, 0x20,
    0x0, 0x0, 0x0, 0x0, 0x0, 0x0, 0xc, 0xfa,
    0x0, 0x0, 0x0, 0x0, 0x0, 0x0, 0x0, 0x7,
    0xf7, 0x0, 0x0, 0x0, 0x0, 0x0, 0x0, 0x0,
    0x1, 0xf6, 0x0, 0x0, 0x0, 0x0, 0x0, 0x0,
    0x0, 0x0, 0x2, 0x0, 0x0, 0x0,

    /* U+21F7 "⇷" */
    0x0, 0x0, 0x53, 0x0, 0x1, 0x71, 0x0, 0x0,
    0x0, 0x0, 0x0, 0x7f, 0x10, 0x0, 0x4f, 0x20,
    0x0, 0x0, 0x0, 0x0, 0x8f, 0x80, 0x0, 0x4,
    0xf2, 0x0, 0x0, 0x0, 0x2, 0xcf, 0xe4, 0x44,
    0x44, 0x8f, 0x74, 0x44, 0x44, 0x40, 0xef, 0xff,
    0xff, 0xff, 0xff, 0xff, 0xff, 0xff, 0xff, 0x31,
    0xaf, 0xe3, 0x22, 0x22, 0x6f, 0x42, 0x22, 0x22,
    0x20, 0x0, 0x6f, 0x90, 0x0, 0x4, 0xf2, 0x0,
    0x0, 0x0, 0x0, 0x0, 0x5f, 0x20, 0x0, 0x4f,
    0x20, 0x0, 0x0, 0x0, 0x0, 0x0, 0x42, 0x0,
    0x1, 0x50, 0x0, 0x0, 0x0, 0x0,

    /* U+21F8 "⇸" */
    0x0, 0x0, 0x0, 0x9, 0x50, 0x0, 0x1a, 0x10,
    0x0, 0x0, 0x0, 0x0, 0x0, 0xe8, 0x0, 0x0,
    0xbd, 0x10, 0x0, 0x0, 0x0, 0x0, 0xe, 0x80,
    0x0, 0x2, 0xfd, 0x20, 0x7, 0x88, 0x88, 0x88,
    0xfc, 0x88, 0x88, 0x8c, 0xff, 0x70, 0xee, 0xee,
    0xee, 0xef, 0xfe, 0xee, 0xee, 0xff, 0xfe, 0x10,
    0x0, 0x0, 0x0, 0xe8, 0x0, 0x0, 0xd, 0xf9,
    0x0, 0x0, 0x0, 0x0, 0xe, 0x80, 0x0, 0x7,
    0xf6, 0x0, 0x0, 0x0, 0x0, 0x0, 0xe8, 0x0,
    0x1, 0xf6, 0x0, 0x0, 0x0, 0x0, 0x0, 0x1,
    0x10, 0x0, 0x1, 0x0, 0x0, 0x0,

    /* U+21F9 "⇹" */
    0x0, 0x0, 0x63, 0x0, 0x2, 0x70, 0x0, 0x6,
    0x30, 0x0, 0x0, 0x0, 0x8f, 0x10, 0x0, 0x6f,
    0x0, 0x0, 0x7e, 0x20, 0x0, 0x0, 0x9f, 0x80,
    0x0, 0x6, 0xf0, 0x0, 0x0, 0xee, 0x30, 0x2,
    0xcf, 0xe5, 0x44, 0x44, 0xbf, 0x54, 0x44, 0x48,
    0xff, 0x80, 0xef, 0xff, 0xff, 0xff, 0xff, 0xff,
    0xff, 0xff, 0xff, 0xff, 0x71, 0xaf, 0xe3, 0x22,
    0x22, 0x8f, 0x22, 0x22, 0x27, 0xfe, 0x50, 0x0,
    0x6f, 0x90, 0x0, 0x6, 0xf0, 0x0, 0x1, 0xed,
    0x20, 0x0, 0x0, 0x5f, 0x20, 0x0, 0x6f, 0x0,
    0x0, 0x9d, 0x10, 0x0, 0x0, 0x0, 0x32, 0x0,
    0x2, 0x50, 0x0, 0x4, 0x10, 0x0, 0x0,

    /* U+21FA "⇺" */
    0x0, 0x0, 0x44, 0x0, 0x36, 0x1, 0x71, 0x0,
    0x0, 0x0, 0x0, 0x5f, 0x30, 0x8, 0xe0, 0x4f,
    0x20, 0x0, 0x0, 0x0, 0x6f, 0xa0, 0x0, 0x8e,
    0x4, 0xf2, 0x0, 0x0, 0x1, 0xaf, 0xf5, 0x44,
    0x4c, 0xf4, 0x8f, 0x74, 0x44, 0x41, 0xbf, 0xff,
    0xff, 0xff, 0xff, 0xff, 0xff, 0xff, 0xff, 0x60,
    0x8f, 0xf4, 0x22, 0x2a, 0xf2, 0x6f, 0x52, 0x22,
    0x20, 0x0, 0x4f, 0xb0, 0x0, 0x8e, 0x4, 0xf2,
    0x0, 0x0, 0x0, 0x0, 0x3f, 0x40, 0x8, 0xe0,
    0x4f, 0x20, 0x0, 0x0, 0x0, 0x0, 0x33, 0x0,
    0x25, 0x1, 0x50, 0x0, 0x0, 0x0,

    /* U+21FB "⇻" */
    0x0, 0x0, 0x8, 0x60, 0x59, 0x0, 0x1a, 0x10,
    0x0, 0x0, 0x0, 0x0, 0xca, 0x8, 0xe0, 0x0,
    0xbd, 0x10, 0x0, 0x0, 0x0, 0xc, 0xa0, 0x8e,
    0x0, 0x2, 0xfd, 0x20, 0x7, 0x88, 0x88, 0xed,
    0x8c, 0xf8, 0x88, 0x8c, 0xff, 0x70, 0xee, 0xee,
    0xef, 0xfe, 0xff, 0xee, 0xee, 0xff, 0xfe, 0x10,
    0x0, 0x0, 0xca, 0x8, 0xe0, 0x0, 0xd, 0xf9,
    0x0, 0x0, 0x0, 0xc, 0xa0, 0x8e, 0x0, 0x7,
    0xf6, 0x0, 0x0, 0x0, 0x0, 0xca, 0x8, 0xe0,
    0x1, 0xf6, 0x0, 0x0, 0x0, 0x0, 0x1, 0x10,
    0x11, 0x0, 0x1, 0x0, 0x0, 0x0,

    /* U+21FC "⇼" */
    0x0, 0x0, 0x6, 0x20, 0x6, 0x30, 0x36, 0x0,
    0x54, 0x0, 0x0, 0x0, 0x0, 0x9f, 0x10, 0xe,
    0x80, 0x7e, 0x0, 0x6f, 0x30, 0x0, 0x0, 0xa,
    0xf7, 0x0, 0xe, 0x80, 0x7e, 0x0, 0xc, 0xf5,
    0x0, 0x3, 0xcf, 0xe4, 0x44, 0x4f, 0xc4, 0xcf,
    0x44, 0x47, 0xff, 0x90, 0xe, 0xff, 0xff, 0xff,
    0xff, 0xff, 0xff, 0xff, 0xff, 0xff, 0xf9, 0x1,
    0xaf, 0xe2, 0x22, 0x2f, 0xa2, 0x9f, 0x22, 0x25,
    0xff, 0x60, 0x0, 0x7, 0xf8, 0x0, 0xe, 0x80,
    0x7e, 0x0, 0xd, 0xe3, 0x0, 0x0, 0x0, 0x6f,
    0x10, 0xe, 0x80, 0x7e, 0x0, 0x7e, 0x20, 0x0,
    0x0, 0x0, 0x4, 0x20, 0x5, 0x20, 0x25, 0x0,
    0x32, 0x0, 0x0,

    /* U+21FD "⇽" */
    0x0, 0x0, 0x11, 0x0, 0x0, 0x0, 0x0, 0x0,
    0x0, 0x0, 0x0, 0x3e, 0x20, 0x0, 0x0, 0x0,
    0x0, 0x0, 0x0, 0x0, 0x7f, 0xf2, 0x0, 0x0,
    0x0, 0x0, 0x0, 0x0, 0x1, 0xbf, 0xbf, 0x64,
    0x44, 0x44, 0x44, 0x44, 0x44, 0x41, 0xaf, 0xb4,
    0xff, 0xff, 0xff, 0xff, 0xff, 0xff, 0xff, 0x30,
    0x8f, 0xdf, 0x42, 0x22, 0x22, 0x22, 0x22, 0x22,
    0x20, 0x0, 0x4e, 0xf2, 0x0, 0x0, 0x0, 0x0,
    0x0, 0x0, 0x0, 0x0, 0x2c, 0x20, 0x0, 0x0,
    0x0, 0x0, 0x0, 0x0, 0x0, 0x0, 0x0, 0x0,
    0x0, 0x0, 0x0, 0x0, 0x0, 0x0,

    /* U+21FE "⇾" */
    0x0, 0x0, 0x0, 0x0, 0x0, 0x0, 0x2, 0x0,
    0x0, 0x0, 0x0, 0x0, 0x0, 0x0, 0x0, 0x0,
    0xe6, 0x0, 0x0, 0x0, 0x0, 0x0, 0x0, 0x0,
    0x0, 0xe, 0xfa, 0x0, 0x4, 0x44, 0x44, 0x44,
    0x44, 0x44, 0x44, 0xfc, 0xfd, 0x20, 0xff, 0xff,
    0xff, 0xff, 0xff, 0xff, 0xff, 0x87, 0xfd, 0x2,
    0x22, 0x22, 0x22, 0x22, 0x22, 0x22, 0xed, 0xfb,
    0x10, 0x0, 0x0, 0x0, 0x0, 0x0, 0x0, 0xe,
    0xf7, 0x0, 0x0, 0x0, 0x0, 0x0, 0x0, 0x0,
    0x0, 0xd3, 0x0, 0x0, 0x0, 0x0, 0x0, 0x0,
    0x0, 0x0, 0x1, 0x0, 0x0, 0x0,

    /* U+21FF "⇿" */
    0x0, 0x0, 0x11, 0x0, 0x0, 0x0, 0x0, 0x0,
    0x2, 0x0, 0x0, 0x0, 0x0, 0x3e, 0x20, 0x0,
    0x0, 0x0, 0x0, 0x0, 0xe6, 0x0, 0x0, 0x0,
    0x7f, 0xf2, 0x0, 0x0, 0x0, 0x0, 0x0, 0xf,
    0xf9, 0x0, 0x1, 0xbf, 0xcf, 0xb9, 0x99, 0x99,
    0x99, 0x99, 0x99, 0xfd, 0xfd, 0x20, 0xaf, 0xb4,
    0xff, 0xff, 0xff, 0xff, 0xff, 0xff, 0xff, 0xa8,
    0xfd, 0x0, 0x8f, 0xdf, 0x64, 0x44, 0x44, 0x44,
    0x44, 0x44, 0xfe, 0xfb, 0x10, 0x0, 0x4e, 0xf2,
    0x0, 0x0, 0x0, 0x0, 0x0, 0xf, 0xf7, 0x0,
    0x0, 0x0, 0x2c, 0x20, 0x0, 0x0, 0x0, 0x0,
    0x0, 0xd3, 0x0, 0x0, 0x0, 0x0, 0x0, 0x0,
    0x0, 0x0, 0x0, 0x0, 0x1, 0x0, 0x0, 0x0,

    /* U+2200 "∀" */
    0x56, 0x0, 0x0, 0x0, 0x0, 0x6, 0x5a, 0xf4,
    0x0, 0x0, 0x0, 0x4, 0xf9, 0x3f, 0xa0, 0x0,
    0x0, 0x0, 0xbf, 0x30, 0xdf, 0x0, 0x0, 0x0,
    0x1f, 0xd0, 0x7, 0xf6, 0x0, 0x0, 0x7, 0xf6,
    0x0, 0x1f, 0xff, 0xff, 0xff, 0xff, 0x10, 0x0,
    0xaf, 0xcb, 0xbb, 0xcf, 0xa0, 0x0, 0x4, 0xf8,
    0x0, 0x8, 0xf3, 0x0, 0x0, 0xe, 0xd0, 0x0,
    0xed, 0x0, 0x0, 0x0, 0x8f, 0x30, 0x4f, 0x70,
    0x0, 0x0, 0x1, 0xf9, 0xa, 0xf1, 0x0, 0x0,
    0x0, 0xb, 0xe0, 0xfa, 0x0, 0x0, 0x0, 0x0,
    0x5f, 0x9f, 0x40, 0x0, 0x0, 0x0, 0x0, 0xef,
    0xd0, 0x0, 0x0, 0x0, 0x0, 0x8, 0xf7, 0x0,
    0x0, 0x0,

    /* U+2201 "∁" */
    0x0, 0x68, 0x50, 0x1, 0xdf, 0xff, 0xa0, 0x8f,
    0x51, 0xaf, 0x3d, 0xd0, 0x2, 0xf7, 0xfb, 0x0,
    0xf, 0x9f, 0xa0, 0x0, 0x0, 0xfa, 0x0, 0x0,
    0xf, 0xa0, 0x0, 0x0, 0xfa, 0x0, 0x0, 0xf,
    0xa0, 0x0, 0x0, 0xfa, 0x0, 0x6, 0x3e, 0xb0,
    0x1, 0xf8, 0xce, 0x0, 0x4f, 0x56, 0xfb, 0x7d,
    0xe1, 0x9, 0xff, 0xe4, 0x0, 0x0, 0x10, 0x0,

    /* U+2202 "∂" */
    0x0, 0x4, 0x76, 0x10, 0x0, 0x2, 0xdf, 0xff,
    0xf6, 0x0, 0x7, 0xd4, 0x4, 0xef, 0x40, 0x0,
    0x0, 0x0, 0x4f, 0xc0, 0x0, 0x0, 0x0, 0xb,
    0xf2, 0x0, 0x5, 0xbc, 0x98, 0xf6, 0x0, 0x9f,
    0xc8, 0xbf, 0xf9, 0x5, 0xf9, 0x0, 0x6, 0xfa,
    0xc, 0xf0, 0x0, 0x0, 0xfb, 0xf, 0xb0, 0x0,
    0x0, 0xfa, 0xf, 0xa0, 0x0, 0x2, 0xf9, 0xf,
    0xc0, 0x0, 0x7, 0xf5, 0xa, 0xf2, 0x0, 0xd,
    0xf1, 0x2, 0xfd, 0x65, 0xcf, 0x60, 0x0, 0x4e,
    0xff, 0xe5, 0x0, 0x0, 0x0, 0x21, 0x0, 0x0,

    /* U+2203 "∃" */
    0x58, 0x88, 0x88, 0x88, 0x84, 0xbf, 0xff, 0xff,
    0xff, 0xf9, 0x1, 0x11, 0x11, 0x12, 0xf9, 0x0,
    0x0, 0x0, 0x1, 0xf9, 0x0, 0x0, 0x0, 0x1,
    0xf9, 0x0, 0x0, 0x0, 0x1, 0xf9, 0x0, 0x0,
    0x0, 0x1, 0xf9, 0x4f, 0xff, 0xff, 0xff, 0xf9,
    0x28, 0x88, 0x88, 0x89, 0xf9, 0x0, 0x0, 0x0,
    0x1, 0xf9, 0x0, 0x0, 0x0, 0x1, 0xf9, 0x0,
    0x0, 0x0, 0x1, 0xf9, 0x0, 0x0, 0x0, 0x1,
    0xf9, 0x89, 0x99, 0x99, 0x9a, 0xf9, 0xdf, 0xff,
    0xff, 0xff, 0xf9,

    /* U+2204 "∄" */
    0x0, 0x0, 0x0, 0x10, 0x0, 0x0, 0x0, 0x0,
    0xb9, 0x0, 0x58, 0x88, 0x88, 0xfb, 0x84, 0xbf,
    0xff, 0xff, 0xff, 0xf9, 0x1, 0x11, 0x19, 0xd2,
    0xf9, 0x0, 0x0, 0xc, 0x91, 0xf9, 0x0, 0x0,
    0xf, 0x51, 0xf9, 0x0, 0x0, 0x3f, 0x11, 0xf9,
    0x0, 0x0, 0x8d, 0x1, 0xf9, 0x4f, 0xff, 0xff,
    0xff, 0xf9, 0x28, 0x89, 0xfa, 0x89, 0xf9, 0x0,
    0x4, 0xf1, 0x1, 0xf9, 0x0, 0x8, 0xc0, 0x1,
    0xf9, 0x0, 0xd, 0x80, 0x1, 0xf9, 0x0, 0x1f,
    0x30, 0x1, 0xf9, 0x89, 0xbf, 0x99, 0x9a, 0xf9,
    0xdf, 0xff, 0xff, 0xff, 0xf9, 0x0, 0xe7, 0x0,
    0x0, 0x0, 0x0, 0x62, 0x0, 0x0, 0x0,

    /* U+2205 "∅" */
    0x0, 0x0, 0x3, 0x67, 0x52, 0x0, 0x3, 0x0,
    0x0, 0x5d, 0xff, 0xff, 0xfb, 0x23, 0xf6, 0x0,
    0x9f, 0xb4, 0x0, 0x16, 0xdf, 0xf9, 0x0, 0x7f,
    0x70, 0x0, 0x0, 0x4, 0xff, 0x30, 0x2f, 0x90,
    0x0, 0x0, 0x3, 0xf9, 0xdd, 0x8, 0xf0, 0x0,
    0x0, 0x3, 0xf9, 0x5, 0xf4, 0xca, 0x0, 0x0,
    0x3, 0xf9, 0x0, 0xe, 0x8e, 0x80, 0x0, 0x3,
    0xf9, 0x0, 0x0, 0xca, 0xe8, 0x0, 0x3, 0xf9,
    0x0, 0x0, 0xd, 0x9b, 0xb0, 0x3, 0xf9, 0x0,
    0x0, 0x0, 0xf7, 0x7f, 0x33, 0xf9, 0x0, 0x0,
    0x0, 0x6f, 0x20, 0xec, 0xfa, 0x0, 0x0, 0x0,
    0x2e, 0xa0, 0x7, 0xfe, 0x10, 0x0, 0x0, 0x3e,
    0xe1, 0x3, 0xfb, 0xfe, 0x85, 0x45, 0xaf, 0xd2,
    0x0, 0xba, 0x1, 0x9e, 0xff, 0xfd, 0x70, 0x0,
    0x0, 0x0, 0x0, 0x2, 0x21, 0x0, 0x0, 0x0,

    /* U+2206 "∆" */
    0x0, 0x0, 0x14, 0x20, 0x0, 0x0, 0x0, 0x0,
    0x8f, 0xd0, 0x0, 0x0, 0x0, 0x0, 0xdf, 0xf2,
    0x0, 0x0, 0x0, 0x2, 0xf8, 0xf8, 0x0, 0x0,
    0x0, 0x8, 0xf2, 0xdd, 0x0, 0x0, 0x0, 0xd,
    0xd0, 0x8f, 0x30, 0x0, 0x0, 0x3f, 0x80, 0x3f,
    0x80, 0x0, 0x0, 0x8f, 0x20, 0xe, 0xd0, 0x0,
    0x0, 0xed, 0x0, 0x8, 0xf3, 0x0, 0x3, 0xf8,
    0x0, 0x3, 0xf9, 0x0, 0x9, 0xf2, 0x0, 0x0,
    0xee, 0x0, 0xe, 0xd0, 0x0, 0x0, 0x8f, 0x30,
    0x4f, 0x70, 0x0, 0x0, 0x3f, 0x90, 0x9f, 0xa9,
    0x99, 0x99, 0x9f, 0xe0, 0xbf, 0xff, 0xff, 0xff,
    0xff, 0xf1,

    /* U+2207 "∇" */
    0x1, 0x11, 0x11, 0x11, 0x11, 0x10, 0xbf, 0xff,
    0xff, 0xff, 0xff, 0xf1, 0x9f, 0xa8, 0x88, 0x88,
    0x8f, 0xe0, 0x3f, 0x90, 0x0, 0x0, 0x2f, 0x90,
    0xe, 0xe0, 0x0, 0x0, 0x8f, 0x30, 0x8, 0xf4,
    0x0, 0x0, 0xde, 0x0, 0x3, 0xf9, 0x0, 0x3,
    0xf8, 0x0, 0x0, 0xde, 0x0, 0x8, 0xf3, 0x0,
    0x0, 0x8f, 0x40, 0xd, 0xd0, 0x0, 0x0, 0x2f,
    0x90, 0x3f, 0x80, 0x0, 0x0, 0xd, 0xe0, 0x8f,
    0x20, 0x0, 0x0, 0x7, 0xf3, 0xdd, 0x0, 0x0,
    0x0, 0x2, 0xf9, 0xf8, 0x0, 0x0, 0x0, 0x0,
    0xcf, 0xf2, 0x0, 0x0, 0x0, 0x0, 0x7f, 0xd0,
    0x0, 0x0, 0x0, 0x0, 0x3, 0x20, 0x0, 0x0,

    /* U+2208 "∈" */
    0x0, 0x0, 0x14, 0x55, 0x55, 0x55, 0x0, 0x5d,
    0xff, 0xff, 0xff, 0xff, 0x9, 0xfb, 0x52, 0x11,
    0x11, 0x10, 0x4f, 0x70, 0x0, 0x0, 0x0, 0x0,
    0xbd, 0x0, 0x0, 0x0, 0x0, 0x0, 0xea, 0x44,
    0x44, 0x44, 0x44, 0x44, 0xff, 0xff, 0xff, 0xff,
    0xff, 0xff, 0xea, 0x22, 0x22, 0x22, 0x22, 0x22,
    0xad, 0x0, 0x0, 0x0, 0x0, 0x0, 0x4f, 0x90,
    0x0, 0x0, 0x0, 0x0, 0x7, 0xfd, 0x74, 0x22,
    0x22, 0x22, 0x0, 0x4b, 0xff, 0xff, 0xff, 0xff,
    0x0, 0x0, 0x3, 0x44, 0x44, 0x44,

    /* U+2209 "∉" */
    0x0, 0x0, 0x0, 0x0, 0x5, 0x50, 0x0, 0x0,
    0x0, 0x0, 0xd, 0x80, 0x0, 0x0, 0x14, 0x55,
    0x7f, 0x85, 0x0, 0x5d, 0xff, 0xff, 0xff, 0xff,
    0x9, 0xfb, 0x52, 0x11, 0xf7, 0x10, 0x4f, 0x70,
    0x0, 0x5, 0xf1, 0x0, 0xbd, 0x0, 0x0, 0xb,
    0xa0, 0x0, 0xea, 0x44, 0x44, 0x5f, 0x84, 0x44,
    0xff, 0xff, 0xff, 0xff, 0xff, 0xff, 0xea, 0x22,
    0x22, 0xe9, 0x22, 0x22, 0xbe, 0x0, 0x3, 0xf2,
    0x0, 0x0, 0x4f, 0x90, 0x9, 0xc0, 0x0, 0x0,
    0x8, 0xfc, 0x7f, 0x82, 0x22, 0x22, 0x0, 0x4c,
    0xff, 0xff, 0xff, 0xff, 0x0, 0x0, 0xbb, 0x44,
    0x44, 0x44, 0x0, 0x1, 0xf4, 0x0, 0x0, 0x0,
    0x0, 0x0, 0x30, 0x0, 0x0, 0x0,

    /* U+220A "∊" */
    0x0, 0x7c, 0xef, 0xff, 0xf1, 0x1d, 0xfa, 0x87,
    0x77, 0x70, 0x9e, 0x20, 0x0, 0x0, 0x0, 0xea,
    0x44, 0x44, 0x44, 0x40, 0xff, 0xff, 0xff, 0xff,
    0xf1, 0xe9, 0x22, 0x22, 0x22, 0x20, 0x9e, 0x20,
    0x0, 0x0, 0x0, 0x1d, 0xfa, 0x87, 0x77, 0x70,
    0x0, 0x7c, 0xef, 0xff, 0xf1,

    /* U+220B "∋" */
    0x56, 0x66, 0x65, 0x41, 0x0, 0x0, 0xff, 0xff,
    0xff, 0xff, 0xd5, 0x0, 0x0, 0x0, 0x0, 0x25,
    0xbf, 0x90, 0x0, 0x0, 0x0, 0x0, 0x7, 0xf4,
    0x0, 0x0, 0x0, 0x0, 0x0, 0xda, 0x44, 0x44,
    0x44, 0x44, 0x44, 0xbd, 0xff, 0xff, 0xff, 0xff,
    0xff, 0xfe, 0x22, 0x22, 0x22, 0x22, 0x22, 0xad,
    0x0, 0x0, 0x0, 0x0, 0x0, 0xea, 0x0, 0x0,
    0x0, 0x0, 0x9, 0xf3, 0x22, 0x22, 0x22, 0x47,
    0xef, 0x70, 0xff, 0xff, 0xff, 0xff, 0xb3, 0x0,
    0x44, 0x44, 0x43, 0x20, 0x0, 0x0,

    /* U+220C "∌" */
    0x0, 0x0, 0x0, 0x8, 0x50, 0x0, 0x0, 0x0,
    0x0, 0x1f, 0x50, 0x0, 0x56, 0x66, 0x65, 0x8f,
    0x0, 0x0, 0xff, 0xff, 0xff, 0xff, 0xd6, 0x0,
    0x0, 0x0, 0x2, 0xf7, 0xbf, 0x90, 0x0, 0x0,
    0x7, 0xe0, 0x8, 0xf4, 0x0, 0x0, 0xd, 0x80,
    0x0, 0xdb, 0x44, 0x44, 0x6f, 0x74, 0x44, 0xbe,
    0xff, 0xff, 0xff, 0xff, 0xff, 0xfe, 0x22, 0x22,
    0xe8, 0x22, 0x22, 0xad, 0x0, 0x4, 0xf1, 0x0,
    0x0, 0xea, 0x0, 0xa, 0xb0, 0x0, 0x9, 0xf3,
    0x22, 0x2f, 0x72, 0x47, 0xef, 0x70, 0xff, 0xff,
    0xff, 0xff, 0xb3, 0x0, 0x44, 0xdb, 0x43, 0x20,
    0x0, 0x0, 0x1, 0xf4, 0x0, 0x0, 0x0, 0x0,
    0x0, 0x30, 0x0, 0x0, 0x0, 0x0,

    /* U+220D "∍" */
    0xff, 0xff, 0xec, 0x81, 0x0, 0x77, 0x77, 0x7a,
    0xfe, 0x20, 0x0, 0x0, 0x0, 0x1e, 0xb0, 0x44,
    0x44, 0x44, 0x4a, 0xf0, 0xff, 0xff, 0xff, 0xff,
    0xf1, 0x22, 0x22, 0x22, 0x29, 0xf0, 0x0, 0x0,
    0x0, 0x2e, 0xb0, 0x77, 0x77, 0x7a, 0xfe, 0x20,
    0xff, 0xff, 0xec, 0x81, 0x0,

    /* U+220E "∎" */
    0x67, 0x77, 0x77, 0x77, 0x70, 0xff, 0xff, 0xff,
    0xff, 0xf2, 0xff, 0xff, 0xff, 0xff, 0xf2, 0xff,
    0xff, 0xff, 0xff, 0xf2, 0xff, 0xff, 0xff, 0xff,
    0xf2, 0xff, 0xff, 0xff, 0xff, 0xf2, 0xff, 0xff,
    0xff, 0xff, 0xf2, 0xff, 0xff, 0xff, 0xff, 0xf2,
    0xff, 0xff, 0xff, 0xff, 0xf2, 0xff, 0xff, 0xff,
    0xff, 0xf2, 0xff, 0xff, 0xff, 0xff, 0xf2, 0xff,
    0xff, 0xff, 0xff, 0xf2, 0xff, 0xff, 0xff, 0xff,
    0xf2, 0xff, 0xff, 0xff, 0xff, 0xf2,

    /* U+220F "∏" */
    0x1, 0x11, 0x11, 0x11, 0x11, 0x11, 0x11, 0x11,
    0xf, 0xff, 0xff, 0xff, 0xff, 0xff, 0xff, 0xff,
    0xf4, 0x18, 0xfc, 0x88, 0x88, 0x88, 0x88, 0x9f,
    0xc2, 0x0, 0x5f, 0x80, 0x0, 0x0, 0x0, 0x2,
    0xfa, 0x0, 0x5, 0xf8, 0x0, 0x0, 0x0, 0x0,
    0x2f, 0xa0, 0x0, 0x5f, 0x80, 0x0, 0x0, 0x0,
    0x2, 0xfa, 0x0, 0x5, 0xf8, 0x0, 0x0, 0x0,
    0x0, 0x2f, 0xa0, 0x0, 0x5f, 0x80, 0x0, 0x0,
    0x0, 0x2, 0xfa, 0x0, 0x5, 0xf8, 0x0, 0x0,
    0x0, 0x0, 0x2f, 0xa0, 0x0, 0x5f, 0x80, 0x0,
    0x0, 0x0, 0x2, 0xfa, 0x0, 0x5, 0xf8, 0x0,
    0x0, 0x0, 0x0, 0x2f, 0xa0, 0x0, 0x5f, 0x80,
    0x0, 0x0, 0x0, 0x2, 0xfa, 0x0, 0x5, 0xf8,
    0x0, 0x0, 0x0, 0x0, 0x2f, 0xa0, 0x0, 0x5f,
    0x80, 0x0, 0x0, 0x0, 0x2, 0xfa, 0x0, 0x5,
    0xf8, 0x0, 0x0, 0x0, 0x0, 0x2f, 0xa0, 0x0,
    0x5f, 0x80, 0x0, 0x0, 0x0, 0x2, 0xfa, 0x0,
    0x5, 0xf8, 0x0, 0x0, 0x0, 0x0, 0x2f, 0xa0,
    0x0, 0x5f, 0x80, 0x0, 0x0, 0x0, 0x2, 0xfa,
    0x0, 0x5, 0xf8, 0x0, 0x0, 0x0, 0x0, 0x2f,
    0xa0, 0x0, 0x5f, 0x80, 0x0, 0x0, 0x0, 0x2,
    0xfa, 0x0, 0x0, 0x0, 0x0, 0x0, 0x0, 0x0,
    0x0, 0x0, 0x0,

    /* U+2210 "∐" */
    0x0, 0x21, 0x0, 0x0, 0x0, 0x0, 0x2, 0x10,
    0x0, 0x5f, 0x80, 0x0, 0x0, 0x0, 0x2, 0xfa,
    0x0, 0x5, 0xf8, 0x0, 0x0, 0x0, 0x0, 0x2f,
    0xa0, 0x0, 0x5f, 0x80, 0x0, 0x0, 0x0, 0x2,
    0xfa, 0x0, 0x5, 0xf8, 0x0, 0x0, 0x0, 0x0,
    0x2f, 0xa0, 0x0, 0x5f, 0x80, 0x0, 0x0, 0x0,
    0x2, 0xfa, 0x0, 0x5, 0xf8, 0x0, 0x0, 0x0,
    0x0, 0x2f, 0xa0, 0x0, 0x5f, 0x80, 0x0, 0x0,
    0x0, 0x2, 0xfa, 0x0, 0x5, 0xf8, 0x0, 0x0,
    0x0, 0x0, 0x2f, 0xa0, 0x0, 0x5f, 0x80, 0x0,
    0x0, 0x0, 0x2, 0xfa, 0x0, 0x5, 0xf8, 0x0,
    0x0, 0x0, 0x0, 0x2f, 0xa0, 0x0, 0x5f, 0x80,
    0x0, 0x0, 0x0, 0x2, 0xfa, 0x0, 0x5, 0xf8,
    0x0, 0x0, 0x0, 0x0, 0x2f, 0xa0, 0x0, 0x5f,
    0x80, 0x0, 0x0, 0x0, 0x2, 0xfa, 0x0, 0x5,
    0xf8, 0x0, 0x0, 0x0, 0x0, 0x2f, 0xa0, 0x0,
    0x5f, 0x80, 0x0, 0x0, 0x0, 0x2, 0xfa, 0x0,
    0x5, 0xf8, 0x0, 0x0, 0x0, 0x0, 0x2f, 0xa0,
    0x0, 0x5f, 0x80, 0x0, 0x0, 0x0, 0x2, 0xfa,
    0x0, 0x39, 0xfd, 0xaa, 0xaa, 0xaa, 0xaa, 0xbf,
    0xc4, 0xf, 0xff, 0xff, 0xff, 0xff, 0xff, 0xff,
    0xff, 0xf4,

    /* U+2211 "∑" */
    0x67, 0x77, 0x77, 0x77, 0x77, 0x77, 0x77, 0x20,
    0xcf, 0xff, 0xff, 0xff, 0xff, 0xff, 0xff, 0x50,
    0x2f, 0xd1, 0x0, 0x0, 0x0, 0x0, 0x0, 0x0,
    0x4, 0xfc, 0x0, 0x0, 0x0, 0x0, 0x0, 0x0,
    0x0, 0x6f, 0xa0, 0x0, 0x0, 0x0, 0x0, 0x0,
    0x0, 0x8, 0xf9, 0x0, 0x0, 0x0, 0x0, 0x0,
    0x0, 0x0, 0xaf, 0x70, 0x0, 0x0, 0x0, 0x0,
    0x0, 0x0, 0xb, 0xf5, 0x0, 0x0, 0x0, 0x0,
    0x0, 0x0, 0x1, 0xdf, 0x30, 0x0, 0x0, 0x0,
    0x0, 0x0, 0x0, 0x2f, 0xe1, 0x0, 0x0, 0x0,
    0x0, 0x0, 0x0, 0x7f, 0x90, 0x0, 0x0, 0x0,
    0x0, 0x0, 0x4, 0xfc, 0x0, 0x0, 0x0, 0x0,
    0x0, 0x0, 0x1e, 0xe1, 0x0, 0x0, 0x0, 0x0,
    0x0, 0x0, 0xcf, 0x30, 0x0, 0x0, 0x0, 0x0,
    0x0, 0x9, 0xf6, 0x0, 0x0, 0x0, 0x0, 0x0,
    0x0, 0x6f, 0x90, 0x0, 0x0, 0x0, 0x0, 0x0,
    0x3, 0xfc, 0x0, 0x0, 0x0, 0x0, 0x0, 0x0,
    0x1e, 0xe1, 0x0, 0x0, 0x0, 0x0, 0x0, 0x0,
    0xbf, 0xc9, 0x99, 0x99, 0x99, 0x99, 0x99, 0x90,
    0xff, 0xff, 0xff, 0xff, 0xff, 0xff, 0xff, 0xf0,

    /* U+2212 "−" */
    0x44, 0x44, 0x44, 0x44, 0x41, 0xff, 0xff, 0xff,
    0xff, 0xf6, 0x22, 0x22, 0x22, 0x22, 0x21,

    /* U+2213 "∓" */
    0x66, 0x66, 0x66, 0x66, 0x62, 0xff, 0xff, 0xff,
    0xff, 0xf6, 0x0, 0x0, 0xf7, 0x0, 0x0, 0x0,
    0x0, 0xf7, 0x0, 0x0, 0x44, 0x44, 0xf9, 0x44,
    0x41, 0xff, 0xff, 0xff, 0xff, 0xf6, 0x22, 0x22,
    0xf8, 0x22, 0x21, 0x0, 0x0, 0xf7, 0x0, 0x0,
    0x0, 0x0, 0xf7, 0x0, 0x0, 0x0, 0x0, 0xf7,
    0x0, 0x0, 0x0, 0x0, 0x41, 0x0, 0x0,

    /* U+2214 "∔" */
    0x0, 0x2, 0xc7, 0x0, 0x0, 0x0, 0x5, 0xfc,
    0x0, 0x0, 0x0, 0x0, 0x73, 0x0, 0x0, 0x0,
    0x0, 0xa4, 0x0, 0x0, 0x0, 0x0, 0xf7, 0x0,
    0x0, 0x0, 0x0, 0xf7, 0x0, 0x0, 0x0, 0x0,
    0xf7, 0x0, 0x0, 0x77, 0x77, 0xfb, 0x77, 0x73,
    0xef, 0xff, 0xff, 0xff, 0xf6, 0x0, 0x0, 0xf7,
    0x0, 0x0, 0x0, 0x0, 0xf7, 0x0, 0x0, 0x0,
    0x0, 0xf7, 0x0, 0x0, 0x0, 0x0, 0xf7, 0x0,
    0x0, 0x0, 0x0, 0x10, 0x0, 0x0,

    /* U+2215 "∕" */
    0x0, 0x0, 0x25, 0x0, 0x0, 0x9, 0xd0, 0x0,
    0x0, 0xd8, 0x0, 0x0, 0x1f, 0x40, 0x0, 0x6,
    0xf0, 0x0, 0x0, 0xac, 0x0, 0x0, 0xe, 0x80,
    0x0, 0x2, 0xf4, 0x0, 0x0, 0x6f, 0x0, 0x0,
    0xb, 0xb0, 0x0, 0x0, 0xf7, 0x0, 0x0, 0x3f,
    0x30, 0x0, 0x7, 0xe0, 0x0, 0x0, 0xba, 0x0,
    0x0, 0xf, 0x60, 0x0, 0x4, 0xf2, 0x0, 0x0,
    0x8e, 0x0, 0x0, 0xc, 0xa0, 0x0, 0x0, 0x42,
    0x0, 0x0, 0x0,

    /* U+2216 "∖" */
    0x52, 0x0, 0x0, 0xc, 0xa0, 0x0, 0x0, 0x7e,
    0x0, 0x0, 0x3, 0xf3, 0x0, 0x0, 0xf, 0x70,
    0x0, 0x0, 0xbb, 0x0, 0x0, 0x7, 0xf0, 0x0,
    0x0, 0x2f, 0x30, 0x0, 0x0, 0xe7, 0x0, 0x0,
    0xa, 0xc0, 0x0, 0x0, 0x6f, 0x0, 0x0, 0x2,
    0xf4, 0x0, 0x0, 0xe, 0x80, 0x0, 0x0, 0x9c,
    0x0, 0x0, 0x5, 0xf1, 0x0, 0x0, 0x1f, 0x50,
    0x0, 0x0, 0xd9, 0x0, 0x0, 0x9, 0xd0, 0x0,
    0x0, 0x13, 0x0,

    /* U+2217 "∗" */
    0x0, 0x3, 0x10, 0x0, 0x0, 0x2f, 0x40, 0x0,
    0x88, 0x2f, 0x37, 0xa0, 0x7f, 0xef, 0xef, 0x80,
    0x3, 0xff, 0xf4, 0x0, 0x8f, 0xcf, 0xcf, 0xa0,
    0x76, 0x1f, 0x35, 0x80, 0x0, 0x2f, 0x40, 0x0,
    0x0, 0x2, 0x0, 0x0,

    /* U+2218 "∘" */
    0x1, 0x53, 0x0, 0x3f, 0xff, 0xb0, 0xcb, 0x3,
    0xf5, 0xf5, 0x0, 0xd7, 0xcc, 0x15, 0xf4, 0x1d,
    0xff, 0x90, 0x0, 0x31, 0x0,

    /* U+2219 "∙" */
    0x18, 0x70, 0xcf, 0xf8, 0xef, 0xfb, 0x7f, 0xf4,
    0x1, 0x0,

    /* U+221A "√" */
    0x0, 0x0, 0x0, 0x0, 0x0, 0x0, 0x20, 0x0,
    0x0, 0x0, 0x0, 0x0, 0x7, 0xf0, 0x0, 0x0,
    0x0, 0x0, 0x0, 0xc, 0xa0, 0x0, 0x0, 0x0,
    0x0, 0x0, 0x2f, 0x40, 0x0, 0x0, 0x0, 0x0,
    0x0, 0x8e, 0x0, 0x0, 0x0, 0x0, 0x0, 0x0,
    0xd9, 0x0, 0x0, 0x0, 0x0, 0x0, 0x3, 0xf3,
    0x0, 0x0, 0x0, 0x0, 0x0, 0x9, 0xd0, 0x0,
    0x0, 0x0, 0x0, 0x0, 0xe, 0x80, 0x0, 0x0,
    0x0, 0x0, 0x0, 0x4f, 0x20, 0x0, 0x0, 0x0,
    0x0, 0x0, 0xad, 0x0, 0x0, 0x0, 0x0, 0x0,
    0x0, 0xf7, 0x0, 0x0, 0x0, 0x0, 0x0, 0x5,
    0xf1, 0x0, 0x0, 0xff, 0xf1, 0x0, 0xb, 0xc0,
    0x0, 0x0, 0x67, 0xf6, 0x0, 0x1f, 0x60, 0x0,
    0x0, 0x0, 0xdb, 0x0, 0x6f, 0x10, 0x0, 0x0,
    0x0, 0x7f, 0x10, 0xcb, 0x0, 0x0, 0x0, 0x0,
    0x1f, 0x62, 0xf5, 0x0, 0x0, 0x0, 0x0, 0xc,
    0xc7, 0xf0, 0x0, 0x0, 0x0, 0x0, 0x6, 0xfe,
    0xa0, 0x0, 0x0, 0x0, 0x0, 0x1, 0xff, 0x40,
    0x0, 0x0, 0x0, 0x0, 0x0, 0xbe, 0x0, 0x0,
    0x0, 0x0,

    /* U+221B "∛" */
    0x0, 0x0, 0x0, 0x0, 0x0, 0x5, 0xf1, 0x0,
    0x0, 0x0, 0x0, 0x0, 0xb, 0xb0, 0x0, 0x1,
    0x30, 0x0, 0x0, 0x1f, 0x50, 0x0, 0xcf, 0xef,
    0x40, 0x0, 0x6f, 0x0, 0x0, 0x40, 0xa, 0xb0,
    0x0, 0xca, 0x0, 0x0, 0x3, 0x4d, 0x80, 0x2,
    0xf5, 0x0, 0x0, 0x1d, 0xee, 0x40, 0x7, 0xe0,
    0x0, 0x0, 0x0, 0x7, 0xe0, 0xd, 0x90, 0x0,
    0x1, 0x40, 0x9, 0xd0, 0x3f, 0x40, 0x0, 0x2,
    0xdf, 0xfd, 0x30, 0x9e, 0x0, 0x0, 0x0, 0x0,
    0x0, 0x0, 0xe8, 0x0, 0x0, 0x0, 0x0, 0x0,
    0x4, 0xf3, 0x0, 0x0, 0xff, 0xf1, 0x0, 0xa,
    0xd0, 0x0, 0x0, 0x67, 0xf6, 0x0, 0xf, 0x70,
    0x0, 0x0, 0x0, 0xdc, 0x0, 0x5f, 0x20, 0x0,
    0x0, 0x0, 0x7f, 0x10, 0xbc, 0x0, 0x0, 0x0,
    0x0, 0x1f, 0x71, 0xf6, 0x0, 0x0, 0x0, 0x0,
    0xc, 0xc6, 0xf1, 0x0, 0x0, 0x0, 0x0, 0x6,
    0xfe, 0xb0, 0x0, 0x0, 0x0, 0x0, 0x0, 0xff,
    0x50, 0x0, 0x0, 0x0, 0x0, 0x0, 0xaf, 0x0,
    0x0, 0x0, 0x0,

    /* U+221C "∜" */
    0x0, 0x0, 0x0, 0x0, 0x0, 0x0, 0x25, 0x0,
    0x0, 0x0, 0x0, 0x0, 0x0, 0xa, 0xc0, 0x0,
    0x0, 0x0, 0x0, 0x0, 0x0, 0xf7, 0x0, 0x0,
    0x0, 0x65, 0x0, 0x0, 0x5f, 0x10, 0x0, 0x0,
    0x4f, 0xa0, 0x0, 0xa, 0xc0, 0x0, 0x0, 0x1d,
    0xba, 0x0, 0x0, 0xf6, 0x0, 0x0, 0xb, 0x69,
    0xa0, 0x0, 0x6f, 0x10, 0x0, 0x6, 0xb0, 0x9a,
    0x0, 0xb, 0xb0, 0x0, 0x0, 0xef, 0xef, 0xf9,
    0x1, 0xf5, 0x0, 0x0, 0x2, 0x22, 0xbb, 0x10,
    0x6f, 0x0, 0x0, 0x0, 0x0, 0x7, 0x70, 0xc,
    0xa0, 0x0, 0x0, 0x0, 0x0, 0x0, 0x2, 0xf5,
    0x0, 0x0, 0x0, 0x0, 0x0, 0x0, 0x7f, 0x0,
    0x0, 0x1, 0xff, 0xe0, 0x0, 0xd, 0x90, 0x0,
    0x0, 0x6, 0x8f, 0x40, 0x2, 0xf4, 0x0, 0x0,
    0x0, 0x0, 0xea, 0x0, 0x8e, 0x0, 0x0, 0x0,
    0x0, 0x9, 0xf0, 0xd, 0x90, 0x0, 0x0, 0x0,
    0x0, 0x3f, 0x53, 0xf3, 0x0, 0x0, 0x0, 0x0,
    0x0, 0xda, 0x9e, 0x0, 0x0, 0x0, 0x0, 0x0,
    0x8, 0xfe, 0x80, 0x0, 0x0, 0x0, 0x0, 0x0,
    0x2f, 0xf3, 0x0, 0x0, 0x0, 0x0, 0x0, 0x0,
    0xcd, 0x0, 0x0, 0x0, 0x0,

    /* U+221D "∝" */
    0x7, 0xcc, 0x50, 0x6, 0x97, 0xf8, 0x8f, 0x58,
    0xe6, 0xe7, 0x0, 0x4f, 0xf2, 0xf, 0x50, 0x0,
    0xec, 0x0, 0xbb, 0x0, 0xac, 0xe7, 0x3, 0xee,
    0xed, 0x13, 0xfb, 0x1, 0x55, 0x0, 0x1, 0x40,

    /* U+221E "∞" */
    0x0, 0x27, 0x84, 0x0, 0x0, 0x5, 0x75, 0x0,
    0x0, 0x7f, 0xed, 0xfb, 0x0, 0x3e, 0xfe, 0xfe,
    0x20, 0x4f, 0x70, 0x4, 0xf9, 0x1e, 0xc1, 0x2,
    0xdd, 0xb, 0xb0, 0x0, 0x5, 0xfb, 0xe1, 0x0,
    0x2, 0xf4, 0xe7, 0x0, 0x0, 0xc, 0xf6, 0x0,
    0x0, 0xd, 0x7f, 0x60, 0x0, 0x0, 0x8f, 0x20,
    0x0, 0x0, 0xc8, 0xd8, 0x0, 0x0, 0x1f, 0xfa,
    0x0, 0x0, 0xf, 0x68, 0xe1, 0x0, 0xb, 0xd7,
    0xf4, 0x0, 0x6, 0xf1, 0x1e, 0xd7, 0x7d, 0xf3,
    0xb, 0xf8, 0x58, 0xf8, 0x0, 0x1a, 0xee, 0xa2,
    0x0, 0x8, 0xef, 0xe7, 0x0, 0x0, 0x0, 0x0,
    0x0, 0x0, 0x0, 0x0, 0x0, 0x0,

    /* U+221F "∟" */
    0xf7, 0x0, 0x0, 0x0, 0x0, 0x0, 0xf7, 0x0,
    0x0, 0x0, 0x0, 0x0, 0xf7, 0x0, 0x0, 0x0,
    0x0, 0x0, 0xf7, 0x0, 0x0, 0x0, 0x0, 0x0,
    0xf7, 0x0, 0x0, 0x0, 0x0, 0x0, 0xf7, 0x0,
    0x0, 0x0, 0x0, 0x0, 0xf7, 0x0, 0x0, 0x0,
    0x0, 0x0, 0xf7, 0x0, 0x0, 0x0, 0x0, 0x0,
    0xf7, 0x0, 0x0, 0x0, 0x0, 0x0, 0xfa, 0x66,
    0x66, 0x66, 0x66, 0x60, 0xff, 0xff, 0xff, 0xff,
    0xff, 0xf0,

    /* U+2220 "∠" */
    0x0, 0x0, 0x0, 0x0, 0x10, 0x0, 0x0, 0x0,
    0x0, 0x7, 0xe0, 0x0, 0x0, 0x0, 0x0, 0x5f,
    0x80, 0x0, 0x0, 0x0, 0x4, 0xfa, 0x0, 0x0,
    0x0, 0x0, 0x2f, 0xb0, 0x0, 0x0, 0x0, 0x1,
    0xed, 0x10, 0x0, 0x0, 0x0, 0x1d, 0xe1, 0x0,
    0x0, 0x0, 0x0, 0xcf, 0x30, 0x0, 0x0, 0x0,
    0xa, 0xf4, 0x0, 0x0, 0x0, 0x0, 0x8f, 0xb6,
    0x66, 0x66, 0x66, 0x60, 0xff, 0xff, 0xff, 0xff,
    0xff, 0xf0,

    /* U+2221 "∡" */
    0x0, 0x0, 0x0, 0x0, 0x10, 0x0, 0x0, 0x0,
    0x0, 0x8, 0xe0, 0x0, 0x0, 0x3, 0x0, 0x6f,
    0x80, 0x0, 0x0, 0x2f, 0xb5, 0xf9, 0x0, 0x0,
    0x0, 0x5, 0xff, 0xb0, 0x0, 0x0, 0x0, 0x2,
    0xef, 0xa0, 0x0, 0x0, 0x0, 0x1d, 0xe8, 0xf5,
    0x0, 0x0, 0x0, 0xce, 0x20, 0xcd, 0x0, 0x0,
    0xa, 0xf4, 0x0, 0x5f, 0x30, 0x0, 0x9f, 0xc7,
    0x77, 0x7f, 0xa7, 0x70, 0xff, 0xff, 0xff, 0xff,
    0xff, 0xf0, 0x0, 0x0, 0x0, 0xc, 0xb0, 0x0,
    0x0, 0x0, 0x0, 0xd, 0x90, 0x0, 0x0, 0x0,
    0x0, 0x2, 0x30, 0x0,

    /* U+2222 "∢" */
    0x0, 0x0, 0x37, 0x0, 0x33, 0x0, 0x0, 0x5f,
    0x4b, 0xf6, 0x0, 0x0, 0x3f, 0xfc, 0x40, 0x0,
    0x3b, 0xff, 0xa0, 0x0, 0x3b, 0xfa, 0x38, 0xc0,
    0x0, 0xff, 0x70, 0x8, 0xd0, 0x0, 0x3a, 0xfd,
    0x7a, 0xc0, 0x0, 0x0, 0x29, 0xff, 0xd3, 0x0,
    0x0, 0x0, 0x1f, 0xef, 0xc3, 0x0, 0x0, 0x6f,
    0x15, 0xc6, 0x0, 0x0, 0x26, 0x0, 0x0,

    /* U+2223 "∣" */
    0x83, 0xf7, 0xf7, 0xf7, 0xf7, 0xf7, 0xf7, 0xf7,
    0xf7, 0xf7, 0xf7, 0xf7, 0xf7, 0xf7, 0xf7, 0xf7,
    0xf7, 0xf7, 0x0,

    /* U+2224 "∤" */
    0x0, 0x28, 0x0, 0x0, 0x5, 0xf1, 0x0, 0x0,
    0x5f, 0x10, 0x0, 0x5, 0xf1, 0x0, 0x0, 0x5f,
    0x10, 0x0, 0x5, 0xf1, 0x0, 0x0, 0x5f, 0x3e,
    0x40, 0x5, 0xfe, 0xc0, 0x0, 0x5f, 0xc1, 0x0,
    0xc, 0xf2, 0x0, 0xb, 0xff, 0x10, 0xa, 0xe7,
    0xf1, 0x0, 0x43, 0x5f, 0x10, 0x0, 0x5, 0xf1,
    0x0, 0x0, 0x5f, 0x10, 0x0, 0x5, 0xf1, 0x0,
    0x0, 0x5f, 0x10, 0x0, 0x5, 0xf1, 0x0, 0x0,
    0x0, 0x0, 0x0,

    /* U+2225 "∥" */
    0x83, 0x2, 0x81, 0xf7, 0x3, 0xf3, 0xf7, 0x3,
    0xf3, 0xf7, 0x3, 0xf3, 0xf7, 0x3, 0xf3, 0xf7,
    0x3, 0xf3, 0xf7, 0x3, 0xf3, 0xf7, 0x3, 0xf3,
    0xf7, 0x3, 0xf3, 0xf7, 0x3, 0xf3, 0xf7, 0x3,
    0xf3, 0xf7, 0x3, 0xf3, 0xf7, 0x3, 0xf3, 0xf7,
    0x3, 0xf3, 0xf7, 0x3, 0xf3, 0xf7, 0x3, 0xf3,
    0xf7, 0x3, 0xf3, 0xf7, 0x3, 0xf3, 0x0, 0x0,
    0x0,

    /* U+2226 "∦" */
    0x0, 0x38, 0x0, 0x48, 0x0, 0x0, 0x6, 0xf0,
    0x8, 0xe0, 0x0, 0x0, 0x6f, 0x0, 0x8e, 0x0,
    0x0, 0x6, 0xf0, 0x8, 0xe0, 0x0, 0x0, 0x6f,
    0x0, 0x8e, 0x2e, 0x30, 0x6, 0xf0, 0x8, 0xfe,
    0xb0, 0x0, 0x6f, 0x0, 0x8f, 0xc0, 0x0, 0x6,
    0xf0, 0x1d, 0xf1, 0x0, 0x0, 0x6f, 0x1d, 0xfe,
    0x0, 0x0, 0x6, 0xfd, 0xd9, 0xe0, 0x0, 0x0,
    0x6f, 0xd1, 0x8e, 0x0, 0x0, 0xc, 0xf1, 0x8,
    0xe0, 0x0, 0xb, 0xff, 0x0, 0x8e, 0x0, 0xa,
    0xe9, 0xf0, 0x8, 0xe0, 0x0, 0x53, 0x6f, 0x0,
    0x8e, 0x0, 0x0, 0x6, 0xf0, 0x8, 0xe0, 0x0,
    0x0, 0x6f, 0x0, 0x8e, 0x0, 0x0, 0x6, 0xf0,
    0x8, 0xe0, 0x0, 0x0, 0x0, 0x0, 0x0, 0x0,
    0x0,

    /* U+2227 "∧" */
    0x0, 0x0, 0x4, 0x70, 0x0, 0x0, 0x0, 0x0,
    0x0, 0xdf, 0x20, 0x0, 0x0, 0x0, 0x0, 0x6f,
    0xda, 0x0, 0x0, 0x0, 0x0, 0xd, 0xa5, 0xf2,
    0x0, 0x0, 0x0, 0x5, 0xf2, 0xe, 0xa0, 0x0,
    0x0, 0x0, 0xdb, 0x0, 0x6f, 0x20, 0x0, 0x0,
    0x5f, 0x30, 0x0, 0xe9, 0x0, 0x0, 0xc, 0xc0,
    0x0, 0x8, 0xf1, 0x0, 0x4, 0xf5, 0x0, 0x0,
    0x1f, 0x90, 0x0, 0xcd, 0x0, 0x0, 0x0, 0x9f,
    0x10, 0x4f, 0x60, 0x0, 0x0, 0x1, 0xf8, 0xb,
    0xe0, 0x0, 0x0, 0x0, 0xa, 0xf1,

    /* U+2228 "∨" */
    0x77, 0x0, 0x0, 0x0, 0x0, 0x59, 0x17, 0xf3,
    0x0, 0x0, 0x0, 0xe, 0xb0, 0xe, 0xa0, 0x0,
    0x0, 0x6, 0xf3, 0x0, 0x7f, 0x20, 0x0, 0x0,
    0xdc, 0x0, 0x0, 0xf9, 0x0, 0x0, 0x5f, 0x40,
    0x0, 0x8, 0xf1, 0x0, 0xc, 0xc0, 0x0, 0x0,
    0x1f, 0x80, 0x3, 0xf4, 0x0, 0x0, 0x0, 0x8e,
    0x0, 0xbd, 0x0, 0x0, 0x0, 0x1, 0xf7, 0x2f,
    0x50, 0x0, 0x0, 0x0, 0x9, 0xea, 0xd0, 0x0,
    0x0, 0x0, 0x0, 0x1f, 0xf5, 0x0, 0x0, 0x0,
    0x0, 0x0, 0x9d, 0x0, 0x0, 0x0,

    /* U+2229 "∩" */
    0x0, 0x0, 0x24, 0x31, 0x0, 0x0, 0x0, 0x6e,
    0xff, 0xff, 0xb2, 0x0, 0x8, 0xfa, 0x31, 0x26,
    0xee, 0x20, 0x2f, 0x80, 0x0, 0x0, 0x1e, 0xb0,
    0x9e, 0x0, 0x0, 0x0, 0x6, 0xf1, 0xca, 0x0,
    0x0, 0x0, 0x2, 0xf5, 0xf7, 0x0, 0x0, 0x0,
    0x0, 0xf7, 0xf7, 0x0, 0x0, 0x0, 0x0, 0xe8,
    0xf7, 0x0, 0x0, 0x0, 0x0, 0xe8, 0xf7, 0x0,
    0x0, 0x0, 0x0, 0xe8, 0xf7, 0x0, 0x0, 0x0,
    0x0, 0xe8, 0xf7, 0x0, 0x0, 0x0, 0x0, 0xe8,
    0xf7, 0x0, 0x0, 0x0, 0x0, 0xe8, 0xf7, 0x0,
    0x0, 0x0, 0x0, 0xe8,

    /* U+222A "∪" */
    0x41, 0x0, 0x0, 0x0, 0x0, 0x42, 0xf7, 0x0,
    0x0, 0x0, 0x0, 0xe8, 0xf7, 0x0, 0x0, 0x0,
    0x0, 0xe8, 0xf7, 0x0, 0x0, 0x0, 0x0, 0xe8,
    0xf7, 0x0, 0x0, 0x0, 0x0, 0xe8, 0xf7, 0x0,
    0x0, 0x0, 0x0, 0xe8, 0xf7, 0x0, 0x0, 0x0,
    0x0, 0xe8, 0xf7, 0x0, 0x0, 0x0, 0x0, 0xf8,
    0xe8, 0x0, 0x0, 0x0, 0x0, 0xf7, 0xcb, 0x0,
    0x0, 0x0, 0x3, 0xf4, 0x7f, 0x10, 0x0, 0x0,
    0x8, 0xf0, 0x1e, 0xb0, 0x0, 0x0, 0x4f, 0x80,
    0x4, 0xfe, 0x86, 0x6a, 0xfb, 0x0, 0x0, 0x29,
    0xef, 0xfc, 0x60, 0x0,

    /* U+222B "∫" */
    0x0, 0x0, 0x0, 0x0, 0x0, 0x4b, 0xdb, 0x40,
    0x0, 0x0, 0x0, 0x0, 0x8f, 0xec, 0xd5, 0x0,
    0x0, 0x0, 0x0, 0x3f, 0xb0, 0x0, 0x0, 0x0,
    0x0, 0x0, 0xb, 0xf1, 0x0, 0x0, 0x0, 0x0,
    0x0, 0x1, 0xfb, 0x0, 0x0, 0x0, 0x0, 0x0,
    0x0, 0x5f, 0x60, 0x0, 0x0, 0x0, 0x0, 0x0,
    0x9, 0xf2, 0x0, 0x0, 0x0, 0x0, 0x0, 0x0,
    0xce, 0x0, 0x0, 0x0, 0x0, 0x0, 0x0, 0xf,
    0xb0, 0x0, 0x0, 0x0, 0x0, 0x0, 0x2, 0xf8,
    0x0, 0x0, 0x0, 0x0, 0x0, 0x0, 0x5f, 0x50,
    0x0, 0x0, 0x0, 0x0, 0x0, 0x8, 0xf3, 0x0,
    0x0, 0x0, 0x0, 0x0, 0x0, 0xbf, 0x0, 0x0,
    0x0, 0x0, 0x0, 0x0, 0xe, 0xd0, 0x0, 0x0,
    0x0, 0x0, 0x0, 0x1, 0xfa, 0x0, 0x0, 0x0,
    0x0, 0x0, 0x0, 0x3f, 0x70, 0x0, 0x0, 0x0,
    0x0, 0x0, 0x7, 0xf4, 0x0, 0x0, 0x0, 0x0,
    0x0, 0x0, 0xbf, 0x0, 0x0, 0x0, 0x0, 0x0,
    0x0, 0xf, 0xb0, 0x0, 0x0, 0x0, 0x0, 0x0,
    0x6, 0xf5, 0x0, 0x0, 0x0, 0x0, 0x0, 0x3,
    0xfd, 0x0, 0x0, 0x0, 0x0, 0xa, 0xfe, 0xfe,
    0x20, 0x0, 0x0, 0x0, 0x0, 0x5a, 0xb8, 0x10,
    0x0, 0x0, 0x0, 0x0, 0x0,

    /* U+222C "∬" */
    0x0, 0x0, 0x0, 0x0, 0x0, 0x4b, 0xdb, 0x40,
    0x6, 0xbd, 0xa2, 0x0, 0x0, 0x0, 0x0, 0x8,
    0xfe, 0xcd, 0x50, 0xbf, 0xec, 0xe1, 0x0, 0x0,
    0x0, 0x0, 0x3f, 0xb0, 0x0, 0x7, 0xf8, 0x0,
    0x0, 0x0, 0x0, 0x0, 0x0, 0xbf, 0x10, 0x0,
    0xe, 0xd0, 0x0, 0x0, 0x0, 0x0, 0x0, 0x1,
    0xfb, 0x0, 0x0, 0x4f, 0x70, 0x0, 0x0, 0x0,
    0x0, 0x0, 0x5, 0xf6, 0x0, 0x0, 0x9f, 0x20,
    0x0, 0x0, 0x0, 0x0, 0x0, 0x9, 0xf2, 0x0,
    0x0, 0xce, 0x0, 0x0, 0x0, 0x0, 0x0, 0x0,
    0xc, 0xe0, 0x0, 0x0, 0xfb, 0x0, 0x0, 0x0,
    0x0, 0x0, 0x0, 0xf, 0xb0, 0x0, 0x3, 0xf8,
    0x0, 0x0, 0x0, 0x0, 0x0, 0x0, 0x2f, 0x80,
    0x0, 0x6, 0xf5, 0x0, 0x0, 0x0, 0x0, 0x0,
    0x0, 0x5f, 0x50, 0x0, 0x9, 0xf2, 0x0, 0x0,
    0x0, 0x0, 0x0, 0x0, 0x8f, 0x30, 0x0, 0xb,
    0xf0, 0x0, 0x0, 0x0, 0x0, 0x0, 0x0, 0xbf,
    0x0, 0x0, 0xe, 0xc0, 0x0, 0x0, 0x0, 0x0,
    0x0, 0x0, 0xed, 0x0, 0x0, 0x1f, 0x90, 0x0,
    0x0, 0x0, 0x0, 0x0, 0x1, 0xfa, 0x0, 0x0,
    0x4f, 0x60, 0x0, 0x0, 0x0, 0x0, 0x0, 0x3,
    0xf7, 0x0, 0x0, 0x7f, 0x30, 0x0, 0x0, 0x0,
    0x0, 0x0, 0x7, 0xf4, 0x0, 0x0, 0xaf, 0x0,
    0x0, 0x0, 0x0, 0x0, 0x0, 0xb, 0xf0, 0x0,
    0x0, 0xec, 0x0, 0x0, 0x0, 0x0, 0x0, 0x0,
    0xf, 0xb0, 0x0, 0x3, 0xf8, 0x0, 0x0, 0x0,
    0x0, 0x0, 0x0, 0x6f, 0x50, 0x0, 0xa, 0xf2,
    0x0, 0x0, 0x0, 0x0, 0x0, 0x3, 0xfd, 0x0,
    0x0, 0x6f, 0xa0, 0x0, 0x0, 0x0, 0x0, 0xaf,
    0xef, 0xe2, 0xd, 0xee, 0xfd, 0x10, 0x0, 0x0,
    0x0, 0x0, 0x5a, 0xb8, 0x10, 0x7, 0xaa, 0x70,
    0x0, 0x0, 0x0, 0x0, 0x0,

    /* U+222D "∭" */
    0x0, 0x0, 0x0, 0x0, 0x0, 0x4b, 0xdb, 0x40,
    0x6, 0xbd, 0xa2, 0x1, 0x8c, 0xc9, 0x10, 0x0,
    0x0, 0x0, 0x0, 0x8f, 0xec, 0xd5, 0xb, 0xfe,
    0xce, 0x11, 0xdf, 0xdc, 0xd0, 0x0, 0x0, 0x0,
    0x0, 0x3f, 0xb0, 0x0, 0x7, 0xf8, 0x0, 0x0,
    0xaf, 0x50, 0x0, 0x0, 0x0, 0x0, 0x0, 0xb,
    0xf1, 0x0, 0x0, 0xed, 0x0, 0x0, 0x2f, 0xa0,
    0x0, 0x0, 0x0, 0x0, 0x0, 0x1, 0xfb, 0x0,
    0x0, 0x4f, 0x70, 0x0, 0x8, 0xf4, 0x0, 0x0,
    0x0, 0x0, 0x0, 0x0, 0x5f, 0x60, 0x0, 0x9,
    0xf2, 0x0, 0x0, 0xce, 0x0, 0x0, 0x0, 0x0,
    0x0, 0x0, 0x9, 0xf2, 0x0, 0x0, 0xce, 0x0,
    0x0, 0xf, 0xb0, 0x0, 0x0, 0x0, 0x0, 0x0,
    0x0, 0xce, 0x0, 0x0, 0xf, 0xb0, 0x0, 0x3,
    0xf7, 0x0, 0x0, 0x0, 0x0, 0x0, 0x0, 0xf,
    0xb0, 0x0, 0x3, 0xf8, 0x0, 0x0, 0x6f, 0x40,
    0x0, 0x0, 0x0, 0x0, 0x0, 0x2, 0xf8, 0x0,
    0x0, 0x6f, 0x50, 0x0, 0x9, 0xf1, 0x0, 0x0,
    0x0, 0x0, 0x0, 0x0, 0x5f, 0x50, 0x0, 0x9,
    0xf2, 0x0, 0x0, 0xce, 0x0, 0x0, 0x0, 0x0,
    0x0, 0x0, 0x8, 0xf3, 0x0, 0x0, 0xbf, 0x0,
    0x0, 0xf, 0xc0, 0x0, 0x0, 0x0, 0x0, 0x0,
    0x0, 0xbf, 0x0, 0x0, 0xe, 0xc0, 0x0, 0x2,
    0xf9, 0x0, 0x0, 0x0, 0x0, 0x0, 0x0, 0xe,
    0xd0, 0x0, 0x1, 0xf9, 0x0, 0x0, 0x5f, 0x60,
    0x0, 0x0, 0x0, 0x0, 0x0, 0x1, 0xfa, 0x0,
    0x0, 0x4f, 0x60, 0x0, 0x8, 0xf3, 0x0, 0x0,
    0x0, 0x0, 0x0, 0x0, 0x3f, 0x70, 0x0, 0x7,
    0xf3, 0x0, 0x0, 0xaf, 0x0, 0x0, 0x0, 0x0,
    0x0, 0x0, 0x7, 0xf4, 0x0, 0x0, 0xaf, 0x0,
    0x0, 0xe, 0xd0, 0x0, 0x0, 0x0, 0x0, 0x0,
    0x0, 0xbf, 0x0, 0x0, 0xe, 0xc0, 0x0, 0x2,
    0xf9, 0x0, 0x0, 0x0, 0x0, 0x0, 0x0, 0xf,
    0xb0, 0x0, 0x3, 0xf8, 0x0, 0x0, 0x7f, 0x40,
    0x0, 0x0, 0x0, 0x0, 0x0, 0x6, 0xf5, 0x0,
    0x0, 0xaf, 0x20, 0x0, 0xd, 0xe0, 0x0, 0x0,
    0x0, 0x0, 0x0, 0x3, 0xfd, 0x0, 0x0, 0x6f,
    0xa0, 0x0, 0x9, 0xf6, 0x0, 0x0, 0x0, 0x0,
    0xa, 0xfe, 0xfe, 0x20, 0xde, 0xef, 0xd1, 0x1f,
    0xef, 0xfa, 0x0, 0x0, 0x0, 0x0, 0x0, 0x5a,
    0xb8, 0x10, 0x7, 0xaa, 0x70, 0x1, 0x8b, 0xa5,
    0x0, 0x0, 0x0, 0x0, 0x0, 0x0,

    /* U+222E "∮" */
    0x0, 0x0, 0x0, 0x0, 0x0, 0x4b, 0xdb, 0x40,
    0x0, 0x0, 0x0, 0x0, 0x8f, 0xec, 0xd5, 0x0,
    0x0, 0x0, 0x0, 0x3f, 0xb0, 0x0, 0x0, 0x0,
    0x0, 0x0, 0xb, 0xf1, 0x0, 0x0, 0x0, 0x0,
    0x0, 0x1, 0xfb, 0x0, 0x0, 0x0, 0x0, 0x0,
    0x0, 0x5f, 0x60, 0x0, 0x0, 0x0, 0x0, 0x0,
    0x9, 0xf2, 0x0, 0x0, 0x0, 0x0, 0x0, 0x4,
    0xff, 0x0, 0x0, 0x0, 0x0, 0x0, 0x8f, 0xff,
    0xfe, 0x40, 0x0, 0x0, 0x0, 0x7f, 0x73, 0xfa,
    0xaf, 0x30, 0x0, 0x0, 0xe, 0x90, 0x5f, 0x50,
    0xda, 0x0, 0x0, 0x0, 0xf6, 0x8, 0xf3, 0xa,
    0xb0, 0x0, 0x0, 0xe, 0x90, 0xbf, 0x0, 0xe9,
    0x0, 0x0, 0x0, 0x6f, 0x8f, 0xe3, 0xcf, 0x20,
    0x0, 0x0, 0x0, 0x6f, 0xff, 0xfc, 0x30, 0x0,
    0x0, 0x0, 0x0, 0x4f, 0xb1, 0x0, 0x0, 0x0,
    0x0, 0x0, 0x7, 0xf4, 0x0, 0x0, 0x0, 0x0,
    0x0, 0x0, 0xbf, 0x0, 0x0, 0x0, 0x0, 0x0,
    0x0, 0xf, 0xb0, 0x0, 0x0, 0x0, 0x0, 0x0,
    0x6, 0xf5, 0x0, 0x0, 0x0, 0x0, 0x0, 0x3,
    0xfd, 0x0, 0x0, 0x0, 0x0, 0xa, 0xfe, 0xfe,
    0x20, 0x0, 0x0, 0x0, 0x0, 0x5a, 0xb8, 0x10,
    0x0, 0x0, 0x0, 0x0, 0x0,

    /* U+222F "∯" */
    0x0, 0x0, 0x0, 0x0, 0x0, 0x4b, 0xdb, 0x40,
    0x6, 0xbd, 0xa2, 0x0, 0x0, 0x0, 0x0, 0x8,
    0xfe, 0xcd, 0x50, 0xbf, 0xec, 0xe1, 0x0, 0x0,
    0x0, 0x0, 0x3f, 0xb0, 0x0, 0x7, 0xf8, 0x0,
    0x0, 0x0, 0x0, 0x0, 0x0, 0xbf, 0x20, 0x0,
    0xe, 0xd0, 0x0, 0x0, 0x0, 0x0, 0x0, 0x1,
    0xfb, 0x0, 0x0, 0x4f, 0x70, 0x0, 0x0, 0x0,
    0x0, 0x0, 0x5, 0xf6, 0x0, 0x0, 0x9f, 0x20,
    0x0, 0x0, 0x0, 0x0, 0x0, 0x9, 0xf2, 0x0,
    0x0, 0xce, 0x0, 0x0, 0x0, 0x0, 0x0, 0x0,
    0xd, 0xf5, 0x66, 0x53, 0xfb, 0x0, 0x0, 0x0,
    0x0, 0x0, 0x5, 0xcf, 0xff, 0xee, 0xff, 0xff,
    0x20, 0x0, 0x0, 0x0, 0x0, 0xaf, 0xbf, 0xa0,
    0x0, 0x8, 0xff, 0xf3, 0x0, 0x0, 0x0, 0x3,
    0xf5, 0x5f, 0x60, 0x0, 0x9, 0xf2, 0xcc, 0x0,
    0x0, 0x0, 0x6, 0xf0, 0x8f, 0x30, 0x0, 0xb,
    0xf0, 0x8e, 0x0, 0x0, 0x0, 0x4, 0xf5, 0xbf,
    0x0, 0x0, 0xe, 0xc0, 0xcc, 0x0, 0x0, 0x0,
    0x0, 0xaf, 0xff, 0x10, 0x0, 0x1f, 0xfd, 0xf3,
    0x0, 0x0, 0x0, 0x0, 0x7, 0xff, 0xfe, 0xee,
    0xff, 0xf9, 0x20, 0x0, 0x0, 0x0, 0x0, 0x3,
    0xf8, 0x46, 0x66, 0xcf, 0x40, 0x0, 0x0, 0x0,
    0x0, 0x0, 0x7, 0xf4, 0x0, 0x0, 0xaf, 0x0,
    0x0, 0x0, 0x0, 0x0, 0x0, 0xb, 0xf0, 0x0,
    0x0, 0xec, 0x0, 0x0, 0x0, 0x0, 0x0, 0x0,
    0xf, 0xb0, 0x0, 0x3, 0xf8, 0x0, 0x0, 0x0,
    0x0, 0x0, 0x0, 0x6f, 0x50, 0x0, 0xa, 0xf2,
    0x0, 0x0, 0x0, 0x0, 0x0, 0x3, 0xfd, 0x0,
    0x0, 0x6f, 0xa0, 0x0, 0x0, 0x0, 0x0, 0xaf,
    0xef, 0xe2, 0xd, 0xee, 0xfd, 0x10, 0x0, 0x0,
    0x0, 0x0, 0x5a, 0xb8, 0x10, 0x7, 0xaa, 0x70,
    0x0, 0x0, 0x0, 0x0, 0x0,

    /* U+2230 "∰" */
    0x0, 0x0, 0x0, 0x0, 0x0, 0x4b, 0xdb, 0x40,
    0x6, 0xbd, 0xa2, 0x1, 0x8c, 0xc9, 0x10, 0x0,
    0x0, 0x0, 0x0, 0x8f, 0xec, 0xd5, 0xb, 0xfe,
    0xce, 0x11, 0xdf, 0xdc, 0xd0, 0x0, 0x0, 0x0,
    0x0, 0x3f, 0xb0, 0x0, 0x7, 0xf8, 0x0, 0x0,
    0xaf, 0x50, 0x0, 0x0, 0x0, 0x0, 0x0, 0xb,
    0xf1, 0x0, 0x0, 0xed, 0x0, 0x0, 0x2f, 0xa0,
    0x0, 0x0, 0x0, 0x0, 0x0, 0x1, 0xfb, 0x0,
    0x0, 0x4f, 0x70, 0x0, 0x8, 0xf4, 0x0, 0x0,
    0x0, 0x0, 0x0, 0x0, 0x5f, 0x60, 0x0, 0x9,
    0xf2, 0x0, 0x0, 0xce, 0x0, 0x0, 0x0, 0x0,
    0x0, 0x0, 0x9, 0xf2, 0x0, 0x0, 0xce, 0x0,
    0x0, 0xf, 0xb0, 0x0, 0x0, 0x0, 0x0, 0x0,
    0x0, 0xcf, 0x24, 0x66, 0x7f, 0xf6, 0x53, 0x13,
    0xf7, 0x0, 0x0, 0x0, 0x0, 0x0, 0x0, 0x7f,
    0xff, 0xff, 0xef, 0xff, 0xef, 0xff, 0xff, 0x60,
    0x0, 0x0, 0x0, 0x0, 0x2, 0xef, 0xfe, 0x20,
    0x0, 0x6f, 0x50, 0x1, 0x4f, 0xff, 0x50, 0x0,
    0x0, 0x0, 0x0, 0xbd, 0x7f, 0x50, 0x0, 0x9,
    0xf2, 0x0, 0x0, 0xcf, 0xaf, 0x0, 0x0, 0x0,
    0x0, 0xe, 0x88, 0xf3, 0x0, 0x0, 0xbf, 0x0,
    0x0, 0xf, 0xc4, 0xf2, 0x0, 0x0, 0x0, 0x0,
    0xbd, 0xdf, 0x0, 0x0, 0xe, 0xc0, 0x0, 0x2,
    0xf9, 0xaf, 0x0, 0x0, 0x0, 0x0, 0x2, 0xef,
    0xf5, 0x20, 0x1, 0xf9, 0x0, 0x1, 0x9f, 0xff,
    0x50, 0x0, 0x0, 0x0, 0x0, 0x2, 0xff, 0xff,
    0xfe, 0xff, 0xfd, 0xef, 0xff, 0xfc, 0x20, 0x0,
    0x0, 0x0, 0x0, 0x0, 0x3f, 0x70, 0x34, 0x6e,
    0xfb, 0x76, 0x53, 0xcf, 0x0, 0x0, 0x0, 0x0,
    0x0, 0x0, 0x7, 0xf4, 0x0, 0x0, 0xaf, 0x0,
    0x0, 0xe, 0xd0, 0x0, 0x0, 0x0, 0x0, 0x0,
    0x0, 0xbf, 0x0, 0x0, 0xe, 0xc0, 0x0, 0x2,
    0xf9, 0x0, 0x0, 0x0, 0x0, 0x0, 0x0, 0xf,
    0xb0, 0x0, 0x3, 0xf8, 0x0, 0x0, 0x7f, 0x40,
    0x0, 0x0, 0x0, 0x0, 0x0, 0x6, 0xf5, 0x0,
    0x0, 0xaf, 0x20, 0x0, 0xd, 0xe0, 0x0, 0x0,
    0x0, 0x0, 0x0, 0x3, 0xfd, 0x0, 0x0, 0x6f,
    0xa0, 0x0, 0x9, 0xf6, 0x0, 0x0, 0x0, 0x0,
    0xa, 0xfe, 0xfe, 0x20, 0xde, 0xef, 0xd1, 0x1f,
    0xef, 0xfa, 0x0, 0x0, 0x0, 0x0, 0x0, 0x5a,
    0xb8, 0x10, 0x7, 0xaa, 0x70, 0x1, 0x8b, 0xa5,
    0x0, 0x0, 0x0, 0x0, 0x0, 0x0,

    /* U+2231 "∱" */
    0x0, 0x0, 0x0, 0x0, 0x0, 0x4b, 0xdb, 0x40,
    0x0, 0x0, 0x0, 0x0, 0x8f, 0xec, 0xd5, 0x0,
    0x0, 0x0, 0x0, 0x3f, 0xb0, 0x0, 0x0, 0x0,
    0x0, 0x0, 0xb, 0xf1, 0x0, 0x0, 0x0, 0x0,
    0x0, 0x1, 0xfb, 0x0, 0x0, 0x0, 0x0, 0x0,
    0x0, 0x5f, 0x60, 0x0, 0x0, 0x0, 0x0, 0x0,
    0x9, 0xf2, 0x0, 0x0, 0x0, 0x0, 0x0, 0x0,
    0xce, 0x0, 0x0, 0x0, 0x0, 0x0, 0x1, 0x5f,
    0xf0, 0x0, 0x0, 0x0, 0x0, 0x8, 0xff, 0xff,
    0xe5, 0x0, 0x0, 0x0, 0x8, 0xf6, 0x5f, 0x79,
    0xf5, 0x20, 0x0, 0x0, 0xf8, 0x8, 0xf3, 0x6f,
    0xf3, 0x0, 0x0, 0x5, 0x20, 0xbf, 0x0, 0xab,
    0x0, 0x0, 0x0, 0x0, 0xe, 0xd0, 0x0, 0x10,
    0x0, 0x0, 0x0, 0x1, 0xfa, 0x0, 0x0, 0x0,
    0x0, 0x0, 0x0, 0x3f, 0x70, 0x0, 0x0, 0x0,
    0x0, 0x0, 0x7, 0xf4, 0x0, 0x0, 0x0, 0x0,
    0x0, 0x0, 0xbf, 0x0, 0x0, 0x0, 0x0, 0x0,
    0x0, 0xf, 0xb0, 0x0, 0x0, 0x0, 0x0, 0x0,
    0x6, 0xf5, 0x0, 0x0, 0x0, 0x0, 0x0, 0x3,
    0xfd, 0x0, 0x0, 0x0, 0x0, 0xa, 0xee, 0xfe,
    0x20, 0x0, 0x0, 0x0, 0x0, 0x5a, 0xb8, 0x10,
    0x0, 0x0, 0x0, 0x0, 0x0,

    /* U+2232 "∲" */
    0x0, 0x0, 0x0, 0x0, 0x0, 0x4b, 0xdb, 0x40,
    0x0, 0x0, 0x0, 0x0, 0x8f, 0xec, 0xd5, 0x0,
    0x0, 0x0, 0x0, 0x3f, 0xb0, 0x0, 0x0, 0x0,
    0x0, 0x0, 0xb, 0xf1, 0x0, 0x0, 0x0, 0x0,
    0x0, 0x1, 0xfb, 0x0, 0x0, 0x0, 0x0, 0x0,
    0x0, 0x5f, 0x60, 0x0, 0x0, 0x0, 0x0, 0x0,
    0x9, 0xf2, 0x0, 0x0, 0x0, 0x0, 0x0, 0x4,
    0xff, 0x0, 0x0, 0x0, 0x0, 0x0, 0x8f, 0xff,
    0xfe, 0x40, 0x0, 0x0, 0x0, 0x7f, 0x73, 0xfa,
    0xaf, 0x41, 0x0, 0x0, 0xe, 0x90, 0x5f, 0x56,
    0xff, 0x30, 0x0, 0x0, 0xf6, 0x8, 0xf3, 0x1d,
    0xc0, 0x0, 0x0, 0xe, 0x90, 0xbf, 0x0, 0xe9,
    0x0, 0x0, 0x0, 0x6f, 0x8f, 0xe4, 0xcf, 0x20,
    0x0, 0x0, 0x0, 0x6f, 0xff, 0xfc, 0x30, 0x0,
    0x0, 0x0, 0x0, 0x4f, 0xb1, 0x0, 0x0, 0x0,
    0x0, 0x0, 0x7, 0xf4, 0x0, 0x0, 0x0, 0x0,
    0x0, 0x0, 0xbf, 0x0, 0x0, 0x0, 0x0, 0x0,
    0x0, 0xf, 0xb0, 0x0, 0x0, 0x0, 0x0, 0x0,
    0x6, 0xf5, 0x0, 0x0, 0x0, 0x0, 0x0, 0x3,
    0xfd, 0x0, 0x0, 0x0, 0x0, 0xa, 0xfe, 0xfe,
    0x20, 0x0, 0x0, 0x0, 0x0, 0x5a, 0xb8, 0x10,
    0x0, 0x0, 0x0, 0x0, 0x0,

    /* U+2233 "∳" */
    0x0, 0x0, 0x0, 0x0, 0x0, 0x4b, 0xdb, 0x40,
    0x0, 0x0, 0x0, 0x0, 0x8f, 0xec, 0xd5, 0x0,
    0x0, 0x0, 0x0, 0x3f, 0xb0, 0x0, 0x0, 0x0,
    0x0, 0x0, 0xb, 0xf1, 0x0, 0x0, 0x0, 0x0,
    0x0, 0x1, 0xfb, 0x0, 0x0, 0x0, 0x0, 0x0,
    0x0, 0x5f, 0x60, 0x0, 0x0, 0x0, 0x0, 0x0,
    0x9, 0xf2, 0x0, 0x0, 0x0, 0x0, 0x0, 0x4,
    0xff, 0x0, 0x0, 0x0, 0x0, 0x0, 0x8f, 0xff,
    0xfe, 0x40, 0x0, 0x0, 0x0, 0x7f, 0x73, 0xfa,
    0xaf, 0x30, 0x0, 0x0, 0xe, 0x90, 0x5f, 0x50,
    0xfc, 0x10, 0x0, 0x0, 0xf6, 0x8, 0xf3, 0x5f,
    0xd4, 0x0, 0x0, 0xe, 0x90, 0xbf, 0x1, 0xe9,
    0x0, 0x0, 0x0, 0x6f, 0x8f, 0xe4, 0xcf, 0x20,
    0x0, 0x0, 0x0, 0x6f, 0xff, 0xfc, 0x30, 0x0,
    0x0, 0x0, 0x0, 0x4f, 0xb1, 0x0, 0x0, 0x0,
    0x0, 0x0, 0x7, 0xf4, 0x0, 0x0, 0x0, 0x0,
    0x0, 0x0, 0xbf, 0x0, 0x0, 0x0, 0x0, 0x0,
    0x0, 0xf, 0xb0, 0x0, 0x0, 0x0, 0x0, 0x0,
    0x6, 0xf5, 0x0, 0x0, 0x0, 0x0, 0x0, 0x3,
    0xfd, 0x0, 0x0, 0x0, 0x0, 0xa, 0xfe, 0xfe,
    0x20, 0x0, 0x0, 0x0, 0x0, 0x5a, 0xb8, 0x10,
    0x0, 0x0, 0x0, 0x0, 0x0,

    /* U+2234 "∴" */
    0x0, 0x0, 0x10, 0x0, 0x0, 0x0, 0x4, 0xfb,
    0x0, 0x0, 0x0, 0x5, 0xfc, 0x0, 0x0, 0x0,
    0x0, 0x20, 0x0, 0x0, 0x0, 0x0, 0x0, 0x0,
    0x0, 0x0, 0x0, 0x0, 0x0, 0x0, 0x0, 0x0,
    0x0, 0x0, 0x0, 0x14, 0x0, 0x0, 0x1, 0x40,
    0xef, 0x40, 0x0, 0xe, 0xf4, 0xbf, 0x30, 0x0,
    0xb, 0xf3, 0x0, 0x0, 0x0, 0x0, 0x0,

    /* U+2235 "∵" */
    0x1, 0x0, 0x0, 0x0, 0x10, 0xcf, 0x30, 0x0,
    0xc, 0xf3, 0xdf, 0x40, 0x0, 0xd, 0xf4, 0x2,
    0x0, 0x0, 0x0, 0x20, 0x0, 0x0, 0x0, 0x0,
    0x0, 0x0, 0x0, 0x0, 0x0, 0x0, 0x0, 0x0,
    0x0, 0x0, 0x0, 0x0, 0x0, 0x41, 0x0, 0x0,
    0x0, 0x6, 0xfd, 0x0, 0x0, 0x0, 0x3, 0xfa,
    0x0, 0x0, 0x0, 0x0, 0x0, 0x0, 0x0,

    /* U+2236 "∶" */
    0x1, 0xc, 0xf3, 0xdf, 0x40, 0x20, 0x0, 0x0,
    0x0, 0x0, 0x2, 0x40, 0xef, 0x5b, 0xf3, 0x0,
    0x0,

    /* U+2237 "∷" */
    0x1, 0x0, 0x0, 0x0, 0x10, 0xcf, 0x30, 0x0,
    0xc, 0xf3, 0xdf, 0x40, 0x0, 0xd, 0xf4, 0x2,
    0x0, 0x0, 0x0, 0x20, 0x0, 0x0, 0x0, 0x0,
    0x0, 0x0, 0x0, 0x0, 0x0, 0x0, 0x0, 0x0,
    0x0, 0x0, 0x0, 0x24, 0x0, 0x0, 0x2, 0x40,
    0xef, 0x50, 0x0, 0xe, 0xf5, 0xbf, 0x30, 0x0,
    0xb, 0xf3, 0x0, 0x0, 0x0, 0x0, 0x0,

    /* U+2238 "∸" */
    0x0, 0x0, 0x10, 0x0, 0x0, 0x0, 0x4, 0xfb,
    0x0, 0x0, 0x0, 0x5, 0xfc, 0x0, 0x0, 0x0,
    0x0, 0x20, 0x0, 0x0, 0x44, 0x44, 0x44, 0x44,
    0x41, 0xff, 0xff, 0xff, 0xff, 0xf6, 0x22, 0x22,
    0x22, 0x22, 0x21,

    /* U+2239 "∹" */
    0x0, 0x0, 0x0, 0x0, 0x9b, 0x10, 0x0, 0x0,
    0x0, 0xf, 0xf4, 0x66, 0x66, 0x66, 0x50, 0x46,
    0xf, 0xff, 0xff, 0xfd, 0x0, 0x0, 0x0, 0x0,
    0x0, 0x0, 0x9b, 0x10, 0x0, 0x0, 0x0, 0xf,
    0xf4, 0x0, 0x0, 0x0, 0x0, 0x46, 0x0,

    /* U+223A "∺" */
    0x1, 0x0, 0x0, 0x0, 0x10, 0xcf, 0x30, 0x0,
    0xc, 0xf3, 0xdf, 0x40, 0x0, 0xd, 0xf4, 0x2,
    0x0, 0x0, 0x0, 0x20, 0x44, 0x44, 0x44, 0x44,
    0x41, 0xff, 0xff, 0xff, 0xff, 0xf6, 0x22, 0x22,
    0x22, 0x22, 0x20, 0x24, 0x0, 0x0, 0x2, 0x40,
    0xef, 0x50, 0x0, 0xe, 0xf5, 0xbf, 0x30, 0x0,
    0xb, 0xf3, 0x0, 0x0, 0x0, 0x0, 0x0,

    /* U+223B "∻" */
    0x0, 0x3, 0xe8, 0x0, 0x0, 0x0, 0x6, 0xfd,
    0x0, 0x0, 0x0, 0x0, 0x52, 0x0, 0x0, 0x3b,
    0xdb, 0x61, 0x0, 0x34, 0xfc, 0x9c, 0xff, 0xcc,
    0xf5, 0x50, 0x0, 0x28, 0xbb, 0x50, 0x0, 0x0,
    0x73, 0x0, 0x0, 0x0, 0x6, 0xfd, 0x0, 0x0,
    0x0, 0x2, 0xc7, 0x0, 0x0,

    /* U+223C "∼" */
    0x29, 0xb9, 0x40, 0x0, 0x13, 0xed, 0xbe, 0xfe,
    0xaa, 0xf6, 0x70, 0x0, 0x49, 0xcc, 0x70,

    /* U+223D "∽" */
    0x50, 0x0, 0x27, 0xab, 0x60, 0xfc, 0x9c, 0xff,
    0xcc, 0xf5, 0x3b, 0xdb, 0x61, 0x0, 0x34,

    /* U+223E "∾" */
    0x1, 0x54, 0x10, 0x0, 0x5, 0x10, 0x3e, 0xff,
    0xe3, 0x0, 0x1f, 0xe3, 0xcb, 0x0, 0x9e, 0x10,
    0x0, 0xcb, 0xf6, 0x0, 0xb, 0xb0, 0x0, 0x7d,
    0xcb, 0x0, 0x1, 0xe9, 0x11, 0xdb, 0x3f, 0xf0,
    0x0, 0x2d, 0xff, 0xe2, 0x1, 0x50, 0x0, 0x0,
    0x34, 0x0,

    /* U+223F "∿" */
    0x9, 0xee, 0x70, 0x0, 0x0, 0x0, 0x9e, 0x78,
    0xf5, 0x0, 0x0, 0x0, 0xe7, 0x0, 0x9b, 0x0,
    0x0, 0x0, 0xf5, 0x0, 0x5f, 0x0, 0x0, 0x0,
    0xf5, 0x0, 0x2f, 0x20, 0x0, 0x0, 0x72, 0x0,
    0xf, 0x50, 0x0, 0x82, 0x0, 0x0, 0xd, 0x80,
    0x0, 0xf5, 0x0, 0x0, 0xa, 0xb0, 0x0, 0xf4,
    0x0, 0x0, 0x6, 0xf0, 0x2, 0xf3, 0x0, 0x0,
    0x1, 0xeb, 0x7c, 0xd0, 0x0, 0x0, 0x0, 0x3c,
    0xeb, 0x20,

    /* U+2240 "≀" */
    0x43, 0x5, 0xf5, 0xd, 0xb0, 0xcc, 0xf, 0xa5,
    0xf5, 0xaf, 0xe, 0xb0, 0xf9, 0xb, 0xe0, 0x2b,
    0x60,

    /* U+2241 "≁" */
    0x0, 0x0, 0x0, 0x0, 0x0, 0x0, 0x0, 0x4,
    0xd0, 0x0, 0x0, 0x0, 0xd, 0x90, 0x0, 0x29,
    0xb9, 0x9e, 0x10, 0x13, 0xed, 0xbe, 0xff, 0xaa,
    0xf6, 0x70, 0x8, 0xea, 0xdc, 0x70, 0x0, 0x1f,
    0x50, 0x0, 0x0, 0x0, 0x7c, 0x0, 0x0, 0x0,
    0x0, 0x1, 0x0, 0x0, 0x0,

    /* U+2242 "≂" */
    0x23, 0x33, 0x33, 0x33, 0x31, 0xff, 0xff, 0xff,
    0xff, 0xf6, 0x33, 0x33, 0x33, 0x33, 0x31, 0x5,
    0x76, 0x10, 0x0, 0x2, 0xcf, 0xff, 0xfb, 0x66,
    0xc6, 0xa1, 0x2, 0x7d, 0xff, 0xb1, 0x0, 0x0,
    0x0, 0x0, 0x0,

    /* U+2243 "≃" */
    0x1, 0x20, 0x0, 0x0, 0x0, 0x8f, 0xff, 0xb6,
    0x11, 0x86, 0xe7, 0x47, 0xdf, 0xff, 0xf3, 0x10,
    0x0, 0x2, 0x55, 0x10, 0x55, 0x55, 0x55, 0x55,
    0x52, 0xff, 0xff, 0xff, 0xff, 0xf6, 0x11, 0x11,
    0x11, 0x11, 0x10,

    /* U+2244 "≄" */
    0x0, 0x0, 0x0, 0x30, 0x0, 0x0, 0x0, 0x2,
    0xf3, 0x0, 0x1, 0x20, 0x9, 0xd0, 0x0, 0x8f,
    0xff, 0xbe, 0x81, 0x86, 0xe6, 0x47, 0xdf, 0xff,
    0xf3, 0x10, 0x0, 0xbb, 0x55, 0x10, 0x55, 0x56,
    0xf9, 0x55, 0x52, 0xff, 0xff, 0xff, 0xff, 0xf6,
    0x11, 0x1e, 0x81, 0x11, 0x10, 0x0, 0x4f, 0x20,
    0x0, 0x0, 0x0, 0xac, 0x0, 0x0, 0x0, 0x0,
    0x23, 0x0, 0x0, 0x0,

    /* U+2245 "≅" */
    0x29, 0xb9, 0x40, 0x0, 0x23, 0xed, 0xbe, 0xfe,
    0xaa, 0xf6, 0x70, 0x0, 0x49, 0xcc, 0x70, 0x0,
    0x0, 0x0, 0x0, 0x0, 0xff, 0xff, 0xff, 0xff,
    0xf6, 0x77, 0x77, 0x77, 0x77, 0x73, 0x0, 0x0,
    0x0, 0x0, 0x0, 0xff, 0xff, 0xff, 0xff, 0xf6,
    0x77, 0x77, 0x77, 0x77, 0x73,

    /* U+2246 "≆" */
    0x29, 0xb9, 0x40, 0x0, 0x23, 0xed, 0xbe, 0xfe,
    0xaa, 0xf6, 0x70, 0x0, 0x49, 0xcc, 0x70, 0x0,
    0x0, 0x8, 0x40, 0x0, 0xff, 0xff, 0xff, 0xff,
    0xf6, 0x77, 0x77, 0xdd, 0x77, 0x73, 0x0, 0x2,
    0xf4, 0x0, 0x0, 0xff, 0xff, 0xff, 0xff, 0xf6,
    0x77, 0x9f, 0x97, 0x77, 0x73, 0x0, 0x9d, 0x0,
    0x0, 0x0, 0x0, 0x85, 0x0, 0x0, 0x0,

    /* U+2247 "≇" */
    0x0, 0x0, 0x0, 0x21, 0x0, 0x0, 0x0, 0x0,
    0xc9, 0x0, 0x29, 0xb9, 0x43, 0xf3, 0x23, 0xed,
    0xbe, 0xff, 0xfa, 0xf6, 0x70, 0x0, 0x4f, 0xec,
    0x70, 0x0, 0x0, 0x5f, 0x10, 0x0, 0xff, 0xff,
    0xff, 0xff, 0xf6, 0x77, 0x79, 0xf9, 0x77, 0x73,
    0x0, 0x8, 0xd0, 0x0, 0x0, 0xff, 0xff, 0xff,
    0xff, 0xf6, 0x77, 0xbf, 0x77, 0x77, 0x73, 0x0,
    0xba, 0x0, 0x0, 0x0, 0x0, 0x94, 0x0, 0x0,
    0x0,

    /* U+2248 "≈" */
    0x29, 0xb9, 0x50, 0x0, 0x14, 0xed, 0xbe, 0xfe,
    0xaa, 0xf6, 0x70, 0x0, 0x49, 0xcc, 0x70, 0x0,
    0x0, 0x0, 0x0, 0x0, 0x2a, 0xca, 0x50, 0x0,
    0x24, 0xed, 0xbe, 0xfe, 0xaa, 0xf6, 0x70, 0x0,
    0x49, 0xcc, 0x70,

    /* U+2249 "≉" */
    0x0, 0x0, 0x0, 0x67, 0x0, 0x0, 0x0, 0x0,
    0xe8, 0x0, 0x29, 0xb9, 0x57, 0xf1, 0x14, 0xed,
    0xbe, 0xff, 0xea, 0xf6, 0x70, 0x0, 0x8f, 0xdc,
    0x70, 0x0, 0x0, 0xca, 0x0, 0x0, 0x2a, 0xcb,
    0xf3, 0x0, 0x24, 0xed, 0xbf, 0xfe, 0xaa, 0xf6,
    0x70, 0x3f, 0x7a, 0xcc, 0x70, 0x0, 0xac, 0x0,
    0x0, 0x0, 0x0, 0xb5, 0x0, 0x0, 0x0, 0x0,
    0x0, 0x0, 0x0, 0x0,

    /* U+224A "≊" */
    0x29, 0xb9, 0x40, 0x0, 0x24, 0xed, 0xbe, 0xfe,
    0xaa, 0xf6, 0x70, 0x0, 0x49, 0xcc, 0x70, 0x6,
    0x86, 0x20, 0x0, 0x2, 0xdf, 0xdf, 0xfc, 0x88,
    0xd6, 0x90, 0x1, 0x6b, 0xff, 0x90, 0x0, 0x0,
    0x0, 0x0, 0x0, 0xff, 0xff, 0xff, 0xff, 0xf6,
    0x77, 0x77, 0x77, 0x77, 0x73,

    /* U+224B "≋" */
    0x0, 0x10, 0x0, 0x0, 0x0, 0x6e, 0xff, 0xa4,
    0x0, 0x66, 0xe8, 0x69, 0xef, 0xff, 0xf4, 0x20,
    0x0, 0x4, 0x77, 0x20, 0x2b, 0xdb, 0x50, 0x0,
    0x24, 0xfd, 0xbe, 0xfe, 0xaa, 0xf6, 0x70, 0x0,
    0x49, 0xcc, 0x70, 0x6, 0x97, 0x20, 0x0, 0x13,
    0xee, 0xcf, 0xfd, 0x99, 0xe6, 0x80, 0x0, 0x5a,
    0xdd, 0x80,

    /* U+224C "≌" */
    0x50, 0x0, 0x27, 0xab, 0x50, 0xfc, 0x9c, 0xff,
    0xcc, 0xf5, 0x3b, 0xdb, 0x61, 0x0, 0x24, 0x0,
    0x0, 0x0, 0x0, 0x0, 0xff, 0xff, 0xff, 0xff,
    0xf6, 0x77, 0x77, 0x77, 0x77, 0x73, 0x0, 0x0,
    0x0, 0x0, 0x0, 0xff, 0xff, 0xff, 0xff, 0xf6,
    0x77, 0x77, 0x77, 0x77, 0x73,

    /* U+224D "≍" */
    0x44, 0x0, 0x0, 0x1, 0x70, 0xaf, 0xea, 0x99,
    0xcf, 0xe2, 0x3, 0x8c, 0xdc, 0xa6, 0x0, 0x0,
    0x0, 0x0, 0x0, 0x0, 0x3, 0x8c, 0xdc, 0xa5,
    0x0, 0xaf, 0xea, 0x99, 0xcf, 0xe2, 0x44, 0x0,
    0x0, 0x1, 0x70,

    /* U+224E "≎" */
    0x0, 0x0, 0x0, 0x0, 0x0, 0x0, 0x3d, 0xff,
    0x80, 0x0, 0x0, 0xed, 0x59, 0xf4, 0x0, 0x34,
    0xf5, 0x0, 0xf9, 0x31, 0xff, 0xf5, 0x0, 0xef,
    0xf6, 0x23, 0x30, 0x0, 0x23, 0x31, 0x0, 0x0,
    0x0, 0x0, 0x0, 0x44, 0x41, 0x0, 0x34, 0x41,
    0xff, 0xf5, 0x0, 0xef, 0xf6, 0x23, 0xf6, 0x0,
    0xf8, 0x20, 0x0, 0xde, 0x7b, 0xf3, 0x0, 0x0,
    0x3c, 0xfe, 0x70, 0x0, 0x0, 0x0, 0x0, 0x0,
    0x0,

    /* U+224F "≏" */
    0x0, 0x0, 0x10, 0x0, 0x0, 0x0, 0x4e, 0xff,
    0x90, 0x0, 0x0, 0xed, 0x59, 0xf5, 0x0, 0x45,
    0xf5, 0x0, 0xea, 0x41, 0xff, 0xf5, 0x0, 0xef,
    0xf6, 0x22, 0x20, 0x0, 0x22, 0x21, 0x0, 0x0,
    0x0, 0x0, 0x0, 0x44, 0x44, 0x44, 0x44, 0x41,
    0xff, 0xff, 0xff, 0xff, 0xf6, 0x22, 0x22, 0x22,
    0x22, 0x20,

    /* U+2250 "≐" */
    0x0, 0x0, 0x10, 0x0, 0x0, 0x0, 0x4, 0xfb,
    0x0, 0x0, 0x0, 0x5, 0xfc, 0x0, 0x0, 0x0,
    0x0, 0x20, 0x0, 0x0, 0x44, 0x44, 0x44, 0x44,
    0x41, 0xff, 0xff, 0xff, 0xff, 0xf6, 0x22, 0x22,
    0x22, 0x22, 0x21, 0x0, 0x0, 0x0, 0x0, 0x0,
    0x44, 0x44, 0x44, 0x44, 0x41, 0xff, 0xff, 0xff,
    0xff, 0xf6, 0x22, 0x22, 0x22, 0x22, 0x20,

    /* U+2251 "≑" */
    0x0, 0x0, 0x10, 0x0, 0x0, 0x0, 0x4, 0xfb,
    0x0, 0x0, 0x0, 0x5, 0xfc, 0x0, 0x0, 0x0,
    0x0, 0x20, 0x0, 0x0, 0x44, 0x44, 0x44, 0x44,
    0x41, 0xff, 0xff, 0xff, 0xff, 0xf6, 0x22, 0x22,
    0x22, 0x22, 0x21, 0x0, 0x0, 0x0, 0x0, 0x0,
    0x44, 0x44, 0x44, 0x44, 0x41, 0xff, 0xff, 0xff,
    0xff, 0xf6, 0x22, 0x22, 0x22, 0x22, 0x20, 0x0,
    0x0, 0x41, 0x0, 0x0, 0x0, 0x6, 0xfd, 0x0,
    0x0, 0x0, 0x3, 0xfa, 0x0, 0x0, 0x0, 0x0,
    0x0, 0x0, 0x0,

    /* U+2252 "≒" */
    0x1, 0x0, 0x0, 0x0, 0x0, 0xcf, 0x30, 0x0,
    0x0, 0x0, 0xdf, 0x40, 0x0, 0x0, 0x0, 0x2,
    0x0, 0x0, 0x0, 0x0, 0x44, 0x44, 0x44, 0x44,
    0x41, 0xff, 0xff, 0xff, 0xff, 0xf6, 0x22, 0x22,
    0x22, 0x22, 0x21, 0x0, 0x0, 0x0, 0x0, 0x0,
    0x44, 0x44, 0x44, 0x44, 0x41, 0xff, 0xff, 0xff,
    0xff, 0xf6, 0x22, 0x22, 0x22, 0x22, 0x20, 0x0,
    0x0, 0x0, 0x2, 0x40, 0x0, 0x0, 0x0, 0xe,
    0xf5, 0x0, 0x0, 0x0, 0xb, 0xf3, 0x0, 0x0,
    0x0, 0x0, 0x0,

    /* U+2253 "≓" */
    0x0, 0x0, 0x0, 0x0, 0x10, 0x0, 0x0, 0x0,
    0xc, 0xf3, 0x0, 0x0, 0x0, 0xd, 0xf4, 0x0,
    0x0, 0x0, 0x0, 0x20, 0x44, 0x44, 0x44, 0x44,
    0x41, 0xff, 0xff, 0xff, 0xff, 0xf6, 0x22, 0x22,
    0x22, 0x22, 0x21, 0x0, 0x0, 0x0, 0x0, 0x0,
    0x44, 0x44, 0x44, 0x44, 0x41, 0xff, 0xff, 0xff,
    0xff, 0xf6, 0x22, 0x22, 0x22, 0x22, 0x20, 0x24,
    0x0, 0x0, 0x0, 0x0, 0xef, 0x50, 0x0, 0x0,
    0x0, 0xbf, 0x30, 0x0, 0x0, 0x0, 0x0, 0x0,
    0x0, 0x0, 0x0,

    /* U+2254 "≔" */
    0x7a, 0x11, 0x44, 0x44, 0x44, 0x43, 0xef, 0x54,
    0xff, 0xff, 0xff, 0xfe, 0x58, 0x0, 0x22, 0x22,
    0x22, 0x22, 0x0, 0x0, 0x0, 0x0, 0x0, 0x0,
    0x7a, 0x11, 0x44, 0x44, 0x44, 0x44, 0xef, 0x54,
    0xff, 0xff, 0xff, 0xfe, 0x58, 0x0, 0x22, 0x22,
    0x22, 0x22,

    /* U+2255 "≕" */
    0x44, 0x44, 0x44, 0x44, 0x4, 0xb3, 0xff, 0xff,
    0xff, 0xff, 0x3b, 0xf9, 0x22, 0x22, 0x22, 0x22,
    0x3, 0x92, 0x0, 0x0, 0x0, 0x0, 0x0, 0x0,
    0x44, 0x44, 0x44, 0x44, 0x4, 0xb3, 0xff, 0xff,
    0xff, 0xff, 0x3b, 0xf9, 0x22, 0x22, 0x22, 0x22,
    0x3, 0x92,

    /* U+2256 "≖" */
    0x44, 0x44, 0x44, 0x44, 0x41, 0xff, 0xff, 0xff,
    0xff, 0xf6, 0x22, 0xac, 0x38, 0xf2, 0x21, 0x0,
    0xb7, 0x1, 0xf1, 0x0, 0x44, 0xad, 0x5a, 0xf4,
    0x41, 0xff, 0xff, 0xff, 0xff, 0xf6, 0x22, 0x22,
    0x22, 0x22, 0x20,

    /* U+2257 "≗" */
    0x0, 0x0, 0x31, 0x0, 0x0, 0x0, 0xc, 0xef,
    0x50, 0x0, 0x0, 0x8b, 0x3, 0xf0, 0x0, 0x0,
    0xa7, 0x0, 0xf2, 0x0, 0x0, 0x5e, 0x59, 0xd0,
    0x0, 0x0, 0x6, 0xdb, 0x10, 0x0, 0x44, 0x44,
    0x44, 0x44, 0x41, 0xff, 0xff, 0xff, 0xff, 0xf6,
    0x22, 0x22, 0x22, 0x22, 0x21, 0x0, 0x0, 0x0,
    0x0, 0x0, 0x44, 0x44, 0x44, 0x44, 0x41, 0xff,
    0xff, 0xff, 0xff, 0xf6, 0x22, 0x22, 0x22, 0x22,
    0x20,

    /* U+2258 "≘" */
    0x0, 0x37, 0x88, 0x51, 0x0, 0x4d, 0xff, 0xef,
    0xff, 0x80, 0x9b, 0x40, 0x0, 0x28, 0xd1, 0x0,
    0x0, 0x0, 0x0, 0x0, 0x44, 0x44, 0x44, 0x44,
    0x41, 0xff, 0xff, 0xff, 0xff, 0xf6, 0x22, 0x22,
    0x22, 0x22, 0x21, 0x0, 0x0, 0x0, 0x0, 0x0,
    0x44, 0x44, 0x44, 0x44, 0x41, 0xff, 0xff, 0xff,
    0xff, 0xf6, 0x22, 0x22, 0x22, 0x22, 0x20,

    /* U+2259 "≙" */
    0x0, 0x0, 0x20, 0x0, 0x0, 0x0, 0x5, 0xfc,
    0x0, 0x0, 0x0, 0xd, 0xbf, 0x50, 0x0, 0x0,
    0x6f, 0x1a, 0xd0, 0x0, 0x0, 0xe9, 0x2, 0xf5,
    0x0, 0x7, 0xf1, 0x0, 0xae, 0x0, 0x4, 0x40,
    0x0, 0x15, 0x10, 0x44, 0x44, 0x44, 0x44, 0x41,
    0xff, 0xff, 0xff, 0xff, 0xf6, 0x22, 0x22, 0x22,
    0x22, 0x21, 0x0, 0x0, 0x0, 0x0, 0x0, 0x44,
    0x44, 0x44, 0x44, 0x41, 0xff, 0xff, 0xff, 0xff,
    0xf6, 0x22, 0x22, 0x22, 0x22, 0x20,

    /* U+225A "≚" */
    0x3, 0x30, 0x0, 0x14, 0x10, 0x8, 0xf1, 0x0,
    0x9e, 0x0, 0x0, 0xe8, 0x2, 0xf6, 0x0, 0x0,
    0x7f, 0x19, 0xd0, 0x0, 0x0, 0xe, 0xaf, 0x50,
    0x0, 0x0, 0x6, 0xfd, 0x0, 0x0, 0x0, 0x0,
    0x31, 0x0, 0x0, 0x66, 0x66, 0x66, 0x66, 0x62,
    0xff, 0xff, 0xff, 0xff, 0xf6, 0x0, 0x0, 0x0,
    0x0, 0x0, 0x0, 0x0, 0x0, 0x0, 0x0, 0x66,
    0x66, 0x66, 0x66, 0x62, 0xff, 0xff, 0xff, 0xff,
    0xf6,

    /* U+225B "≛" */
    0x0, 0x0, 0x10, 0x0, 0x0, 0x0, 0x0, 0x90,
    0x0, 0x0, 0x0, 0x0, 0xe5, 0x0, 0x0, 0x5,
    0xcc, 0xfe, 0xca, 0x10, 0x0, 0x5f, 0xff, 0xa0,
    0x0, 0x0, 0xe, 0xff, 0x50, 0x0, 0x0, 0x3c,
    0x27, 0xa0, 0x0, 0x0, 0x20, 0x0, 0x20, 0x0,
    0x44, 0x44, 0x44, 0x44, 0x41, 0xff, 0xff, 0xff,
    0xff, 0xf6, 0x22, 0x22, 0x22, 0x22, 0x21, 0x0,
    0x0, 0x0, 0x0, 0x0, 0x44, 0x44, 0x44, 0x44,
    0x41, 0xff, 0xff, 0xff, 0xff, 0xf6, 0x22, 0x22,
    0x22, 0x22, 0x20,

    /* U+225C "≜" */
    0x0, 0x0, 0xb3, 0x0, 0x0, 0x0, 0x4, 0xfb,
    0x0, 0x0, 0x0, 0xc, 0x7e, 0x30, 0x0, 0x0,
    0x5e, 0x8, 0xc0, 0x0, 0x0, 0xd7, 0x1, 0xf4,
    0x0, 0x5, 0xff, 0xff, 0xfc, 0x0, 0x0, 0x22,
    0x22, 0x21, 0x0, 0x44, 0x44, 0x44, 0x44, 0x41,
    0xff, 0xff, 0xff, 0xff, 0xf6, 0x22, 0x22, 0x22,
    0x22, 0x21, 0x0, 0x0, 0x0, 0x0, 0x0, 0x44,
    0x44, 0x44, 0x44, 0x41, 0xff, 0xff, 0xff, 0xff,
    0xf6, 0x22, 0x22, 0x22, 0x22, 0x20,

    /* U+225D "≝" */
    0x0, 0x80, 0x0, 0x3, 0xb2, 0x3, 0xd0, 0x23,
    0xa, 0x70, 0xb8, 0xf3, 0xcb, 0x8d, 0xa0, 0xe0,
    0xe7, 0xdb, 0x9a, 0x30, 0xd2, 0xf6, 0x90, 0x2a,
    0x30, 0x49, 0x80, 0x7a, 0x45, 0x20, 0x44, 0x44,
    0x44, 0x44, 0x41, 0xff, 0xff, 0xff, 0xff, 0xf5,
    0x22, 0x22, 0x22, 0x22, 0x20, 0x0, 0x0, 0x0,
    0x0, 0x0, 0x44, 0x44, 0x44, 0x44, 0x41, 0xff,
    0xff, 0xff, 0xff, 0xf5, 0x22, 0x22, 0x22, 0x22,
    0x20,

    /* U+225E "≞" */
    0x0, 0x0, 0x0, 0x0, 0x0, 0x0, 0xcb, 0xdb,
    0xe1, 0x0, 0x0, 0xc1, 0xb3, 0xa3, 0x0, 0x0,
    0xc1, 0xb2, 0xa3, 0x0, 0x0, 0x60, 0x51, 0x51,
    0x0, 0x44, 0x44, 0x44, 0x44, 0x41, 0xff, 0xff,
    0xff, 0xff, 0xf6, 0x22, 0x22, 0x22, 0x22, 0x21,
    0x0, 0x0, 0x0, 0x0, 0x0, 0x44, 0x44, 0x44,
    0x44, 0x41, 0xff, 0xff, 0xff, 0xff, 0xf6, 0x22,
    0x22, 0x22, 0x22, 0x20,

    /* U+225F "≟" */
    0x0, 0x3, 0x97, 0x0, 0x0, 0x0, 0x8, 0x4d,
    0x30, 0x0, 0x0, 0x0, 0x6b, 0x0, 0x0, 0x0,
    0x0, 0xb2, 0x0, 0x0, 0x0, 0x0, 0x81, 0x0,
    0x0, 0x0, 0x0, 0x10, 0x0, 0x0, 0x44, 0x44,
    0x44, 0x44, 0x41, 0xff, 0xff, 0xff, 0xff, 0xf6,
    0x22, 0x22, 0x22, 0x22, 0x21, 0x0, 0x0, 0x0,
    0x0, 0x0, 0x44, 0x44, 0x44, 0x44, 0x41, 0xff,
    0xff, 0xff, 0xff, 0xf6, 0x22, 0x22, 0x22, 0x22,
    0x20,

    /* U+2260 "≠" */
    0x0, 0x0, 0x1, 0xc2, 0x0, 0x0, 0x0, 0x7,
    0xe0, 0x0, 0x44, 0x44, 0x4d, 0xb4, 0x41, 0xff,
    0xff, 0xff, 0xff, 0xf6, 0x22, 0x22, 0xbc, 0x22,
    0x21, 0x0, 0x0, 0xf6, 0x0, 0x0, 0x44, 0x48,
    0xf5, 0x44, 0x41, 0xff, 0xff, 0xff, 0xff, 0xf6,
    0x22, 0x5f, 0x52, 0x22, 0x20, 0x0, 0x9d, 0x0,
    0x0, 0x0, 0x0, 0x76, 0x0, 0x0, 0x0,

    /* U+2261 "≡" */
    0xff, 0xff, 0xff, 0xff, 0xf6, 0x77, 0x77, 0x77,
    0x77, 0x73, 0x0, 0x0, 0x0, 0x0, 0x0, 0x44,
    0x44, 0x44, 0x44, 0x41, 0xff, 0xff, 0xff, 0xff,
    0xf6, 0x22, 0x22, 0x22, 0x22, 0x20, 0x0, 0x0,
    0x0, 0x0, 0x0, 0xff, 0xff, 0xff, 0xff, 0xf6,
    0x77, 0x77, 0x77, 0x77, 0x73,

    /* U+2262 "≢" */
    0x0, 0x0, 0x0, 0x0, 0x0, 0x0, 0x0, 0x0,
    0xb6, 0x0, 0x0, 0x0, 0x2, 0xf4, 0x0, 0xff,
    0xff, 0xff, 0xff, 0xf6, 0x77, 0x77, 0x7f, 0xb7,
    0x73, 0x0, 0x0, 0x4f, 0x20, 0x0, 0x44, 0x44,
    0xbe, 0x44, 0x41, 0xff, 0xff, 0xff, 0xff, 0xf6,
    0x22, 0x28, 0xf2, 0x22, 0x21, 0x0, 0xd, 0x90,
    0x0, 0x0, 0xff, 0xff, 0xff, 0xff, 0xf6, 0x77,
    0xdd, 0x77, 0x77, 0x73, 0x1, 0xf6, 0x0, 0x0,
    0x0, 0x0, 0x50, 0x0, 0x0, 0x0,

    /* U+2263 "≣" */
    0x77, 0x77, 0x77, 0x77, 0x73, 0xff, 0xff, 0xff,
    0xff, 0xf6, 0x0, 0x0, 0x0, 0x0, 0x0, 0x0,
    0x0, 0x0, 0x0, 0x0, 0xff, 0xff, 0xff, 0xff,
    0xf6, 0x66, 0x66, 0x66, 0x66, 0x62, 0x0, 0x0,
    0x0, 0x0, 0x0, 0x77, 0x77, 0x77, 0x77, 0x73,
    0xff, 0xff, 0xff, 0xff, 0xf6, 0x0, 0x0, 0x0,
    0x0, 0x0, 0x1, 0x11, 0x11, 0x11, 0x10, 0xff,
    0xff, 0xff, 0xff, 0xf6, 0x55, 0x55, 0x55, 0x55,
    0x52,

    /* U+2264 "≤" */
    0x0, 0x0, 0x0, 0x0, 0x1, 0x0, 0x0, 0x0,
    0x5, 0xc7, 0x0, 0x0, 0x5, 0xdf, 0xb2, 0x0,
    0x5, 0xdf, 0xa2, 0x0, 0x5, 0xdf, 0x92, 0x0,
    0x0, 0xdf, 0x91, 0x0, 0x0, 0x0, 0x9f, 0xe8,
    0x10, 0x0, 0x0, 0x1, 0x8e, 0xfa, 0x30, 0x0,
    0x0, 0x0, 0x6d, 0xfd, 0x60, 0x0, 0x0, 0x0,
    0x4b, 0xf7, 0x0, 0x0, 0x0, 0x0, 0x23, 0x77,
    0x77, 0x77, 0x77, 0x73, 0xef, 0xff, 0xff, 0xff,
    0xf6,

    /* U+2265 "≥" */
    0x10, 0x0, 0x0, 0x0, 0x0, 0xe8, 0x10, 0x0,
    0x0, 0x0, 0x8e, 0xf8, 0x10, 0x0, 0x0, 0x0,
    0x7e, 0xf8, 0x10, 0x0, 0x0, 0x0, 0x6d, 0xf8,
    0x10, 0x0, 0x0, 0x0, 0x5d, 0xf4, 0x0, 0x0,
    0x4, 0xbf, 0xd3, 0x0, 0x17, 0xdf, 0xb4, 0x0,
    0x39, 0xff, 0x92, 0x0, 0x0, 0xfe, 0x71, 0x0,
    0x0, 0x0, 0x50, 0x0, 0x0, 0x0, 0x0, 0x77,
    0x77, 0x77, 0x77, 0x73, 0xff, 0xff, 0xff, 0xff,
    0xf6,

    /* U+2266 "≦" */
    0x0, 0x0, 0x0, 0x2, 0x85, 0x0, 0x0, 0x17,
    0xcf, 0xe4, 0x0, 0x5b, 0xfe, 0x93, 0x0, 0xaf,
    0xe9, 0x40, 0x0, 0x0, 0xbf, 0xd8, 0x30, 0x0,
    0x0, 0x1, 0x6c, 0xfd, 0x82, 0x0, 0x0, 0x0,
    0x28, 0xdf, 0xd4, 0x0, 0x0, 0x0, 0x3, 0x95,
    0x77, 0x77, 0x77, 0x77, 0x73, 0xff, 0xff, 0xff,
    0xff, 0xf6, 0x0, 0x0, 0x0, 0x0, 0x0, 0x77,
    0x77, 0x77, 0x77, 0x73, 0xff, 0xff, 0xff, 0xff,
    0xf6,

    /* U+2267 "≧" */
    0xa5, 0x0, 0x0, 0x0, 0x0, 0xbf, 0xf9, 0x40,
    0x0, 0x0, 0x1, 0x6c, 0xfe, 0x82, 0x0, 0x0,
    0x0, 0x16, 0xcf, 0xd3, 0x0, 0x0, 0x16, 0xbf,
    0xd3, 0x1, 0x6b, 0xfe, 0x93, 0x0, 0xbf, 0xfa,
    0x40, 0x0, 0x0, 0xb5, 0x0, 0x0, 0x0, 0x0,
    0x77, 0x77, 0x77, 0x77, 0x73, 0xef, 0xff, 0xff,
    0xff, 0xf6, 0x0, 0x0, 0x0, 0x0, 0x0, 0x77,
    0x77, 0x77, 0x77, 0x73, 0xff, 0xff, 0xff, 0xff,
    0xf6,

    /* U+2268 "≨" */
    0x0, 0x0, 0x0, 0x2, 0x85, 0x0, 0x0, 0x17,
    0xcf, 0xe4, 0x0, 0x5b, 0xfe, 0x93, 0x0, 0xaf,
    0xe9, 0x40, 0x0, 0x0, 0xbf, 0xd8, 0x30, 0x0,
    0x0, 0x1, 0x6c, 0xfd, 0x82, 0x0, 0x0, 0x0,
    0x28, 0xdf, 0xd4, 0x0, 0x0, 0x5, 0x33, 0x95,
    0x77, 0x77, 0x7e, 0xc7, 0x73, 0xef, 0xff, 0xff,
    0xff, 0xf6, 0x0, 0x0, 0xe7, 0x0, 0x0, 0x77,
    0x7a, 0xf8, 0x77, 0x73, 0xef, 0xff, 0xff, 0xff,
    0xf6, 0x0, 0x6f, 0x0, 0x0, 0x0, 0x0, 0x78,
    0x0, 0x0, 0x0,

    /* U+2269 "≩" */
    0xa5, 0x0, 0x0, 0x0, 0x0, 0xbf, 0xf9, 0x40,
    0x0, 0x0, 0x1, 0x6c, 0xfe, 0x82, 0x0, 0x0,
    0x0, 0x16, 0xcf, 0xd3, 0x0, 0x0, 0x16, 0xbf,
    0xd3, 0x1, 0x6b, 0xfe, 0x93, 0x0, 0xbf, 0xfa,
    0x40, 0x0, 0x0, 0xb5, 0x0, 0x6, 0x30, 0x0,
    0x77, 0x77, 0x7f, 0xc7, 0x73, 0xef, 0xff, 0xff,
    0xff, 0xf6, 0x0, 0x0, 0xe7, 0x0, 0x0, 0x77,
    0x7a, 0xf8, 0x77, 0x73, 0xff, 0xff, 0xff, 0xff,
    0xf6, 0x0, 0x7e, 0x0, 0x0, 0x0, 0x0, 0x77,
    0x0, 0x0, 0x0,

    /* U+226A "≪" */
    0x0, 0x0, 0x0, 0x0, 0x14, 0x0, 0x0, 0x5,
    0x0, 0x0, 0x0, 0x1, 0x8f, 0xa0, 0x0, 0x5d,
    0xf0, 0x0, 0x0, 0x7, 0xff, 0x81, 0x4, 0xcf,
    0xb3, 0x0, 0x0, 0x7e, 0xf8, 0x10, 0x4c, 0xfc,
    0x30, 0x0, 0x7, 0xef, 0x91, 0x3, 0xcf, 0xc4,
    0x0, 0x0, 0x6, 0xff, 0x30, 0x0, 0xff, 0x90,
    0x0, 0x0, 0x0, 0x7, 0xef, 0x91, 0x3, 0xcf,
    0xc4, 0x0, 0x0, 0x0, 0x0, 0x7e, 0xf8, 0x10,
    0x4c, 0xfc, 0x30, 0x0, 0x0, 0x0, 0x8, 0xff,
    0x81, 0x4, 0xcf, 0xb3, 0x0, 0x0, 0x0, 0x1,
    0x8f, 0xa0, 0x0, 0x5d, 0xf0, 0x0, 0x0, 0x0,
    0x0, 0x14, 0x0, 0x0, 0x5, 0x0,

    /* U+226B "≫" */
    0x32, 0x0, 0x0, 0x5, 0x0, 0x0, 0x0, 0x0,
    0x5, 0xfa, 0x20, 0x0, 0xfd, 0x50, 0x0, 0x0,
    0x0, 0x6, 0xef, 0xa2, 0x3, 0xbf, 0xd5, 0x0,
    0x0, 0x0, 0x0, 0x6e, 0xf9, 0x10, 0x3b, 0xfc,
    0x40, 0x0, 0x0, 0x0, 0x7, 0xef, 0x91, 0x3,
    0xbf, 0xc4, 0x0, 0x0, 0x0, 0x1, 0xdf, 0xa0,
    0x0, 0x8f, 0xf0, 0x0, 0x0, 0x7, 0xef, 0x91,
    0x3, 0xbf, 0xc4, 0x0, 0x0, 0x6e, 0xf9, 0x10,
    0x3b, 0xfc, 0x40, 0x0, 0x6, 0xef, 0xa2, 0x3,
    0xbf, 0xd5, 0x0, 0x0, 0x5, 0xfa, 0x20, 0x0,
    0xfd, 0x50, 0x0, 0x0, 0x0, 0x32, 0x0, 0x0,
    0x5, 0x0, 0x0, 0x0, 0x0, 0x0,

    /* U+226C "≬" */
    0x21, 0x1, 0x25, 0xf8, 0xf4, 0x9, 0xf8, 0x0,
    0xbf, 0xa0, 0x3f, 0x9f, 0x28, 0xd0, 0xe7, 0xc9,
    0xa, 0xbe, 0x70, 0x7d, 0xf6, 0x6, 0xee, 0x70,
    0x7d, 0xc9, 0xa, 0xb8, 0xe0, 0xe7, 0x2f, 0xaf,
    0x10, 0xaf, 0x90, 0xa, 0xf8, 0x7, 0xf6, 0xf5,
    0x0, 0x0, 0x0,

    /* U+226D "≭" */
    0x0, 0x0, 0x0, 0x77, 0x0, 0x0, 0x0, 0x0,
    0xe8, 0x0, 0x44, 0x0, 0x6, 0xf3, 0x60, 0xaf,
    0xea, 0x8e, 0xff, 0xe2, 0x4, 0x9c, 0xff, 0xa6,
    0x0, 0x0, 0x0, 0xda, 0x0, 0x0, 0x1, 0x59,
    0xfb, 0x73, 0x0, 0x8f, 0xff, 0xec, 0xff, 0xc2,
    0x67, 0x4f, 0x30, 0x4, 0x90, 0x0, 0xbc, 0x0,
    0x0, 0x0, 0x0, 0xc5, 0x0, 0x0, 0x0, 0x0,
    0x0, 0x0, 0x0, 0x0,

    /* U+226E "≮" */
    0x0, 0x0, 0x0, 0x82, 0x0, 0x0, 0x0, 0x1,
    0xf3, 0x0, 0x0, 0x0, 0x5, 0xf0, 0x0, 0x0,
    0x0, 0x9, 0xb0, 0x0, 0x0, 0x0, 0xe, 0x70,
    0x33, 0x0, 0x0, 0x2f, 0x6b, 0xf6, 0x0, 0x0,
    0xaf, 0xfc, 0x40, 0x0, 0x3b, 0xff, 0x40, 0x0,
    0x3b, 0xfa, 0xf6, 0x0, 0x0, 0xff, 0x73, 0xf2,
    0x0, 0x0, 0x3a, 0xff, 0xf1, 0x0, 0x0, 0x0,
    0x2f, 0xff, 0xa3, 0x0, 0x0, 0xf, 0x66, 0xdf,
    0xc3, 0x0, 0x3f, 0x10, 0x5, 0xc6, 0x0, 0x7d,
    0x0, 0x0, 0x0, 0x0, 0xc9, 0x0, 0x0, 0x0,
    0x0, 0xa4, 0x0, 0x0, 0x0,

    /* U+226F "≯" */
    0x0, 0x0, 0x3, 0x50, 0x0, 0x0, 0x0, 0x9,
    0xb0, 0x0, 0x0, 0x0, 0xe, 0x70, 0x0, 0x60,
    0x0, 0x2f, 0x30, 0x0, 0xfe, 0x70, 0x6e, 0x0,
    0x0, 0x19, 0xfe, 0xfb, 0x0, 0x0, 0x0, 0x18,
    0xff, 0x70, 0x0, 0x0, 0x3, 0xf9, 0xee, 0x70,
    0x0, 0x7, 0xe0, 0x2d, 0xf6, 0x0, 0xb, 0xeb,
    0xfd, 0x60, 0x1, 0x7f, 0xfb, 0x40, 0x0, 0x9f,
    0xff, 0x40, 0x0, 0x0, 0xe8, 0x9d, 0x0, 0x0,
    0x0, 0x0, 0xc9, 0x0, 0x0, 0x0, 0x0, 0xf5,
    0x0, 0x0, 0x0, 0x4, 0xf1, 0x0, 0x0, 0x0,
    0x5, 0xb0, 0x0, 0x0, 0x0,

    /* U+2270 "≰" */
    0x0, 0x0, 0x0, 0x0, 0x0, 0x0, 0x0, 0x1,
    0xf2, 0x0, 0x0, 0x0, 0x6, 0xf0, 0x1, 0x0,
    0x0, 0xa, 0xb5, 0xc7, 0x0, 0x0, 0xf, 0xff,
    0xb2, 0x0, 0x5, 0xff, 0xd2, 0x0, 0x5, 0xdf,
    0xff, 0x0, 0x0, 0xdf, 0x91, 0xaa, 0x0, 0x0,
    0x9f, 0xe8, 0xf6, 0x0, 0x0, 0x1, 0x8f, 0xfc,
    0x30, 0x0, 0x0, 0x7, 0xfd, 0xfd, 0x60, 0x0,
    0xb, 0x90, 0x4b, 0xf7, 0x0, 0xf, 0x50, 0x0,
    0x23, 0x77, 0xbf, 0x97, 0x77, 0x73, 0xef, 0xff,
    0xff, 0xff, 0xf6, 0x0, 0xc9, 0x0, 0x0, 0x0,
    0x0, 0xf5, 0x0, 0x0, 0x0, 0x0, 0x30, 0x0,
    0x0, 0x0,

    /* U+2271 "≱" */
    0x0, 0x0, 0x2, 0x30, 0x0, 0x0, 0x0, 0x9,
    0xc0, 0x0, 0x10, 0x0, 0xd, 0x80, 0x0, 0xe8,
    0x10, 0x1f, 0x30, 0x0, 0x8e, 0xf8, 0x6f, 0x0,
    0x0, 0x0, 0x7e, 0xff, 0x10, 0x0, 0x0, 0x0,
    0xff, 0xf8, 0x10, 0x0, 0x2, 0xf3, 0x5d, 0xf4,
    0x0, 0x6, 0xf4, 0xbf, 0xd3, 0x0, 0x1f, 0xff,
    0xb4, 0x0, 0x39, 0xff, 0xf2, 0x0, 0x0, 0xfe,
    0xaf, 0x20, 0x0, 0x0, 0x50, 0x7e, 0x0, 0x0,
    0x0, 0x77, 0xff, 0x77, 0x77, 0x73, 0xff, 0xff,
    0xff, 0xff, 0xf6, 0x3, 0xf1, 0x0, 0x0, 0x0,
    0x6, 0xd0, 0x0, 0x0, 0x0, 0x0, 0x0, 0x0,
    0x0, 0x0,

    /* U+2272 "≲" */
    0x0, 0x0, 0x0, 0x0, 0x1, 0x0, 0x0, 0x0,
    0x39, 0xe6, 0x0, 0x2, 0x7d, 0xfd, 0x81, 0x16,
    0xcf, 0xd8, 0x30, 0x0, 0xff, 0xc3, 0x0, 0x0,
    0x0, 0x5a, 0xfe, 0x93, 0x0, 0x0, 0x0, 0x16,
    0xcf, 0xe9, 0x30, 0x0, 0x0, 0x1, 0x7d, 0xf6,
    0x0, 0x0, 0x0, 0x0, 0x32, 0x6, 0x86, 0x20,
    0x0, 0x2, 0xdf, 0xef, 0xfc, 0x87, 0xd6, 0x91,
    0x1, 0x6c, 0xff, 0xa0, 0x0, 0x0, 0x0, 0x0,
    0x0,

    /* U+2273 "≳" */
    0x10, 0x0, 0x0, 0x0, 0x0, 0xfa, 0x50, 0x0,
    0x0, 0x0, 0x6b, 0xfe, 0x93, 0x0, 0x0, 0x0,
    0x16, 0xcf, 0xd8, 0x20, 0x0, 0x0, 0x1, 0x8f,
    0xf5, 0x0, 0x1, 0x6b, 0xfd, 0x81, 0x16, 0xbf,
    0xe9, 0x30, 0x0, 0xff, 0xa5, 0x0, 0x0, 0x0,
    0x60, 0x0, 0x0, 0x0, 0x0, 0x6, 0x86, 0x10,
    0x0, 0x2, 0xdf, 0xff, 0xfb, 0x76, 0xd6, 0xa1,
    0x2, 0x7c, 0xff, 0xa1, 0x0, 0x0, 0x0, 0x0,
    0x0,

    /* U+2274 "≴" */
    0x0, 0x0, 0x0, 0x34, 0x0, 0x0, 0x0, 0x0,
    0x9b, 0x0, 0x0, 0x0, 0x0, 0xe7, 0x1, 0x0,
    0x0, 0x2, 0xfc, 0xe6, 0x0, 0x2, 0x7f, 0xfd,
    0x81, 0x16, 0xcf, 0xdf, 0xd0, 0x0, 0xff, 0xc3,
    0xe, 0x60, 0x0, 0x5a, 0xfe, 0xcf, 0x20, 0x0,
    0x0, 0x16, 0xff, 0xe9, 0x30, 0x0, 0x0, 0xbb,
    0x7d, 0xf6, 0x0, 0x0, 0xf5, 0x0, 0x32, 0x6,
    0x8a, 0xf1, 0x0, 0x2, 0xdf, 0xef, 0xfc, 0x87,
    0xd6, 0x91, 0xd, 0xfc, 0xff, 0xa0, 0x0, 0xf,
    0x50, 0x0, 0x0, 0x0, 0x4f, 0x10, 0x0, 0x0,
    0x0, 0x6c, 0x0, 0x0, 0x0, 0x0, 0x0, 0x0,
    0x0, 0x0,

    /* U+2275 "≵" */
    0x0, 0x0, 0x0, 0x0, 0x0, 0x0, 0x0, 0x7,
    0xb0, 0x0, 0x0, 0x0, 0xb, 0x90, 0x0, 0x10,
    0x0, 0xf, 0x50, 0x0, 0xfa, 0x50, 0x4f, 0x10,
    0x0, 0x6b, 0xfe, 0xff, 0x0, 0x0, 0x0, 0x16,
    0xff, 0xd8, 0x20, 0x0, 0x0, 0xf6, 0x8f, 0xf5,
    0x0, 0x6, 0xfc, 0xfd, 0x81, 0x16, 0xbf, 0xf9,
    0x30, 0x0, 0xff, 0xaf, 0x80, 0x0, 0x0, 0x60,
    0x1f, 0x40, 0x0, 0x0, 0x6, 0xdf, 0x20, 0x0,
    0x2, 0xdf, 0xff, 0xfb, 0x76, 0xd6, 0xa1, 0xd9,
    0x7c, 0xff, 0xa1, 0x1, 0xf3, 0x0, 0x0, 0x0,
    0x6, 0xf0, 0x0, 0x0, 0x0, 0x2, 0x50, 0x0,
    0x0, 0x0,

    /* U+2276 "≶" */
    0x0, 0x0, 0x0, 0x0, 0x33, 0x0, 0x0, 0x2,
    0x8e, 0xf6, 0x0, 0x17, 0xcf, 0xd8, 0x30, 0x5b,
    0xfd, 0x83, 0x0, 0x0, 0xef, 0xc3, 0x0, 0x0,
    0x0, 0x5, 0xbf, 0xe9, 0x30, 0x0, 0x20, 0x1,
    0x6c, 0xfe, 0x92, 0xfd, 0x71, 0x0, 0x28, 0xd6,
    0x49, 0xef, 0xb5, 0x0, 0x0, 0x0, 0x4, 0x9e,
    0xfa, 0x40, 0x0, 0x0, 0x0, 0x7f, 0xf6, 0x0,
    0x3, 0x8d, 0xfb, 0x60, 0x38, 0xdf, 0xd7, 0x10,
    0x0, 0xfe, 0x82, 0x0, 0x0, 0x0, 0x30, 0x0,
    0x0, 0x0, 0x0,

    /* U+2277 "≷" */
    0x61, 0x0, 0x0, 0x0, 0x0, 0xff, 0xa5, 0x0,
    0x0, 0x0, 0x16, 0xbf, 0xe9, 0x30, 0x0, 0x0,
    0x1, 0x6b, 0xfd, 0x81, 0x0, 0x0, 0x1, 0x8f,
    0xf5, 0x0, 0x16, 0xcf, 0xd8, 0x20, 0x6c, 0xfe,
    0x93, 0x0, 0x1, 0xfa, 0x40, 0x0, 0x4a, 0xf6,
    0x0, 0x3, 0x9e, 0xfb, 0x61, 0x27, 0xdf, 0xc6,
    0x10, 0x0, 0xff, 0xc2, 0x0, 0x0, 0x0, 0x39,
    0xef, 0xa5, 0x0, 0x0, 0x0, 0x4, 0xaf, 0xfa,
    0x50, 0x0, 0x0, 0x0, 0x6b, 0xf6, 0x0, 0x0,
    0x0, 0x0, 0x12,

    /* U+2278 "≸" */
    0x0, 0x0, 0x0, 0x45, 0x0, 0x0, 0x0, 0x0,
    0xab, 0x33, 0x0, 0x0, 0x2, 0xff, 0xf6, 0x0,
    0x17, 0xcf, 0xfb, 0x30, 0x5b, 0xfd, 0x89, 0xe0,
    0x0, 0xef, 0xc3, 0xb, 0xa0, 0x0, 0x5, 0xbf,
    0xef, 0xa0, 0x0, 0x20, 0x1, 0xaf, 0xfe, 0x92,
    0xfd, 0x71, 0x7d, 0x28, 0xd6, 0x49, 0xef, 0xff,
    0x0, 0x0, 0x0, 0x4, 0xff, 0xfa, 0x40, 0x0,
    0x4, 0xf1, 0x7f, 0xf6, 0x0, 0xb, 0xfd, 0xfb,
    0x60, 0x38, 0xdf, 0xf7, 0x10, 0x0, 0xfe, 0x9f,
    0x40, 0x0, 0x0, 0x30, 0x4f, 0x0, 0x0, 0x0,
    0x0, 0x5a, 0x0, 0x0, 0x0,

    /* U+2279 "≹" */
    0x0, 0x0, 0x0, 0x71, 0x0, 0x61, 0x0, 0x2,
    0xf3, 0x0, 0xff, 0xa5, 0x6, 0xe0, 0x0, 0x16,
    0xbf, 0xef, 0xe0, 0x0, 0x0, 0x1, 0x6f, 0xfd,
    0x81, 0x0, 0x0, 0x2f, 0xaf, 0xf5, 0x0, 0x16,
    0xff, 0xd8, 0x20, 0x6c, 0xfe, 0xfd, 0x0, 0x1,
    0xfa, 0x40, 0xf6, 0x4a, 0xf6, 0x0, 0x7, 0xff,
    0xfb, 0x61, 0x27, 0xdf, 0xf6, 0x10, 0x0, 0xff,
    0xce, 0x90, 0x0, 0x0, 0x39, 0xff, 0xf5, 0x0,
    0x0, 0x0, 0x4f, 0xbf, 0xfa, 0x50, 0x0, 0x8c,
    0x0, 0x6b, 0xf6, 0x0, 0xc8, 0x0, 0x0, 0x12,
    0x0, 0xc4, 0x0, 0x0, 0x0,

    /* U+227A "≺" */
    0x0, 0x0, 0x0, 0x0, 0x50, 0x0, 0x0, 0x1,
    0xbc, 0x0, 0x0, 0x5, 0xee, 0x30, 0x0, 0x5c,
    0xf9, 0x10, 0x27, 0xdf, 0xb3, 0x0, 0xf, 0xff,
    0x60, 0x0, 0x0, 0x5, 0xbf, 0xc4, 0x0, 0x0,
    0x0, 0x3b, 0xfb, 0x20, 0x0, 0x0, 0x4, 0xdf,
    0x50, 0x0, 0x0, 0x0, 0x8c, 0x0, 0x0, 0x0,
    0x0, 0x30,

    /* U+227B "≻" */
    0x40, 0x0, 0x0, 0x0, 0xf, 0x80, 0x0, 0x0,
    0x0, 0x6f, 0xc3, 0x0, 0x0, 0x0, 0x2c, 0xfa,
    0x20, 0x0, 0x0, 0x5, 0xdf, 0xb5, 0x10, 0x0,
    0x0, 0x8f, 0xfc, 0x0, 0x5, 0xdf, 0xb5, 0x10,
    0x2c, 0xfb, 0x20, 0x0, 0x6f, 0xc3, 0x0, 0x0,
    0xf, 0x80, 0x0, 0x0, 0x0, 0x40, 0x0, 0x0,
    0x0, 0x0,

    /* U+227C "≼" */
    0x0, 0x0, 0x0, 0x0, 0x10, 0x0, 0x0, 0x0,
    0x5c, 0x0, 0x0, 0x2, 0xbf, 0x70, 0x0, 0x4a,
    0xfd, 0x40, 0x7b, 0xff, 0xa5, 0x0, 0xa, 0xef,
    0xd8, 0x10, 0x0, 0x0, 0x38, 0xff, 0xa1, 0x1,
    0x0, 0x0, 0x7e, 0xf4, 0xfd, 0x71, 0x0, 0x9,
    0xc5, 0x9e, 0xf9, 0x10, 0x4, 0x0, 0x7, 0xef,
    0x70, 0x0, 0x0, 0x0, 0x8f, 0xc1, 0x0, 0x0,
    0x0, 0x2d, 0xb0, 0x0, 0x0, 0x0, 0x9, 0x0,
    0x0, 0x0, 0x0, 0x0,

    /* U+227D "≽" */
    0x10, 0x0, 0x0, 0x0, 0xd, 0x20, 0x0, 0x0,
    0x0, 0xbf, 0x80, 0x0, 0x0, 0x0, 0x7e, 0xf9,
    0x30, 0x0, 0x0, 0x7, 0xcf, 0xea, 0x50, 0x0,
    0x28, 0xdf, 0xe8, 0x2, 0xaf, 0xe8, 0x20, 0x6,
    0xfd, 0x60, 0x0, 0x0, 0xf8, 0x0, 0x2, 0x8d,
    0xc5, 0x0, 0x19, 0xfe, 0x94, 0x0, 0x8f, 0xd6,
    0x0, 0x2, 0xdf, 0x60, 0x0, 0x0, 0xec, 0x20,
    0x0, 0x0, 0xa, 0x0, 0x0, 0x0, 0x0, 0x0,
    0x0, 0x0, 0x0, 0x0,

    /* U+227E "≾" */
    0x0, 0x0, 0x0, 0x0, 0x2, 0x0, 0x0, 0x0,
    0x2, 0xb6, 0x0, 0x0, 0x2, 0x8f, 0xc1, 0x0,
    0x16, 0xbf, 0xe6, 0x0, 0x9d, 0xfd, 0x94, 0x0,
    0x0, 0x8b, 0xff, 0xb6, 0x0, 0x0, 0x0, 0x4,
    0xaf, 0xe7, 0x0, 0x0, 0x0, 0x1, 0x8f, 0xd2,
    0x0, 0x0, 0x0, 0x1, 0xb6, 0x1, 0x31, 0x0,
    0x0, 0x2, 0x9f, 0xff, 0xc6, 0x21, 0x86, 0xe6,
    0x47, 0xcf, 0xff, 0xe3, 0x10, 0x0, 0x2, 0x55,
    0x10,

    /* U+227F "≿" */
    0x10, 0x0, 0x0, 0x0, 0x0, 0xd3, 0x0, 0x0,
    0x0, 0x0, 0xaf, 0x91, 0x0, 0x0, 0x0, 0x5,
    0xdf, 0xb5, 0x10, 0x0, 0x0, 0x4, 0xae, 0xfc,
    0x92, 0x0, 0x1, 0x6b, 0xff, 0xc4, 0x1, 0x9f,
    0xe9, 0x40, 0x0, 0x6f, 0xd6, 0x0, 0x0, 0x0,
    0xf8, 0x0, 0x0, 0x0, 0x0, 0x40, 0x0, 0x0,
    0x0, 0x0, 0x6e, 0xfe, 0x94, 0x0, 0x66, 0xf9,
    0x69, 0xef, 0xfe, 0xf4, 0x20, 0x0, 0x4, 0x88,
    0x20,

    /* U+2280 "⊀" */
    0x0, 0x0, 0x0, 0x20, 0x0, 0x0, 0x0, 0x1f,
    0x40, 0x0, 0x0, 0x5, 0xf0, 0x40, 0x0, 0x0,
    0x9d, 0xad, 0x0, 0x0, 0xd, 0xfe, 0x40, 0x0,
    0x4b, 0xfa, 0x10, 0x16, 0xcf, 0xff, 0x0, 0xf,
    0xff, 0x6a, 0xb0, 0x0, 0x16, 0xcf, 0xf9, 0x0,
    0x0, 0x0, 0x5f, 0xfa, 0x10, 0x0, 0x6, 0xf5,
    0xee, 0x40, 0x0, 0xab, 0x0, 0xad, 0x0, 0xe,
    0x70, 0x0, 0x40, 0x0, 0x0, 0x0, 0x0,

    /* U+2281 "⊁" */
    0x0, 0x0, 0x2, 0x0, 0x0, 0x0, 0x3, 0xf2,
    0x0, 0x40, 0x0, 0x7e, 0x0, 0xf, 0x70, 0xb,
    0x90, 0x0, 0x6f, 0xc3, 0xf5, 0x0, 0x0, 0x2c,
    0xff, 0x30, 0x0, 0x0, 0xa, 0xff, 0xb5, 0x10,
    0x0, 0xc9, 0x8f, 0xfc, 0x0, 0xf, 0xff, 0xb6,
    0x10, 0x2c, 0xfa, 0x20, 0x0, 0x6f, 0xfc, 0x0,
    0x0, 0xf, 0x8d, 0x80, 0x0, 0x0, 0x41, 0xf4,
    0x0, 0x0, 0x0, 0x1, 0x0, 0x0, 0x0,

    /* U+2282 "⊂" */
    0x0, 0x0, 0x35, 0x66, 0x66, 0x66, 0x0, 0x7e,
    0xff, 0xff, 0xff, 0xff, 0xb, 0xf9, 0x41, 0x0,
    0x0, 0x0, 0x5f, 0x50, 0x0, 0x0, 0x0, 0x0,
    0xbc, 0x0, 0x0, 0x0, 0x0, 0x0, 0xe8, 0x0,
    0x0, 0x0, 0x0, 0x0, 0xf7, 0x0, 0x0, 0x0,
    0x0, 0x0, 0xe8, 0x0, 0x0, 0x0, 0x0, 0x0,
    0xad, 0x0, 0x0, 0x0, 0x0, 0x0, 0x4f, 0x70,
    0x0, 0x0, 0x0, 0x0, 0x8, 0xfc, 0x63, 0x22,
    0x22, 0x22, 0x0, 0x5c, 0xff, 0xff, 0xff, 0xff,
    0x0, 0x0, 0x2, 0x33, 0x33, 0x33,

    /* U+2283 "⊃" */
    0x56, 0x66, 0x65, 0x42, 0x0, 0x0, 0xff, 0xff,
    0xff, 0xff, 0xe6, 0x0, 0x0, 0x0, 0x0, 0x14,
    0xaf, 0xa0, 0x0, 0x0, 0x0, 0x0, 0x6, 0xf5,
    0x0, 0x0, 0x0, 0x0, 0x0, 0xdb, 0x0, 0x0,
    0x0, 0x0, 0x0, 0x9e, 0x0, 0x0, 0x0, 0x0,
    0x0, 0x8e, 0x0, 0x0, 0x0, 0x0, 0x0, 0x9d,
    0x0, 0x0, 0x0, 0x0, 0x0, 0xda, 0x0, 0x0,
    0x0, 0x0, 0x7, 0xf4, 0x22, 0x22, 0x22, 0x36,
    0xbf, 0x80, 0xff, 0xff, 0xff, 0xff, 0xc5, 0x0,
    0x44, 0x44, 0x44, 0x30, 0x0, 0x0,

    /* U+2284 "⊄" */
    0x0, 0x0, 0x0, 0x0, 0x0, 0x91, 0x0, 0x0,
    0x0, 0x0, 0x6, 0xf0, 0x0, 0x0, 0x24, 0x56,
    0x6d, 0xd5, 0x0, 0x7e, 0xff, 0xff, 0xff, 0xff,
    0xa, 0xfa, 0x41, 0x0, 0x9d, 0x0, 0x5f, 0x50,
    0x0, 0x0, 0xe7, 0x0, 0xbc, 0x0, 0x0, 0x4,
    0xf1, 0x0, 0xe8, 0x0, 0x0, 0xb, 0xb0, 0x0,
    0xf7, 0x0, 0x0, 0x1f, 0x50, 0x0, 0xe9, 0x0,
    0x0, 0x7e, 0x0, 0x0, 0xbd, 0x0, 0x0, 0xd9,
    0x0, 0x0, 0x4f, 0x70, 0x3, 0xf3, 0x0, 0x0,
    0x9, 0xfc, 0x6a, 0xd2, 0x22, 0x22, 0x0, 0x5c,
    0xff, 0xff, 0xff, 0xff, 0x0, 0x0, 0x6f, 0x44,
    0x44, 0x44, 0x0, 0x0, 0xca, 0x0, 0x0, 0x0,
    0x0, 0x0, 0x63, 0x0, 0x0, 0x0,

    /* U+2285 "⊅" */
    0x0, 0x0, 0x0, 0x47, 0x0, 0x0, 0x0, 0x0,
    0x0, 0xbb, 0x0, 0x0, 0x55, 0x55, 0x56, 0xf6,
    0x0, 0x0, 0xff, 0xff, 0xff, 0xff, 0xe6, 0x0,
    0x1, 0x11, 0x1e, 0x95, 0xaf, 0x90, 0x0, 0x0,
    0x4f, 0x20, 0x7, 0xf4, 0x0, 0x0, 0xac, 0x0,
    0x0, 0xdb, 0x0, 0x0, 0xf6, 0x0, 0x0, 0x9e,
    0x0, 0x6, 0xf0, 0x0, 0x0, 0x8e, 0x0, 0xc,
    0xa0, 0x0, 0x0, 0x9d, 0x0, 0x2f, 0x30, 0x0,
    0x0, 0xda, 0x0, 0x8d, 0x0, 0x0, 0x7, 0xf4,
    0x12, 0xe8, 0x22, 0x35, 0xbf, 0x80, 0xff, 0xff,
    0xff, 0xff, 0xc5, 0x0, 0x4d, 0xc4, 0x44, 0x31,
    0x0, 0x0, 0x1f, 0x50, 0x0, 0x0, 0x0, 0x0,
    0x17, 0x0, 0x0, 0x0, 0x0, 0x0,

    /* U+2286 "⊆" */
    0x0, 0x17, 0xbe, 0xff, 0xff, 0xfe, 0x4, 0xef,
    0xb8, 0x77, 0x77, 0x77, 0x2f, 0xc1, 0x0, 0x0,
    0x0, 0x0, 0x9e, 0x10, 0x0, 0x0, 0x0, 0x0,
    0xda, 0x0, 0x0, 0x0, 0x0, 0x0, 0xf7, 0x0,
    0x0, 0x0, 0x0, 0x0, 0xf7, 0x0, 0x0, 0x0,
    0x0, 0x0, 0xda, 0x0, 0x0, 0x0, 0x0, 0x0,
    0x9e, 0x10, 0x0, 0x0, 0x0, 0x0, 0x2f, 0xb1,
    0x0, 0x0, 0x0, 0x0, 0x4, 0xef, 0xa8, 0x77,
    0x77, 0x76, 0x0, 0x17, 0xbe, 0xff, 0xff, 0xfe,
    0x0, 0x0, 0x0, 0x0, 0x0, 0x0, 0x2f, 0xff,
    0xff, 0xff, 0xff, 0xfe, 0x17, 0x77, 0x77, 0x77,
    0x77, 0x77,

    /* U+2287 "⊇" */
    0xff, 0xff, 0xff, 0xeb, 0x71, 0x0, 0x77, 0x77,
    0x77, 0x8b, 0xfe, 0x30, 0x0, 0x0, 0x0, 0x0,
    0x1c, 0xe1, 0x0, 0x0, 0x0, 0x0, 0x1, 0xf8,
    0x0, 0x0, 0x0, 0x0, 0x0, 0xac, 0x0, 0x0,
    0x0, 0x0, 0x0, 0x8e, 0x0, 0x0, 0x0, 0x0,
    0x0, 0x8e, 0x0, 0x0, 0x0, 0x0, 0x0, 0xac,
    0x0, 0x0, 0x0, 0x0, 0x1, 0xf8, 0x0, 0x0,
    0x0, 0x0, 0x1c, 0xe1, 0x67, 0x77, 0x77, 0x8a,
    0xfe, 0x30, 0xff, 0xff, 0xff, 0xeb, 0x71, 0x0,
    0x0, 0x0, 0x0, 0x0, 0x0, 0x0, 0xff, 0xff,
    0xff, 0xff, 0xff, 0xf2, 0x77, 0x77, 0x77, 0x77,
    0x77, 0x71,

    /* U+2288 "⊈" */
    0x0, 0x0, 0x0, 0x0, 0x1, 0x0, 0x0, 0x0,
    0x0, 0x0, 0xe, 0x70, 0x0, 0x0, 0x0, 0x0,
    0x4f, 0x20, 0x0, 0x17, 0xbe, 0xff, 0xff, 0xfe,
    0x4, 0xef, 0xb8, 0x78, 0xf9, 0x77, 0x2f, 0xc1,
    0x0, 0x6, 0xf0, 0x0, 0x9e, 0x10, 0x0, 0xc,
    0xa0, 0x0, 0xda, 0x0, 0x0, 0x2f, 0x40, 0x0,
    0xf7, 0x0, 0x0, 0x8e, 0x0, 0x0, 0xf8, 0x0,
    0x0, 0xe8, 0x0, 0x0, 0xda, 0x0, 0x4, 0xf2,
    0x0, 0x0, 0x9f, 0x10, 0xa, 0xc0, 0x0, 0x0,
    0x2f, 0xc1, 0xf, 0x60, 0x0, 0x0, 0x4, 0xef,
    0xcf, 0x77, 0x77, 0x76, 0x0, 0x17, 0xff, 0xff,
    0xff, 0xfe, 0x0, 0x3, 0xf3, 0x0, 0x0, 0x0,
    0x2f, 0xff, 0xff, 0xff, 0xff, 0xfe, 0x17, 0x8f,
    0x97, 0x77, 0x77, 0x77, 0x0, 0x4f, 0x0, 0x0,
    0x0, 0x0, 0x0, 0x0, 0x0, 0x0, 0x0, 0x0,

    /* U+2289 "⊉" */
    0x0, 0x0, 0x0, 0x0, 0x10, 0x0, 0x0, 0x0,
    0x0, 0x1, 0xf4, 0x0, 0x0, 0x0, 0x0, 0x7,
    0xf0, 0x0, 0xff, 0xff, 0xff, 0xdf, 0xc0, 0x0,
    0x77, 0x77, 0x77, 0xaf, 0xfe, 0x30, 0x0, 0x0,
    0x0, 0x9d, 0x2c, 0xe1, 0x0, 0x0, 0x0, 0xe7,
    0x1, 0xf8, 0x0, 0x0, 0x5, 0xf1, 0x0, 0xac,
    0x0, 0x0, 0xb, 0xb0, 0x0, 0x8e, 0x0, 0x0,
    0x1f, 0x50, 0x0, 0x8e, 0x0, 0x0, 0x7e, 0x0,
    0x0, 0xac, 0x0, 0x0, 0xd9, 0x0, 0x1, 0xf8,
    0x0, 0x3, 0xf3, 0x0, 0x2c, 0xe1, 0x88, 0x8c,
    0xf8, 0x9c, 0xfe, 0x30, 0xde, 0xef, 0xed, 0xca,
    0x60, 0x0, 0x0, 0x6f, 0x0, 0x0, 0x0, 0x0,
    0xff, 0xff, 0xff, 0xff, 0xff, 0xf2, 0x7a, 0xf8,
    0x77, 0x77, 0x77, 0x71, 0x7, 0xd0, 0x0, 0x0,
    0x0, 0x0, 0x0, 0x0, 0x0, 0x0, 0x0, 0x0,

    /* U+228A "⊊" */
    0x0, 0x17, 0xbe, 0xff, 0xff, 0xfe, 0x4, 0xef,
    0xb8, 0x77, 0x77, 0x77, 0x2f, 0xc1, 0x0, 0x0,
    0x0, 0x0, 0x9e, 0x10, 0x0, 0x0, 0x0, 0x0,
    0xda, 0x0, 0x0, 0x0, 0x0, 0x0, 0xf7, 0x0,
    0x0, 0x0, 0x0, 0x0, 0xf7, 0x0, 0x0, 0x0,
    0x0, 0x0, 0xda, 0x0, 0x0, 0x0, 0x0, 0x0,
    0x9f, 0x10, 0x0, 0x0, 0x0, 0x0, 0x1f, 0xc1,
    0x0, 0x0, 0x0, 0x0, 0x4, 0xef, 0xb8, 0x77,
    0x77, 0x76, 0x0, 0x17, 0xbe, 0xff, 0xff, 0xfe,
    0x0, 0x0, 0x2, 0x90, 0x0, 0x0, 0x2f, 0xff,
    0xff, 0xff, 0xff, 0xfe, 0x17, 0x77, 0xaf, 0x87,
    0x77, 0x77, 0x0, 0x0, 0x8b, 0x0, 0x0, 0x0,
    0x0, 0x0, 0x0, 0x0, 0x0, 0x0,

    /* U+228B "⊋" */
    0xff, 0xff, 0xff, 0xeb, 0x71, 0x0, 0x77, 0x77,
    0x77, 0x8b, 0xfe, 0x30, 0x0, 0x0, 0x0, 0x0,
    0x1c, 0xe1, 0x0, 0x0, 0x0, 0x0, 0x1, 0xf8,
    0x0, 0x0, 0x0, 0x0, 0x0, 0xac, 0x0, 0x0,
    0x0, 0x0, 0x0, 0x8e, 0x0, 0x0, 0x0, 0x0,
    0x0, 0x8e, 0x0, 0x0, 0x0, 0x0, 0x0, 0xac,
    0x0, 0x0, 0x0, 0x0, 0x1, 0xf8, 0x0, 0x0,
    0x0, 0x0, 0x1c, 0xe1, 0x77, 0x77, 0x77, 0x8b,
    0xfe, 0x30, 0xff, 0xff, 0xff, 0xeb, 0x71, 0x0,
    0x0, 0x0, 0x38, 0x0, 0x0, 0x0, 0xff, 0xff,
    0xff, 0xff, 0xff, 0xf2, 0x77, 0x7b, 0xf7, 0x77,
    0x77, 0x71, 0x0, 0xa, 0xa0, 0x0, 0x0, 0x0,
    0x0, 0x0, 0x0, 0x0, 0x0, 0x0,

    /* U+228C "⊌" */
    0xc5, 0x0, 0x0, 0x0, 0x6, 0xbf, 0x70, 0x0,
    0x0, 0x0, 0x8e, 0xf7, 0x0, 0x0, 0x0, 0x8,
    0xef, 0x70, 0x0, 0x0, 0x0, 0x8e, 0xf7, 0x0,
    0x0, 0x0, 0x8, 0xef, 0x70, 0x9, 0x20, 0x0,
    0x8e, 0xf7, 0x6, 0xf9, 0x98, 0x8, 0xef, 0x70,
    0xbf, 0xff, 0xe0, 0x8e, 0xf7, 0x0, 0xd2, 0x0,
    0x8, 0xee, 0x80, 0x1, 0x10, 0x0, 0x9d, 0xbc,
    0x0, 0x0, 0x0, 0xd, 0xa5, 0xf6, 0x0, 0x0,
    0x7, 0xf4, 0xa, 0xfc, 0x87, 0x8c, 0xf9, 0x0,
    0x6, 0xbe, 0xfe, 0xb5, 0x0,

    /* U+228D "⊍" */
    0xd6, 0x0, 0x0, 0x0, 0x6, 0xcf, 0x70, 0x0,
    0x0, 0x0, 0x8e, 0xf7, 0x0, 0x0, 0x0, 0x8,
    0xef, 0x70, 0x0, 0x0, 0x0, 0x8e, 0xf7, 0x0,
    0x0, 0x0, 0x8, 0xef, 0x70, 0x5, 0x94, 0x0,
    0x8e, 0xf7, 0x2, 0xff, 0xf1, 0x8, 0xef, 0x70,
    0x3f, 0xff, 0x10, 0x8e, 0xf7, 0x0, 0x8d, 0x70,
    0x8, 0xee, 0x80, 0x0, 0x0, 0x0, 0x9d, 0xbc,
    0x0, 0x0, 0x0, 0xd, 0xa5, 0xf6, 0x0, 0x0,
    0x8, 0xf4, 0xa, 0xfc, 0x87, 0x8c, 0xf9, 0x0,
    0x5, 0xbe, 0xfe, 0xb5, 0x0,

    /* U+228E "⊎" */
    0xe6, 0x0, 0x0, 0x0, 0x7, 0xdf, 0x70, 0x0,
    0x0, 0x0, 0x8e, 0xf7, 0x0, 0x0, 0x0, 0x8,
    0xef, 0x70, 0x0, 0x0, 0x0, 0x8e, 0xf7, 0x0,
    0x0, 0x0, 0x8, 0xef, 0x70, 0x4, 0xc0, 0x0,
    0x8e, 0xf7, 0x6, 0x9e, 0x72, 0x8, 0xef, 0x70,
    0x7a, 0xe8, 0x30, 0x8e, 0xf7, 0x0, 0x4c, 0x0,
    0x8, 0xee, 0x80, 0x0, 0x10, 0x0, 0x9d, 0xbc,
    0x0, 0x0, 0x0, 0xd, 0xa5, 0xf6, 0x0, 0x0,
    0x8, 0xf4, 0xa, 0xfc, 0x87, 0x8c, 0xf9, 0x0,
    0x5, 0xbe, 0xfe, 0xb5, 0x0,

    /* U+228F "⊏" */
    0xff, 0xff, 0xff, 0xff, 0xf6, 0xfb, 0x77, 0x77,
    0x77, 0x73, 0xf7, 0x0, 0x0, 0x0, 0x0, 0xf7,
    0x0, 0x0, 0x0, 0x0, 0xf7, 0x0, 0x0, 0x0,
    0x0, 0xf7, 0x0, 0x0, 0x0, 0x0, 0xf7, 0x0,
    0x0, 0x0, 0x0, 0xf7, 0x0, 0x0, 0x0, 0x0,
    0xf7, 0x0, 0x0, 0x0, 0x0, 0xfb, 0x77, 0x77,
    0x77, 0x73, 0xff, 0xff, 0xff, 0xff, 0xf6,

    /* U+2290 "⊐" */
    0xff, 0xff, 0xff, 0xff, 0xf6, 0x77, 0x77, 0x77,
    0x77, 0xf6, 0x0, 0x0, 0x0, 0x0, 0xf6, 0x0,
    0x0, 0x0, 0x0, 0xf6, 0x0, 0x0, 0x0, 0x0,
    0xf6, 0x0, 0x0, 0x0, 0x0, 0xf6, 0x0, 0x0,
    0x0, 0x0, 0xf6, 0x0, 0x0, 0x0, 0x0, 0xf6,
    0x0, 0x0, 0x0, 0x0, 0xf6, 0x77, 0x77, 0x77,
    0x77, 0xf6, 0xff, 0xff, 0xff, 0xff, 0xf6,

    /* U+2291 "⊑" */
    0x77, 0x77, 0x77, 0x77, 0x73, 0xff, 0xff, 0xff,
    0xff, 0xf6, 0xf7, 0x0, 0x0, 0x0, 0x0, 0xf7,
    0x0, 0x0, 0x0, 0x0, 0xf7, 0x0, 0x0, 0x0,
    0x0, 0xf7, 0x0, 0x0, 0x0, 0x0, 0xf7, 0x0,
    0x0, 0x0, 0x0, 0xf7, 0x0, 0x0, 0x0, 0x0,
    0xf7, 0x0, 0x0, 0x0, 0x0, 0xf7, 0x11, 0x11,
    0x11, 0x10, 0xff, 0xff, 0xff, 0xff, 0xf6, 0x55,
    0x55, 0x55, 0x55, 0x52, 0x0, 0x0, 0x0, 0x0,
    0x0, 0xef, 0xff, 0xff, 0xff, 0xf6, 0x77, 0x77,
    0x77, 0x77, 0x73,

    /* U+2292 "⊒" */
    0x77, 0x77, 0x77, 0x77, 0x73, 0xff, 0xff, 0xff,
    0xff, 0xf6, 0x0, 0x0, 0x0, 0x0, 0xf6, 0x0,
    0x0, 0x0, 0x0, 0xf6, 0x0, 0x0, 0x0, 0x0,
    0xf6, 0x0, 0x0, 0x0, 0x0, 0xf6, 0x0, 0x0,
    0x0, 0x0, 0xf6, 0x0, 0x0, 0x0, 0x0, 0xf6,
    0x0, 0x0, 0x0, 0x0, 0xf6, 0x1, 0x11, 0x11,
    0x11, 0xf6, 0xff, 0xff, 0xff, 0xff, 0xf6, 0x55,
    0x55, 0x55, 0x55, 0x52, 0x0, 0x0, 0x0, 0x0,
    0x0, 0xff, 0xff, 0xff, 0xff, 0xf6, 0x77, 0x77,
    0x77, 0x77, 0x73,

    /* U+2293 "⊓" */
    0xff, 0xff, 0xff, 0xff, 0xff, 0xef, 0xb7, 0x77,
    0x77, 0x77, 0xbe, 0xf7, 0x0, 0x0, 0x0, 0x8,
    0xef, 0x70, 0x0, 0x0, 0x0, 0x8e, 0xf7, 0x0,
    0x0, 0x0, 0x8, 0xef, 0x70, 0x0, 0x0, 0x0,
    0x8e, 0xf7, 0x0, 0x0, 0x0, 0x8, 0xef, 0x70,
    0x0, 0x0, 0x0, 0x8e, 0xf7, 0x0, 0x0, 0x0,
    0x8, 0xef, 0x70, 0x0, 0x0, 0x0, 0x8e, 0xe6,
    0x0, 0x0, 0x0, 0x7, 0xd0,

    /* U+2294 "⊔" */
    0xe6, 0x0, 0x0, 0x0, 0x7, 0xdf, 0x70, 0x0,
    0x0, 0x0, 0x8e, 0xf7, 0x0, 0x0, 0x0, 0x8,
    0xef, 0x70, 0x0, 0x0, 0x0, 0x8e, 0xf7, 0x0,
    0x0, 0x0, 0x8, 0xef, 0x70, 0x0, 0x0, 0x0,
    0x8e, 0xf7, 0x0, 0x0, 0x0, 0x8, 0xef, 0x70,
    0x0, 0x0, 0x0, 0x8e, 0xf7, 0x0, 0x0, 0x0,
    0x8, 0xef, 0xb7, 0x77, 0x77, 0x77, 0xbe, 0xff,
    0xff, 0xff, 0xff, 0xff, 0xe0,

    /* U+2295 "⊕" */
    0x0, 0x0, 0x4a, 0xde, 0xc8, 0x20, 0x0, 0x0,
    0x1, 0xcf, 0xdb, 0xfb, 0xef, 0x90, 0x0, 0x1,
    0xee, 0x40, 0x4f, 0x0, 0x7f, 0xb0, 0x0, 0xce,
    0x10, 0x4, 0xf0, 0x0, 0x4f, 0x80, 0x5f, 0x40,
    0x0, 0x4f, 0x0, 0x0, 0x8f, 0x1b, 0xc0, 0x0,
    0x4, 0xf0, 0x0, 0x1, 0xf6, 0xea, 0x33, 0x33,
    0x6f, 0x33, 0x33, 0x3e, 0x9f, 0xff, 0xff, 0xff,
    0xff, 0xff, 0xff, 0xfa, 0xea, 0x11, 0x11, 0x5f,
    0x11, 0x11, 0x1e, 0x9a, 0xd0, 0x0, 0x4, 0xf0,
    0x0, 0x2, 0xf5, 0x4f, 0x50, 0x0, 0x4f, 0x0,
    0x0, 0xaf, 0x10, 0xbf, 0x20, 0x4, 0xf0, 0x0,
    0x6f, 0x70, 0x1, 0xdf, 0x60, 0x4f, 0x1, 0x9f,
    0x90, 0x0, 0x1, 0xaf, 0xfd, 0xfc, 0xff, 0x70,
    0x0, 0x0, 0x0, 0x28, 0xbc, 0xa6, 0x10, 0x0,
    0x0,

    /* U+2296 "⊖" */
    0x0, 0x0, 0x4a, 0xde, 0xc8, 0x20, 0x0, 0x0,
    0x1, 0xcf, 0xda, 0x9b, 0xff, 0x90, 0x0, 0x1,
    0xee, 0x50, 0x0, 0x0, 0x8f, 0xb0, 0x0, 0xce,
    0x10, 0x0, 0x0, 0x0, 0x5f, 0x80, 0x5f, 0x40,
    0x0, 0x0, 0x0, 0x0, 0x9f, 0x1b, 0xd0, 0x0,
    0x0, 0x0, 0x0, 0x1, 0xf6, 0xea, 0x33, 0x33,
    0x33, 0x33, 0x33, 0x3e, 0x9f, 0xff, 0xff, 0xff,
    0xff, 0xff, 0xff, 0xfa, 0xea, 0x11, 0x11, 0x11,
    0x11, 0x11, 0x1e, 0x9a, 0xd0, 0x0, 0x0, 0x0,
    0x0, 0x2, 0xf6, 0x5f, 0x50, 0x0, 0x0, 0x0,
    0x0, 0x9f, 0x10, 0xce, 0x20, 0x0, 0x0, 0x0,
    0x5f, 0x70, 0x1, 0xee, 0x50, 0x0, 0x0, 0x8f,
    0xa0, 0x0, 0x1, 0xbf, 0xea, 0x9b, 0xff, 0x80,
    0x0, 0x0, 0x0, 0x49, 0xcd, 0xb8, 0x20, 0x0,
    0x0,

    /* U+2297 "⊗" */
    0x0, 0x0, 0x4a, 0xde, 0xc8, 0x20, 0x0, 0x0,
    0x1, 0xcf, 0xda, 0x9a, 0xff, 0x90, 0x0, 0x1,
    0xee, 0x50, 0x0, 0x0, 0x8f, 0xa0, 0x0, 0xcf,
    0xf5, 0x0, 0x0, 0x9, 0xff, 0x70, 0x5f, 0x48,
    0xf5, 0x0, 0x9, 0xf3, 0x9f, 0x1b, 0xd0, 0x8,
    0xf5, 0x9, 0xf4, 0x2, 0xf5, 0xe8, 0x0, 0x8,
    0xfb, 0xf4, 0x0, 0xd, 0x9f, 0x70, 0x0, 0xc,
    0xf8, 0x0, 0x0, 0xca, 0xe8, 0x0, 0x9, 0xfa,
    0xf4, 0x0, 0xd, 0x9a, 0xd0, 0x9, 0xf4, 0x8,
    0xf4, 0x2, 0xf5, 0x5f, 0x48, 0xf4, 0x0, 0x8,
    0xf4, 0x9e, 0x0, 0xcf, 0xf4, 0x0, 0x0, 0x9,
    0xff, 0x70, 0x1, 0xef, 0x60, 0x0, 0x1, 0x9f,
    0xa0, 0x0, 0x1, 0xbf, 0xea, 0x9b, 0xff, 0x80,
    0x0, 0x0, 0x0, 0x49, 0xcd, 0xb8, 0x20, 0x0,
    0x0,

    /* U+2298 "⊘" */
    0x0, 0x0, 0x4a, 0xde, 0xc8, 0x20, 0x0, 0x0,
    0x1, 0xcf, 0xda, 0x9a, 0xef, 0x90, 0x0, 0x1,
    0xee, 0x40, 0x0, 0x0, 0x8f, 0xa0, 0x0, 0xce,
    0x10, 0x0, 0x0, 0x9, 0xff, 0x70, 0x5f, 0x40,
    0x0, 0x0, 0x9, 0xf3, 0x9f, 0x1b, 0xc0, 0x0,
    0x0, 0x9, 0xf3, 0x2, 0xf5, 0xe8, 0x0, 0x0,
    0x9, 0xf4, 0x0, 0xd, 0x9f, 0x70, 0x0, 0x9,
    0xf4, 0x0, 0x0, 0xca, 0xe8, 0x0, 0x9, 0xf4,
    0x0, 0x0, 0xe, 0x9a, 0xd0, 0x8, 0xf4, 0x0,
    0x0, 0x2, 0xf5, 0x5f, 0x48, 0xf4, 0x0, 0x0,
    0x0, 0x9f, 0x0, 0xcf, 0xf4, 0x0, 0x0, 0x0,
    0x5f, 0x70, 0x1, 0xee, 0x60, 0x0, 0x0, 0x8f,
    0xa0, 0x0, 0x1, 0xbf, 0xea, 0x9b, 0xff, 0x80,
    0x0, 0x0, 0x0, 0x49, 0xcd, 0xb8, 0x20, 0x0,
    0x0,

    /* U+2299 "⊙" */
    0x0, 0x0, 0x4a, 0xde, 0xc8, 0x20, 0x0, 0x0,
    0x1, 0xcf, 0xda, 0x9a, 0xff, 0x90, 0x0, 0x1,
    0xee, 0x40, 0x0, 0x0, 0x8f, 0xa0, 0x0, 0xce,
    0x10, 0x0, 0x0, 0x0, 0x5f, 0x70, 0x5f, 0x40,
    0x0, 0x0, 0x0, 0x0, 0x9f, 0x1b, 0xc0, 0x0,
    0x0, 0x0, 0x0, 0x2, 0xf5, 0xe8, 0x0, 0x0,
    0xbf, 0x70, 0x0, 0xd, 0x9f, 0x70, 0x0, 0x1f,
    0xfc, 0x0, 0x0, 0xca, 0xe8, 0x0, 0x0, 0x8d,
    0x50, 0x0, 0xe, 0x9a, 0xd0, 0x0, 0x0, 0x0,
    0x0, 0x2, 0xf5, 0x5f, 0x40, 0x0, 0x0, 0x0,
    0x0, 0x9e, 0x0, 0xce, 0x20, 0x0, 0x0, 0x0,
    0x5f, 0x70, 0x1, 0xee, 0x50, 0x0, 0x0, 0x8f,
    0xa0, 0x0, 0x1, 0xbf, 0xea, 0x9b, 0xff, 0x80,
    0x0, 0x0, 0x0, 0x49, 0xcd, 0xb8, 0x20, 0x0,
    0x0,

    /* U+229A "⊚" */
    0x0, 0x0, 0x4a, 0xde, 0xc8, 0x20, 0x0, 0x0,
    0x1, 0xcf, 0xda, 0x9a, 0xff, 0x90, 0x0, 0x1,
    0xee, 0x40, 0x0, 0x0, 0x8f, 0xa0, 0x0, 0xce,
    0x10, 0x0, 0x0, 0x0, 0x5f, 0x70, 0x5f, 0x40,
    0x0, 0x0, 0x0, 0x0, 0x9f, 0x1b, 0xc0, 0x0,
    0x3e, 0xfc, 0x10, 0x2, 0xf5, 0xe8, 0x0, 0xe,
    0x72, 0xba, 0x0, 0xd, 0x9f, 0x70, 0x1, 0xf1,
    0x5, 0xd0, 0x0, 0xca, 0xe8, 0x0, 0xd, 0x94,
    0xc9, 0x0, 0xe, 0x9a, 0xd0, 0x0, 0x2b, 0xea,
    0x0, 0x2, 0xf5, 0x5f, 0x40, 0x0, 0x0, 0x0,
    0x0, 0x9e, 0x0, 0xce, 0x20, 0x0, 0x0, 0x0,
    0x5f, 0x70, 0x1, 0xee, 0x50, 0x0, 0x0, 0x8f,
    0xa0, 0x0, 0x1, 0xbf, 0xea, 0x9b, 0xff, 0x80,
    0x0, 0x0, 0x0, 0x49, 0xcd, 0xb8, 0x20, 0x0,
    0x0,

    /* U+229B "⊛" */
    0x0, 0x0, 0x4a, 0xde, 0xc9, 0x30, 0x0, 0x0,
    0x1, 0xcf, 0xea, 0x9a, 0xef, 0xa0, 0x0, 0x1,
    0xee, 0x50, 0x0, 0x0, 0x6f, 0xc0, 0x0, 0xce,
    0x10, 0x1, 0x30, 0x0, 0x3f, 0x90, 0x5f, 0x40,
    0x0, 0x5f, 0x0, 0x0, 0x7f, 0x2b, 0xc0, 0xb,
    0x64, 0xf1, 0x98, 0x0, 0xf7, 0xe8, 0x0, 0x9f,
    0xef, 0xee, 0x60, 0xb, 0xbf, 0x70, 0x0, 0x5f,
    0xfe, 0x20, 0x0, 0xac, 0xe8, 0x0, 0xbf, 0xcf,
    0xcf, 0x80, 0xc, 0xba, 0xd0, 0x9, 0x44, 0xf0,
    0x76, 0x0, 0xf7, 0x5f, 0x40, 0x0, 0x5f, 0x0,
    0x0, 0x8f, 0x20, 0xce, 0x20, 0x0, 0x20, 0x0,
    0x4f, 0x90, 0x1, 0xee, 0x50, 0x0, 0x0, 0x7f,
    0xb0, 0x0, 0x1, 0xbf, 0xea, 0x9b, 0xff, 0x90,
    0x0, 0x0, 0x0, 0x49, 0xcd, 0xc8, 0x20, 0x0,
    0x0,

    /* U+229C "⊜" */
    0x0, 0x0, 0x4a, 0xde, 0xc8, 0x20, 0x0, 0x0,
    0x1, 0xcf, 0xda, 0x9a, 0xff, 0x90, 0x0, 0x1,
    0xee, 0x40, 0x0, 0x0, 0x8f, 0xa0, 0x0, 0xce,
    0x10, 0x0, 0x0, 0x0, 0x5f, 0x70, 0x5f, 0x40,
    0x0, 0x0, 0x0, 0x0, 0x9f, 0x1b, 0xc0, 0x9f,
    0xff, 0xff, 0xff, 0x12, 0xf5, 0xe8, 0x3, 0x66,
    0x66, 0x66, 0x60, 0xd, 0x9f, 0x70, 0x0, 0x0,
    0x0, 0x0, 0x0, 0xca, 0xe8, 0x4, 0x77, 0x77,
    0x77, 0x70, 0xe, 0x9a, 0xd0, 0x9f, 0xff, 0xff,
    0xff, 0x12, 0xf5, 0x5f, 0x40, 0x0, 0x0, 0x0,
    0x0, 0x9e, 0x0, 0xce, 0x20, 0x0, 0x0, 0x0,
    0x5f, 0x70, 0x1, 0xee, 0x50, 0x0, 0x0, 0x8f,
    0xa0, 0x0, 0x1, 0xbf, 0xea, 0x9b, 0xff, 0x80,
    0x0, 0x0, 0x0, 0x49, 0xcd, 0xb8, 0x20, 0x0,
    0x0,

    /* U+229D "⊝" */
    0x0, 0x0, 0x4a, 0xde, 0xc8, 0x20, 0x0, 0x0,
    0x1, 0xcf, 0xda, 0x9a, 0xff, 0x90, 0x0, 0x1,
    0xee, 0x40, 0x0, 0x0, 0x8f, 0xa0, 0x0, 0xce,
    0x10, 0x0, 0x0, 0x0, 0x5f, 0x70, 0x5f, 0x40,
    0x0, 0x0, 0x0, 0x0, 0x9f, 0x1b, 0xc0, 0x0,
    0x0, 0x0, 0x0, 0x2, 0xf5, 0xe8, 0x2, 0x44,
    0x44, 0x44, 0x40, 0xd, 0x9f, 0x70, 0x9f, 0xff,
    0xff, 0xff, 0x10, 0xca, 0xe8, 0x1, 0x22, 0x22,
    0x22, 0x20, 0xe, 0x9a, 0xd0, 0x0, 0x0, 0x0,
    0x0, 0x2, 0xf5, 0x5f, 0x40, 0x0, 0x0, 0x0,
    0x0, 0x9e, 0x0, 0xce, 0x20, 0x0, 0x0, 0x0,
    0x5f, 0x70, 0x1, 0xee, 0x50, 0x0, 0x0, 0x8f,
    0xa0, 0x0, 0x1, 0xbf, 0xea, 0x9b, 0xff, 0x80,
    0x0, 0x0, 0x0, 0x49, 0xcd, 0xb8, 0x20, 0x0,
    0x0,

    /* U+229E "⊞" */
    0x0, 0x0, 0x0, 0x0, 0x0, 0x0, 0x0, 0xff,
    0xff, 0xff, 0xff, 0xff, 0xff, 0xf1, 0xfa, 0x66,
    0x67, 0xf8, 0x66, 0x69, 0xf1, 0xf7, 0x0, 0x2,
    0xf4, 0x0, 0x5, 0xf1, 0xf7, 0x0, 0x2, 0xf4,
    0x0, 0x5, 0xf1, 0xf7, 0x0, 0x2, 0xf4, 0x0,
    0x5, 0xf1, 0xf8, 0x33, 0x35, 0xf6, 0x33, 0x37,
    0xf1, 0xff, 0xff, 0xff, 0xff, 0xff, 0xff, 0xf1,
    0xf8, 0x33, 0x35, 0xf6, 0x33, 0x37, 0xf1, 0xf7,
    0x0, 0x2, 0xf4, 0x0, 0x5, 0xf1, 0xf7, 0x0,
    0x2, 0xf4, 0x0, 0x5, 0xf1, 0xf7, 0x0, 0x2,
    0xf4, 0x0, 0x5, 0xf1, 0xfa, 0x66, 0x67, 0xf8,
    0x66, 0x69, 0xf1, 0xff, 0xff, 0xff, 0xff, 0xff,
    0xff, 0xf1, 0x0, 0x0, 0x0, 0x0, 0x0, 0x0,
    0x0,

    /* U+229F "⊟" */
    0x0, 0x0, 0x0, 0x0, 0x0, 0x0, 0x0, 0xff,
    0xff, 0xff, 0xff, 0xff, 0xff, 0xf1, 0xfa, 0x66,
    0x66, 0x66, 0x66, 0x69, 0xf1, 0xf7, 0x0, 0x0,
    0x0, 0x0, 0x5, 0xf1, 0xf7, 0x0, 0x0, 0x0,
    0x0, 0x5, 0xf1, 0xf7, 0x0, 0x0, 0x0, 0x0,
    0x5, 0xf1, 0xf8, 0x33, 0x33, 0x33, 0x33, 0x37,
    0xf1, 0xff, 0xff, 0xff, 0xff, 0xff, 0xff, 0xf1,
    0xf8, 0x33, 0x33, 0x33, 0x33, 0x37, 0xf1, 0xf7,
    0x0, 0x0, 0x0, 0x0, 0x5, 0xf1, 0xf7, 0x0,
    0x0, 0x0, 0x0, 0x5, 0xf1, 0xf7, 0x0, 0x0,
    0x0, 0x0, 0x5, 0xf1, 0xfa, 0x66, 0x66, 0x66,
    0x66, 0x69, 0xf1, 0xff, 0xff, 0xff, 0xff, 0xff,
    0xff, 0xf1, 0x0, 0x0, 0x0, 0x0, 0x0, 0x0,
    0x0,

    /* U+22A0 "⊠" */
    0x0, 0x0, 0x0, 0x0, 0x0, 0x0, 0x0, 0xff,
    0xff, 0xff, 0xff, 0xff, 0xff, 0xf1, 0xff, 0xd6,
    0x66, 0x66, 0x66, 0xcf, 0xf1, 0xfd, 0xf8, 0x0,
    0x0, 0x7, 0xfc, 0xf1, 0xf7, 0x7f, 0x80, 0x0,
    0x7f, 0x85, 0xf1, 0xf7, 0x7, 0xf8, 0x7, 0xf8,
    0x5, 0xf1, 0xf7, 0x0, 0x6f, 0xcf, 0x80, 0x5,
    0xf1, 0xf7, 0x0, 0xb, 0xfc, 0x0, 0x5, 0xf1,
    0xf7, 0x0, 0x7f, 0xbf, 0x90, 0x5, 0xf1, 0xf7,
    0x7, 0xf8, 0x6, 0xf9, 0x5, 0xf1, 0xf7, 0x7f,
    0x80, 0x0, 0x6f, 0x95, 0xf1, 0xfd, 0xf8, 0x0,
    0x0, 0x7, 0xfd, 0xf1, 0xff, 0xd6, 0x66, 0x66,
    0x66, 0xcf, 0xf1, 0xff, 0xff, 0xff, 0xff, 0xff,
    0xff, 0xf1, 0x0, 0x0, 0x0, 0x0, 0x0, 0x0,
    0x0,

    /* U+22A1 "⊡" */
    0x0, 0x0, 0x0, 0x0, 0x0, 0x0, 0x0, 0xff,
    0xff, 0xff, 0xff, 0xff, 0xff, 0xf1, 0xfa, 0x66,
    0x66, 0x66, 0x66, 0x69, 0xf1, 0xf7, 0x0, 0x0,
    0x0, 0x0, 0x5, 0xf1, 0xf7, 0x0, 0x0, 0x0,
    0x0, 0x5, 0xf1, 0xf7, 0x0, 0x0, 0x0, 0x0,
    0x5, 0xf1, 0xf7, 0x0, 0x9, 0xfa, 0x0, 0x5,
    0xf1, 0xf7, 0x0, 0xf, 0xff, 0x10, 0x5, 0xf1,
    0xf7, 0x0, 0x8, 0xfa, 0x0, 0x5, 0xf1, 0xf7,
    0x0, 0x0, 0x0, 0x0, 0x5, 0xf1, 0xf7, 0x0,
    0x0, 0x0, 0x0, 0x5, 0xf1, 0xf7, 0x0, 0x0,
    0x0, 0x0, 0x5, 0xf1, 0xfa, 0x66, 0x66, 0x66,
    0x66, 0x69, 0xf1, 0xff, 0xff, 0xff, 0xff, 0xff,
    0xff, 0xf1, 0x0, 0x0, 0x0, 0x0, 0x0, 0x0,
    0x0,

    /* U+22A2 "⊢" */
    0x10, 0x0, 0x0, 0x0, 0x0, 0x0, 0x0, 0xf7,
    0x0, 0x0, 0x0, 0x0, 0x0, 0x0, 0xf7, 0x0,
    0x0, 0x0, 0x0, 0x0, 0x0, 0xf7, 0x0, 0x0,
    0x0, 0x0, 0x0, 0x0, 0xf7, 0x0, 0x0, 0x0,
    0x0, 0x0, 0x0, 0xf7, 0x0, 0x0, 0x0, 0x0,
    0x0, 0x0, 0xf9, 0x44, 0x44, 0x44, 0x44, 0x44,
    0x40, 0xff, 0xff, 0xff, 0xff, 0xff, 0xff, 0xf1,
    0xf8, 0x22, 0x22, 0x22, 0x22, 0x22, 0x20, 0xf7,
    0x0, 0x0, 0x0, 0x0, 0x0, 0x0, 0xf7, 0x0,
    0x0, 0x0, 0x0, 0x0, 0x0, 0xf7, 0x0, 0x0,
    0x0, 0x0, 0x0, 0x0, 0xf7, 0x0, 0x0, 0x0,
    0x0, 0x0, 0x0, 0xf7, 0x0, 0x0, 0x0, 0x0,
    0x0, 0x0,

    /* U+22A3 "⊣" */
    0x0, 0x0, 0x0, 0x0, 0x0, 0x0, 0x10, 0x0,
    0x0, 0x0, 0x0, 0x0, 0x5, 0xf1, 0x0, 0x0,
    0x0, 0x0, 0x0, 0x5, 0xf1, 0x0, 0x0, 0x0,
    0x0, 0x0, 0x5, 0xf1, 0x0, 0x0, 0x0, 0x0,
    0x0, 0x5, 0xf1, 0x0, 0x0, 0x0, 0x0, 0x0,
    0x5, 0xf1, 0x44, 0x44, 0x44, 0x44, 0x44, 0x47,
    0xf1, 0xff, 0xff, 0xff, 0xff, 0xff, 0xff, 0xf1,
    0x22, 0x22, 0x22, 0x22, 0x22, 0x26, 0xf1, 0x0,
    0x0, 0x0, 0x0, 0x0, 0x5, 0xf1, 0x0, 0x0,
    0x0, 0x0, 0x0, 0x5, 0xf1, 0x0, 0x0, 0x0,
    0x0, 0x0, 0x5, 0xf1, 0x0, 0x0, 0x0, 0x0,
    0x0, 0x5, 0xf1, 0x0, 0x0, 0x0, 0x0, 0x0,
    0x5, 0xf1,

    /* U+22A4 "⊤" */
    0x11, 0x11, 0x11, 0x11, 0x11, 0x11, 0x10, 0xff,
    0xff, 0xff, 0xff, 0xff, 0xff, 0xf1, 0x55, 0x55,
    0x56, 0xf8, 0x55, 0x55, 0x50, 0x0, 0x0, 0x2,
    0xf4, 0x0, 0x0, 0x0, 0x0, 0x0, 0x2, 0xf4,
    0x0, 0x0, 0x0, 0x0, 0x0, 0x2, 0xf4, 0x0,
    0x0, 0x0, 0x0, 0x0, 0x2, 0xf4, 0x0, 0x0,
    0x0, 0x0, 0x0, 0x2, 0xf4, 0x0, 0x0, 0x0,
    0x0, 0x0, 0x2, 0xf4, 0x0, 0x0, 0x0, 0x0,
    0x0, 0x2, 0xf4, 0x0, 0x0, 0x0, 0x0, 0x0,
    0x2, 0xf4, 0x0, 0x0, 0x0, 0x0, 0x0, 0x2,
    0xf4, 0x0, 0x0, 0x0, 0x0, 0x0, 0x2, 0xf4,
    0x0, 0x0, 0x0, 0x0, 0x0, 0x2, 0xf4, 0x0,
    0x0, 0x0,

    /* U+22A5 "⊥" */
    0x0, 0x0, 0x0, 0x10, 0x0, 0x0, 0x0, 0x0,
    0x0, 0x2, 0xf4, 0x0, 0x0, 0x0, 0x0, 0x0,
    0x2, 0xf4, 0x0, 0x0, 0x0, 0x0, 0x0, 0x2,
    0xf4, 0x0, 0x0, 0x0, 0x0, 0x0, 0x2, 0xf4,
    0x0, 0x0, 0x0, 0x0, 0x0, 0x2, 0xf4, 0x0,
    0x0, 0x0, 0x0, 0x0, 0x2, 0xf4, 0x0, 0x0,
    0x0, 0x0, 0x0, 0x2, 0xf4, 0x0, 0x0, 0x0,
    0x0, 0x0, 0x2, 0xf4, 0x0, 0x0, 0x0, 0x0,
    0x0, 0x2, 0xf4, 0x0, 0x0, 0x0, 0x0, 0x0,
    0x2, 0xf4, 0x0, 0x0, 0x0, 0x0, 0x0, 0x2,
    0xf4, 0x0, 0x0, 0x0, 0x66, 0x66, 0x68, 0xf9,
    0x66, 0x66, 0x60, 0xff, 0xff, 0xff, 0xff, 0xff,
    0xff, 0xf1,

    /* U+22A6 "⊦" */
    0x10, 0x0, 0x0, 0x0, 0xf7, 0x0, 0x0, 0x0,
    0xf7, 0x0, 0x0, 0x0, 0xf7, 0x0, 0x0, 0x0,
    0xf7, 0x0, 0x0, 0x0, 0xf7, 0x0, 0x0, 0x0,
    0xf9, 0x44, 0x44, 0x41, 0xff, 0xff, 0xff, 0xf4,
    0xf8, 0x22, 0x22, 0x20, 0xf7, 0x0, 0x0, 0x0,
    0xf7, 0x0, 0x0, 0x0, 0xf7, 0x0, 0x0, 0x0,
    0xf7, 0x0, 0x0, 0x0, 0xf7, 0x0, 0x0, 0x0,

    /* U+22A7 "⊧" */
    0x0, 0x0, 0x0, 0x0, 0xf7, 0x0, 0x0, 0x0,
    0xf7, 0x0, 0x0, 0x0, 0xf7, 0x0, 0x0, 0x0,
    0xfb, 0x88, 0x88, 0x83, 0xfe, 0xee, 0xee, 0xe5,
    0xf7, 0x0, 0x0, 0x0, 0xf7, 0x0, 0x0, 0x0,
    0xf7, 0x0, 0x0, 0x0, 0xfe, 0xee, 0xee, 0xe5,
    0xfb, 0x88, 0x88, 0x83, 0xf7, 0x0, 0x0, 0x0,
    0xf7, 0x0, 0x0, 0x0, 0xf7, 0x0, 0x0, 0x0,
    0x0, 0x0, 0x0, 0x0,

    /* U+22A8 "⊨" */
    0x10, 0x0, 0x0, 0x0, 0x0, 0x0, 0x0, 0xf7,
    0x0, 0x0, 0x0, 0x0, 0x0, 0x0, 0xf7, 0x0,
    0x0, 0x0, 0x0, 0x0, 0x0, 0xf7, 0x0, 0x0,
    0x0, 0x0, 0x0, 0x0, 0xfc, 0x99, 0x99, 0x99,
    0x99, 0x99, 0x90, 0xfe, 0xdd, 0xdd, 0xdd, 0xdd,
    0xdd, 0xd1, 0xf7, 0x0, 0x0, 0x0, 0x0, 0x0,
    0x0, 0xf7, 0x0, 0x0, 0x0, 0x0, 0x0, 0x0,
    0xf7, 0x0, 0x0, 0x0, 0x0, 0x0, 0x0, 0xff,
    0xee, 0xee, 0xee, 0xee, 0xee, 0xe1, 0xfb, 0x88,
    0x88, 0x88, 0x88, 0x88, 0x80, 0xf7, 0x0, 0x0,
    0x0, 0x0, 0x0, 0x0, 0xf7, 0x0, 0x0, 0x0,
    0x0, 0x0, 0x0, 0xf7, 0x0, 0x0, 0x0, 0x0,
    0x0, 0x0,

    /* U+22A9 "⊩" */
    0x10, 0x0, 0x10, 0x0, 0x0, 0x0, 0x0, 0xf,
    0x70, 0x3f, 0x30, 0x0, 0x0, 0x0, 0x0, 0xf7,
    0x3, 0xf3, 0x0, 0x0, 0x0, 0x0, 0xf, 0x70,
    0x3f, 0x30, 0x0, 0x0, 0x0, 0x0, 0xf7, 0x3,
    0xf3, 0x0, 0x0, 0x0, 0x0, 0xf, 0x70, 0x3f,
    0x30, 0x0, 0x0, 0x0, 0x0, 0xf7, 0x3, 0xf7,
    0x44, 0x44, 0x44, 0x44, 0x3f, 0x70, 0x3f, 0xff,
    0xff, 0xff, 0xff, 0xfb, 0xf7, 0x3, 0xf5, 0x22,
    0x22, 0x22, 0x22, 0x1f, 0x70, 0x3f, 0x30, 0x0,
    0x0, 0x0, 0x0, 0xf7, 0x3, 0xf3, 0x0, 0x0,
    0x0, 0x0, 0xf, 0x70, 0x3f, 0x30, 0x0, 0x0,
    0x0, 0x0, 0xf7, 0x3, 0xf3, 0x0, 0x0, 0x0,
    0x0, 0xf, 0x70, 0x3f, 0x30, 0x0, 0x0, 0x0,
    0x0,

    /* U+22AA "⊪" */
    0x10, 0x0, 0x10, 0x0, 0x10, 0x0, 0x0, 0xf,
    0x70, 0x3f, 0x30, 0x6f, 0x0, 0x0, 0x0, 0xf7,
    0x3, 0xf3, 0x6, 0xf0, 0x0, 0x0, 0xf, 0x70,
    0x3f, 0x30, 0x6f, 0x0, 0x0, 0x0, 0xf7, 0x3,
    0xf3, 0x6, 0xf0, 0x0, 0x0, 0xf, 0x70, 0x3f,
    0x30, 0x6f, 0x0, 0x0, 0x0, 0xf7, 0x3, 0xf3,
    0x6, 0xf4, 0x44, 0x44, 0x3f, 0x70, 0x3f, 0x30,
    0x6f, 0xff, 0xff, 0xfe, 0xf7, 0x3, 0xf3, 0x6,
    0xf3, 0x22, 0x22, 0x2f, 0x70, 0x3f, 0x30, 0x6f,
    0x0, 0x0, 0x0, 0xf7, 0x3, 0xf3, 0x6, 0xf0,
    0x0, 0x0, 0xf, 0x70, 0x3f, 0x30, 0x6f, 0x0,
    0x0, 0x0, 0xf7, 0x3, 0xf3, 0x6, 0xf0, 0x0,
    0x0, 0xf, 0x70, 0x3f, 0x30, 0x6f, 0x0, 0x0,
    0x0,

    /* U+22AB "⊫" */
    0x10, 0x0, 0x10, 0x0, 0x0, 0x0, 0x0, 0xf,
    0x70, 0x3f, 0x30, 0x0, 0x0, 0x0, 0x0, 0xf7,
    0x3, 0xf3, 0x0, 0x0, 0x0, 0x0, 0xf, 0x70,
    0x3f, 0x30, 0x0, 0x0, 0x0, 0x0, 0xf7, 0x3,
    0xfa, 0x99, 0x99, 0x99, 0x99, 0x6f, 0x70, 0x3f,
    0xed, 0xdd, 0xdd, 0xdd, 0xd9, 0xf7, 0x3, 0xf3,
    0x0, 0x0, 0x0, 0x0, 0xf, 0x70, 0x3f, 0x30,
    0x0, 0x0, 0x0, 0x0, 0xf7, 0x3, 0xf3, 0x0,
    0x0, 0x0, 0x0, 0xf, 0x70, 0x3f, 0xfe, 0xee,
    0xee, 0xee, 0xea, 0xf7, 0x3, 0xf9, 0x88, 0x88,
    0x88, 0x88, 0x5f, 0x70, 0x3f, 0x30, 0x0, 0x0,
    0x0, 0x0, 0xf7, 0x3, 0xf3, 0x0, 0x0, 0x0,
    0x0, 0xf, 0x60, 0x3f, 0x30, 0x0, 0x0, 0x0,
    0x0,

    /* U+22AC "⊬" */
    0x10, 0x0, 0x0, 0x0, 0x38, 0x0, 0x0, 0xf7,
    0x0, 0x0, 0x0, 0xac, 0x0, 0x0, 0xf7, 0x0,
    0x0, 0x0, 0xf6, 0x0, 0x0, 0xf7, 0x0, 0x0,
    0x6, 0xf0, 0x0, 0x0, 0xf7, 0x0, 0x0, 0xc,
    0x90, 0x0, 0x0, 0xf7, 0x0, 0x0, 0x3f, 0x30,
    0x0, 0x0, 0xf9, 0x44, 0x44, 0xae, 0x44, 0x44,
    0x40, 0xff, 0xff, 0xff, 0xff, 0xff, 0xff, 0xf1,
    0xf8, 0x22, 0x27, 0xf3, 0x22, 0x22, 0x20, 0xf7,
    0x0, 0xb, 0xa0, 0x0, 0x0, 0x0, 0xf7, 0x0,
    0x2f, 0x40, 0x0, 0x0, 0x0, 0xf7, 0x0, 0x8e,
    0x0, 0x0, 0x0, 0x0, 0xf7, 0x0, 0xe8, 0x0,
    0x0, 0x0, 0x0, 0xf7, 0x4, 0xf2, 0x0, 0x0,
    0x0, 0x0, 0x0, 0x2, 0x70, 0x0, 0x0, 0x0,
    0x0,

    /* U+22AD "⊭" */
    0x10, 0x0, 0x0, 0x0, 0x38, 0x0, 0x0, 0xf7,
    0x0, 0x0, 0x0, 0xac, 0x0, 0x0, 0xf7, 0x0,
    0x0, 0x0, 0xf6, 0x0, 0x0, 0xf7, 0x0, 0x0,
    0x6, 0xf0, 0x0, 0x0, 0xfc, 0x99, 0x99, 0x9d,
    0xe9, 0x99, 0x90, 0xfe, 0xdd, 0xdd, 0xef, 0xdd,
    0xdd, 0xd1, 0xf7, 0x0, 0x0, 0x9d, 0x0, 0x0,
    0x0, 0xf7, 0x0, 0x0, 0xe7, 0x0, 0x0, 0x0,
    0xf7, 0x0, 0x5, 0xf1, 0x0, 0x0, 0x0, 0xff,
    0xee, 0xef, 0xfe, 0xee, 0xee, 0xe1, 0xfb, 0x88,
    0x9f, 0x98, 0x88, 0x88, 0x80, 0xf7, 0x0, 0x8e,
    0x0, 0x0, 0x0, 0x0, 0xf7, 0x0, 0xe8, 0x0,
    0x0, 0x0, 0x0, 0xf7, 0x4, 0xf2, 0x0, 0x0,
    0x0, 0x0, 0x0, 0x2, 0x70, 0x0, 0x0, 0x0,
    0x0,

    /* U+22AE "⊮" */
    0x10, 0x0, 0x10, 0x0, 0x0, 0x2, 0x90, 0xf,
    0x70, 0x3f, 0x30, 0x0, 0x0, 0x8e, 0x0, 0xf7,
    0x3, 0xf3, 0x0, 0x0, 0xe, 0x80, 0xf, 0x70,
    0x3f, 0x30, 0x0, 0x4, 0xf1, 0x0, 0xf7, 0x3,
    0xf3, 0x0, 0x0, 0xbb, 0x0, 0xf, 0x70, 0x3f,
    0x30, 0x0, 0x1f, 0x50, 0x0, 0xf7, 0x3, 0xf7,
    0x44, 0x49, 0xf4, 0x44, 0x3f, 0x70, 0x3f, 0xff,
    0xff, 0xff, 0xff, 0xfb, 0xf7, 0x3, 0xf5, 0x22,
    0x6f, 0x42, 0x22, 0x1f, 0x70, 0x3f, 0x30, 0xa,
    0xc0, 0x0, 0x0, 0xf7, 0x3, 0xf3, 0x1, 0xf6,
    0x0, 0x0, 0xf, 0x70, 0x3f, 0x30, 0x6f, 0x0,
    0x0, 0x0, 0xf7, 0x3, 0xf3, 0xd, 0x90, 0x0,
    0x0, 0xf, 0x70, 0x3f, 0x33, 0xf3, 0x0, 0x0,
    0x0, 0x0, 0x0, 0x0, 0x28, 0x0, 0x0, 0x0,
    0x0,

    /* U+22AF "⊯" */
    0x10, 0x0, 0x10, 0x0, 0x0, 0x1, 0x91, 0xf,
    0x70, 0x3f, 0x30, 0x0, 0x0, 0x6f, 0x0, 0xf7,
    0x3, 0xf3, 0x0, 0x0, 0xd, 0x90, 0xf, 0x70,
    0x3f, 0x30, 0x0, 0x3, 0xf3, 0x0, 0xf7, 0x3,
    0xfa, 0x99, 0x99, 0xcf, 0x99, 0x6f, 0x70, 0x3f,
    0xed, 0xdd, 0xdf, 0xed, 0xd9, 0xf7, 0x3, 0xf3,
    0x0, 0x6, 0xf1, 0x0, 0xf, 0x70, 0x3f, 0x30,
    0x0, 0xca, 0x0, 0x0, 0xf7, 0x3, 0xf3, 0x0,
    0x2f, 0x40, 0x0, 0xf, 0x70, 0x3f, 0xfe, 0xef,
    0xfe, 0xee, 0xea, 0xf7, 0x3, 0xf9, 0x88, 0xfb,
    0x88, 0x88, 0x5f, 0x70, 0x3f, 0x30, 0x5f, 0x10,
    0x0, 0x0, 0xf7, 0x3, 0xf3, 0xb, 0xb0, 0x0,
    0x0, 0xf, 0x60, 0x3f, 0x31, 0xf5, 0x0, 0x0,
    0x0, 0x0, 0x0, 0x0, 0x18, 0x0, 0x0, 0x0,
    0x0,

    /* U+22B0 "⊰" */
    0x0, 0x0, 0x0, 0x12, 0x0, 0x0, 0x0, 0x9,
    0xff, 0xb0, 0x0, 0x0, 0x2f, 0x57, 0xf3, 0x0,
    0x0, 0x0, 0x3, 0xf3, 0x0, 0x0, 0x0, 0x4d,
    0xc0, 0x2, 0x47, 0xae, 0xfa, 0x10, 0xef, 0xff,
    0xfa, 0x20, 0x0, 0x2, 0x58, 0xbf, 0xf9, 0x10,
    0x0, 0x0, 0x0, 0x5e, 0xc0, 0x0, 0x0, 0x0,
    0x3, 0xf3, 0x0, 0x0, 0x2e, 0x56, 0xf3, 0x0,
    0x0, 0xa, 0xff, 0xa0, 0x0, 0x0, 0x0, 0x22,
    0x0,

    /* U+22B1 "⊱" */
    0x1, 0x20, 0x0, 0x0, 0x0, 0x6f, 0xfd, 0x10,
    0x0, 0x0, 0xeb, 0x3d, 0x70, 0x0, 0x0, 0xe8,
    0x0, 0x0, 0x0, 0x0, 0x8f, 0x71, 0x0, 0x0,
    0x0, 0x7, 0xef, 0xc8, 0x52, 0x0, 0x0, 0x7,
    0xef, 0xff, 0xf4, 0x6, 0xef, 0xc9, 0x63, 0x10,
    0x7f, 0x81, 0x0, 0x0, 0x0, 0xe9, 0x0, 0x0,
    0x0, 0x0, 0xeb, 0x3d, 0x60, 0x0, 0x0, 0x5f,
    0xfd, 0x10, 0x0, 0x0, 0x1, 0x30, 0x0, 0x0,
    0x0,

    /* U+22B2 "⊲" */
    0x0, 0x0, 0x0, 0x0, 0x1, 0x0, 0x0, 0x0,
    0x4a, 0xf6, 0x0, 0x3, 0x8e, 0xfa, 0xf6, 0x17,
    0xdf, 0xb5, 0x0, 0xe6, 0xef, 0xd4, 0x0, 0x0,
    0xe6, 0x4, 0xaf, 0xd8, 0x20, 0xe6, 0x0, 0x1,
    0x6c, 0xfd, 0xf6, 0x0, 0x0, 0x0, 0x27, 0xd6,
    0x0, 0x0, 0x0, 0x0, 0x0,

    /* U+22B3 "⊳" */
    0x20, 0x0, 0x0, 0x0, 0x0, 0xfc, 0x61, 0x0,
    0x0, 0x0, 0xfc, 0xef, 0xa4, 0x0, 0x0, 0xf5,
    0x4, 0x9e, 0xe9, 0x30, 0xf5, 0x0, 0x0, 0x9f,
    0xf5, 0xf5, 0x5, 0xaf, 0xd7, 0x20, 0xfd, 0xfe,
    0x93, 0x0, 0x0, 0xfa, 0x50, 0x0, 0x0, 0x0,
    0x10, 0x0, 0x0, 0x0, 0x0,

    /* U+22B4 "⊴" */
    0x0, 0x0, 0x0, 0x0, 0x12, 0x0, 0x0, 0x0,
    0x6b, 0xf6, 0x0, 0x4, 0xaf, 0xe9, 0xf6, 0x28,
    0xef, 0xa4, 0x0, 0xe6, 0xdf, 0xd4, 0x0, 0x0,
    0xe6, 0x3, 0x9e, 0xe9, 0x40, 0xe6, 0x0, 0x0,
    0x4a, 0xfe, 0xf6, 0x0, 0x0, 0x0, 0x16, 0xc6,
    0x0, 0x0, 0x0, 0x0, 0x0, 0xff, 0xff, 0xff,
    0xff, 0xf6, 0x77, 0x77, 0x77, 0x77, 0x73,

    /* U+22B5 "⊵" */
    0x50, 0x0, 0x0, 0x0, 0x0, 0xff, 0x93, 0x0,
    0x0, 0x0, 0xfa, 0xbf, 0xd8, 0x20, 0x0, 0xf5,
    0x1, 0x6b, 0xfc, 0x61, 0xf5, 0x0, 0x3, 0xaf,
    0xe4, 0xf5, 0x38, 0xdf, 0xa4, 0x0, 0xff, 0xfb,
    0x60, 0x0, 0x0, 0xd7, 0x10, 0x0, 0x0, 0x0,
    0x0, 0x0, 0x0, 0x0, 0x0, 0xff, 0xff, 0xff,
    0xff, 0xf6, 0x66, 0x66, 0x66, 0x66, 0x62,

    /* U+22B6 "⊶" */
    0x0, 0x42, 0x0, 0x0, 0x0, 0x0, 0x14, 0x10,
    0x3, 0xef, 0xf9, 0x0, 0x0, 0x0, 0x5f, 0xff,
    0x60, 0xca, 0x3, 0xf6, 0x22, 0x22, 0x3f, 0xff,
    0xff, 0x1f, 0x50, 0xd, 0xff, 0xff, 0xff, 0xff,
    0xff, 0xf3, 0xbb, 0x25, 0xf4, 0x0, 0x0, 0x1e,
    0xff, 0xff, 0x11, 0xdf, 0xf7, 0x0, 0x0, 0x0,
    0x4e, 0xfe, 0x40, 0x0, 0x21, 0x0, 0x0, 0x0,
    0x0, 0x2, 0x0, 0x0,

    /* U+22B7 "⊷" */
    0x0, 0x42, 0x0, 0x0, 0x0, 0x0, 0x14, 0x10,
    0x3, 0xef, 0xf9, 0x0, 0x0, 0x0, 0x5f, 0xff,
    0x60, 0xcf, 0xff, 0xf6, 0x22, 0x22, 0x2f, 0x70,
    0x7f, 0x1f, 0xff, 0xff, 0xff, 0xff, 0xff, 0xf1,
    0x0, 0xf3, 0xbf, 0xff, 0xf4, 0x0, 0x0, 0x1e,
    0x92, 0x8f, 0x11, 0xdf, 0xf7, 0x0, 0x0, 0x0,
    0x4e, 0xfe, 0x40, 0x0, 0x21, 0x0, 0x0, 0x0,
    0x0, 0x2, 0x0, 0x0,

    /* U+22B8 "⊸" */
    0x0, 0x0, 0x0, 0x0, 0x0, 0x23, 0x0, 0x0,
    0x0, 0x0, 0x0, 0x9, 0xff, 0xd1, 0x12, 0x22,
    0x22, 0x22, 0x6f, 0x31, 0xca, 0xff, 0xff, 0xff,
    0xff, 0xfb, 0x0, 0x6d, 0x11, 0x11, 0x11, 0x11,
    0x5f, 0x42, 0xca, 0x0, 0x0, 0x0, 0x0, 0x9,
    0xff, 0xc1, 0x0, 0x0, 0x0, 0x0, 0x0, 0x12,
    0x0,

    /* U+22B9 "⊹" */
    0x0, 0x0, 0x30, 0x0, 0x0, 0x0, 0x1, 0xf4,
    0x0, 0x0, 0x0, 0x1, 0xf4, 0x0, 0x0, 0x0,
    0x1, 0xe3, 0x0, 0x0, 0x22, 0x20, 0x0, 0x12,
    0x20, 0xff, 0xf1, 0x0, 0xef, 0xf3, 0x12, 0x20,
    0x0, 0x12, 0x20, 0x0, 0x1, 0xf3, 0x0, 0x0,
    0x0, 0x1, 0xf4, 0x0, 0x0, 0x0, 0x1, 0xf4,
    0x0, 0x0, 0x0, 0x0, 0x20, 0x0, 0x0,

    /* U+22BA "⊺" */
    0x11, 0x11, 0x11, 0x11, 0x10, 0xff, 0xff, 0xff,
    0xff, 0xf1, 0x55, 0x56, 0xf8, 0x55, 0x50, 0x0,
    0x2, 0xf4, 0x0, 0x0, 0x0, 0x2, 0xf4, 0x0,
    0x0, 0x0, 0x2, 0xf4, 0x0, 0x0, 0x0, 0x2,
    0xf4, 0x0, 0x0, 0x0, 0x2, 0xf4, 0x0, 0x0,
    0x0, 0x2, 0xf4, 0x0, 0x0, 0x0, 0x2, 0xf4,
    0x0, 0x0, 0x0, 0x2, 0xf4, 0x0, 0x0, 0x0,
    0x2, 0xf4, 0x0, 0x0, 0x0, 0x2, 0xf4, 0x0,
    0x0, 0x0, 0x2, 0xf4, 0x0, 0x0,

    /* U+22BB "⊻" */
    0x76, 0x0, 0x0, 0x2, 0x92, 0x7f, 0x10, 0x0,
    0xa, 0xd0, 0xe, 0x80, 0x0, 0x2f, 0x60, 0x7,
    0xf1, 0x0, 0x9e, 0x0, 0x0, 0xe8, 0x1, 0xf6,
    0x0, 0x0, 0x7e, 0x8, 0xe0, 0x0, 0x0, 0xe,
    0x8f, 0x70, 0x0, 0x0, 0x8, 0xfe, 0x0, 0x0,
    0x0, 0x1, 0xf7, 0x0, 0x0, 0x0, 0x0, 0x20,
    0x0, 0x0, 0x66, 0x66, 0x66, 0x66, 0x62, 0xff,
    0xff, 0xff, 0xff, 0xf6,

    /* U+22BC "⊼" */
    0x77, 0x77, 0x77, 0x77, 0x73, 0xff, 0xff, 0xff,
    0xff, 0xf6, 0x0, 0x0, 0x0, 0x0, 0x0, 0x0,
    0x0, 0x93, 0x0, 0x0, 0x0, 0x3, 0xfb, 0x0,
    0x0, 0x0, 0xb, 0xdf, 0x30, 0x0, 0x0, 0x3f,
    0x3c, 0xa0, 0x0, 0x0, 0xbc, 0x5, 0xf2, 0x0,
    0x3, 0xf4, 0x0, 0xda, 0x0, 0xb, 0xc0, 0x0,
    0x6f, 0x20, 0x3f, 0x50, 0x0, 0xe, 0xa0, 0xbd,
    0x0, 0x0, 0x6, 0xf2, 0x11, 0x0, 0x0, 0x0,
    0x10,

    /* U+22BD "⊽" */
    0x77, 0x77, 0x77, 0x77, 0x73, 0xff, 0xff, 0xff,
    0xff, 0xf6, 0x0, 0x0, 0x0, 0x0, 0x0, 0x88,
    0x0, 0x0, 0x3, 0xb2, 0x6f, 0x20, 0x0, 0xb,
    0xd0, 0xe, 0x90, 0x0, 0x2f, 0x50, 0x6, 0xf1,
    0x0, 0xad, 0x0, 0x0, 0xe8, 0x2, 0xf5, 0x0,
    0x0, 0x6f, 0x19, 0xd0, 0x0, 0x0, 0xe, 0x9f,
    0x60, 0x0, 0x0, 0x7, 0xfe, 0x0, 0x0, 0x0,
    0x0, 0xe6, 0x0, 0x0, 0x0, 0x0, 0x10, 0x0,
    0x0,

    /* U+22BE "⊾" */
    0xf7, 0x0, 0x0, 0x0, 0x0, 0x0, 0xf7, 0x0,
    0x0, 0x0, 0x0, 0x0, 0xf7, 0x0, 0x0, 0x0,
    0x0, 0x0, 0xf7, 0x0, 0x0, 0x0, 0x0, 0x0,
    0xfc, 0x72, 0x0, 0x0, 0x0, 0x0, 0xfc, 0xcf,
    0x80, 0x0, 0x0, 0x0, 0xf7, 0x4, 0xe8, 0x0,
    0x0, 0x0, 0xf7, 0x0, 0x4f, 0x20, 0x0, 0x0,
    0xf7, 0x0, 0xc, 0x70, 0x0, 0x0, 0xfa, 0x66,
    0x6c, 0xc6, 0x66, 0x60, 0xff, 0xff, 0xff, 0xff,
    0xff, 0xf0,

    /* U+22BF "⊿" */
    0x0, 0x0, 0x0, 0x0, 0x0, 0x0, 0x0, 0x0,
    0x0, 0x0, 0x0, 0x0, 0x70, 0x0, 0x0, 0x0,
    0x0, 0x0, 0x7f, 0x0, 0x0, 0x0, 0x0, 0x0,
    0x7f, 0xf0, 0x0, 0x0, 0x0, 0x0, 0x7f, 0xbf,
    0x0, 0x0, 0x0, 0x0, 0x7f, 0x56, 0xf0, 0x0,
    0x0, 0x0, 0x7f, 0x50, 0x6f, 0x0, 0x0, 0x0,
    0x7f, 0x50, 0x6, 0xf0, 0x0, 0x0, 0x7f, 0x50,
    0x0, 0x6f, 0x0, 0x0, 0x7f, 0x50, 0x0, 0x6,
    0xf0, 0x0, 0x7f, 0x50, 0x0, 0x0, 0x6f, 0x0,
    0x7f, 0xb6, 0x66, 0x66, 0x6a, 0xf0, 0x7f, 0xff,
    0xff, 0xff, 0xff, 0xff, 0x0,

    /* U+22C0 "⋀" */
    0x0, 0x0, 0x0, 0x2, 0x30, 0x0, 0x0, 0x0,
    0x0, 0x0, 0x0, 0x0, 0xbf, 0x10, 0x0, 0x0,
    0x0, 0x0, 0x0, 0x0, 0x1f, 0xf8, 0x0, 0x0,
    0x0, 0x0, 0x0, 0x0, 0x8, 0xfa, 0xe0, 0x0,
    0x0, 0x0, 0x0, 0x0, 0x0, 0xe9, 0x3f, 0x40,
    0x0, 0x0, 0x0, 0x0, 0x0, 0x4f, 0x30, 0xdb,
    0x0, 0x0, 0x0, 0x0, 0x0, 0xb, 0xd0, 0x6,
    0xf1, 0x0, 0x0, 0x0, 0x0, 0x1, 0xf6, 0x0,
    0xf, 0x70, 0x0, 0x0, 0x0, 0x0, 0x8f, 0x10,
    0x0, 0x9e, 0x0, 0x0, 0x0, 0x0, 0xe, 0xa0,
    0x0, 0x3, 0xf4, 0x0, 0x0, 0x0, 0x4, 0xf3,
    0x0, 0x0, 0xd, 0xa0, 0x0, 0x0, 0x0, 0xbd,
    0x0, 0x0, 0x0, 0x6f, 0x10, 0x0, 0x0, 0x1f,
    0x70, 0x0, 0x0, 0x1, 0xf7, 0x0, 0x0, 0x7,
    0xf1, 0x0, 0x0, 0x0, 0xa, 0xd0, 0x0, 0x0,
    0xda, 0x0, 0x0, 0x0, 0x0, 0x3f, 0x40, 0x0,
    0x4f, 0x40, 0x0, 0x0, 0x0, 0x0, 0xda, 0x0,
    0xa, 0xd0, 0x0, 0x0, 0x0, 0x0, 0x7, 0xf1,
    0x1, 0xf7, 0x0, 0x0, 0x0, 0x0, 0x0, 0x1f,
    0x70, 0x7f, 0x10, 0x0, 0x0, 0x0, 0x0, 0x0,
    0xad, 0xa, 0x80, 0x0, 0x0, 0x0, 0x0, 0x0,
    0x3, 0xc2,

    /* U+22C1 "⋁" */
    0x42, 0x0, 0x0, 0x0, 0x0, 0x0, 0x0, 0x4,
    0x1a, 0xd0, 0x0, 0x0, 0x0, 0x0, 0x0, 0x7,
    0xf1, 0x4f, 0x40, 0x0, 0x0, 0x0, 0x0, 0x0,
    0xda, 0x0, 0xda, 0x0, 0x0, 0x0, 0x0, 0x0,
    0x3f, 0x40, 0x7, 0xf1, 0x0, 0x0, 0x0, 0x0,
    0xa, 0xd0, 0x0, 0x1f, 0x70, 0x0, 0x0, 0x0,
    0x1, 0xf7, 0x0, 0x0, 0xbd, 0x0, 0x0, 0x0,
    0x0, 0x6f, 0x10, 0x0, 0x4, 0xf3, 0x0, 0x0,
    0x0, 0xd, 0xa0, 0x0, 0x0, 0xe, 0xa0, 0x0,
    0x0, 0x3, 0xf4, 0x0, 0x0, 0x0, 0x7f, 0x10,
    0x0, 0x0, 0xae, 0x0, 0x0, 0x0, 0x1, 0xf6,
    0x0, 0x0, 0xf, 0x70, 0x0, 0x0, 0x0, 0xb,
    0xd0, 0x0, 0x6, 0xf1, 0x0, 0x0, 0x0, 0x0,
    0x4f, 0x30, 0x0, 0xdb, 0x0, 0x0, 0x0, 0x0,
    0x0, 0xe9, 0x0, 0x3f, 0x40, 0x0, 0x0, 0x0,
    0x0, 0x8, 0xf0, 0x9, 0xe0, 0x0, 0x0, 0x0,
    0x0, 0x0, 0x1f, 0x60, 0xf8, 0x0, 0x0, 0x0,
    0x0, 0x0, 0x0, 0xbc, 0x6f, 0x10, 0x0, 0x0,
    0x0, 0x0, 0x0, 0x5, 0xfe, 0xb0, 0x0, 0x0,
    0x0, 0x0, 0x0, 0x0, 0xe, 0xf4, 0x0, 0x0,
    0x0, 0x0, 0x0, 0x0, 0x0, 0x7b, 0x0, 0x0,
    0x0, 0x0,

    /* U+22C2 "⋂" */
    0x0, 0x0, 0x2, 0x43, 0x10, 0x0, 0x0, 0x0,
    0x2a, 0xff, 0xff, 0xfc, 0x50, 0x0, 0x4, 0xfe,
    0x84, 0x23, 0x6b, 0xf9, 0x0, 0x1f, 0xc1, 0x0,
    0x0, 0x0, 0x7f, 0x50, 0x8f, 0x10, 0x0, 0x0,
    0x0, 0xb, 0xd0, 0xca, 0x0, 0x0, 0x0, 0x0,
    0x4, 0xf2, 0xe7, 0x0, 0x0, 0x0, 0x0, 0x1,
    0xf4, 0xf7, 0x0, 0x0, 0x0, 0x0, 0x0, 0xf5,
    0xf7, 0x0, 0x0, 0x0, 0x0, 0x0, 0xf6, 0xf7,
    0x0, 0x0, 0x0, 0x0, 0x0, 0xf6, 0xf7, 0x0,
    0x0, 0x0, 0x0, 0x0, 0xf6, 0xf7, 0x0, 0x0,
    0x0, 0x0, 0x0, 0xf6, 0xf7, 0x0, 0x0, 0x0,
    0x0, 0x0, 0xf6, 0xf7, 0x0, 0x0, 0x0, 0x0,
    0x0, 0xf6, 0xf7, 0x0, 0x0, 0x0, 0x0, 0x0,
    0xf6, 0xf7, 0x0, 0x0, 0x0, 0x0, 0x0, 0xf6,
    0xf7, 0x0, 0x0, 0x0, 0x0, 0x0, 0xf6, 0xf7,
    0x0, 0x0, 0x0, 0x0, 0x0, 0xf6, 0xf7, 0x0,
    0x0, 0x0, 0x0, 0x0, 0xf6, 0xc5, 0x0, 0x0,
    0x0, 0x0, 0x0, 0xc4,

    /* U+22C3 "⋃" */
    0x31, 0x0, 0x0, 0x0, 0x0, 0x0, 0x31, 0xf7,
    0x0, 0x0, 0x0, 0x0, 0x0, 0xf6, 0xf7, 0x0,
    0x0, 0x0, 0x0, 0x0, 0xf6, 0xf7, 0x0, 0x0,
    0x0, 0x0, 0x0, 0xf6, 0xf7, 0x0, 0x0, 0x0,
    0x0, 0x0, 0xf6, 0xf7, 0x0, 0x0, 0x0, 0x0,
    0x0, 0xf6, 0xf7, 0x0, 0x0, 0x0, 0x0, 0x0,
    0xf6, 0xf7, 0x0, 0x0, 0x0, 0x0, 0x0, 0xf6,
    0xf7, 0x0, 0x0, 0x0, 0x0, 0x0, 0xf6, 0xf7,
    0x0, 0x0, 0x0, 0x0, 0x0, 0xf6, 0xf7, 0x0,
    0x0, 0x0, 0x0, 0x0, 0xf6, 0xf7, 0x0, 0x0,
    0x0, 0x0, 0x0, 0xf6, 0xf7, 0x0, 0x0, 0x0,
    0x0, 0x0, 0xf6, 0xf7, 0x0, 0x0, 0x0, 0x0,
    0x1, 0xf5, 0xe8, 0x0, 0x0, 0x0, 0x0, 0x2,
    0xf3, 0xbd, 0x0, 0x0, 0x0, 0x0, 0x6, 0xf1,
    0x5f, 0x50, 0x0, 0x0, 0x0, 0x1e, 0xa0, 0xb,
    0xf6, 0x0, 0x0, 0x2, 0xcf, 0x20, 0x1, 0xbf,
    0xea, 0x9a, 0xcf, 0xd3, 0x0, 0x0, 0x3, 0x9c,
    0xdc, 0xa5, 0x0, 0x0,

    /* U+22C4 "⋄" */
    0x0, 0x0, 0x20, 0x0, 0x0, 0x0, 0x2, 0xec,
    0x0, 0x0, 0x0, 0x2e, 0xde, 0xc0, 0x0, 0x2,
    0xed, 0x13, 0xec, 0x0, 0x2e, 0xd1, 0x0, 0x3e,
    0xc0, 0xbf, 0x40, 0x0, 0x7, 0xf8, 0x1d, 0xe2,
    0x0, 0x4f, 0xa0, 0x1, 0xde, 0x24, 0xfa, 0x0,
    0x0, 0x1d, 0xef, 0xa0, 0x0, 0x0, 0x1, 0xda,
    0x0, 0x0, 0x0, 0x0, 0x10, 0x0, 0x0,

    /* U+22C5 "⋅" */
    0x8c, 0x1e, 0xf5, 0x47, 0x0,

    /* U+22C6 "⋆" */
    0x0, 0x0, 0x0, 0x0, 0x0, 0x6, 0x0, 0x0,
    0x0, 0xc, 0x40, 0x0, 0x46, 0x7f, 0xb6, 0x61,
    0xa, 0xff, 0xfe, 0x40, 0x0, 0xdf, 0xf4, 0x0,
    0x1, 0xf8, 0xc9, 0x0, 0x4, 0x30, 0x7, 0x0,

    /* U+22C7 "⋇" */
    0x0, 0x0, 0x73, 0x0, 0x0, 0x29, 0x6, 0xfd,
    0x4, 0x70, 0x5f, 0xb2, 0xc7, 0x4f, 0xb0, 0x5,
    0xfb, 0x5, 0xfa, 0x0, 0x44, 0x9f, 0xdf, 0xd4,
    0x41, 0xff, 0xff, 0xff, 0xff, 0xf6, 0x22, 0x8f,
    0xbf, 0xd2, 0x20, 0x6, 0xfa, 0x4, 0xfc, 0x0,
    0x5f, 0xa2, 0xc7, 0x4f, 0xc0, 0x18, 0x6, 0xfd,
    0x4, 0x60, 0x0, 0x0, 0x73, 0x0, 0x0,

    /* U+22C8 "⋈" */
    0x0, 0x0, 0x0, 0x0, 0x0, 0x0, 0xe, 0x60,
    0x0, 0x0, 0x0, 0x0, 0xc7, 0xff, 0x50, 0x0,
    0x0, 0x0, 0xcf, 0x8f, 0xef, 0x50, 0x0, 0x0,
    0xce, 0xf8, 0xf7, 0xaf, 0x50, 0x0, 0xcf, 0x3e,
    0x8f, 0x70, 0xaf, 0x50, 0xcf, 0x30, 0xe8, 0xf7,
    0x0, 0xaf, 0xdf, 0x30, 0xe, 0x8f, 0x70, 0x1,
    0xef, 0x80, 0x0, 0xe8, 0xf7, 0x0, 0xcf, 0xcf,
    0x50, 0xe, 0x8f, 0x70, 0xbf, 0x30, 0xbf, 0x40,
    0xe8, 0xf7, 0xbf, 0x40, 0x0, 0xbf, 0x4e, 0x8f,
    0xff, 0x40, 0x0, 0x0, 0xbf, 0xf8, 0xff, 0x40,
    0x0, 0x0, 0x0, 0xbf, 0x8d, 0x40, 0x0, 0x0,
    0x0, 0x0, 0xb6,

    /* U+22C9 "⋉" */
    0x0, 0x0, 0x0, 0x0, 0x0, 0x0, 0xe, 0x60,
    0x0, 0x0, 0x0, 0x0, 0x92, 0xff, 0x60, 0x0,
    0x0, 0x0, 0xaf, 0x5f, 0xef, 0x60, 0x0, 0x0,
    0xaf, 0x50, 0xf7, 0xaf, 0x60, 0x0, 0xaf, 0x50,
    0xf, 0x70, 0xaf, 0x60, 0xbf, 0x50, 0x0, 0xf7,
    0x0, 0x9f, 0xcf, 0x50, 0x0, 0xf, 0x70, 0x0,
    0xef, 0x90, 0x0, 0x0, 0xf7, 0x0, 0xbf, 0xcf,
    0x60, 0x0, 0xf, 0x70, 0xbf, 0x50, 0xaf, 0x60,
    0x0, 0xf7, 0xbf, 0x50, 0x0, 0xaf, 0x60, 0xf,
    0xff, 0x50, 0x0, 0x0, 0xaf, 0x60, 0xff, 0x50,
    0x0, 0x0, 0x0, 0x9f, 0x5d, 0x50, 0x0, 0x0,
    0x0, 0x0, 0x82,

    /* U+22CA "⋊" */
    0x0, 0x0, 0x0, 0x0, 0x0, 0x0, 0x0, 0x9,
    0x30, 0x0, 0x0, 0x0, 0x1, 0xc7, 0xc, 0xf3,
    0x0, 0x0, 0x0, 0x1c, 0xf8, 0x0, 0xcf, 0x30,
    0x0, 0x1, 0xcf, 0xf8, 0x0, 0xb, 0xf4, 0x0,
    0x1c, 0xf3, 0xe8, 0x0, 0x0, 0xbf, 0x41, 0xce,
    0x30, 0xe8, 0x0, 0x0, 0xb, 0xfd, 0xe3, 0x0,
    0xe8, 0x0, 0x0, 0x1, 0xff, 0x70, 0x0, 0xe8,
    0x0, 0x0, 0x1d, 0xfc, 0xf4, 0x0, 0xe8, 0x0,
    0x1, 0xdf, 0x30, 0xcf, 0x40, 0xe8, 0x0, 0x1c,
    0xe3, 0x0, 0xc, 0xf4, 0xe8, 0x1, 0xce, 0x30,
    0x0, 0x0, 0xbf, 0xf8, 0xc, 0xe3, 0x0, 0x0,
    0x0, 0xb, 0xf8, 0x7, 0x30, 0x0, 0x0, 0x0,
    0x0, 0xb6,

    /* U+22CB "⋋" */
    0x66, 0x0, 0x0, 0x0, 0x0, 0x0, 0x9, 0xf6,
    0x0, 0x0, 0x0, 0x0, 0x0, 0x9, 0xf6, 0x0,
    0x0, 0x0, 0x0, 0x0, 0x9, 0xf6, 0x0, 0x0,
    0x0, 0x0, 0x0, 0x9, 0xf6, 0x0, 0x0, 0x0,
    0x0, 0x0, 0x9, 0xf6, 0x0, 0x0, 0x0, 0x0,
    0x0, 0xe, 0xf6, 0x0, 0x0, 0x0, 0x0, 0xb,
    0xfb, 0xf6, 0x0, 0x0, 0x0, 0xa, 0xf5, 0x9,
    0xf6, 0x0, 0x0, 0xa, 0xf5, 0x0, 0x9, 0xf6,
    0x0, 0xa, 0xf5, 0x0, 0x0, 0x9, 0xf6, 0xa,
    0xf5, 0x0, 0x0, 0x0, 0x9, 0xf6, 0x55, 0x0,
    0x0, 0x0, 0x0, 0x8, 0x20,

    /* U+22CC "⋌" */
    0x0, 0x0, 0x0, 0x0, 0x0, 0x9, 0x30, 0x0,
    0x0, 0x0, 0x0, 0xa, 0xf5, 0x0, 0x0, 0x0,
    0x0, 0xa, 0xf5, 0x0, 0x0, 0x0, 0x0, 0xa,
    0xf5, 0x0, 0x0, 0x0, 0x0, 0xa, 0xf5, 0x0,
    0x0, 0x0, 0x0, 0xa, 0xf5, 0x0, 0x0, 0x0,
    0x0, 0xa, 0xfa, 0x0, 0x0, 0x0, 0x0, 0xa,
    0xfb, 0xf6, 0x0, 0x0, 0x0, 0xa, 0xf5, 0x9,
    0xf6, 0x0, 0x0, 0xa, 0xf5, 0x0, 0x9, 0xf6,
    0x0, 0xa, 0xf5, 0x0, 0x0, 0x9, 0xf6, 0xa,
    0xf5, 0x0, 0x0, 0x0, 0x9, 0xf5, 0x55, 0x0,
    0x0, 0x0, 0x0, 0x8, 0x20,

    /* U+22CD "⋍" */
    0x0, 0x0, 0x0, 0x22, 0x0, 0xc3, 0x3, 0x9e,
    0xff, 0xd2, 0xbf, 0xff, 0xfa, 0x55, 0xb6, 0x4,
    0x64, 0x0, 0x0, 0x1, 0x55, 0x55, 0x55, 0x55,
    0x52, 0xff, 0xff, 0xff, 0xff, 0xf6, 0x11, 0x11,
    0x11, 0x11, 0x10,

    /* U+22CE "⋎" */
    0x33, 0x0, 0x0, 0x0, 0x0, 0x14, 0x25, 0xf5,
    0x0, 0x0, 0x0, 0xc, 0xd1, 0x8, 0xe1, 0x0,
    0x0, 0x7, 0xf2, 0x0, 0xd, 0xa0, 0x0, 0x1,
    0xf7, 0x0, 0x0, 0x4f, 0x30, 0x0, 0xad, 0x0,
    0x0, 0x0, 0xbc, 0x0, 0x2f, 0x40, 0x0, 0x0,
    0x2, 0xf4, 0xa, 0xc0, 0x0, 0x0, 0x0, 0xb,
    0xb1, 0xf5, 0x0, 0x0, 0x0, 0x0, 0x4f, 0x8e,
    0x0, 0x0, 0x0, 0x0, 0x0, 0xef, 0x80, 0x0,
    0x0, 0x0, 0x0, 0x9, 0xf2, 0x0, 0x0, 0x0,
    0x0, 0x0, 0x4e, 0x0, 0x0, 0x0,

    /* U+22CF "⋏" */
    0x0, 0x0, 0x0, 0x30, 0x0, 0x0, 0x0, 0x0,
    0x0, 0x6f, 0x0, 0x0, 0x0, 0x0, 0x0, 0xb,
    0xf4, 0x0, 0x0, 0x0, 0x0, 0x0, 0xff, 0x90,
    0x0, 0x0, 0x0, 0x0, 0x6f, 0x6f, 0x10, 0x0,
    0x0, 0x0, 0xd, 0x90, 0xf7, 0x0, 0x0, 0x0,
    0x4, 0xf2, 0x8, 0xe0, 0x0, 0x0, 0x0, 0xd9,
    0x0, 0x1f, 0x70, 0x0, 0x0, 0x7f, 0x10, 0x0,
    0x8f, 0x10, 0x0, 0x1f, 0x70, 0x0, 0x0, 0xea,
    0x0, 0xb, 0xd0, 0x0, 0x0, 0x4, 0xf5, 0x8,
    0xf2, 0x0, 0x0, 0x0, 0x9, 0xf3,

    /* U+22D0 "⋐" */
    0x0, 0x0, 0x24, 0x66, 0x66, 0x66, 0x0, 0x5d,
    0xff, 0xff, 0xff, 0xff, 0x9, 0xfb, 0x51, 0x0,
    0x0, 0x0, 0x4f, 0x70, 0x15, 0x67, 0x77, 0x77,
    0xbd, 0x6, 0xff, 0xff, 0xff, 0xfe, 0xe8, 0x1f,
    0xb2, 0x0, 0x0, 0x0, 0xf7, 0x3f, 0x40, 0x0,
    0x0, 0x0, 0xe9, 0x1f, 0xa1, 0x0, 0x0, 0x0,
    0xad, 0x6, 0xff, 0xff, 0xff, 0xfe, 0x3f, 0x90,
    0x15, 0x67, 0x77, 0x77, 0x7, 0xfd, 0x74, 0x33,
    0x33, 0x32, 0x0, 0x3b, 0xff, 0xff, 0xff, 0xff,
    0x0, 0x0, 0x2, 0x33, 0x33, 0x33,

    /* U+22D1 "⋑" */
    0x56, 0x66, 0x65, 0x41, 0x0, 0x0, 0xff, 0xff,
    0xff, 0xff, 0xc4, 0x0, 0x0, 0x0, 0x1, 0x25,
    0xcf, 0x70, 0x77, 0x77, 0x76, 0x50, 0x8, 0xf3,
    0xff, 0xff, 0xff, 0xff, 0x60, 0xda, 0x0, 0x0,
    0x0, 0x2b, 0xf1, 0x9d, 0x0, 0x0, 0x0, 0x4,
    0xf3, 0x8e, 0x0, 0x0, 0x0, 0x2b, 0xf1, 0x9d,
    0xff, 0xff, 0xff, 0xff, 0x60, 0xea, 0x77, 0x77,
    0x76, 0x50, 0x9, 0xf3, 0x22, 0x22, 0x22, 0x47,
    0xdf, 0x70, 0xff, 0xff, 0xff, 0xff, 0xb3, 0x0,
    0x44, 0x44, 0x43, 0x20, 0x0, 0x0,

    /* U+22D2 "⋒" */
    0x0, 0x2, 0x68, 0x75, 0x0, 0x0, 0x0, 0x9f,
    0xfe, 0xff, 0xe4, 0x0, 0xa, 0xf7, 0x10, 0x3,
    0xcf, 0x30, 0x3f, 0x50, 0x9d, 0xc5, 0xd, 0xc0,
    0x9d, 0x9, 0xfa, 0xcf, 0x45, 0xf2, 0xd9, 0xf,
    0x80, 0xd, 0xb1, 0xf5, 0xe7, 0x2f, 0x30, 0x8,
    0xd0, 0xf7, 0xf7, 0x4f, 0x20, 0x7, 0xe0, 0xe7,
    0xf7, 0x4f, 0x20, 0x7, 0xf0, 0xe8, 0xf7, 0x4f,
    0x20, 0x7, 0xf0, 0xe8, 0xf7, 0x4f, 0x20, 0x7,
    0xf0, 0xe8, 0xf7, 0x4f, 0x20, 0x7, 0xf0, 0xe8,
    0x62, 0x16, 0x10, 0x3, 0x60, 0x53,

    /* U+22D3 "⋓" */
    0x83, 0x28, 0x10, 0x4, 0x80, 0x84, 0xf7, 0x4f,
    0x20, 0x7, 0xf0, 0xe8, 0xf7, 0x4f, 0x20, 0x7,
    0xf0, 0xe8, 0xf7, 0x4f, 0x20, 0x7, 0xf0, 0xe8,
    0xf7, 0x4f, 0x20, 0x7, 0xf0, 0xe8, 0xf7, 0x4f,
    0x20, 0x7, 0xe0, 0xe7, 0xe7, 0x2f, 0x40, 0x9,
    0xd0, 0xf7, 0xc9, 0xe, 0xa0, 0x1e, 0x91, 0xf5,
    0x9e, 0x7, 0xfe, 0xff, 0x26, 0xf1, 0x2f, 0x70,
    0x48, 0x82, 0x1e, 0xb0, 0x8, 0xf9, 0x31, 0x15,
    0xdf, 0x20, 0x0, 0x7f, 0xff, 0xff, 0xd3, 0x0,
    0x0, 0x0, 0x46, 0x52, 0x0, 0x0,

    /* U+22D4 "⋔" */
    0x0, 0x0, 0x3, 0x10, 0x0, 0x0, 0x0, 0x0,
    0xe, 0x80, 0x0, 0x0, 0x0, 0x0, 0xe, 0x80,
    0x0, 0x0, 0x0, 0x1, 0x4f, 0xa3, 0x0, 0x0,
    0x0, 0x9f, 0xff, 0xff, 0xd4, 0x0, 0xa, 0xf9,
    0x2e, 0x84, 0xdf, 0x40, 0x4f, 0x70, 0xe, 0x80,
    0xd, 0xd0, 0x9e, 0x0, 0xe, 0x80, 0x5, 0xf3,
    0xd9, 0x0, 0xe, 0x80, 0x0, 0xf6, 0xf7, 0x0,
    0xe, 0x80, 0x0, 0xe8, 0xf7, 0x0, 0xe, 0x80,
    0x0, 0xd8, 0xf7, 0x0, 0xe, 0x80, 0x0, 0xd9,
    0xf7, 0x0, 0xe, 0x80, 0x0, 0xd9, 0xf7, 0x0,
    0xe, 0x80, 0x0, 0xd9, 0xc5, 0x0, 0xb, 0x60,
    0x0, 0xa7,

    /* U+22D5 "⋕" */
    0x0, 0x5, 0x20, 0x15, 0x10, 0x0, 0x0, 0xe8,
    0x3, 0xf3, 0x0, 0x0, 0xe, 0x80, 0x3f, 0x30,
    0x0, 0x0, 0xe8, 0x3, 0xf3, 0x0, 0x0, 0xe,
    0x80, 0x3f, 0x30, 0x0, 0x0, 0xe8, 0x3, 0xf3,
    0x0, 0x4, 0x4f, 0xc4, 0x7f, 0x84, 0x10, 0xff,
    0xff, 0xff, 0xff, 0xf5, 0x2, 0x2f, 0xa2, 0x5f,
    0x62, 0x0, 0x0, 0xe8, 0x3, 0xf3, 0x0, 0x4,
    0x4f, 0xc4, 0x7f, 0x84, 0x10, 0xff, 0xff, 0xff,
    0xff, 0xf5, 0x2, 0x2f, 0xa2, 0x5f, 0x62, 0x0,
    0x0, 0xe8, 0x3, 0xf3, 0x0, 0x0, 0xe, 0x80,
    0x3f, 0x30, 0x0, 0x0, 0xe8, 0x3, 0xf3, 0x0,
    0x0, 0xe, 0x80, 0x3f, 0x30, 0x0, 0x0, 0xe8,
    0x3, 0xf3, 0x0, 0x0, 0x3, 0x10, 0x3, 0x0,
    0x0,

    /* U+22D6 "⋖" */
    0x0, 0x0, 0x0, 0x1, 0x40, 0x0, 0x0, 0x7,
    0xe9, 0x0, 0x0, 0x7e, 0xf8, 0x10, 0x6, 0xef,
    0x91, 0x0, 0x6e, 0xf9, 0x10, 0xaa, 0xf, 0xf9,
    0x0, 0x2f, 0xf2, 0x19, 0xfe, 0x60, 0x55, 0x0,
    0x2, 0x9f, 0xe6, 0x0, 0x0, 0x0, 0x2a, 0xfd,
    0x40, 0x0, 0x0, 0x2, 0xa9, 0x0, 0x0, 0x0,
    0x0, 0x0,

    /* U+22D7 "⋗" */
    0x50, 0x0, 0x0, 0x0, 0xf, 0xc4, 0x0, 0x0,
    0x0, 0x3b, 0xfc, 0x40, 0x0, 0x0, 0x4, 0xcf,
    0xc3, 0x0, 0x3c, 0x60, 0x4c, 0xfb, 0x38, 0xfc,
    0x0, 0x2d, 0xf9, 0x17, 0x21, 0x9f, 0xe6, 0x0,
    0x19, 0xfe, 0x70, 0x0, 0x8f, 0xe7, 0x0, 0x0,
    0xe, 0x80, 0x0, 0x0, 0x0, 0x10, 0x0, 0x0,
    0x0, 0x0,

    /* U+22D8 "⋘" */
    0x0, 0x0, 0x0, 0x1, 0x10, 0x0, 0x0, 0x30,
    0x0, 0x0, 0x30, 0x0, 0x0, 0x18, 0xf3, 0x0,
    0x5, 0xda, 0x0, 0x2, 0xaf, 0x0, 0x0, 0x7f,
    0xe7, 0x0, 0x4c, 0xfa, 0x20, 0x19, 0xfd, 0x50,
    0x6, 0xef, 0x81, 0x3, 0xbf, 0xb3, 0x0, 0x8f,
    0xe6, 0x0, 0x5d, 0xf9, 0x10, 0x2a, 0xfc, 0x40,
    0x7, 0xef, 0x70, 0x0, 0xf, 0xf6, 0x0, 0x9,
    0xfc, 0x0, 0x3, 0xff, 0x30, 0x0, 0x0, 0x3b,
    0xfb, 0x30, 0x18, 0xfe, 0x60, 0x5, 0xdf, 0x91,
    0x0, 0x0, 0x4, 0xcf, 0xa2, 0x1, 0x9f, 0xd5,
    0x0, 0x6e, 0xf8, 0x10, 0x0, 0x0, 0x5d, 0xf9,
    0x0, 0x2a, 0xfc, 0x30, 0x7, 0xfe, 0x70, 0x0,
    0x0, 0x6, 0xe3, 0x0, 0x3, 0xca, 0x0, 0x1,
    0x8f, 0x0, 0x0, 0x0, 0x0, 0x10, 0x0, 0x0,
    0x10, 0x0, 0x0, 0x10,

    /* U+22D9 "⋙" */
    0x30, 0x0, 0x0, 0x30, 0x0, 0x0, 0x11, 0x0,
    0x0, 0x0, 0xf, 0xa2, 0x0, 0x9, 0xd5, 0x0,
    0x3, 0xf8, 0x10, 0x0, 0x0, 0x5d, 0xf9, 0x10,
    0x2a, 0xfc, 0x40, 0x7, 0xef, 0x70, 0x0, 0x0,
    0x6, 0xef, 0x81, 0x3, 0xbf, 0xb3, 0x1, 0x8f,
    0xe6, 0x0, 0x0, 0x0, 0x7e, 0xe7, 0x0, 0x4c,
    0xfa, 0x20, 0x19, 0xfd, 0x50, 0x0, 0x0, 0x3f,
    0xf3, 0x0, 0xb, 0xf9, 0x0, 0x6, 0xff, 0x0,
    0x1, 0x9f, 0xd5, 0x0, 0x6e, 0xf8, 0x10, 0x3b,
    0xfb, 0x30, 0x18, 0xfe, 0x60, 0x5, 0xdf, 0x91,
    0x2, 0xaf, 0xc4, 0x0, 0x7e, 0xf7, 0x0, 0x3c,
    0xfb, 0x20, 0x9, 0xfd, 0x50, 0x0, 0xf, 0x81,
    0x0, 0x9, 0xc3, 0x0, 0x3, 0xe6, 0x0, 0x0,
    0x0, 0x10, 0x0, 0x0, 0x10, 0x0, 0x0, 0x10,
    0x0, 0x0, 0x0, 0x0,

    /* U+22DA "⋚" */
    0x0, 0x0, 0x0, 0x1, 0x74, 0x0, 0x0, 0x6,
    0xbf, 0xf4, 0x0, 0x4a, 0xff, 0xa4, 0x0, 0x9e,
    0xfa, 0x50, 0x0, 0x0, 0xcf, 0xd7, 0x20, 0x0,
    0x0, 0x2, 0x7d, 0xfc, 0x72, 0x0, 0x0, 0x0,
    0x39, 0xef, 0xc3, 0x0, 0x0, 0x0, 0x4, 0xa6,
    0x44, 0x44, 0x44, 0x44, 0x41, 0xff, 0xff, 0xff,
    0xff, 0xf6, 0x22, 0x22, 0x22, 0x22, 0x20, 0xe9,
    0x30, 0x0, 0x0, 0x0, 0x8d, 0xfd, 0x72, 0x0,
    0x0, 0x0, 0x28, 0xdf, 0xc6, 0x10, 0x0, 0x0,
    0x3, 0x8f, 0xf5, 0x0, 0x0, 0x4a, 0xef, 0x92,
    0x4, 0xae, 0xfb, 0x50, 0x0, 0xef, 0xc6, 0x10,
    0x0, 0x0, 0x72, 0x0, 0x0, 0x0, 0x0,

    /* U+22DB "⋛" */
    0x94, 0x0, 0x0, 0x0, 0x0, 0xcf, 0xe8, 0x20,
    0x0, 0x0, 0x2, 0x7d, 0xfd, 0x71, 0x0, 0x0,
    0x0, 0x28, 0xdf, 0xb3, 0x0, 0x0, 0x5, 0xaf,
    0xe4, 0x0, 0x5a, 0xff, 0xa4, 0x0, 0xaf, 0xfb,
    0x50, 0x0, 0x0, 0xc7, 0x10, 0x0, 0x0, 0x0,
    0x44, 0x44, 0x44, 0x44, 0x41, 0xff, 0xff, 0xff,
    0xff, 0xf6, 0x22, 0x22, 0x22, 0x22, 0x21, 0x0,
    0x0, 0x0, 0x16, 0xc6, 0x0, 0x0, 0x5b, 0xff,
    0xa2, 0x4, 0x9f, 0xfa, 0x50, 0x0, 0xef, 0xc5,
    0x0, 0x0, 0x0, 0x7d, 0xfc, 0x71, 0x0, 0x0,
    0x0, 0x28, 0xef, 0xc6, 0x10, 0x0, 0x0, 0x4,
    0x9f, 0xf5, 0x0, 0x0, 0x0, 0x0, 0x53,

    /* U+22DC "⋜" */
    0x77, 0x77, 0x77, 0x77, 0x73, 0xef, 0xff, 0xff,
    0xff, 0xf6, 0x0, 0x0, 0x0, 0x0, 0x0, 0x0,
    0x0, 0x0, 0x3, 0xa6, 0x0, 0x0, 0x4, 0xbf,
    0xd3, 0x0, 0x5, 0xcf, 0xc5, 0x0, 0x6, 0xdf,
    0xb4, 0x0, 0x0, 0xef, 0xa2, 0x0, 0x0, 0x0,
    0x8f, 0xf8, 0x10, 0x0, 0x0, 0x1, 0x7e, 0xf9,
    0x20, 0x0, 0x0, 0x0, 0x6e, 0xfb, 0x30, 0x0,
    0x0, 0x0, 0x5d, 0xf6, 0x0, 0x0, 0x0, 0x0,
    0x44,

    /* U+22DD "⋝" */
    0x77, 0x77, 0x77, 0x77, 0x73, 0xff, 0xff, 0xff,
    0xff, 0xf6, 0x0, 0x0, 0x0, 0x0, 0x0, 0xd6,
    0x0, 0x0, 0x0, 0x0, 0xaf, 0xe7, 0x0, 0x0,
    0x0, 0x2, 0x9f, 0xe8, 0x10, 0x0, 0x0, 0x1,
    0x8e, 0xf9, 0x10, 0x0, 0x0, 0x0, 0x7f, 0xf5,
    0x0, 0x0, 0x5, 0xcf, 0xc2, 0x0, 0x6, 0xdf,
    0xb3, 0x0, 0x17, 0xef, 0xa2, 0x0, 0x0, 0xff,
    0x92, 0x0, 0x0, 0x0, 0x81, 0x0, 0x0, 0x0,
    0x0,

    /* U+22DE "⋞" */
    0x0, 0x0, 0x0, 0x0, 0x0, 0x0, 0x0, 0x0,
    0x2a, 0x0, 0x0, 0x0, 0x4e, 0xa0, 0x0, 0x1,
    0xaf, 0xa0, 0x0, 0x29, 0xfd, 0x50, 0x7, 0xcf,
    0xe6, 0x0, 0x6, 0xea, 0x50, 0x0, 0x2c, 0xc0,
    0x0, 0x2, 0x9f, 0xd2, 0x1, 0x5b, 0xfe, 0x70,
    0xd, 0xff, 0xc5, 0x0, 0x0, 0x59, 0xdf, 0xd7,
    0x0, 0x0, 0x0, 0x39, 0xee, 0x70, 0x0, 0x0,
    0x0, 0x8f, 0x90, 0x0, 0x0, 0x0, 0x3b, 0x0,
    0x0, 0x0, 0x0, 0x0,

    /* U+22DF "⋟" */
    0x0, 0x0, 0x0, 0x0, 0xb, 0x0, 0x0, 0x0,
    0x0, 0xdd, 0x30, 0x0, 0x0, 0x1, 0xbf, 0x80,
    0x0, 0x0, 0x0, 0x7e, 0xe8, 0x10, 0x6, 0x0,
    0x8, 0xff, 0xb6, 0xfa, 0x10, 0x0, 0x6b, 0xc4,
    0xef, 0x81, 0x0, 0x0, 0x1, 0x8f, 0xfa, 0x40,
    0x0, 0x0, 0x6, 0xdf, 0xfa, 0x0, 0x18, 0xef,
    0xd8, 0x40, 0x8f, 0xe8, 0x20, 0x0, 0xce, 0x70,
    0x0, 0x0, 0xc, 0x10, 0x0, 0x0, 0x0, 0x0,
    0x0, 0x0, 0x0, 0x0,

    /* U+22E0 "⋠" */
    0x0, 0x0, 0x0, 0x28, 0x0, 0x0, 0x0, 0x7,
    0xd0, 0x0, 0x0, 0x0, 0xb9, 0x10, 0x0, 0x0,
    0xf, 0xac, 0x0, 0x0, 0x6, 0xff, 0x70, 0x0,
    0x4a, 0xff, 0x40, 0x7b, 0xff, 0xaf, 0x90, 0xa,
    0xef, 0xd8, 0xf4, 0x0, 0x0, 0x38, 0xff, 0xa1,
    0x1, 0x0, 0x9, 0xfe, 0xf4, 0xfd, 0x71, 0xd8,
    0x9, 0xc5, 0x9e, 0xff, 0x50, 0x4, 0x0, 0xc,
    0xff, 0x70, 0x0, 0x0, 0x9c, 0x8f, 0xc1, 0x0,
    0xd, 0x70, 0x2d, 0xb0, 0x2, 0xf3, 0x0, 0x9,
    0x0, 0x3b, 0x0, 0x0, 0x0,

    /* U+22E1 "⋡" */
    0x0, 0x0, 0x0, 0x74, 0x0, 0x0, 0x0, 0xe,
    0x60, 0x10, 0x0, 0x2, 0xf2, 0xd, 0x20, 0x0,
    0x7e, 0x0, 0xbf, 0x80, 0xb, 0xa0, 0x0, 0x7e,
    0xf9, 0xf5, 0x0, 0x0, 0x7, 0xff, 0xfa, 0x50,
    0x0, 0x2f, 0xff, 0xe8, 0x2, 0xaf, 0xff, 0x20,
    0x6, 0xfd, 0x7f, 0x50, 0x0, 0xf8, 0x4, 0xf3,
    0x8d, 0xc5, 0x0, 0xaf, 0xfe, 0x94, 0x0, 0x8f,
    0xf6, 0x0, 0x2, 0xdf, 0xf4, 0x0, 0x0, 0xec,
    0x7f, 0x0, 0x0, 0xa, 0x9, 0xc0, 0x0, 0x0,
    0x0, 0x86, 0x0, 0x0, 0x0,

    /* U+22E2 "⋢" */
    0x0, 0x0, 0x0, 0x0, 0x10, 0x0, 0x0, 0x0,
    0x2, 0xf2, 0x0, 0x0, 0x0, 0x9, 0xd0, 0x77,
    0x77, 0x77, 0x7e, 0xc3, 0xff, 0xff, 0xff, 0xff,
    0xf6, 0xf7, 0x0, 0x0, 0xbb, 0x0, 0xf7, 0x0,
    0x2, 0xf4, 0x0, 0xf7, 0x0, 0x8, 0xe0, 0x0,
    0xf7, 0x0, 0xe, 0x80, 0x0, 0xf7, 0x0, 0x4f,
    0x20, 0x0, 0xf7, 0x0, 0xbb, 0x0, 0x0, 0xf7,
    0x1, 0xf5, 0x0, 0x0, 0xf7, 0x17, 0xf1, 0x11,
    0x10, 0xff, 0xff, 0xff, 0xff, 0xf6, 0x55, 0x9f,
    0x65, 0x55, 0x52, 0x0, 0xac, 0x0, 0x0, 0x0,
    0xff, 0xff, 0xff, 0xff, 0xf6, 0x7b, 0xf7, 0x77,
    0x77, 0x73, 0xc, 0x90, 0x0, 0x0, 0x0, 0x0,
    0x10, 0x0, 0x0, 0x0,

    /* U+22E3 "⋣" */
    0x0, 0x0, 0x0, 0x0, 0x10, 0x0, 0x0, 0x0,
    0x2, 0xf2, 0x0, 0x0, 0x0, 0x9, 0xd0, 0x77,
    0x77, 0x77, 0x7e, 0xc3, 0xff, 0xff, 0xff, 0xff,
    0xf6, 0x0, 0x0, 0x0, 0xbb, 0xf6, 0x0, 0x0,
    0x2, 0xf4, 0xf6, 0x0, 0x0, 0x8, 0xe0, 0xf6,
    0x0, 0x0, 0xe, 0x80, 0xf6, 0x0, 0x0, 0x4f,
    0x20, 0xf6, 0x0, 0x0, 0xbb, 0x0, 0xf6, 0x0,
    0x1, 0xf5, 0x0, 0xf6, 0x1, 0x17, 0xf1, 0x11,
    0xf6, 0xff, 0xff, 0xff, 0xff, 0xf6, 0x55, 0x9f,
    0x65, 0x55, 0x52, 0x0, 0xac, 0x0, 0x0, 0x0,
    0xff, 0xff, 0xff, 0xff, 0xf6, 0x7b, 0xf7, 0x77,
    0x77, 0x73, 0xc, 0x90, 0x0, 0x0, 0x0, 0x0,
    0x10, 0x0, 0x0, 0x0,

    /* U+22E4 "⋤" */
    0x77, 0x77, 0x77, 0x77, 0x73, 0xff, 0xff, 0xff,
    0xff, 0xf6, 0xf7, 0x0, 0x0, 0x0, 0x0, 0xf7,
    0x0, 0x0, 0x0, 0x0, 0xf7, 0x0, 0x0, 0x0,
    0x0, 0xf7, 0x0, 0x0, 0x0, 0x0, 0xf7, 0x0,
    0x0, 0x0, 0x0, 0xf7, 0x0, 0x0, 0x0, 0x0,
    0xf7, 0x0, 0x0, 0x0, 0x0, 0xf7, 0x11, 0x11,
    0x11, 0x10, 0xff, 0xff, 0xff, 0xff, 0xf6, 0x55,
    0x55, 0x65, 0x55, 0x52, 0x0, 0x0, 0xd7, 0x0,
    0x0, 0xff, 0xff, 0xff, 0xff, 0xf6, 0x77, 0x7f,
    0xb7, 0x77, 0x73, 0x0, 0x3f, 0x20, 0x0, 0x0,
    0x0, 0x0, 0x0, 0x0, 0x0,

    /* U+22E5 "⋥" */
    0x77, 0x77, 0x77, 0x77, 0x73, 0xff, 0xff, 0xff,
    0xff, 0xf6, 0x0, 0x0, 0x0, 0x0, 0xf6, 0x0,
    0x0, 0x0, 0x0, 0xf6, 0x0, 0x0, 0x0, 0x0,
    0xf6, 0x0, 0x0, 0x0, 0x0, 0xf6, 0x0, 0x0,
    0x0, 0x0, 0xf6, 0x0, 0x0, 0x0, 0x0, 0xf6,
    0x0, 0x0, 0x0, 0x0, 0xf6, 0x1, 0x11, 0x11,
    0x11, 0xf6, 0xff, 0xff, 0xff, 0xff, 0xf6, 0x55,
    0x55, 0x65, 0x55, 0x52, 0x0, 0x0, 0xd7, 0x0,
    0x0, 0xff, 0xff, 0xff, 0xff, 0xf6, 0x77, 0x7f,
    0xb7, 0x77, 0x73, 0x0, 0x3f, 0x20, 0x0, 0x0,
    0x0, 0x0, 0x0, 0x0, 0x0,

    /* U+22E6 "⋦" */
    0x0, 0x0, 0x0, 0x1, 0x74, 0x0, 0x0, 0x6,
    0xbf, 0xf4, 0x0, 0x4a, 0xff, 0xa4, 0x0, 0x9e,
    0xfa, 0x50, 0x0, 0x0, 0xcf, 0xd7, 0x20, 0x0,
    0x0, 0x2, 0x7d, 0xfc, 0x72, 0x0, 0x0, 0x0,
    0x39, 0xef, 0xc3, 0x0, 0x0, 0x5, 0x4, 0xa6,
    0x0, 0x10, 0x4f, 0x20, 0x0, 0x7f, 0xff, 0xec,
    0x0, 0x76, 0xe8, 0x5b, 0xff, 0xff, 0xf4, 0x20,
    0xb, 0xa4, 0x77, 0x20, 0x0, 0x8, 0x30, 0x0,
    0x0,

    /* U+22E7 "⋧" */
    0x10, 0x0, 0x0, 0x0, 0x0, 0xfa, 0x50, 0x0,
    0x0, 0x0, 0x6b, 0xfe, 0x93, 0x0, 0x0, 0x0,
    0x16, 0xcf, 0xd8, 0x20, 0x0, 0x0, 0x1, 0x8f,
    0xf5, 0x0, 0x1, 0x6b, 0xfd, 0x81, 0x16, 0xbf,
    0xe9, 0x30, 0x0, 0xff, 0xa5, 0x0, 0x0, 0x0,
    0x60, 0x0, 0x1b, 0x20, 0x0, 0x6, 0x86, 0x9e,
    0x0, 0x2, 0xdf, 0xff, 0xfd, 0x76, 0xd6, 0xa1,
    0x8, 0xed, 0xff, 0xa1, 0x0, 0xe, 0x70, 0x0,
    0x0, 0x0, 0x1, 0x0, 0x0, 0x0,

    /* U+22E8 "⋨" */
    0x0, 0x0, 0x0, 0x0, 0x0, 0x0, 0x0, 0x0,
    0x0, 0x45, 0x0, 0x0, 0x0, 0x2a, 0xf4, 0x0,
    0x0, 0x4a, 0xfd, 0x40, 0x26, 0xaf, 0xfb, 0x50,
    0x0, 0xff, 0xfd, 0x50, 0x0, 0x0, 0x2, 0x7b,
    0xfe, 0x81, 0x0, 0x0, 0x0, 0x17, 0xef, 0x70,
    0x0, 0x0, 0x0, 0x8, 0xf6, 0x0, 0x0, 0x2e,
    0x20, 0x35, 0x29, 0xb9, 0xbd, 0x0, 0x24, 0xed,
    0xbe, 0xfe, 0xaa, 0xf6, 0x70, 0x9, 0xd9, 0xcc,
    0x70, 0x0, 0xd, 0x50, 0x0, 0x0, 0x0, 0x0,
    0x0, 0x0, 0x0,

    /* U+22E9 "⋩" */
    0x10, 0x0, 0x0, 0x0, 0x0, 0xd3, 0x0, 0x0,
    0x0, 0x0, 0xaf, 0x91, 0x0, 0x0, 0x0, 0x5,
    0xdf, 0xb5, 0x10, 0x0, 0x0, 0x4, 0xae, 0xfc,
    0x92, 0x0, 0x1, 0x6b, 0xff, 0xc4, 0x1, 0x9f,
    0xe9, 0x40, 0x0, 0x6f, 0xd6, 0x0, 0x0, 0x0,
    0xf8, 0x0, 0x4, 0x0, 0x0, 0x40, 0x0, 0x4f,
    0x20, 0x0, 0x6e, 0xfe, 0xec, 0x0, 0x66, 0xf9,
    0x6b, 0xff, 0xfe, 0xf4, 0x20, 0xb, 0xb5, 0x88,
    0x20, 0x0, 0x9, 0x30, 0x0, 0x0,

    /* U+22EA "⋪" */
    0x0, 0x0, 0x0, 0x0, 0x10, 0x0, 0x0, 0x0,
    0x6, 0xe0, 0x0, 0x0, 0x0, 0xc, 0xa0, 0x0,
    0x0, 0x0, 0x2f, 0x41, 0x0, 0x0, 0x0, 0x8f,
    0xe6, 0x0, 0x1, 0x7d, 0xfc, 0xf6, 0x5, 0xbf,
    0xcb, 0xf1, 0xe6, 0xef, 0xd3, 0xb, 0xb0, 0xe6,
    0x16, 0xcf, 0xbf, 0x60, 0xe6, 0x0, 0x2, 0xbf,
    0xfc, 0xf6, 0x0, 0x0, 0xd9, 0x39, 0xe6, 0x0,
    0x3, 0xf3, 0x0, 0x1, 0x0, 0x7, 0xd0, 0x0,
    0x0, 0x0, 0x0, 0x10, 0x0, 0x0,

    /* U+22EB "⋫" */
    0x0, 0x0, 0x7, 0x50, 0x0, 0x0, 0x0, 0xf,
    0x60, 0x0, 0x20, 0x0, 0x6f, 0x10, 0x0, 0xfc,
    0x61, 0xca, 0x0, 0x0, 0xfc, 0xef, 0xf8, 0x0,
    0x0, 0xf5, 0x9, 0xee, 0xf9, 0x30, 0xf5, 0xe,
    0x81, 0x9f, 0xf5, 0xf5, 0x4f, 0xcf, 0xd7, 0x10,
    0xfd, 0xfe, 0x93, 0x0, 0x0, 0xfb, 0xf5, 0x0,
    0x0, 0x0, 0x7, 0xf0, 0x0, 0x0, 0x0, 0xd,
    0x90, 0x0, 0x0, 0x0, 0x6, 0x30, 0x0, 0x0,
    0x0,

    /* U+22EC "⋬" */
    0x0, 0x0, 0x0, 0x16, 0x0, 0x0, 0x0, 0x0,
    0x6e, 0x0, 0x0, 0x0, 0x0, 0xaa, 0x0, 0x0,
    0x0, 0x0, 0xe6, 0x12, 0x0, 0x0, 0x3, 0xfd,
    0xf6, 0x0, 0x4, 0xaf, 0xf9, 0xf6, 0x28, 0xee,
    0x9d, 0x90, 0xe6, 0xdf, 0xd4, 0xf, 0x50, 0xe6,
    0x3, 0x9e, 0xff, 0x50, 0xe6, 0x0, 0x0, 0xaf,
    0xfe, 0xf6, 0x0, 0x0, 0xc8, 0x16, 0xc6, 0x0,
    0x0, 0xf4, 0x0, 0x0, 0xff, 0xff, 0xff, 0xff,
    0xf6, 0x77, 0x7c, 0xd7, 0x77, 0x73, 0x0, 0xd,
    0x80, 0x0, 0x0, 0x0, 0x1f, 0x40, 0x0, 0x0,
    0x0, 0x3d, 0x0, 0x0, 0x0,

    /* U+22ED "⋭" */
    0x0, 0x0, 0x27, 0x0, 0x0, 0x0, 0x0, 0x6e,
    0x0, 0x0, 0x0, 0x0, 0xba, 0x0, 0x0, 0x50,
    0x0, 0xf6, 0x0, 0x0, 0xff, 0x96, 0xf2, 0x0,
    0x0, 0xfa, 0xbf, 0xf8, 0x20, 0x0, 0xf5, 0xb,
    0xcb, 0xfc, 0x61, 0xf5, 0xf, 0x53, 0xaf, 0xe4,
    0xf5, 0x5f, 0xef, 0xa4, 0x0, 0xff, 0xfe, 0x60,
    0x0, 0x0, 0xd7, 0xd9, 0x0, 0x0, 0x0, 0x1,
    0xf5, 0x0, 0x0, 0x0, 0xff, 0xff, 0xff, 0xff,
    0xf6, 0x6c, 0xd6, 0x66, 0x66, 0x62, 0xd, 0x80,
    0x0, 0x0, 0x0, 0x1f, 0x30, 0x0, 0x0, 0x0,
    0x2c, 0x0, 0x0, 0x0, 0x0,

    /* U+22EE "⋮" */
    0x8c, 0x1e, 0xf5, 0x47, 0x0, 0x0, 0x0, 0x0,
    0x0, 0x8c, 0x1e, 0xf5, 0x37, 0x0, 0x0, 0x0,
    0x0, 0x0, 0x47, 0xe, 0xf5, 0x8c, 0x10,

    /* U+22EF "⋯" */
    0x8c, 0x10, 0x0, 0x6c, 0x20, 0x0, 0x5c, 0x4e,
    0xf5, 0x0, 0xc, 0xf7, 0x0, 0xa, 0xf9, 0x47,
    0x0, 0x0, 0x38, 0x10, 0x0, 0x28, 0x10,

    /* U+22F0 "⋰" */
    0x0, 0x0, 0x0, 0x0, 0x0, 0x0, 0x5c, 0x40,
    0x0, 0x0, 0x0, 0x0, 0x0, 0xa, 0xfa, 0x0,
    0x0, 0x0, 0x0, 0x0, 0x0, 0x27, 0x10, 0x0,
    0x0, 0x0, 0x0, 0x0, 0x0, 0x0, 0x0, 0x0,
    0x0, 0x0, 0x0, 0x0, 0x0, 0x0, 0x0, 0x0,
    0x0, 0x0, 0x0, 0x0, 0x0, 0x0, 0x0, 0x0,
    0x6c, 0x30, 0x0, 0x0, 0x0, 0x0, 0x0, 0xc,
    0xf7, 0x0, 0x0, 0x0, 0x0, 0x0, 0x0, 0x27,
    0x10, 0x0, 0x0, 0x0, 0x0, 0x0, 0x0, 0x0,
    0x0, 0x0, 0x0, 0x0, 0x0, 0x0, 0x0, 0x0,
    0x0, 0x0, 0x0, 0x0, 0x0, 0x0, 0x0, 0x0,
    0x0, 0x0, 0x47, 0x0, 0x0, 0x0, 0x0, 0x0,
    0x0, 0xe, 0xf5, 0x0, 0x0, 0x0, 0x0, 0x0,
    0x0, 0x8c, 0x10, 0x0, 0x0, 0x0, 0x0, 0x0,
    0x0,

    /* U+22F1 "⋱" */
    0x8c, 0x20, 0x0, 0x0, 0x0, 0x0, 0x0, 0xe,
    0xf5, 0x0, 0x0, 0x0, 0x0, 0x0, 0x0, 0x36,
    0x0, 0x0, 0x0, 0x0, 0x0, 0x0, 0x0, 0x0,
    0x0, 0x0, 0x0, 0x0, 0x0, 0x0, 0x0, 0x0,
    0x0, 0x0, 0x0, 0x0, 0x0, 0x0, 0x0, 0x0,
    0x0, 0x0, 0x0, 0x0, 0x0, 0x0, 0x0, 0x0,
    0x6c, 0x30, 0x0, 0x0, 0x0, 0x0, 0x0, 0xc,
    0xf7, 0x0, 0x0, 0x0, 0x0, 0x0, 0x0, 0x37,
    0x10, 0x0, 0x0, 0x0, 0x0, 0x0, 0x0, 0x0,
    0x0, 0x0, 0x0, 0x0, 0x0, 0x0, 0x0, 0x0,
    0x0, 0x0, 0x0, 0x0, 0x0, 0x0, 0x0, 0x0,
    0x0, 0x0, 0x0, 0x0, 0x0, 0x0, 0x0, 0x0,
    0x4c, 0x40, 0x0, 0x0, 0x0, 0x0, 0x0, 0xa,
    0xfa, 0x0, 0x0, 0x0, 0x0, 0x0, 0x0, 0x27,
    0x10,

    /* U+22F2 "⋲" */
    0x0, 0x0, 0x0, 0x13, 0x55, 0x66, 0x66, 0x10,
    0x0, 0x3, 0xbf, 0xff, 0xff, 0xff, 0xf4, 0x0,
    0x4, 0xfd, 0x62, 0x10, 0x0, 0x0, 0x0, 0x0,
    0xec, 0x0, 0x0, 0x0, 0x0, 0x0, 0x0, 0x6f,
    0x20, 0x0, 0x0, 0x0, 0x0, 0x4, 0x4a, 0xf4,
    0x44, 0x44, 0x44, 0x44, 0x41, 0xff, 0xff, 0xff,
    0xff, 0xff, 0xff, 0xff, 0x42, 0x29, 0xf2, 0x22,
    0x22, 0x22, 0x22, 0x20, 0x0, 0x5f, 0x30, 0x0,
    0x0, 0x0, 0x0, 0x0, 0x0, 0xed, 0x10, 0x0,
    0x0, 0x0, 0x0, 0x0, 0x3, 0xff, 0x95, 0x32,
    0x22, 0x22, 0x0, 0x0, 0x1, 0x9e, 0xff, 0xff,
    0xff, 0xf4, 0x0, 0x0, 0x0, 0x2, 0x34, 0x44,
    0x44, 0x10,

    /* U+22F3 "⋳" */
    0x0, 0x0, 0x14, 0x56, 0x66, 0x65, 0x0, 0x6d,
    0xff, 0xff, 0xff, 0xff, 0x9, 0xfb, 0x51, 0x0,
    0x0, 0x0, 0x5f, 0x70, 0x0, 0x0, 0x0, 0x25,
    0xbd, 0x0, 0x0, 0x0, 0x0, 0x6f, 0xeb, 0x44,
    0x44, 0x44, 0x44, 0x9f, 0xff, 0xff, 0xff, 0xff,
    0xff, 0xff, 0xea, 0x22, 0x22, 0x22, 0x22, 0x8f,
    0xad, 0x0, 0x0, 0x0, 0x0, 0x6f, 0x3f, 0x90,
    0x0, 0x0, 0x0, 0x13, 0x7, 0xfd, 0x74, 0x22,
    0x22, 0x22, 0x0, 0x4b, 0xff, 0xff, 0xff, 0xff,
    0x0, 0x0, 0x2, 0x34, 0x44, 0x44,

    /* U+22F4 "⋴" */
    0x0, 0x7c, 0xef, 0xff, 0xf1, 0x1d, 0xfa, 0x87,
    0x77, 0x70, 0x9e, 0x20, 0x0, 0x0, 0x80, 0xeb,
    0x44, 0x44, 0x45, 0xf1, 0xff, 0xff, 0xff, 0xff,
    0xf1, 0xea, 0x22, 0x22, 0x23, 0xf1, 0x9f, 0x30,
    0x0, 0x0, 0x60, 0x1d, 0xfa, 0x87, 0x77, 0x70,
    0x0, 0x7c, 0xef, 0xff, 0xf1,

    /* U+22F5 "⋵" */
    0x0, 0x0, 0x0, 0x4c, 0x50, 0x0, 0x0, 0x0,
    0x0, 0x9f, 0xb0, 0x0, 0x0, 0x0, 0x0, 0x17,
    0x20, 0x0, 0x0, 0x0, 0x14, 0x56, 0x66, 0x65,
    0x0, 0x6d, 0xff, 0xff, 0xff, 0xff, 0x9, 0xfb,
    0x51, 0x0, 0x0, 0x0, 0x5f, 0x70, 0x0, 0x0,
    0x0, 0x0, 0xbd, 0x0, 0x0, 0x0, 0x0, 0x0,
    0xeb, 0x44, 0x44, 0x44, 0x44, 0x44, 0xff, 0xff,
    0xff, 0xff, 0xff, 0xff, 0xea, 0x22, 0x22, 0x22,
    0x22, 0x22, 0xad, 0x0, 0x0, 0x0, 0x0, 0x0,
    0x3f, 0x90, 0x0, 0x0, 0x0, 0x0, 0x7, 0xfd,
    0x74, 0x22, 0x22, 0x22, 0x0, 0x4b, 0xff, 0xff,
    0xff, 0xff, 0x0, 0x0, 0x2, 0x34, 0x44, 0x44,

    /* U+22F6 "⋶" */
    0x17, 0x77, 0x77, 0x77, 0x77, 0x76, 0x2f, 0xff,
    0xff, 0xff, 0xff, 0xfe, 0x0, 0x0, 0x0, 0x0,
    0x0, 0x0, 0x0, 0x0, 0x14, 0x56, 0x66, 0x65,
    0x0, 0x6d, 0xff, 0xff, 0xff, 0xff, 0x9, 0xfb,
    0x51, 0x0, 0x0, 0x0, 0x5f, 0x70, 0x0, 0x0,
    0x0, 0x0, 0xbd, 0x0, 0x0, 0x0, 0x0, 0x0,
    0xeb, 0x44, 0x44, 0x44, 0x44, 0x44, 0xff, 0xff,
    0xff, 0xff, 0xff, 0xff, 0xea, 0x22, 0x22, 0x22,
    0x22, 0x22, 0xad, 0x0, 0x0, 0x0, 0x0, 0x0,
    0x3f, 0x90, 0x0, 0x0, 0x0, 0x0, 0x7, 0xfd,
    0x74, 0x22, 0x22, 0x22, 0x0, 0x4b, 0xff, 0xff,
    0xff, 0xff, 0x0, 0x0, 0x2, 0x34, 0x44, 0x44,

    /* U+22F7 "⋷" */
    0xe, 0xee, 0xee, 0xee, 0xe1, 0x6, 0x77, 0x77,
    0x77, 0x70, 0x0, 0x0, 0x0, 0x0, 0x0, 0x0,
    0x7c, 0xef, 0xff, 0xf1, 0x1d, 0xfa, 0x87, 0x77,
    0x70, 0x9e, 0x20, 0x0, 0x0, 0x0, 0xeb, 0x44,
    0x44, 0x44, 0x40, 0xff, 0xff, 0xff, 0xff, 0xf1,
    0xea, 0x22, 0x22, 0x22, 0x20, 0x9f, 0x20, 0x0,
    0x0, 0x0, 0x1d, 0xfa, 0x87, 0x77, 0x70, 0x0,
    0x7c, 0xef, 0xff, 0xf1,

    /* U+22F8 "⋸" */
    0x0, 0x0, 0x14, 0x56, 0x66, 0x65, 0x0, 0x6d,
    0xff, 0xff, 0xff, 0xff, 0x9, 0xfb, 0x51, 0x0,
    0x0, 0x0, 0x5f, 0x70, 0x0, 0x0, 0x0, 0x0,
    0xbd, 0x0, 0x0, 0x0, 0x0, 0x0, 0xeb, 0x44,
    0x44, 0x44, 0x44, 0x44, 0xff, 0xff, 0xff, 0xff,
    0xff, 0xff, 0xea, 0x22, 0x22, 0x22, 0x22, 0x22,
    0xad, 0x0, 0x0, 0x0, 0x0, 0x0, 0x3f, 0x90,
    0x0, 0x0, 0x0, 0x0, 0x7, 0xfd, 0x74, 0x22,
    0x22, 0x22, 0x0, 0x4b, 0xff, 0xff, 0xff, 0xff,
    0x0, 0x0, 0x2, 0x34, 0x44, 0x44, 0x0, 0x0,
    0x0, 0x0, 0x0, 0x0, 0x2f, 0xff, 0xff, 0xff,
    0xff, 0xfe, 0x17, 0x77, 0x77, 0x77, 0x77, 0x76,

    /* U+22F9 "⋹" */
    0x0, 0x0, 0x14, 0x56, 0x66, 0x65, 0x0, 0x6d,
    0xff, 0xff, 0xff, 0xff, 0x9, 0xfb, 0x52, 0x10,
    0x0, 0x0, 0x5f, 0x70, 0x0, 0x0, 0x0, 0x0,
    0xbf, 0xff, 0xff, 0xff, 0xff, 0xff, 0xeb, 0x77,
    0x77, 0x77, 0x77, 0x76, 0xf7, 0x0, 0x0, 0x0,
    0x0, 0x0, 0xeb, 0x77, 0x77, 0x77, 0x77, 0x77,
    0xaf, 0xff, 0xff, 0xff, 0xff, 0xfe, 0x3f, 0x80,
    0x0, 0x0, 0x0, 0x0, 0x7, 0xfc, 0x63, 0x22,
    0x22, 0x22, 0x0, 0x4b, 0xff, 0xff, 0xff, 0xff,
    0x0, 0x0, 0x2, 0x34, 0x44, 0x44,

    /* U+22FA "⋺" */
    0x56, 0x66, 0x65, 0x41, 0x0, 0x0, 0x0, 0xf,
    0xff, 0xff, 0xff, 0xfd, 0x50, 0x0, 0x0, 0x0,
    0x0, 0x0, 0x25, 0xbf, 0x90, 0x0, 0x0, 0x0,
    0x0, 0x0, 0x0, 0x7f, 0x40, 0x0, 0x0, 0x0,
    0x0, 0x0, 0x0, 0xdb, 0x0, 0x4, 0x44, 0x44,
    0x44, 0x44, 0x4b, 0xe4, 0x41, 0xff, 0xff, 0xff,
    0xff, 0xff, 0xff, 0xff, 0x42, 0x22, 0x22, 0x22,
    0x22, 0x2a, 0xe2, 0x20, 0x0, 0x0, 0x0, 0x0,
    0x0, 0xea, 0x0, 0x0, 0x0, 0x0, 0x0, 0x0,
    0x9f, 0x30, 0x0, 0x22, 0x22, 0x22, 0x47, 0xef,
    0x70, 0x0, 0xf, 0xff, 0xff, 0xff, 0xfb, 0x30,
    0x0, 0x0, 0x44, 0x44, 0x43, 0x20, 0x0, 0x0,
    0x0, 0x0,

    /* U+22FB "⋻" */
    0x56, 0x66, 0x65, 0x41, 0x0, 0x0, 0xff, 0xff,
    0xff, 0xff, 0xd5, 0x0, 0x0, 0x0, 0x0, 0x25,
    0xbf, 0x90, 0x52, 0x0, 0x0, 0x0, 0x7, 0xf4,
    0xf6, 0x0, 0x0, 0x0, 0x0, 0xda, 0xf9, 0x44,
    0x44, 0x44, 0x44, 0xbd, 0xff, 0xff, 0xff, 0xff,
    0xff, 0xfe, 0xf7, 0x22, 0x22, 0x22, 0x22, 0xad,
    0xf6, 0x0, 0x0, 0x0, 0x0, 0xea, 0x31, 0x0,
    0x0, 0x0, 0x9, 0xf3, 0x22, 0x22, 0x22, 0x47,
    0xef, 0x70, 0xff, 0xff, 0xff, 0xff, 0xb3, 0x0,
    0x44, 0x44, 0x43, 0x20, 0x0, 0x0,

    /* U+22FC "⋼" */
    0xff, 0xff, 0xec, 0x81, 0x0, 0x77, 0x77, 0x7a,
    0xfe, 0x20, 0x81, 0x0, 0x0, 0x1e, 0xb0, 0xf6,
    0x44, 0x44, 0x4a, 0xf0, 0xff, 0xff, 0xff, 0xff,
    0xf1, 0xf5, 0x22, 0x22, 0x29, 0xf0, 0x61, 0x0,
    0x0, 0x2e, 0xb0, 0x77, 0x77, 0x7a, 0xfe, 0x20,
    0xff, 0xff, 0xec, 0x81, 0x0,

    /* U+22FD "⋽" */
    0x77, 0x77, 0x77, 0x77, 0x77, 0x71, 0xff, 0xff,
    0xff, 0xff, 0xff, 0xf2, 0x0, 0x0, 0x0, 0x0,
    0x0, 0x0, 0x56, 0x66, 0x65, 0x41, 0x0, 0x0,
    0xff, 0xff, 0xff, 0xff, 0xd5, 0x0, 0x0, 0x0,
    0x0, 0x25, 0xbf, 0x90, 0x0, 0x0, 0x0, 0x0,
    0x7, 0xf4, 0x0, 0x0, 0x0, 0x0, 0x0, 0xda,
    0x44, 0x44, 0x44, 0x44, 0x44, 0xbd, 0xff, 0xff,
    0xff, 0xff, 0xff, 0xfe, 0x22, 0x22, 0x22, 0x22,
    0x22, 0xad, 0x0, 0x0, 0x0, 0x0, 0x0, 0xea,
    0x0, 0x0, 0x0, 0x0, 0x9, 0xf3, 0x22, 0x22,
    0x22, 0x47, 0xef, 0x70, 0xff, 0xff, 0xff, 0xff,
    0xb3, 0x0, 0x44, 0x44, 0x43, 0x20, 0x0, 0x0,

    /* U+22FE "⋾" */
    0xee, 0xee, 0xee, 0xee, 0x10, 0x67, 0x77, 0x77,
    0x77, 0x0, 0x0, 0x0, 0x0, 0x0, 0x0, 0xff,
    0xff, 0xec, 0x81, 0x0, 0x77, 0x77, 0x7a, 0xfe,
    0x20, 0x0, 0x0, 0x0, 0x1e, 0xb0, 0x44, 0x44,
    0x44, 0x4a, 0xf0, 0xff, 0xff, 0xff, 0xff, 0xf1,
    0x22, 0x22, 0x22, 0x29, 0xf0, 0x0, 0x0, 0x0,
    0x2e, 0xb0, 0x77, 0x77, 0x7a, 0xfe, 0x20, 0xff,
    0xff, 0xec, 0x81, 0x0,

    /* U+22FF "⋿" */
    0x56, 0x66, 0x66, 0x66, 0x66, 0x64, 0xff, 0xff,
    0xff, 0xff, 0xff, 0xfc, 0xf8, 0x0, 0x0, 0x0,
    0x0, 0x0, 0xf8, 0x0, 0x0, 0x0, 0x0, 0x0,
    0xf8, 0x0, 0x0, 0x0, 0x0, 0x0, 0xfa, 0x44,
    0x44, 0x44, 0x44, 0x43, 0xff, 0xff, 0xff, 0xff,
    0xff, 0xfc, 0xf9, 0x22, 0x22, 0x22, 0x22, 0x21,
    0xf8, 0x0, 0x0, 0x0, 0x0, 0x0, 0xf8, 0x0,
    0x0, 0x0, 0x0, 0x0, 0xf9, 0x22, 0x22, 0x22,
    0x22, 0x21, 0xff, 0xff, 0xff, 0xff, 0xff, 0xfc,
    0x44, 0x44, 0x44, 0x44, 0x44, 0x43,

    /* U+2300 "⌀" */
    0x0, 0x4a, 0xdc, 0x70, 0x81, 0x8, 0xfa, 0x78,
    0xef, 0xd1, 0x5f, 0x30, 0x0, 0xaf, 0xa0, 0xc8,
    0x0, 0x9, 0xd5, 0xf1, 0xf5, 0x0, 0x9d, 0x10,
    0xf3, 0xe6, 0xa, 0xd1, 0x1, 0xf3, 0xac, 0xad,
    0x10, 0x7, 0xe0, 0x2f, 0xf3, 0x0, 0x6f, 0x50,
    0x9d, 0xcf, 0xef, 0xf6, 0x0, 0x21, 0x3, 0x54,
    0x0, 0x0,

    /* U+2302 "⌂" */
    0x0, 0x0, 0x0, 0x10, 0x0, 0x0, 0x0, 0x0,
    0x0, 0xad, 0x10, 0x0, 0x0, 0x0, 0x0, 0xbf,
    0xde, 0x20, 0x0, 0x0, 0x0, 0xbe, 0x30, 0xce,
    0x20, 0x0, 0x1, 0xce, 0x20, 0x0, 0xbe, 0x30,
    0x1, 0xdd, 0x20, 0x0, 0x0, 0xaf, 0x40, 0xdd,
    0x10, 0x0, 0x0, 0x0, 0x9f, 0x3f, 0x70, 0x0,
    0x0, 0x0, 0x2, 0xf4, 0xf7, 0x0, 0x0, 0x0,
    0x0, 0x2f, 0x4f, 0x70, 0x0, 0x0, 0x0, 0x2,
    0xf4, 0xf7, 0x0, 0x0, 0x0, 0x0, 0x2f, 0x4f,
    0x70, 0x0, 0x0, 0x0, 0x2, 0xf4, 0xf7, 0x0,
    0x0, 0x0, 0x0, 0x2f, 0x4f, 0xa6, 0x66, 0x66,
    0x66, 0x67, 0xf4, 0xff, 0xff, 0xff, 0xff, 0xff,
    0xff, 0x40,

    /* U+2305 "⌅" */
    0x66, 0x66, 0x66, 0x66, 0x61, 0xff, 0xff, 0xff,
    0xff, 0xf3, 0x0, 0x0, 0x0, 0x0, 0x0, 0x0,
    0x0, 0x50, 0x0, 0x0, 0x0, 0x2, 0xf5, 0x0,
    0x0, 0x0, 0xa, 0xfd, 0x0, 0x0, 0x0, 0x2f,
    0x9f, 0x60, 0x0, 0x0, 0xae, 0xa, 0xe0, 0x0,
    0x3, 0xf6, 0x2, 0xf6, 0x0, 0xb, 0xe0, 0x0,
    0xae, 0x0, 0x3f, 0x60, 0x0, 0x2f, 0x70,

    /* U+2306 "⌆" */
    0x77, 0x77, 0x77, 0x77, 0x71, 0xff, 0xff, 0xff,
    0xff, 0xf2, 0x0, 0x0, 0x0, 0x0, 0x0, 0x66,
    0x66, 0x66, 0x66, 0x61, 0xff, 0xff, 0xff, 0xff,
    0xf3, 0x0, 0x0, 0x0, 0x0, 0x0, 0x0, 0x0,
    0x50, 0x0, 0x0, 0x0, 0x2, 0xf5, 0x0, 0x0,
    0x0, 0xa, 0xfd, 0x0, 0x0, 0x0, 0x2f, 0x9f,
    0x60, 0x0, 0x0, 0xae, 0xa, 0xe0, 0x0, 0x3,
    0xf6, 0x2, 0xf6, 0x0, 0xb, 0xe0, 0x0, 0xae,
    0x0, 0x3f, 0x60, 0x0, 0x2f, 0x70,

    /* U+2308 "⌈" */
    0x6b, 0xbb, 0xbb, 0x9a, 0xff, 0xff, 0xfd, 0xaf,
    0x20, 0x0, 0xa, 0xf1, 0x0, 0x0, 0xaf, 0x10,
    0x0, 0xa, 0xf1, 0x0, 0x0, 0xaf, 0x10, 0x0,
    0xa, 0xf1, 0x0, 0x0, 0xaf, 0x10, 0x0, 0xa,
    0xf1, 0x0, 0x0, 0xaf, 0x10, 0x0, 0xa, 0xf1,
    0x0, 0x0, 0xaf, 0x10, 0x0, 0xa, 0xf1, 0x0,
    0x0, 0xaf, 0x10, 0x0, 0xa, 0xf1, 0x0, 0x0,
    0xaf, 0x10, 0x0, 0xa, 0xf1, 0x0, 0x0, 0xaf,
    0x10, 0x0, 0x1, 0x20, 0x0, 0x0,

    /* U+2309 "⌉" */
    0x5b, 0xbb, 0xbb, 0xa8, 0xff, 0xff, 0xff, 0x0,
    0x0, 0xb, 0xf0, 0x0, 0x0, 0xbf, 0x0, 0x0,
    0xb, 0xf0, 0x0, 0x0, 0xbf, 0x0, 0x0, 0xb,
    0xf0, 0x0, 0x0, 0xbf, 0x0, 0x0, 0xb, 0xf0,
    0x0, 0x0, 0xbf, 0x0, 0x0, 0xb, 0xf0, 0x0,
    0x0, 0xbf, 0x0, 0x0, 0xb, 0xf0, 0x0, 0x0,
    0xbf, 0x0, 0x0, 0xb, 0xf0, 0x0, 0x0, 0xbf,
    0x0, 0x0, 0xb, 0xf0, 0x0, 0x0, 0xbf, 0x0,
    0x0, 0xb, 0xf0, 0x0, 0x0, 0x12,

    /* U+230A "⌊" */
    0x7c, 0x10, 0x0, 0xa, 0xf1, 0x0, 0x0, 0xaf,
    0x10, 0x0, 0xa, 0xf1, 0x0, 0x0, 0xaf, 0x10,
    0x0, 0xa, 0xf1, 0x0, 0x0, 0xaf, 0x10, 0x0,
    0xa, 0xf1, 0x0, 0x0, 0xaf, 0x10, 0x0, 0xa,
    0xf1, 0x0, 0x0, 0xaf, 0x10, 0x0, 0xa, 0xf1,
    0x0, 0x0, 0xaf, 0x10, 0x0, 0xa, 0xf1, 0x0,
    0x0, 0xaf, 0x10, 0x0, 0xa, 0xf1, 0x0, 0x0,
    0xaf, 0x10, 0x0, 0xa, 0xfb, 0xaa, 0xa9, 0xaf,
    0xff, 0xff, 0xd0, 0x0, 0x0, 0x0,

    /* U+230B "⌋" */
    0x0, 0x0, 0x9, 0xc0, 0x0, 0x0, 0xbf, 0x0,
    0x0, 0xb, 0xf0, 0x0, 0x0, 0xbf, 0x0, 0x0,
    0xb, 0xf0, 0x0, 0x0, 0xbf, 0x0, 0x0, 0xb,
    0xf0, 0x0, 0x0, 0xbf, 0x0, 0x0, 0xb, 0xf0,
    0x0, 0x0, 0xbf, 0x0, 0x0, 0xb, 0xf0, 0x0,
    0x0, 0xbf, 0x0, 0x0, 0xb, 0xf0, 0x0, 0x0,
    0xbf, 0x0, 0x0, 0xb, 0xf0, 0x0, 0x0, 0xbf,
    0x0, 0x0, 0xb, 0xf5, 0xaa, 0xaa, 0xef, 0x8f,
    0xff, 0xff, 0xf0, 0x0, 0x0, 0x0,

    /* U+231A "⌚" */
    0x0, 0x0, 0xdd, 0xdd, 0xdd, 0x0, 0x0, 0x0,
    0x0, 0xff, 0xff, 0xff, 0x0, 0x0, 0x0, 0x0,
    0xff, 0xff, 0xff, 0x0, 0x0, 0x0, 0x8, 0xff,
    0xff, 0xff, 0x80, 0x0, 0x1, 0xcf, 0xc5, 0x55,
    0x4b, 0xfc, 0x0, 0xb, 0xf7, 0x80, 0x0, 0x8,
    0x7f, 0xa0, 0x4f, 0x90, 0x0, 0x0, 0x1, 0x29,
    0xf4, 0xaf, 0x64, 0x71, 0x0, 0x7, 0xc1, 0xfa,
    0xec, 0x0, 0xa9, 0x56, 0xa3, 0x0, 0xce, 0xfb,
    0x70, 0x1, 0xdc, 0x0, 0x7, 0xbf, 0xec, 0x0,
    0x0, 0x0, 0x0, 0x0, 0xce, 0xbf, 0x63, 0x0,
    0x0, 0x0, 0x36, 0xfa, 0x5f, 0x80, 0x0, 0x0,
    0x0, 0x9, 0xf4, 0xb, 0xf6, 0x90, 0x10, 0x9,
    0x6f, 0xb0, 0x1, 0xdf, 0xb4, 0x55, 0x4b, 0xfc,
    0x10, 0x0, 0x9, 0xff, 0xff, 0xff, 0x90, 0x0,
    0x0, 0x0, 0xff, 0xff, 0xff, 0x0, 0x0, 0x0,
    0x0, 0xff, 0xff, 0xff, 0x0, 0x0, 0x0, 0x0,
    0xde, 0xee, 0xed, 0x0, 0x0,

    /* U+231B "⌛" */
    0x0, 0x0, 0x0, 0x0, 0x0, 0x0, 0xd, 0xee,
    0xdd, 0xdd, 0xdd, 0xdf, 0xd6, 0x5, 0x80, 0x0,
    0x0, 0x0, 0xe0, 0x0, 0x58, 0x0, 0x0, 0x0,
    0xe, 0x0, 0x5, 0x80, 0x0, 0x0, 0x0, 0xe0,
    0x0, 0x49, 0x0, 0x0, 0x0, 0x1d, 0x0, 0x0,
    0xd1, 0x0, 0x0, 0x8, 0x70, 0x0, 0x3, 0xc7,
    0x10, 0x4b, 0x90, 0x0, 0x0, 0x0, 0x69, 0x1c,
    0x20, 0x0, 0x0, 0x0, 0x6, 0x91, 0xc2, 0x0,
    0x0, 0x0, 0x3c, 0x71, 0x4, 0xb9, 0x0, 0x0,
    0x1d, 0x39, 0xcd, 0xb5, 0x87, 0x0, 0x5, 0x9c,
    0xff, 0xff, 0xf5, 0xd0, 0x0, 0x58, 0xff, 0xff,
    0xff, 0x7e, 0x0, 0x5, 0x8f, 0xff, 0xff, 0xf7,
    0xe0, 0x0, 0x58, 0xab, 0xbb, 0xbb, 0x5e, 0x0,
    0xde, 0xed, 0xdd, 0xdd, 0xdd, 0xfd, 0x60,

    /* U+2600 "☀" */
    0x0, 0x0, 0x0, 0x1, 0xc0, 0x0, 0x0, 0x0,
    0x0, 0x0, 0x0, 0x0, 0x1c, 0x0, 0x0, 0x0,
    0x0, 0x0, 0x0, 0x0, 0x1, 0xc0, 0x0, 0x0,
    0x0, 0x0, 0x3, 0xb0, 0x0, 0x1c, 0x0, 0x9,
    0x50, 0x0, 0x0, 0x7, 0xb0, 0x0, 0x20, 0x8,
    0xa0, 0x0, 0x0, 0x0, 0x6, 0x38, 0xef, 0xa2,
    0x80, 0x0, 0x0, 0x0, 0x0, 0xa, 0xff, 0xff,
    0xd0, 0x0, 0x0, 0x0, 0x0, 0x2, 0xff, 0xff,
    0xff, 0x60, 0x0, 0x0, 0xdd, 0xdb, 0x5f, 0xff,
    0xff, 0xf8, 0xad, 0xdd, 0x10, 0x0, 0x3, 0xff,
    0xff, 0xff, 0x60, 0x0, 0x0, 0x0, 0x0, 0xb,
    0xff, 0xff, 0xd0, 0x0, 0x0, 0x0, 0x0, 0x6,
    0x39, 0xff, 0xb2, 0x70, 0x0, 0x0, 0x0, 0x6,
    0xc0, 0x0, 0x20, 0x8, 0x90, 0x0, 0x0, 0x3,
    0xb0, 0x0, 0x1c, 0x0, 0x9, 0x50, 0x0, 0x0,
    0x0, 0x0, 0x1, 0xc0, 0x0, 0x0, 0x0, 0x0,
    0x0, 0x0, 0x0, 0x1c, 0x0, 0x0, 0x0, 0x0,
    0x0, 0x0, 0x0, 0x1, 0xc0, 0x0, 0x0, 0x0,
    0x0, 0x0, 0x0, 0x0, 0x0, 0x0, 0x0, 0x0,
    0x0,

    /* U+2601 "☁" */
    0x0, 0x0, 0x1, 0x77, 0x30, 0x0, 0x0, 0x0,
    0x0, 0x0, 0x0, 0x3, 0xef, 0xff, 0x60, 0x0,
    0x0, 0x0, 0x0, 0x0, 0x0, 0xdf, 0xff, 0xff,
    0x3, 0x10, 0x0, 0x0, 0x0, 0x1, 0x4f, 0xff,
    0xff, 0xfb, 0xff, 0x20, 0x0, 0x0, 0x2e, 0xff,
    0xff, 0xff, 0xff, 0xff, 0xfb, 0xef, 0xd5, 0xb,
    0xff, 0xff, 0xff, 0xff, 0xff, 0xff, 0xff, 0xff,
    0xf3, 0xff, 0xff, 0xff, 0xff, 0xff, 0xff, 0xff,
    0xff, 0xff, 0xae, 0xff, 0xff, 0xff, 0xff, 0xff,
    0xff, 0xff, 0xff, 0xfb, 0x9f, 0xff, 0xff, 0xff,
    0xff, 0xff, 0xff, 0xff, 0xff, 0xa0, 0xbf, 0xff,
    0xff, 0xff, 0xff, 0xff, 0xff, 0xff, 0xf6, 0x0,
    0x37, 0x99, 0x99, 0x99, 0x99, 0x99, 0x99, 0x99,
    0x0,

    /* U+2602 "☂" */
    0x0, 0x0, 0x0, 0x0, 0x0, 0x0, 0x0, 0x0,
    0x0, 0x0, 0x0, 0x70, 0x0, 0x0, 0x0, 0x0,
    0x0, 0x29, 0xef, 0xfc, 0x70, 0x0, 0x0, 0x0,
    0x7f, 0xff, 0xff, 0xff, 0xe4, 0x0, 0x0, 0x9f,
    0xff, 0xff, 0xff, 0xff, 0xf4, 0x0, 0x6f, 0xff,
    0xff, 0xff, 0xff, 0xff, 0xe1, 0x9, 0x65, 0xcd,
    0x39, 0x27, 0xf9, 0x57, 0x70, 0x0, 0x0, 0x10,
    0x92, 0x1, 0x0, 0x0, 0x0, 0x0, 0x0, 0x9,
    0x20, 0x0, 0x0, 0x0, 0x0, 0x0, 0x0, 0x92,
    0x0, 0x0, 0x0, 0x0, 0x0, 0x0, 0x9, 0x20,
    0x0, 0x0, 0x0, 0x0, 0x0, 0x0, 0x91, 0x0,
    0x0, 0x0, 0x0, 0x0, 0x8, 0x4b, 0x0, 0x0,
    0x0, 0x0, 0x0, 0x0, 0x17, 0x40, 0x0, 0x0,
    0x0,

    /* U+2603 "☃" */
    0x0, 0x0, 0x0, 0x20, 0x2, 0x0, 0x0, 0x0,
    0x0, 0xa0, 0x54, 0x7, 0x0, 0x61, 0x8, 0x8,
    0x20, 0x0, 0x0, 0x2, 0x8a, 0xb9, 0x40, 0x0,
    0x0, 0x0, 0x7, 0x37, 0xe8, 0x55, 0x7d, 0xb0,
    0xa0, 0x0, 0x18, 0x1, 0xe2, 0x0, 0x0, 0xc,
    0x60, 0x45, 0x0, 0x2, 0x4b, 0xc, 0x10, 0xa3,
    0x69, 0x20, 0x0, 0x1, 0x83, 0xc0, 0x42, 0x33,
    0x7, 0x86, 0x30, 0x3, 0x60, 0xb, 0x80, 0x4a,
    0x3, 0xd1, 0x5, 0x40, 0x5c, 0x73, 0xd7, 0x2,
    0x60, 0x5c, 0x63, 0xc7, 0x10, 0x8, 0xf3, 0x0,
    0x0, 0x0, 0x1d, 0xc1, 0x0, 0x0, 0x6a, 0x0,
    0x0, 0x0, 0x0, 0x5b, 0x0, 0x0, 0x8, 0x70,
    0x0, 0x0, 0x0, 0x2, 0xd0, 0x0, 0x0, 0x69,
    0x0, 0x0, 0x0, 0x0, 0x4b, 0x0, 0x0, 0x1,
    0xe2, 0x0, 0x0, 0x0, 0xc, 0x60, 0x0, 0x0,
    0x5, 0xe8, 0x42, 0x23, 0x7d, 0x90, 0x0, 0x0,
    0x0, 0x1, 0x7b, 0xcc, 0xb8, 0x30, 0x0, 0x0,

    /* U+2605 "★" */
    0x0, 0x0, 0x0, 0x0, 0x0, 0x0, 0x0, 0x0,
    0x0, 0x0, 0x0, 0x0, 0x0, 0x80, 0x0, 0x0,
    0x0, 0x0, 0x0, 0x0, 0x0, 0x0, 0xf3, 0x0,
    0x0, 0x0, 0x0, 0x0, 0x0, 0x0, 0x5, 0xf8,
    0x0, 0x0, 0x0, 0x0, 0x0, 0x0, 0x0, 0xa,
    0xfe, 0x0, 0x0, 0x0, 0x0, 0x0, 0x0, 0x0,
    0xf, 0xff, 0x30, 0x0, 0x0, 0x0, 0x0, 0x0,
    0x0, 0x5f, 0xff, 0x80, 0x0, 0x0, 0x0, 0x47,
    0x77, 0x77, 0xcf, 0xff, 0xe7, 0x77, 0x77, 0x60,
    0x8, 0xff, 0xff, 0xff, 0xff, 0xff, 0xff, 0xfa,
    0x10, 0x0, 0x3d, 0xff, 0xff, 0xff, 0xff, 0xfe,
    0x50, 0x0, 0x0, 0x0, 0x8f, 0xff, 0xff, 0xff,
    0xa1, 0x0, 0x0, 0x0, 0x0, 0xf, 0xff, 0xff,
    0xff, 0x30, 0x0, 0x0, 0x0, 0x0, 0x5f, 0xff,
    0xff, 0xff, 0x80, 0x0, 0x0, 0x0, 0x0, 0xaf,
    0xff, 0x7e, 0xff, 0xd0, 0x0, 0x0, 0x0, 0x0,
    0xff, 0xc2, 0x0, 0xaf, 0xf3, 0x0, 0x0, 0x0,
    0x5, 0xf8, 0x0, 0x0, 0x6, 0xf9, 0x0, 0x0,
    0x0, 0x9, 0x40, 0x0, 0x0, 0x0, 0x2b, 0x0,
    0x0, 0x0, 0x0, 0x0, 0x0, 0x0, 0x0, 0x0,
    0x0, 0x0,

    /* U+2606 "☆" */
    0x0, 0x0, 0x0, 0x0, 0x0, 0x0, 0x0, 0x0,
    0x0, 0x0, 0x0, 0x0, 0x0, 0x0, 0x80, 0x0,
    0x0, 0x0, 0x0, 0x0, 0x0, 0x0, 0x0, 0x4e,
    0x0, 0x0, 0x0, 0x0, 0x0, 0x0, 0x0, 0x0,
    0x9, 0xf4, 0x0, 0x0, 0x0, 0x0, 0x0, 0x0,
    0x0, 0x0, 0xed, 0xa0, 0x0, 0x0, 0x0, 0x0,
    0x0, 0x0, 0x0, 0x4e, 0x4f, 0x0, 0x0, 0x0,
    0x0, 0x0, 0x0, 0x0, 0x9, 0x90, 0xe4, 0x0,
    0x0, 0x0, 0x0, 0x0, 0x0, 0x0, 0xe4, 0x9,
    0xa0, 0x0, 0x0, 0x0, 0x5d, 0xee, 0xee, 0xee,
    0x0, 0x4f, 0xee, 0xee, 0xeb, 0x20, 0x2b, 0xe5,
    0x11, 0x0, 0x0, 0x11, 0x19, 0xf8, 0x0, 0x0,
    0x6, 0xfa, 0x10, 0x0, 0x0, 0x3d, 0xd3, 0x0,
    0x0, 0x0, 0x2, 0xce, 0x0, 0x0, 0x3f, 0x80,
    0x0, 0x0, 0x0, 0x0, 0x9, 0xa0, 0x0, 0x0,
    0xe4, 0x0, 0x0, 0x0, 0x0, 0x0, 0xe4, 0x9,
    0xf5, 0x9, 0x90, 0x0, 0x0, 0x0, 0x0, 0x4e,
    0x2c, 0xd7, 0xf9, 0x4e, 0x0, 0x0, 0x0, 0x0,
    0x9, 0xde, 0xa0, 0x2, 0xdc, 0xf4, 0x0, 0x0,
    0x0, 0x0, 0xef, 0x60, 0x0, 0x0, 0xaf, 0x90,
    0x0, 0x0, 0x0, 0x4c, 0x20, 0x0, 0x0, 0x0,
    0x5e, 0x0, 0x0, 0x0, 0x3, 0x0, 0x0, 0x0,
    0x0, 0x0, 0x22, 0x0, 0x0,

    /* U+260E "☎" */
    0x0, 0x0, 0x46, 0x88, 0x88, 0x64, 0x0, 0x0,
    0x1, 0x9f, 0xff, 0xff, 0xff, 0xff, 0xf8, 0x0,
    0x1d, 0xff, 0xff, 0xff, 0xff, 0xff, 0xff, 0xb0,
    0x8f, 0xff, 0xcf, 0xc3, 0x2e, 0xfc, 0xff, 0xf6,
    0xdf, 0xff, 0x8f, 0xff, 0xff, 0xf8, 0xff, 0xfb,
    0xcb, 0xbb, 0x8f, 0xfc, 0xcf, 0xf7, 0xbb, 0xc9,
    0x9c, 0xc9, 0xef, 0x30, 0x5, 0xfc, 0x9c, 0xc7,
    0x0, 0x1d, 0xf7, 0x0, 0x0, 0xaf, 0xb0, 0x0,
    0x0, 0xdf, 0xf5, 0x0, 0x0, 0x8f, 0xfb, 0x0,
    0x5, 0xff, 0xfa, 0x0, 0x0, 0xcf, 0xff, 0x20,
    0x9, 0xff, 0xff, 0x81, 0x2a, 0xff, 0xff, 0x60,
    0xa, 0xff, 0xff, 0xff, 0xff, 0xff, 0xff, 0x70,
    0x4, 0xfe, 0x77, 0x77, 0x77, 0x77, 0xfd, 0x30,

    /* U+2610 "☐" */
    0x33, 0x33, 0x33, 0x33, 0x33, 0x33, 0x33, 0x1f,
    0xff, 0xff, 0xff, 0xff, 0xff, 0xff, 0xf4, 0xf3,
    0x0, 0x0, 0x0, 0x0, 0x0, 0xe, 0x4f, 0x30,
    0x0, 0x0, 0x0, 0x0, 0x0, 0xe4, 0xf3, 0x0,
    0x0, 0x0, 0x0, 0x0, 0xe, 0x4f, 0x30, 0x0,
    0x0, 0x0, 0x0, 0x0, 0xe4, 0xf3, 0x0, 0x0,
    0x0, 0x0, 0x0, 0xe, 0x4f, 0x30, 0x0, 0x0,
    0x0, 0x0, 0x0, 0xe4, 0xf3, 0x0, 0x0, 0x0,
    0x0, 0x0, 0xe, 0x4f, 0x30, 0x0, 0x0, 0x0,
    0x0, 0x0, 0xe4, 0xf3, 0x0, 0x0, 0x0, 0x0,
    0x0, 0xe, 0x4f, 0x30, 0x0, 0x0, 0x0, 0x0,
    0x0, 0xe4, 0xf3, 0x0, 0x0, 0x0, 0x0, 0x0,
    0xe, 0x4f, 0x63, 0x33, 0x33, 0x33, 0x33, 0x33,
    0xf4, 0xff, 0xff, 0xff, 0xff, 0xff, 0xff, 0xff,
    0x40,

    /* U+2611 "☑" */
    0x33, 0x33, 0x33, 0x33, 0x33, 0x33, 0x33, 0x1f,
    0xff, 0xff, 0xff, 0xff, 0xff, 0xff, 0xf4, 0xf3,
    0x0, 0x0, 0x0, 0x0, 0x0, 0x1e, 0x4f, 0x30,
    0x0, 0x0, 0x0, 0x0, 0x92, 0xe4, 0xf3, 0x0,
    0x0, 0x0, 0x0, 0xa5, 0xe, 0x4f, 0x30, 0x0,
    0x0, 0x0, 0x99, 0x0, 0xe4, 0xf3, 0x0, 0x0,
    0x0, 0x6e, 0x0, 0xe, 0x4f, 0x39, 0xe2, 0x0,
    0x2f, 0x40, 0x0, 0xe4, 0xf3, 0xbf, 0xd0, 0xd,
    0xa0, 0x0, 0xe, 0x4f, 0x30, 0xbf, 0x66, 0xf2,
    0x0, 0x0, 0xe4, 0xf3, 0x1, 0xee, 0xe9, 0x0,
    0x0, 0xe, 0x4f, 0x30, 0x4, 0xff, 0x10, 0x0,
    0x0, 0xe4, 0xf3, 0x0, 0x5, 0x50, 0x0, 0x0,
    0xe, 0x4f, 0x63, 0x33, 0x33, 0x33, 0x33, 0x33,
    0xf4, 0xff, 0xff, 0xff, 0xff, 0xff, 0xff, 0xff,
    0x40,

    /* U+2612 "☒" */
    0x33, 0x33, 0x33, 0x33, 0x33, 0x33, 0x33, 0x1f,
    0xff, 0xff, 0xff, 0xff, 0xff, 0xff, 0xf4, 0xf3,
    0x0, 0x0, 0x0, 0x0, 0x0, 0xe, 0x4f, 0x30,
    0x20, 0x0, 0x0, 0x2, 0x0, 0xe4, 0xf3, 0xd,
    0x80, 0x0, 0x4, 0xf3, 0xe, 0x4f, 0x30, 0x2e,
    0x90, 0x4, 0xf5, 0x0, 0xe4, 0xf3, 0x0, 0x2e,
    0x94, 0xf5, 0x0, 0xe, 0x4f, 0x30, 0x0, 0x2e,
    0xf5, 0x0, 0x0, 0xe4, 0xf3, 0x0, 0x4, 0xfe,
    0x90, 0x0, 0xe, 0x4f, 0x30, 0x4, 0xf5, 0x2e,
    0x90, 0x0, 0xe4, 0xf3, 0x4, 0xf5, 0x0, 0x2e,
    0x90, 0xe, 0x4f, 0x30, 0xd5, 0x0, 0x0, 0x2d,
    0x30, 0xe4, 0xf3, 0x0, 0x0, 0x0, 0x0, 0x0,
    0xe, 0x4f, 0x63, 0x33, 0x33, 0x33, 0x33, 0x33,
    0xf4, 0xff, 0xff, 0xff, 0xff, 0xff, 0xff, 0xff,
    0x40,

    /* U+2639 "☹" */
    0x0, 0x1, 0x8d, 0xff, 0xc7, 0x10, 0x0, 0x0,
    0x5f, 0xe8, 0x55, 0x8e, 0xe4, 0x0, 0x5, 0xf9,
    0x0, 0x0, 0x0, 0x9f, 0x40, 0x1f, 0x80, 0x0,
    0x0, 0x0, 0xa, 0xe0, 0x8e, 0x4, 0x90, 0x0,
    0x49, 0x1, 0xf6, 0xd8, 0x9, 0xf2, 0x0, 0x9f,
    0x20, 0xab, 0xf6, 0x0, 0x20, 0x0, 0x2, 0x0,
    0x7d, 0xe6, 0x0, 0x0, 0x10, 0x0, 0x0, 0x7d,
    0xc9, 0x0, 0x3d, 0xff, 0x90, 0x0, 0xab, 0x7e,
    0x2, 0xe5, 0x2, 0xba, 0x1, 0xf6, 0xe, 0xa0,
    0x30, 0x0, 0x3, 0xb, 0xd0, 0x4, 0xfa, 0x10,
    0x0, 0x1, 0xbf, 0x30, 0x0, 0x3e, 0xfa, 0x77,
    0xaf, 0xd3, 0x0, 0x0, 0x0, 0x6b, 0xdd, 0xa6,
    0x0, 0x0,

    /* U+263A "☺" */
    0x0, 0x1, 0x8d, 0xff, 0xc7, 0x10, 0x0, 0x0,
    0x5f, 0xe8, 0x55, 0x8e, 0xe4, 0x0, 0x5, 0xf9,
    0x0, 0x0, 0x0, 0x9f, 0x40, 0x1f, 0x80, 0x0,
    0x0, 0x0, 0xa, 0xe0, 0x8e, 0x4, 0x90, 0x0,
    0x49, 0x1, 0xf6, 0xd8, 0x9, 0xf2, 0x0, 0x9f,
    0x20, 0xab, 0xf6, 0x0, 0x20, 0x0, 0x2, 0x0,
    0x7d, 0xe6, 0x0, 0x0, 0x0, 0x0, 0x0, 0x7d,
    0xc9, 0x2, 0x90, 0x0, 0x39, 0x0, 0xab, 0x7e,
    0x0, 0xca, 0x46, 0xe5, 0x1, 0xf6, 0xe, 0xa0,
    0x19, 0xdb, 0x40, 0xb, 0xd0, 0x4, 0xfa, 0x10,
    0x0, 0x1, 0xbf, 0x30, 0x0, 0x3e, 0xfa, 0x77,
    0xaf, 0xd3, 0x0, 0x0, 0x0, 0x6b, 0xdd, 0xa6,
    0x0, 0x0,

    /* U+2661 "♡" */
    0x0, 0x13, 0x0, 0x0, 0x13, 0x10, 0x0, 0xaf,
    0xef, 0x60, 0x9f, 0xef, 0x80, 0x9c, 0x10, 0x5f,
    0xae, 0x30, 0x2e, 0x5e, 0x30, 0x0, 0x8f, 0x40,
    0x0, 0x6b, 0xe3, 0x0, 0x1, 0x80, 0x0, 0x6,
    0xbb, 0x70, 0x0, 0x0, 0x0, 0x0, 0xa8, 0x5e,
    0x0, 0x0, 0x0, 0x0, 0x2f, 0x20, 0xc8, 0x0,
    0x0, 0x0, 0xb, 0x90, 0x2, 0xf3, 0x0, 0x0,
    0x6, 0xe0, 0x0, 0x6, 0xe1, 0x0, 0x2, 0xf3,
    0x0, 0x0, 0xb, 0xa0, 0x0, 0xc8, 0x0, 0x0,
    0x0, 0x1f, 0x50, 0x8d, 0x0, 0x0, 0x0, 0x0,
    0x6d, 0x2f, 0x30, 0x0, 0x0, 0x0, 0x0, 0xde,
    0x90, 0x0, 0x0, 0x0, 0x0, 0x5, 0xf2, 0x0,
    0x0, 0x0, 0x0, 0x0, 0x1, 0x0, 0x0, 0x0,

    /* U+2665 "♥" */
    0x0, 0x35, 0x20, 0x0, 0x35, 0x20, 0x1, 0xcf,
    0xff, 0x80, 0xbf, 0xff, 0xa0, 0xaf, 0xff, 0xff,
    0xcf, 0xff, 0xff, 0x6f, 0xff, 0xff, 0xff, 0xff,
    0xff, 0xfb, 0xef, 0xff, 0xff, 0xff, 0xff, 0xff,
    0xba, 0xff, 0xff, 0xff, 0xff, 0xff, 0xf7, 0x4f,
    0xff, 0xff, 0xff, 0xff, 0xff, 0x20, 0xbf, 0xff,
    0xff, 0xff, 0xff, 0x80, 0x1, 0xff, 0xff, 0xff,
    0xff, 0xd0, 0x0, 0x5, 0xff, 0xff, 0xff, 0xf3,
    0x0, 0x0, 0xa, 0xff, 0xff, 0xf7, 0x0, 0x0,
    0x0, 0xe, 0xff, 0xfc, 0x0, 0x0, 0x0, 0x0,
    0x5f, 0xff, 0x20, 0x0, 0x0, 0x0, 0x0, 0xdf,
    0x90, 0x0, 0x0, 0x0, 0x0, 0x5, 0xf2, 0x0,
    0x0, 0x0,

    /* U+266A "♪" */
    0x0, 0x0, 0xb1, 0x0, 0x0, 0x0, 0xe3, 0x0,
    0x0, 0x0, 0xee, 0x10, 0x0, 0x0, 0xef, 0xc0,
    0x0, 0x0, 0xe9, 0xf5, 0x0, 0x0, 0xe1, 0x9b,
    0x0, 0x0, 0xe1, 0x3d, 0x0, 0x0, 0xe1, 0x2c,
    0x0, 0x0, 0xe1, 0x49, 0x0, 0x45, 0xe1, 0x92,
    0x9, 0xff, 0xf0, 0x0, 0xf, 0xff, 0xa0, 0x0,
    0xa, 0xe9, 0x0, 0x0,

    /* U+266B "♫" */
    0x0, 0x0, 0x0, 0x0, 0x0, 0x0, 0x0, 0x0,
    0x0, 0x0, 0x37, 0xbd, 0x0, 0x0, 0x37, 0xbf,
    0xff, 0xde, 0x0, 0x0, 0xef, 0xd9, 0x51, 0x1e,
    0x0, 0x0, 0xe2, 0x0, 0x0, 0x1e, 0x0, 0x0,
    0xe1, 0x0, 0x0, 0x1e, 0x0, 0x0, 0xe1, 0x0,
    0x0, 0x1e, 0x0, 0x0, 0xe1, 0x0, 0x0, 0x1e,
    0x0, 0x0, 0xe1, 0x0, 0x0, 0x1e, 0x0, 0x0,
    0xe1, 0x0, 0x0, 0x1e, 0x0, 0x0, 0xe1, 0x0,
    0x3, 0x3e, 0x0, 0x56, 0xe1, 0x0, 0xbf, 0xfd,
    0xa, 0xff, 0xf0, 0x4, 0xff, 0xf8, 0xf, 0xff,
    0x90, 0x2, 0xef, 0x90, 0x9, 0xd8, 0x0, 0x0,
    0x0, 0x0,

    /* U+26A0 "⚠" */
    0x0, 0x0, 0x0, 0x0, 0x30, 0x0, 0x0, 0x0,
    0x0, 0x0, 0x0, 0x0, 0x3f, 0x10, 0x0, 0x0,
    0x0, 0x0, 0x0, 0x0, 0xc, 0xa9, 0x0, 0x0,
    0x0, 0x0, 0x0, 0x0, 0x5, 0xb0, 0xd2, 0x0,
    0x0, 0x0, 0x0, 0x0, 0x0, 0xd3, 0x35, 0xb0,
    0x0, 0x0, 0x0, 0x0, 0x0, 0x79, 0x3f, 0xc,
    0x40, 0x0, 0x0, 0x0, 0x0, 0x1e, 0x12, 0xf0,
    0x3d, 0x0, 0x0, 0x0, 0x0, 0x9, 0x70, 0x1e,
    0x0, 0xa6, 0x0, 0x0, 0x0, 0x2, 0xe0, 0x0,
    0xd0, 0x2, 0xe1, 0x0, 0x0, 0x0, 0xb6, 0x0,
    0xc, 0x0, 0x8, 0x80, 0x0, 0x0, 0x4c, 0x0,
    0x0, 0xa0, 0x0, 0x1e, 0x20, 0x0, 0xd, 0x40,
    0x0, 0x0, 0x0, 0x0, 0x6a, 0x0, 0x6, 0xb0,
    0x0, 0x4, 0xf0, 0x0, 0x0, 0xd3, 0x0, 0xe2,
    0x0, 0x0, 0x4, 0x0, 0x0, 0x5, 0xc0, 0x8f,
    0xff, 0xff, 0xff, 0xff, 0xff, 0xff, 0xff, 0x50,

    /* U+2709 "✉" */
    0xd9, 0x99, 0x99, 0x99, 0x99, 0x99, 0x99, 0x99,
    0x99, 0xa8, 0xc8, 0x0, 0x0, 0x0, 0x0, 0x0,
    0x0, 0x0, 0x3, 0x99, 0x91, 0x92, 0x0, 0x0,
    0x0, 0x0, 0x0, 0x0, 0x67, 0x9, 0x90, 0x8,
    0x50, 0x0, 0x0, 0x0, 0x0, 0x9, 0x40, 0x9,
    0x90, 0x0, 0x58, 0x0, 0x7c, 0xb3, 0x2, 0x91,
    0x0, 0x9, 0x90, 0x0, 0x2, 0xa9, 0xff, 0xff,
    0x78, 0x0, 0x0, 0x9, 0x90, 0x0, 0x0, 0xe,
    0xff, 0xff, 0x80, 0x0, 0x0, 0x9, 0x90, 0x0,
    0x0, 0x4e, 0xff, 0xff, 0xb1, 0x0, 0x0, 0x9,
    0x90, 0x0, 0x7, 0x73, 0xff, 0xfc, 0x19, 0x20,
    0x0, 0x9, 0x90, 0x0, 0x94, 0x0, 0x16, 0x50,
    0x0, 0x85, 0x0, 0x9, 0x90, 0x1a, 0x20, 0x0,
    0x0, 0x0, 0x0, 0x6, 0x70, 0x9, 0x94, 0x90,
    0x0, 0x0, 0x0, 0x0, 0x0, 0x0, 0x39, 0x9,
    0xd7, 0x0, 0x0, 0x0, 0x0, 0x0, 0x0, 0x0,
    0x1, 0x99, 0xb9, 0x99, 0x99, 0x99, 0x99, 0x99,
    0x99, 0x99, 0x99, 0x97,

    /* U+2713 "✓" */
    0x0, 0x0, 0x0, 0x0, 0x0, 0x0, 0x13, 0x20,
    0x0, 0x0, 0x0, 0x0, 0x0, 0xaf, 0xf3, 0x0,
    0x0, 0x0, 0x0, 0x0, 0xaf, 0xf6, 0x0, 0x0,
    0x0, 0x0, 0x0, 0x8f, 0xf7, 0x0, 0x0, 0x0,
    0x0, 0x0, 0x5f, 0xf9, 0x0, 0x0, 0x0, 0x0,
    0x0, 0x2f, 0xfc, 0x0, 0x0, 0x0, 0x0, 0x0,
    0xc, 0xfe, 0x10, 0x0, 0x0, 0x0, 0x0, 0x7,
    0xff, 0x40, 0x0, 0x0, 0x0, 0x0, 0x1, 0xff,
    0x80, 0x0, 0x0, 0x0, 0x86, 0x0, 0xdf, 0xc0,
    0x0, 0x0, 0x0, 0xdf, 0xe0, 0x5f, 0xf2, 0x0,
    0x0, 0x0, 0xc, 0xff, 0x8e, 0xf8, 0x0, 0x0,
    0x0, 0x0, 0x7f, 0xff, 0xfe, 0x0, 0x0, 0x0,
    0x0, 0x2, 0xff, 0xff, 0x50, 0x0, 0x0, 0x0,
    0x0, 0xb, 0xff, 0xb0, 0x0, 0x0, 0x0, 0x0,
    0x0, 0x3b, 0xa1, 0x0, 0x0, 0x0, 0x0, 0x0,

    /* U+2714 "✔" */
    0x0, 0x0, 0x0, 0x0, 0x0, 0x0, 0x0, 0x18,
    0x40, 0x0, 0x0, 0x0, 0x0, 0x0, 0x0, 0x2e,
    0xf8, 0x0, 0x0, 0x0, 0x0, 0x0, 0x0, 0x2d,
    0xff, 0x80, 0x0, 0x0, 0x0, 0x0, 0x0, 0x2e,
    0xff, 0xe1, 0x0, 0x0, 0x0, 0x0, 0x0, 0x3e,
    0xff, 0xf3, 0x0, 0x5a, 0xa0, 0x0, 0x0, 0x3f,
    0xff, 0xf4, 0x0, 0x9f, 0xfe, 0x0, 0x0, 0x4f,
    0xff, 0xf6, 0x0, 0xf, 0xff, 0xf1, 0x0, 0x5f,
    0xff, 0xf6, 0x0, 0x0, 0xdf, 0xff, 0x40, 0x6f,
    0xff, 0xf6, 0x0, 0x0, 0xc, 0xff, 0xf8, 0x8f,
    0xff, 0xf6, 0x0, 0x0, 0x0, 0xbf, 0xff, 0xff,
    0xff, 0xf6, 0x0, 0x0, 0x0, 0xa, 0xff, 0xff,
    0xff, 0xf6, 0x0, 0x0, 0x0, 0x0, 0x9f, 0xff,
    0xff, 0xf6, 0x0, 0x0, 0x0, 0x0, 0x7, 0xff,
    0xff, 0xf6, 0x0, 0x0, 0x0, 0x0, 0x0, 0xc,
    0xff, 0xf5, 0x0, 0x0, 0x0, 0x0, 0x0, 0x0,
    0x6, 0x82, 0x0, 0x0, 0x0, 0x0, 0x0, 0x0,

    /* U+2715 "✕" */
    0x46, 0x0, 0x0, 0x0, 0x0, 0x0, 0x3, 0x70,
    0xaf, 0x60, 0x0, 0x0, 0x0, 0x0, 0x3e, 0xe1,
    0xb, 0xf6, 0x0, 0x0, 0x0, 0x3, 0xee, 0x20,
    0x0, 0xbf, 0x60, 0x0, 0x0, 0x3e, 0xe2, 0x0,
    0x0, 0xb, 0xf6, 0x0, 0x2, 0xee, 0x20, 0x0,
    0x0, 0x0, 0xbf, 0x60, 0x2e, 0xe2, 0x0, 0x0,
    0x0, 0x0, 0xb, 0xf8, 0xee, 0x20, 0x0, 0x0,
    0x0, 0x0, 0x0, 0xcf, 0xe2, 0x0, 0x0, 0x0,
    0x0, 0x0, 0x2, 0xef, 0xf5, 0x0, 0x0, 0x0,
    0x0, 0x0, 0x2e, 0xe3, 0xcf, 0x50, 0x0, 0x0,
    0x0, 0x2, 0xee, 0x20, 0xc, 0xf5, 0x0, 0x0,
    0x0, 0x2e, 0xe2, 0x0, 0x0, 0xcf, 0x50, 0x0,
    0x2, 0xee, 0x20, 0x0, 0x0, 0xc, 0xf5, 0x0,
    0x2e, 0xe2, 0x0, 0x0, 0x0, 0x0, 0xcf, 0x50,
    0xbe, 0x20, 0x0, 0x0, 0x0, 0x0, 0xc, 0xf1,
    0x12, 0x0, 0x0, 0x0, 0x0, 0x0, 0x0, 0x30,

    /* U+2716 "✖" */
    0x0, 0x34, 0x0, 0x0, 0x0, 0x5, 0x30, 0x0,
    0x3f, 0xf4, 0x0, 0x0, 0x5, 0xfe, 0x30, 0x3f,
    0xff, 0xf4, 0x0, 0x5, 0xff, 0xfe, 0x3a, 0xff,
    0xff, 0xf4, 0x5, 0xff, 0xff, 0xf9, 0xb, 0xff,
    0xff, 0xf8, 0xff, 0xff, 0xfa, 0x0, 0xb, 0xff,
    0xff, 0xff, 0xff, 0xfa, 0x0, 0x0, 0xb, 0xff,
    0xff, 0xff, 0xfa, 0x0, 0x0, 0x0, 0xc, 0xff,
    0xff, 0xfc, 0x0, 0x0, 0x0, 0x5, 0xff, 0xff,
    0xff, 0xf4, 0x0, 0x0, 0x5, 0xff, 0xff, 0xff,
    0xff, 0xf4, 0x0, 0x5, 0xff, 0xff, 0xfe, 0xff,
    0xff, 0xf4, 0x5, 0xff, 0xff, 0xfa, 0xb, 0xff,
    0xff, 0xf4, 0x9f, 0xff, 0xfa, 0x0, 0xb, 0xff,
    0xff, 0x80, 0xaf, 0xfa, 0x0, 0x0, 0xb, 0xff,
    0x80, 0x0, 0xaa, 0x0, 0x0, 0x0, 0xb, 0x80,
    0x0, 0x0, 0x0, 0x0, 0x0, 0x0, 0x0, 0x0,

    /* U+2717 "✗" */
    0x0, 0x0, 0x0, 0x0, 0x0, 0x0, 0x0, 0x3,
    0x80, 0x0, 0xc, 0xe2, 0x0, 0xf, 0xf5, 0x0,
    0xbf, 0xb0, 0x0, 0xa, 0xfd, 0x9, 0xfe, 0x10,
    0x0, 0x4, 0xff, 0xbf, 0xf3, 0x0, 0x0, 0x0,
    0xef, 0xff, 0x70, 0x0, 0x0, 0x0, 0x8f, 0xfb,
    0x0, 0x0, 0x0, 0x0, 0xdf, 0xfd, 0x0, 0x0,
    0x0, 0xa, 0xff, 0xff, 0x50, 0x0, 0x0, 0x6f,
    0xf9, 0xef, 0xc0, 0x0, 0x2, 0xff, 0xc0, 0x6f,
    0xf3, 0x0, 0xc, 0xff, 0x20, 0xc, 0xf9, 0x0,
    0x6f, 0xf8, 0x0, 0x2, 0xc2, 0x0, 0xcf, 0xd0,
    0x0, 0x0, 0x0, 0x0, 0xcf, 0x40, 0x0, 0x0,
    0x0, 0x0, 0x24, 0x0, 0x0, 0x0, 0x0, 0x0,

    /* U+2718 "✘" */
    0x0, 0x0, 0x0, 0x0, 0x0, 0x0, 0x0, 0x0,
    0x1, 0x0, 0x0, 0x0, 0x4f, 0x30, 0x3, 0xcd,
    0x0, 0x0, 0x4, 0xff, 0xe2, 0xb, 0xff, 0xa0,
    0x0, 0x5f, 0xff, 0xf1, 0x5, 0xff, 0xf4, 0x4,
    0xff, 0xff, 0x40, 0x0, 0xef, 0xfd, 0x4f, 0xff,
    0xf3, 0x0, 0x0, 0x8f, 0xff, 0xff, 0xff, 0x30,
    0x0, 0x0, 0x1f, 0xff, 0xff, 0xf5, 0x0, 0x0,
    0x0, 0xa, 0xff, 0xff, 0x70, 0x0, 0x0, 0x0,
    0xb, 0xff, 0xff, 0xc0, 0x0, 0x0, 0x0, 0xaf,
    0xff, 0xff, 0xf8, 0x0, 0x0, 0x8, 0xff, 0xff,
    0xff, 0xff, 0x40, 0x0, 0x5f, 0xff, 0xf8, 0xff,
    0xff, 0xf2, 0x0, 0xdf, 0xff, 0x60, 0xaf, 0xff,
    0xf3, 0x0, 0xdf, 0xfa, 0x0, 0xe, 0xff, 0x40,
    0x0, 0x6f, 0xe0, 0x0, 0x3, 0x81, 0x0, 0x0,
    0x6, 0x50, 0x0, 0x0, 0x0, 0x0, 0x0,

    /* U+2764 "❤" */
    0x0, 0x7c, 0xdb, 0x50, 0x0, 0x7, 0xcd, 0xb5,
    0x0, 0xc, 0xff, 0xff, 0xfa, 0x1, 0xdf, 0xff,
    0xff, 0x80, 0x8f, 0xff, 0xff, 0xff, 0x7b, 0xff,
    0xff, 0xff, 0xf3, 0xdf, 0xff, 0xff, 0xff, 0xff,
    0xff, 0xff, 0xff, 0xf9, 0xff, 0xff, 0xff, 0xff,
    0xff, 0xff, 0xff, 0xff, 0xfa, 0xdf, 0xff, 0xff,
    0xff, 0xff, 0xff, 0xff, 0xff, 0xf8, 0x8f, 0xff,
    0xff, 0xff, 0xff, 0xff, 0xff, 0xff, 0xf3, 0x1d,
    0xff, 0xff, 0xff, 0xff, 0xff, 0xff, 0xff, 0x90,
    0x1, 0xaf, 0xff, 0xff, 0xff, 0xff, 0xff, 0xf7,
    0x0, 0x0, 0x2, 0x9f, 0xff, 0xff, 0xff, 0xe8,
    0x10, 0x0, 0x0, 0x0, 0x0, 0x8f, 0xff, 0xe6,
    0x0, 0x0, 0x0, 0x0, 0x0, 0x0, 0x4, 0xfd,
    0x10, 0x0, 0x0, 0x0, 0x0, 0x0, 0x0, 0x0,
    0x84, 0x0, 0x0, 0x0, 0x0, 0x0, 0x0, 0x0,
    0x0, 0x0, 0x0, 0x0, 0x0, 0x0,

    /* U+27E8 "⟨" */
    0x0, 0x0, 0x3c, 0x30, 0x0, 0xb, 0xd0, 0x0,
    0x3, 0xf6, 0x0, 0x0, 0xae, 0x0, 0x0, 0x2f,
    0x70, 0x0, 0xa, 0xf0, 0x0, 0x2, 0xf8, 0x0,
    0x0, 0x9f, 0x10, 0x0, 0x1f, 0x90, 0x0, 0x4,
    0xf6, 0x0, 0x0, 0xd, 0xd0, 0x0, 0x0, 0x5f,
    0x40, 0x0, 0x0, 0xeb, 0x0, 0x0, 0x6, 0xf3,
    0x0, 0x0, 0xe, 0xa0, 0x0, 0x0, 0x8f, 0x10,
    0x0, 0x1, 0xf8, 0x0, 0x0, 0x9, 0xf0, 0x0,
    0x0, 0x2f, 0x70, 0x0, 0x0, 0x0,

    /* U+27E9 "⟩" */
    0x1c, 0x60, 0x0, 0x0, 0xae, 0x0, 0x0, 0x3,
    0xf6, 0x0, 0x0, 0xb, 0xd0, 0x0, 0x0, 0x4f,
    0x50, 0x0, 0x0, 0xcd, 0x0, 0x0, 0x5, 0xf4,
    0x0, 0x0, 0xd, 0xc0, 0x0, 0x0, 0x6f, 0x40,
    0x0, 0x3, 0xf7, 0x0, 0x0, 0xaf, 0x0, 0x0,
    0x1f, 0x80, 0x0, 0x8, 0xf1, 0x0, 0x0, 0xfa,
    0x0, 0x0, 0x7f, 0x20, 0x0, 0xe, 0xb0, 0x0,
    0x5, 0xf3, 0x0, 0x0, 0xcc, 0x0, 0x0, 0x4f,
    0x50, 0x0, 0x0, 0x0, 0x0, 0x0
};


/*---------------------
 *  GLYPH DESCRIPTION
 *--------------------*/

static const lv_font_fmt_txt_glyph_dsc_t glyph_dsc[] = {
    {.bitmap_index = 0, .adv_w = 0, .box_w = 0, .box_h = 0, .ofs_x = 0, .ofs_y = 0} /* id = 0 reserved */,
    {.bitmap_index = 0, .adv_w = 115, .box_w = 7, .box_h = 10, .ofs_x = 0, .ofs_y = 8},
    {.bitmap_index = 35, .adv_w = 56, .box_w = 3, .box_h = 8, .ofs_x = 0, .ofs_y = 6},
    {.bitmap_index = 47, .adv_w = 115, .box_w = 7, .box_h = 9, .ofs_x = 0, .ofs_y = 8},
    {.bitmap_index = 79, .adv_w = 115, .box_w = 7, .box_h = 10, .ofs_x = 0, .ofs_y = 8},
    {.bitmap_index = 114, .adv_w = 115, .box_w = 7, .box_h = 10, .ofs_x = 0, .ofs_y = 8},
    {.bitmap_index = 149, .adv_w = 115, .box_w = 7, .box_h = 9, .ofs_x = 0, .ofs_y = 8},
    {.bitmap_index = 181, .adv_w = 115, .box_w = 7, .box_h = 9, .ofs_x = 0, .ofs_y = 8},
    {.bitmap_index = 213, .adv_w = 115, .box_w = 7, .box_h = 10, .ofs_x = 0, .ofs_y = 8},
    {.bitmap_index = 248, .adv_w = 110, .box_w = 7, .box_h = 6, .ofs_x = 0, .ofs_y = 8},
    {.bitmap_index = 269, .adv_w = 110, .box_w = 7, .box_h = 2, .ofs_x = 0, .ofs_y = 10},
    {.bitmap_index = 276, .adv_w = 110, .box_w = 7, .box_h = 4, .ofs_x = 0, .ofs_y = 9},
    {.bitmap_index = 290, .adv_w = 74, .box_w = 4, .box_h = 11, .ofs_x = 1, .ofs_y = 7},
    {.bitmap_index = 312, .adv_w = 74, .box_w = 4, .box_h = 11, .ofs_x = 0, .ofs_y = 7},
    {.bitmap_index = 334, .adv_w = 131, .box_w = 7, .box_h = 6, .ofs_x = 1, .ofs_y = 6},
    {.bitmap_index = 355, .adv_w = 115, .box_w = 7, .box_h = 9, .ofs_x = 0, .ofs_y = -3},
    {.bitmap_index = 387, .adv_w = 115, .box_w = 6, .box_h = 9, .ofs_x = 0, .ofs_y = -3},
    {.bitmap_index = 414, .adv_w = 115, .box_w = 7, .box_h = 9, .ofs_x = 0, .ofs_y = -3},
    {.bitmap_index = 446, .adv_w = 115, .box_w = 7, .box_h = 9, .ofs_x = 0, .ofs_y = -3},
    {.bitmap_index = 478, .adv_w = 115, .box_w = 7, .box_h = 9, .ofs_x = 0, .ofs_y = -3},
    {.bitmap_index = 510, .adv_w = 115, .box_w = 7, .box_h = 9, .ofs_x = 0, .ofs_y = -3},
    {.bitmap_index = 542, .adv_w = 115, .box_w = 7, .box_h = 9, .ofs_x = 0, .ofs_y = -3},
    {.bitmap_index = 574, .adv_w = 115, .box_w = 7, .box_h = 9, .ofs_x = 0, .ofs_y = -3},
    {.bitmap_index = 606, .adv_w = 115, .box_w = 7, .box_h = 9, .ofs_x = 0, .ofs_y = -3},
    {.bitmap_index = 638, .adv_w = 115, .box_w = 7, .box_h = 9, .ofs_x = 0, .ofs_y = -3},
    {.bitmap_index = 670, .adv_w = 110, .box_w = 7, .box_h = 6, .ofs_x = 0, .ofs_y = -1},
    {.bitmap_index = 691, .adv_w = 110, .box_w = 7, .box_h = 3, .ofs_x = 0, .ofs_y = 0},
    {.bitmap_index = 702, .adv_w = 110, .box_w = 7, .box_h = 4, .ofs_x = 0, .ofs_y = -1},
    {.bitmap_index = 716, .adv_w = 74, .box_w = 4, .box_h = 12, .ofs_x = 1, .ofs_y = -4},
    {.bitmap_index = 740, .adv_w = 74, .box_w = 4, .box_h = 12, .ofs_x = 0, .ofs_y = -4},
    {.bitmap_index = 764, .adv_w = 119, .box_w = 7, .box_h = 7, .ofs_x = 0, .ofs_y = -2},
    {.bitmap_index = 789, .adv_w = 119, .box_w = 7, .box_h = 7, .ofs_x = 0, .ofs_y = -2},
    {.bitmap_index = 814, .adv_w = 127, .box_w = 8, .box_h = 7, .ofs_x = 0, .ofs_y = -2},
    {.bitmap_index = 842, .adv_w = 113, .box_w = 7, .box_h = 7, .ofs_x = 0, .ofs_y = -2},
    {.bitmap_index = 867, .adv_w = 119, .box_w = 7, .box_h = 7, .ofs_x = 0, .ofs_y = -2},
    {.bitmap_index = 892, .adv_w = 131, .box_w = 7, .box_h = 10, .ofs_x = 1, .ofs_y = -2},
    {.bitmap_index = 927, .adv_w = 116, .box_w = 7, .box_h = 10, .ofs_x = 1, .ofs_y = -2},
    {.bitmap_index = 962, .adv_w = 56, .box_w = 2, .box_h = 10, .ofs_x = 1, .ofs_y = -2},
    {.bitmap_index = 972, .adv_w = 197, .box_w = 11, .box_h = 7, .ofs_x = 1, .ofs_y = -2},
    {.bitmap_index = 1011, .adv_w = 131, .box_w = 7, .box_h = 7, .ofs_x = 1, .ofs_y = -2},
    {.bitmap_index = 1036, .adv_w = 129, .box_w = 7, .box_h = 10, .ofs_x = 1, .ofs_y = -5},
    {.bitmap_index = 1071, .adv_w = 101, .box_w = 6, .box_h = 7, .ofs_x = 0, .ofs_y = -2},
    {.bitmap_index = 1092, .adv_w = 79, .box_w = 5, .box_h = 8, .ofs_x = 0, .ofs_y = -2},
    {.bitmap_index = 1112, .adv_w = 183, .box_w = 11, .box_h = 14, .ofs_x = 0, .ofs_y = 0},
    {.bitmap_index = 1189, .adv_w = 187, .box_w = 12, .box_h = 17, .ofs_x = 0, .ofs_y = -2},
    {.bitmap_index = 1291, .adv_w = 183, .box_w = 10, .box_h = 14, .ofs_x = 1, .ofs_y = 0},
    {.bitmap_index = 1361, .adv_w = 183, .box_w = 11, .box_h = 14, .ofs_x = 0, .ofs_y = 0},
    {.bitmap_index = 1438, .adv_w = 183, .box_w = 11, .box_h = 14, .ofs_x = 0, .ofs_y = 0},
    {.bitmap_index = 1515, .adv_w = 303, .box_w = 17, .box_h = 16, .ofs_x = 1, .ofs_y = -2},
    {.bitmap_index = 1651, .adv_w = 183, .box_w = 12, .box_h = 14, .ofs_x = 0, .ofs_y = 0},
    {.bitmap_index = 1735, .adv_w = 259, .box_w = 15, .box_h = 14, .ofs_x = 1, .ofs_y = 0},
    {.bitmap_index = 1840, .adv_w = 275, .box_w = 16, .box_h = 14, .ofs_x = 1, .ofs_y = 0},
    {.bitmap_index = 1952, .adv_w = 221, .box_w = 14, .box_h = 14, .ofs_x = 0, .ofs_y = 0},
    {.bitmap_index = 2050, .adv_w = 267, .box_w = 15, .box_h = 14, .ofs_x = 1, .ofs_y = 0},
    {.bitmap_index = 2155, .adv_w = 200, .box_w = 12, .box_h = 19, .ofs_x = 1, .ofs_y = -4},
    {.bitmap_index = 2269, .adv_w = 183, .box_w = 12, .box_h = 14, .ofs_x = 0, .ofs_y = 0},
    {.bitmap_index = 2353, .adv_w = 183, .box_w = 12, .box_h = 14, .ofs_x = 0, .ofs_y = 0},
    {.bitmap_index = 2437, .adv_w = 183, .box_w = 12, .box_h = 14, .ofs_x = 0, .ofs_y = 0},
    {.bitmap_index = 2521, .adv_w = 314, .box_w = 19, .box_h = 19, .ofs_x = 0, .ofs_y = -5},
    {.bitmap_index = 2702, .adv_w = 187, .box_w = 11, .box_h = 19, .ofs_x = 0, .ofs_y = -5},
    {.bitmap_index = 2807, .adv_w = 183, .box_w = 12, .box_h = 14, .ofs_x = 0, .ofs_y = 0},
    {.bitmap_index = 2891, .adv_w = 234, .box_w = 13, .box_h = 17, .ofs_x = 1, .ofs_y = -2},
    {.bitmap_index = 3002, .adv_w = 198, .box_w = 13, .box_h = 14, .ofs_x = 0, .ofs_y = 0},
    {.bitmap_index = 3093, .adv_w = 178, .box_w = 11, .box_h = 14, .ofs_x = 0, .ofs_y = 0},
    {.bitmap_index = 3170, .adv_w = 203, .box_w = 12, .box_h = 17, .ofs_x = 1, .ofs_y = -2},
    {.bitmap_index = 3272, .adv_w = 206, .box_w = 13, .box_h = 14, .ofs_x = 0, .ofs_y = 0},
    {.bitmap_index = 3363, .adv_w = 233, .box_w = 14, .box_h = 16, .ofs_x = 0, .ofs_y = -2},
    {.bitmap_index = 3475, .adv_w = 177, .box_w = 11, .box_h = 14, .ofs_x = 0, .ofs_y = 0},
    {.bitmap_index = 3552, .adv_w = 183, .box_w = 9, .box_h = 15, .ofs_x = 1, .ofs_y = 0},
    {.bitmap_index = 3620, .adv_w = 183, .box_w = 11, .box_h = 14, .ofs_x = 0, .ofs_y = 0},
    {.bitmap_index = 3697, .adv_w = 253, .box_w = 16, .box_h = 14, .ofs_x = 0, .ofs_y = 0},
    {.bitmap_index = 3809, .adv_w = 265, .box_w = 15, .box_h = 14, .ofs_x = 1, .ofs_y = 0},
    {.bitmap_index = 3914, .adv_w = 188, .box_w = 12, .box_h = 14, .ofs_x = 0, .ofs_y = 0},
    {.bitmap_index = 3998, .adv_w = 248, .box_w = 14, .box_h = 15, .ofs_x = 1, .ofs_y = 0},
    {.bitmap_index = 4103, .adv_w = 183, .box_w = 10, .box_h = 19, .ofs_x = 1, .ofs_y = -2},
    {.bitmap_index = 4198, .adv_w = 161, .box_w = 10, .box_h = 14, .ofs_x = 0, .ofs_y = -3},
    {.bitmap_index = 4268, .adv_w = 237, .box_w = 15, .box_h = 16, .ofs_x = 0, .ofs_y = -1},
    {.bitmap_index = 4388, .adv_w = 227, .box_w = 14, .box_h = 16, .ofs_x = 0, .ofs_y = -1},
    {.bitmap_index = 4500, .adv_w = 202, .box_w = 11, .box_h = 16, .ofs_x = 1, .ofs_y = -1},
    {.bitmap_index = 4588, .adv_w = 319, .box_w = 19, .box_h = 16, .ofs_x = 1, .ofs_y = -1},
    {.bitmap_index = 4740, .adv_w = 186, .box_w = 12, .box_h = 15, .ofs_x = 0, .ofs_y = 0},
    {.bitmap_index = 4830, .adv_w = 260, .box_w = 15, .box_h = 16, .ofs_x = 1, .ofs_y = -1},
    {.bitmap_index = 4950, .adv_w = 279, .box_w = 16, .box_h = 16, .ofs_x = 0, .ofs_y = -1},
    {.bitmap_index = 5078, .adv_w = 194, .box_w = 11, .box_h = 16, .ofs_x = 1, .ofs_y = -1},
    {.bitmap_index = 5166, .adv_w = 205, .box_w = 12, .box_h = 16, .ofs_x = 0, .ofs_y = -1},
    {.bitmap_index = 5262, .adv_w = 285, .box_w = 17, .box_h = 16, .ofs_x = 1, .ofs_y = -1},
    {.bitmap_index = 5398, .adv_w = 186, .box_w = 14, .box_h = 16, .ofs_x = -2, .ofs_y = -8},
    {.bitmap_index = 5510, .adv_w = 339, .box_w = 23, .box_h = 16, .ofs_x = -1, .ofs_y = -1},
    {.bitmap_index = 5694, .adv_w = 235, .box_w = 14, .box_h = 18, .ofs_x = 0, .ofs_y = -3},
    {.bitmap_index = 5820, .adv_w = 249, .box_w = 13, .box_h = 15, .ofs_x = 1, .ofs_y = 0},
    {.bitmap_index = 5918, .adv_w = 202, .box_w = 12, .box_h = 16, .ofs_x = 0, .ofs_y = 0},
    {.bitmap_index = 6014, .adv_w = 201, .box_w = 12, .box_h = 16, .ofs_x = 0, .ofs_y = 0},
    {.bitmap_index = 6110, .adv_w = 238, .box_w = 17, .box_h = 16, .ofs_x = -1, .ofs_y = -1},
    {.bitmap_index = 6246, .adv_w = 179, .box_w = 11, .box_h = 16, .ofs_x = 0, .ofs_y = -1},
    {.bitmap_index = 6334, .adv_w = 267, .box_w = 17, .box_h = 15, .ofs_x = 0, .ofs_y = 0},
    {.bitmap_index = 6462, .adv_w = 166, .box_w = 9, .box_h = 16, .ofs_x = 1, .ofs_y = -1},
    {.bitmap_index = 6534, .adv_w = 280, .box_w = 17, .box_h = 17, .ofs_x = 0, .ofs_y = -1},
    {.bitmap_index = 6679, .adv_w = 249, .box_w = 13, .box_h = 15, .ofs_x = 1, .ofs_y = 0},
    {.bitmap_index = 6777, .adv_w = 327, .box_w = 19, .box_h = 15, .ofs_x = 1, .ofs_y = 0},
    {.bitmap_index = 6920, .adv_w = 266, .box_w = 16, .box_h = 16, .ofs_x = 0, .ofs_y = -1},
    {.bitmap_index = 7048, .adv_w = 268, .box_w = 16, .box_h = 18, .ofs_x = 0, .ofs_y = -5},
    {.bitmap_index = 7192, .adv_w = 210, .box_w = 12, .box_h = 15, .ofs_x = 1, .ofs_y = 0},
    {.bitmap_index = 7282, .adv_w = 250, .box_w = 15, .box_h = 19, .ofs_x = 1, .ofs_y = -4},
    {.bitmap_index = 7425, .adv_w = 279, .box_w = 19, .box_h = 15, .ofs_x = -1, .ofs_y = 0},
    {.bitmap_index = 7568, .adv_w = 272, .box_w = 18, .box_h = 16, .ofs_x = 0, .ofs_y = -1},
    {.bitmap_index = 7712, .adv_w = 228, .box_w = 13, .box_h = 15, .ofs_x = 1, .ofs_y = 0},
    {.bitmap_index = 7810, .adv_w = 203, .box_w = 12, .box_h = 15, .ofs_x = 1, .ofs_y = 0},
    {.bitmap_index = 7900, .adv_w = 191, .box_w = 12, .box_h = 21, .ofs_x = 1, .ofs_y = -3},
    {.bitmap_index = 8026, .adv_w = 256, .box_w = 14, .box_h = 8, .ofs_x = 1, .ofs_y = 7},
    {.bitmap_index = 8082, .adv_w = 255, .box_w = 16, .box_h = 8, .ofs_x = 0, .ofs_y = 7},
    {.bitmap_index = 8146, .adv_w = 247, .box_w = 14, .box_h = 8, .ofs_x = 0, .ofs_y = 7},
    {.bitmap_index = 8202, .adv_w = 198, .box_w = 13, .box_h = 21, .ofs_x = 0, .ofs_y = -3},
    {.bitmap_index = 8339, .adv_w = 202, .box_w = 12, .box_h = 15, .ofs_x = 0, .ofs_y = 0},
    {.bitmap_index = 8429, .adv_w = 177, .box_w = 11, .box_h = 20, .ofs_x = 0, .ofs_y = -5},
    {.bitmap_index = 8539, .adv_w = 233, .box_w = 15, .box_h = 15, .ofs_x = 0, .ofs_y = 0},
    {.bitmap_index = 8652, .adv_w = 245, .box_w = 14, .box_h = 16, .ofs_x = 1, .ofs_y = -1},
    {.bitmap_index = 8764, .adv_w = 188, .box_w = 11, .box_h = 19, .ofs_x = 0, .ofs_y = -3},
    {.bitmap_index = 8869, .adv_w = 113, .box_w = 6, .box_h = 12, .ofs_x = 0, .ofs_y = -1},
    {.bitmap_index = 8905, .adv_w = 202, .box_w = 12, .box_h = 15, .ofs_x = 1, .ofs_y = 0},
    {.bitmap_index = 8995, .adv_w = 210, .box_w = 14, .box_h = 18, .ofs_x = 0, .ofs_y = 0},
    {.bitmap_index = 9121, .adv_w = 268, .box_w = 17, .box_h = 15, .ofs_x = 0, .ofs_y = 0},
    {.bitmap_index = 9249, .adv_w = 215, .box_w = 12, .box_h = 16, .ofs_x = 1, .ofs_y = -1},
    {.bitmap_index = 9345, .adv_w = 198, .box_w = 11, .box_h = 12, .ofs_x = 1, .ofs_y = -1},
    {.bitmap_index = 9411, .adv_w = 148, .box_w = 9, .box_h = 9, .ofs_x = 0, .ofs_y = -1},
    {.bitmap_index = 9452, .adv_w = 193, .box_w = 13, .box_h = 15, .ofs_x = 0, .ofs_y = 0},
    {.bitmap_index = 9550, .adv_w = 264, .box_w = 18, .box_h = 16, .ofs_x = -1, .ofs_y = -1},
    {.bitmap_index = 9694, .adv_w = 169, .box_w = 9, .box_h = 15, .ofs_x = 0, .ofs_y = 0},
    {.bitmap_index = 9762, .adv_w = 370, .box_w = 25, .box_h = 16, .ofs_x = -1, .ofs_y = -1},
    {.bitmap_index = 9962, .adv_w = 154, .box_w = 10, .box_h = 9, .ofs_x = 0, .ofs_y = -1},
    {.bitmap_index = 10007, .adv_w = 194, .box_w = 12, .box_h = 14, .ofs_x = 0, .ofs_y = -1},
    {.bitmap_index = 10091, .adv_w = 171, .box_w = 10, .box_h = 12, .ofs_x = 0, .ofs_y = 0},
    {.bitmap_index = 10151, .adv_w = 123, .box_w = 7, .box_h = 13, .ofs_x = 0, .ofs_y = -1},
    {.bitmap_index = 10197, .adv_w = 149, .box_w = 9, .box_h = 13, .ofs_x = 0, .ofs_y = -1},
    {.bitmap_index = 10256, .adv_w = 86, .box_w = 4, .box_h = 15, .ofs_x = 1, .ofs_y = 0},
    {.bitmap_index = 10286, .adv_w = 300, .box_w = 19, .box_h = 14, .ofs_x = 0, .ofs_y = 0},
    {.bitmap_index = 10419, .adv_w = 447, .box_w = 27, .box_h = 15, .ofs_x = 1, .ofs_y = 0},
    {.bitmap_index = 10622, .adv_w = 249, .box_w = 16, .box_h = 12, .ofs_x = 0, .ofs_y = -1},
    {.bitmap_index = 10718, .adv_w = 174, .box_w = 11, .box_h = 16, .ofs_x = 0, .ofs_y = -5},
    {.bitmap_index = 10806, .adv_w = 177, .box_w = 10, .box_h = 15, .ofs_x = 1, .ofs_y = 0},
    {.bitmap_index = 10881, .adv_w = 249, .box_w = 13, .box_h = 15, .ofs_x = 1, .ofs_y = 0},
    {.bitmap_index = 10979, .adv_w = 198, .box_w = 13, .box_h = 20, .ofs_x = 0, .ofs_y = -5},
    {.bitmap_index = 11109, .adv_w = 231, .box_w = 13, .box_h = 16, .ofs_x = 1, .ofs_y = -1},
    {.bitmap_index = 11213, .adv_w = 171, .box_w = 9, .box_h = 16, .ofs_x = 0, .ofs_y = -1},
    {.bitmap_index = 11285, .adv_w = 171, .box_w = 9, .box_h = 15, .ofs_x = 0, .ofs_y = 0},
    {.bitmap_index = 11353, .adv_w = 187, .box_w = 12, .box_h = 15, .ofs_x = 0, .ofs_y = 0},
    {.bitmap_index = 11443, .adv_w = 234, .box_w = 15, .box_h = 15, .ofs_x = 0, .ofs_y = 0},
    {.bitmap_index = 11556, .adv_w = 185, .box_w = 13, .box_h = 17, .ofs_x = 0, .ofs_y = -1},
    {.bitmap_index = 11667, .adv_w = 160, .box_w = 10, .box_h = 12, .ofs_x = 0, .ofs_y = -1},
    {.bitmap_index = 11727, .adv_w = 110, .box_w = 7, .box_h = 16, .ofs_x = 0, .ofs_y = 0},
    {.bitmap_index = 11783, .adv_w = 110, .box_w = 11, .box_h = 21, .ofs_x = -4, .ofs_y = -5},
    {.bitmap_index = 11899, .adv_w = 222, .box_w = 13, .box_h = 16, .ofs_x = 1, .ofs_y = 0},
    {.bitmap_index = 12003, .adv_w = 236, .box_w = 14, .box_h = 16, .ofs_x = 0, .ofs_y = -1},
    {.bitmap_index = 12115, .adv_w = 210, .box_w = 13, .box_h = 15, .ofs_x = 0, .ofs_y = 0},
    {.bitmap_index = 12213, .adv_w = 239, .box_w = 15, .box_h = 16, .ofs_x = 0, .ofs_y = -1},
    {.bitmap_index = 12333, .adv_w = 145, .box_w = 8, .box_h = 11, .ofs_x = 0, .ofs_y = 0},
    {.bitmap_index = 12377, .adv_w = 330, .box_w = 22, .box_h = 12, .ofs_x = -1, .ofs_y = -1},
    {.bitmap_index = 12509, .adv_w = 272, .box_w = 17, .box_h = 14, .ofs_x = 0, .ofs_y = 0},
    {.bitmap_index = 12628, .adv_w = 263, .box_w = 17, .box_h = 15, .ofs_x = 0, .ofs_y = -1},
    {.bitmap_index = 12756, .adv_w = 342, .box_w = 22, .box_h = 14, .ofs_x = 0, .ofs_y = 0},
    {.bitmap_index = 12910, .adv_w = 271, .box_w = 16, .box_h = 14, .ofs_x = 0, .ofs_y = 0},
    {.bitmap_index = 13022, .adv_w = 294, .box_w = 17, .box_h = 14, .ofs_x = 0, .ofs_y = 0},
    {.bitmap_index = 13141, .adv_w = 265, .box_w = 16, .box_h = 14, .ofs_x = 0, .ofs_y = 0},
    {.bitmap_index = 13253, .adv_w = 282, .box_w = 17, .box_h = 14, .ofs_x = 0, .ofs_y = 0},
    {.bitmap_index = 13372, .adv_w = 278, .box_w = 17, .box_h = 14, .ofs_x = 0, .ofs_y = 0},
    {.bitmap_index = 13491, .adv_w = 279, .box_w = 17, .box_h = 14, .ofs_x = 0, .ofs_y = 0},
    {.bitmap_index = 13610, .adv_w = 258, .box_w = 16, .box_h = 14, .ofs_x = 0, .ofs_y = 0},
    {.bitmap_index = 13722, .adv_w = 271, .box_w = 17, .box_h = 14, .ofs_x = 0, .ofs_y = 0},
    {.bitmap_index = 13841, .adv_w = 271, .box_w = 16, .box_h = 14, .ofs_x = 0, .ofs_y = 0},
    {.bitmap_index = 13953, .adv_w = 271, .box_w = 16, .box_h = 14, .ofs_x = 0, .ofs_y = 0},
    {.bitmap_index = 14065, .adv_w = 271, .box_w = 16, .box_h = 14, .ofs_x = 0, .ofs_y = 0},
    {.bitmap_index = 14177, .adv_w = 272, .box_w = 16, .box_h = 14, .ofs_x = 0, .ofs_y = 0},
    {.bitmap_index = 14289, .adv_w = 143, .box_w = 13, .box_h = 14, .ofs_x = 0, .ofs_y = 0},
    {.bitmap_index = 14380, .adv_w = 203, .box_w = 12, .box_h = 14, .ofs_x = 0, .ofs_y = 0},
    {.bitmap_index = 14464, .adv_w = 156, .box_w = 9, .box_h = 11, .ofs_x = 0, .ofs_y = 0},
    {.bitmap_index = 14514, .adv_w = 283, .box_w = 18, .box_h = 14, .ofs_x = 0, .ofs_y = 0},
    {.bitmap_index = 14640, .adv_w = 324, .box_w = 19, .box_h = 9, .ofs_x = 1, .ofs_y = 1},
    {.bitmap_index = 14726, .adv_w = 170, .box_w = 9, .box_h = 19, .ofs_x = 1, .ofs_y = -4},
    {.bitmap_index = 14812, .adv_w = 324, .box_w = 19, .box_h = 9, .ofs_x = 1, .ofs_y = 1},
    {.bitmap_index = 14898, .adv_w = 170, .box_w = 9, .box_h = 19, .ofs_x = 1, .ofs_y = -4},
    {.bitmap_index = 14984, .adv_w = 362, .box_w = 21, .box_h = 9, .ofs_x = 1, .ofs_y = 1},
    {.bitmap_index = 15079, .adv_w = 170, .box_w = 9, .box_h = 21, .ofs_x = 1, .ofs_y = -5},
    {.bitmap_index = 15174, .adv_w = 250, .box_w = 14, .box_h = 15, .ofs_x = 1, .ofs_y = -2},
    {.bitmap_index = 15279, .adv_w = 250, .box_w = 14, .box_h = 15, .ofs_x = 1, .ofs_y = -2},
    {.bitmap_index = 15384, .adv_w = 250, .box_w = 14, .box_h = 15, .ofs_x = 1, .ofs_y = -2},
    {.bitmap_index = 15489, .adv_w = 250, .box_w = 14, .box_h = 15, .ofs_x = 1, .ofs_y = -2},
    {.bitmap_index = 15594, .adv_w = 324, .box_w = 19, .box_h = 9, .ofs_x = 1, .ofs_y = 1},
    {.bitmap_index = 15680, .adv_w = 324, .box_w = 19, .box_h = 9, .ofs_x = 1, .ofs_y = 1},
    {.bitmap_index = 15766, .adv_w = 324, .box_w = 19, .box_h = 8, .ofs_x = 1, .ofs_y = 2},
    {.bitmap_index = 15842, .adv_w = 324, .box_w = 19, .box_h = 8, .ofs_x = 1, .ofs_y = 2},
    {.bitmap_index = 15918, .adv_w = 324, .box_w = 19, .box_h = 9, .ofs_x = 1, .ofs_y = 1},
    {.bitmap_index = 16004, .adv_w = 170, .box_w = 9, .box_h = 19, .ofs_x = 1, .ofs_y = -4},
    {.bitmap_index = 16090, .adv_w = 324, .box_w = 19, .box_h = 9, .ofs_x = 1, .ofs_y = 1},
    {.bitmap_index = 16176, .adv_w = 170, .box_w = 9, .box_h = 19, .ofs_x = 1, .ofs_y = -4},
    {.bitmap_index = 16262, .adv_w = 324, .box_w = 19, .box_h = 9, .ofs_x = 1, .ofs_y = 1},
    {.bitmap_index = 16348, .adv_w = 324, .box_w = 19, .box_h = 9, .ofs_x = 1, .ofs_y = 1},
    {.bitmap_index = 16434, .adv_w = 324, .box_w = 19, .box_h = 9, .ofs_x = 1, .ofs_y = 1},
    {.bitmap_index = 16520, .adv_w = 170, .box_w = 9, .box_h = 19, .ofs_x = 1, .ofs_y = -4},
    {.bitmap_index = 16606, .adv_w = 324, .box_w = 19, .box_h = 9, .ofs_x = 1, .ofs_y = 1},
    {.bitmap_index = 16692, .adv_w = 170, .box_w = 9, .box_h = 19, .ofs_x = 1, .ofs_y = -4},
    {.bitmap_index = 16778, .adv_w = 170, .box_w = 9, .box_h = 22, .ofs_x = 1, .ofs_y = -4},
    {.bitmap_index = 16877, .adv_w = 335, .box_w = 19, .box_h = 11, .ofs_x = 1, .ofs_y = 1},
    {.bitmap_index = 16982, .adv_w = 335, .box_w = 19, .box_h = 11, .ofs_x = 1, .ofs_y = 1},
    {.bitmap_index = 17087, .adv_w = 351, .box_w = 20, .box_h = 11, .ofs_x = 1, .ofs_y = 1},
    {.bitmap_index = 17197, .adv_w = 351, .box_w = 20, .box_h = 11, .ofs_x = 1, .ofs_y = 1},
    {.bitmap_index = 17307, .adv_w = 391, .box_w = 23, .box_h = 9, .ofs_x = 1, .ofs_y = 1},
    {.bitmap_index = 17411, .adv_w = 362, .box_w = 21, .box_h = 9, .ofs_x = 1, .ofs_y = 1},
    {.bitmap_index = 17506, .adv_w = 198, .box_w = 11, .box_h = 19, .ofs_x = 1, .ofs_y = -4},
    {.bitmap_index = 17611, .adv_w = 231, .box_w = 11, .box_h = 19, .ofs_x = 2, .ofs_y = -4},
    {.bitmap_index = 17716, .adv_w = 231, .box_w = 11, .box_h = 19, .ofs_x = 2, .ofs_y = -4},
    {.bitmap_index = 17821, .adv_w = 231, .box_w = 11, .box_h = 19, .ofs_x = 2, .ofs_y = -4},
    {.bitmap_index = 17926, .adv_w = 231, .box_w = 11, .box_h = 19, .ofs_x = 2, .ofs_y = -4},
    {.bitmap_index = 18031, .adv_w = 268, .box_w = 13, .box_h = 10, .ofs_x = 2, .ofs_y = -2},
    {.bitmap_index = 18096, .adv_w = 231, .box_w = 11, .box_h = 13, .ofs_x = 2, .ofs_y = -1},
    {.bitmap_index = 18168, .adv_w = 402, .box_w = 21, .box_h = 11, .ofs_x = 2, .ofs_y = 0},
    {.bitmap_index = 18284, .adv_w = 402, .box_w = 21, .box_h = 11, .ofs_x = 2, .ofs_y = 0},
    {.bitmap_index = 18400, .adv_w = 250, .box_w = 14, .box_h = 17, .ofs_x = 1, .ofs_y = -2},
    {.bitmap_index = 18519, .adv_w = 324, .box_w = 19, .box_h = 17, .ofs_x = 1, .ofs_y = -3},
    {.bitmap_index = 18681, .adv_w = 380, .box_w = 20, .box_h = 19, .ofs_x = 2, .ofs_y = -4},
    {.bitmap_index = 18871, .adv_w = 380, .box_w = 20, .box_h = 19, .ofs_x = 2, .ofs_y = -4},
    {.bitmap_index = 19061, .adv_w = 324, .box_w = 19, .box_h = 6, .ofs_x = 1, .ofs_y = 4},
    {.bitmap_index = 19118, .adv_w = 324, .box_w = 19, .box_h = 6, .ofs_x = 1, .ofs_y = 1},
    {.bitmap_index = 19175, .adv_w = 157, .box_w = 6, .box_h = 19, .ofs_x = 3, .ofs_y = -4},
    {.bitmap_index = 19232, .adv_w = 157, .box_w = 6, .box_h = 19, .ofs_x = 1, .ofs_y = -4},
    {.bitmap_index = 19289, .adv_w = 324, .box_w = 19, .box_h = 6, .ofs_x = 1, .ofs_y = 4},
    {.bitmap_index = 19346, .adv_w = 324, .box_w = 19, .box_h = 6, .ofs_x = 1, .ofs_y = 1},
    {.bitmap_index = 19403, .adv_w = 157, .box_w = 6, .box_h = 19, .ofs_x = 3, .ofs_y = -4},
    {.bitmap_index = 19460, .adv_w = 157, .box_w = 6, .box_h = 19, .ofs_x = 1, .ofs_y = -4},
    {.bitmap_index = 19517, .adv_w = 324, .box_w = 19, .box_h = 17, .ofs_x = 1, .ofs_y = -3},
    {.bitmap_index = 19679, .adv_w = 294, .box_w = 17, .box_h = 19, .ofs_x = 1, .ofs_y = -4},
    {.bitmap_index = 19841, .adv_w = 324, .box_w = 19, .box_h = 17, .ofs_x = 1, .ofs_y = -3},
    {.bitmap_index = 20003, .adv_w = 324, .box_w = 19, .box_h = 17, .ofs_x = 1, .ofs_y = -3},
    {.bitmap_index = 20165, .adv_w = 294, .box_w = 17, .box_h = 19, .ofs_x = 1, .ofs_y = -4},
    {.bitmap_index = 20327, .adv_w = 324, .box_w = 19, .box_h = 17, .ofs_x = 1, .ofs_y = -3},
    {.bitmap_index = 20489, .adv_w = 294, .box_w = 17, .box_h = 19, .ofs_x = 1, .ofs_y = -4},
    {.bitmap_index = 20651, .adv_w = 324, .box_w = 19, .box_h = 13, .ofs_x = 1, .ofs_y = -1},
    {.bitmap_index = 20775, .adv_w = 324, .box_w = 19, .box_h = 13, .ofs_x = 1, .ofs_y = -1},
    {.bitmap_index = 20899, .adv_w = 324, .box_w = 19, .box_h = 13, .ofs_x = 1, .ofs_y = -1},
    {.bitmap_index = 21023, .adv_w = 404, .box_w = 24, .box_h = 13, .ofs_x = 1, .ofs_y = -1},
    {.bitmap_index = 21179, .adv_w = 324, .box_w = 19, .box_h = 13, .ofs_x = 1, .ofs_y = -1},
    {.bitmap_index = 21303, .adv_w = 324, .box_w = 19, .box_h = 13, .ofs_x = 1, .ofs_y = -1},
    {.bitmap_index = 21427, .adv_w = 244, .box_w = 13, .box_h = 19, .ofs_x = 1, .ofs_y = -4},
    {.bitmap_index = 21551, .adv_w = 324, .box_w = 19, .box_h = 13, .ofs_x = 1, .ofs_y = -1},
    {.bitmap_index = 21675, .adv_w = 244, .box_w = 13, .box_h = 19, .ofs_x = 1, .ofs_y = -4},
    {.bitmap_index = 21799, .adv_w = 404, .box_w = 24, .box_h = 13, .ofs_x = 1, .ofs_y = -1},
    {.bitmap_index = 21955, .adv_w = 244, .box_w = 13, .box_h = 24, .ofs_x = 1, .ofs_y = -6},
    {.bitmap_index = 22111, .adv_w = 274, .box_w = 16, .box_h = 16, .ofs_x = 1, .ofs_y = -2},
    {.bitmap_index = 22239, .adv_w = 274, .box_w = 16, .box_h = 16, .ofs_x = 1, .ofs_y = -2},
    {.bitmap_index = 22367, .adv_w = 274, .box_w = 16, .box_h = 17, .ofs_x = 1, .ofs_y = -3},
    {.bitmap_index = 22503, .adv_w = 274, .box_w = 16, .box_h = 16, .ofs_x = 1, .ofs_y = -2},
    {.bitmap_index = 22631, .adv_w = 324, .box_w = 19, .box_h = 17, .ofs_x = 1, .ofs_y = -3},
    {.bitmap_index = 22793, .adv_w = 324, .box_w = 19, .box_h = 17, .ofs_x = 1, .ofs_y = -3},
    {.bitmap_index = 22955, .adv_w = 354, .box_w = 21, .box_h = 9, .ofs_x = 1, .ofs_y = 1},
    {.bitmap_index = 23050, .adv_w = 354, .box_w = 21, .box_h = 9, .ofs_x = 1, .ofs_y = 1},
    {.bitmap_index = 23145, .adv_w = 140, .box_w = 7, .box_h = 14, .ofs_x = 1, .ofs_y = 0},
    {.bitmap_index = 23194, .adv_w = 140, .box_w = 7, .box_h = 14, .ofs_x = 1, .ofs_y = 0},
    {.bitmap_index = 23243, .adv_w = 324, .box_w = 19, .box_h = 9, .ofs_x = 1, .ofs_y = 1},
    {.bitmap_index = 23329, .adv_w = 170, .box_w = 9, .box_h = 19, .ofs_x = 1, .ofs_y = -2},
    {.bitmap_index = 23415, .adv_w = 324, .box_w = 19, .box_h = 9, .ofs_x = 1, .ofs_y = 1},
    {.bitmap_index = 23501, .adv_w = 170, .box_w = 9, .box_h = 19, .ofs_x = 1, .ofs_y = -4},
    {.bitmap_index = 23587, .adv_w = 324, .box_w = 19, .box_h = 9, .ofs_x = 1, .ofs_y = 1},
    {.bitmap_index = 23673, .adv_w = 324, .box_w = 19, .box_h = 9, .ofs_x = 1, .ofs_y = 1},
    {.bitmap_index = 23759, .adv_w = 261, .box_w = 15, .box_h = 12, .ofs_x = 1, .ofs_y = 1},
    {.bitmap_index = 23849, .adv_w = 212, .box_w = 12, .box_h = 15, .ofs_x = 1, .ofs_y = -1},
    {.bitmap_index = 23939, .adv_w = 261, .box_w = 15, .box_h = 12, .ofs_x = 1, .ofs_y = 1},
    {.bitmap_index = 24029, .adv_w = 212, .box_w = 12, .box_h = 15, .ofs_x = 1, .ofs_y = -1},
    {.bitmap_index = 24119, .adv_w = 212, .box_w = 12, .box_h = 17, .ofs_x = 1, .ofs_y = -3},
    {.bitmap_index = 24221, .adv_w = 212, .box_w = 11, .box_h = 17, .ofs_x = 1, .ofs_y = -3},
    {.bitmap_index = 24315, .adv_w = 212, .box_w = 11, .box_h = 17, .ofs_x = 1, .ofs_y = -3},
    {.bitmap_index = 24409, .adv_w = 212, .box_w = 11, .box_h = 17, .ofs_x = 1, .ofs_y = -3},
    {.bitmap_index = 24503, .adv_w = 212, .box_w = 12, .box_h = 19, .ofs_x = 1, .ofs_y = -3},
    {.bitmap_index = 24617, .adv_w = 212, .box_w = 11, .box_h = 19, .ofs_x = 1, .ofs_y = -3},
    {.bitmap_index = 24722, .adv_w = 289, .box_w = 16, .box_h = 12, .ofs_x = 1, .ofs_y = 1},
    {.bitmap_index = 24818, .adv_w = 311, .box_w = 18, .box_h = 18, .ofs_x = 1, .ofs_y = -3},
    {.bitmap_index = 24980, .adv_w = 311, .box_w = 18, .box_h = 18, .ofs_x = 1, .ofs_y = -3},
    {.bitmap_index = 25142, .adv_w = 212, .box_w = 12, .box_h = 18, .ofs_x = 1, .ofs_y = -2},
    {.bitmap_index = 25250, .adv_w = 324, .box_w = 19, .box_h = 9, .ofs_x = 1, .ofs_y = 1},
    {.bitmap_index = 25336, .adv_w = 294, .box_w = 17, .box_h = 19, .ofs_x = 1, .ofs_y = -4},
    {.bitmap_index = 25498, .adv_w = 324, .box_w = 19, .box_h = 25, .ofs_x = 1, .ofs_y = -7},
    {.bitmap_index = 25736, .adv_w = 324, .box_w = 19, .box_h = 9, .ofs_x = 1, .ofs_y = 1},
    {.bitmap_index = 25822, .adv_w = 324, .box_w = 19, .box_h = 9, .ofs_x = 1, .ofs_y = 1},
    {.bitmap_index = 25908, .adv_w = 362, .box_w = 21, .box_h = 9, .ofs_x = 1, .ofs_y = 1},
    {.bitmap_index = 26003, .adv_w = 324, .box_w = 19, .box_h = 9, .ofs_x = 1, .ofs_y = 1},
    {.bitmap_index = 26089, .adv_w = 324, .box_w = 19, .box_h = 9, .ofs_x = 1, .ofs_y = 1},
    {.bitmap_index = 26175, .adv_w = 362, .box_w = 22, .box_h = 9, .ofs_x = 0, .ofs_y = 1},
    {.bitmap_index = 26274, .adv_w = 324, .box_w = 19, .box_h = 9, .ofs_x = 1, .ofs_y = 1},
    {.bitmap_index = 26360, .adv_w = 324, .box_w = 19, .box_h = 9, .ofs_x = 1, .ofs_y = 1},
    {.bitmap_index = 26446, .adv_w = 387, .box_w = 23, .box_h = 9, .ofs_x = 1, .ofs_y = 1},
    {.bitmap_index = 26550, .adv_w = 240, .box_w = 13, .box_h = 15, .ofs_x = 1, .ofs_y = 0},
    {.bitmap_index = 26648, .adv_w = 138, .box_w = 7, .box_h = 16, .ofs_x = 1, .ofs_y = -1},
    {.bitmap_index = 26704, .adv_w = 171, .box_w = 10, .box_h = 16, .ofs_x = 0, .ofs_y = -1},
    {.bitmap_index = 26784, .adv_w = 184, .box_w = 10, .box_h = 15, .ofs_x = 1, .ofs_y = 0},
    {.bitmap_index = 26859, .adv_w = 184, .box_w = 10, .box_h = 19, .ofs_x = 1, .ofs_y = -2},
    {.bitmap_index = 26954, .adv_w = 268, .box_w = 15, .box_h = 16, .ofs_x = 1, .ofs_y = -1},
    {.bitmap_index = 27074, .adv_w = 186, .box_w = 12, .box_h = 15, .ofs_x = 0, .ofs_y = 0},
    {.bitmap_index = 27164, .adv_w = 186, .box_w = 12, .box_h = 16, .ofs_x = 0, .ofs_y = -1},
    {.bitmap_index = 27260, .adv_w = 224, .box_w = 12, .box_h = 13, .ofs_x = 1, .ofs_y = -1},
    {.bitmap_index = 27338, .adv_w = 224, .box_w = 12, .box_h = 17, .ofs_x = 1, .ofs_y = -3},
    {.bitmap_index = 27440, .adv_w = 178, .box_w = 10, .box_h = 9, .ofs_x = 1, .ofs_y = 1},
    {.bitmap_index = 27485, .adv_w = 224, .box_w = 12, .box_h = 13, .ofs_x = 1, .ofs_y = -1},
    {.bitmap_index = 27563, .adv_w = 224, .box_w = 12, .box_h = 17, .ofs_x = 1, .ofs_y = -3},
    {.bitmap_index = 27665, .adv_w = 178, .box_w = 10, .box_h = 9, .ofs_x = 1, .ofs_y = 1},
    {.bitmap_index = 27710, .adv_w = 179, .box_w = 10, .box_h = 14, .ofs_x = 1, .ofs_y = 0},
    {.bitmap_index = 27780, .adv_w = 293, .box_w = 17, .box_h = 21, .ofs_x = 1, .ofs_y = -6},
    {.bitmap_index = 27959, .adv_w = 293, .box_w = 17, .box_h = 20, .ofs_x = 1, .ofs_y = -5},
    {.bitmap_index = 28129, .adv_w = 273, .box_w = 16, .box_h = 20, .ofs_x = 1, .ofs_y = -5},
    {.bitmap_index = 28289, .adv_w = 183, .box_w = 10, .box_h = 3, .ofs_x = 1, .ofs_y = 4},
    {.bitmap_index = 28304, .adv_w = 183, .box_w = 10, .box_h = 11, .ofs_x = 1, .ofs_y = 0},
    {.bitmap_index = 28359, .adv_w = 183, .box_w = 10, .box_h = 14, .ofs_x = 1, .ofs_y = 0},
    {.bitmap_index = 28429, .adv_w = 129, .box_w = 7, .box_h = 19, .ofs_x = 1, .ofs_y = -4},
    {.bitmap_index = 28496, .adv_w = 129, .box_w = 7, .box_h = 19, .ofs_x = 1, .ofs_y = -4},
    {.bitmap_index = 28563, .adv_w = 146, .box_w = 8, .box_h = 9, .ofs_x = 1, .ofs_y = 1},
    {.bitmap_index = 28599, .adv_w = 122, .box_w = 6, .box_h = 7, .ofs_x = 1, .ofs_y = 2},
    {.bitmap_index = 28620, .adv_w = 93, .box_w = 4, .box_h = 5, .ofs_x = 1, .ofs_y = 3},
    {.bitmap_index = 28630, .adv_w = 217, .box_w = 14, .box_h = 22, .ofs_x = 1, .ofs_y = 0},
    {.bitmap_index = 28784, .adv_w = 217, .box_w = 14, .box_h = 21, .ofs_x = 1, .ofs_y = 0},
    {.bitmap_index = 28931, .adv_w = 217, .box_w = 15, .box_h = 22, .ofs_x = 0, .ofs_y = 0},
    {.bitmap_index = 29096, .adv_w = 173, .box_w = 9, .box_h = 7, .ofs_x = 1, .ofs_y = 2},
    {.bitmap_index = 29128, .adv_w = 298, .box_w = 17, .box_h = 11, .ofs_x = 1, .ofs_y = -1},
    {.bitmap_index = 29222, .adv_w = 209, .box_w = 12, .box_h = 11, .ofs_x = 1, .ofs_y = 0},
    {.bitmap_index = 29288, .adv_w = 209, .box_w = 12, .box_h = 11, .ofs_x = 1, .ofs_y = 0},
    {.bitmap_index = 29354, .adv_w = 209, .box_w = 12, .box_h = 14, .ofs_x = 1, .ofs_y = -3},
    {.bitmap_index = 29438, .adv_w = 183, .box_w = 10, .box_h = 11, .ofs_x = 1, .ofs_y = 0},
    {.bitmap_index = 29493, .adv_w = 55, .box_w = 2, .box_h = 19, .ofs_x = 1, .ofs_y = -4},
    {.bitmap_index = 29512, .adv_w = 138, .box_w = 7, .box_h = 19, .ofs_x = 1, .ofs_y = -4},
    {.bitmap_index = 29579, .adv_w = 115, .box_w = 6, .box_h = 19, .ofs_x = 1, .ofs_y = -4},
    {.bitmap_index = 29636, .adv_w = 197, .box_w = 11, .box_h = 19, .ofs_x = 1, .ofs_y = -4},
    {.bitmap_index = 29741, .adv_w = 228, .box_w = 13, .box_h = 12, .ofs_x = 1, .ofs_y = 0},
    {.bitmap_index = 29819, .adv_w = 228, .box_w = 13, .box_h = 12, .ofs_x = 1, .ofs_y = 0},
    {.bitmap_index = 29897, .adv_w = 219, .box_w = 12, .box_h = 14, .ofs_x = 1, .ofs_y = 0},
    {.bitmap_index = 29981, .adv_w = 219, .box_w = 12, .box_h = 14, .ofs_x = 1, .ofs_y = 0},
    {.bitmap_index = 30065, .adv_w = 268, .box_w = 15, .box_h = 23, .ofs_x = 1, .ofs_y = -5},
    {.bitmap_index = 30238, .adv_w = 376, .box_w = 22, .box_h = 23, .ofs_x = 1, .ofs_y = -5},
    {.bitmap_index = 30491, .adv_w = 484, .box_w = 29, .box_h = 23, .ofs_x = 1, .ofs_y = -5},
    {.bitmap_index = 30825, .adv_w = 268, .box_w = 15, .box_h = 23, .ofs_x = 1, .ofs_y = -5},
    {.bitmap_index = 30998, .adv_w = 376, .box_w = 22, .box_h = 23, .ofs_x = 1, .ofs_y = -5},
    {.bitmap_index = 31251, .adv_w = 484, .box_w = 29, .box_h = 23, .ofs_x = 1, .ofs_y = -5},
    {.bitmap_index = 31585, .adv_w = 268, .box_w = 15, .box_h = 23, .ofs_x = 1, .ofs_y = -5},
    {.bitmap_index = 31758, .adv_w = 268, .box_w = 15, .box_h = 23, .ofs_x = 1, .ofs_y = -5},
    {.bitmap_index = 31931, .adv_w = 268, .box_w = 15, .box_h = 23, .ofs_x = 1, .ofs_y = -5},
    {.bitmap_index = 32104, .adv_w = 183, .box_w = 10, .box_h = 11, .ofs_x = 1, .ofs_y = 0},
    {.bitmap_index = 32159, .adv_w = 183, .box_w = 10, .box_h = 11, .ofs_x = 1, .ofs_y = 0},
    {.bitmap_index = 32214, .adv_w = 71, .box_w = 3, .box_h = 11, .ofs_x = 1, .ofs_y = 0},
    {.bitmap_index = 32231, .adv_w = 183, .box_w = 10, .box_h = 11, .ofs_x = 1, .ofs_y = 0},
    {.bitmap_index = 32286, .adv_w = 183, .box_w = 10, .box_h = 7, .ofs_x = 1, .ofs_y = 4},
    {.bitmap_index = 32321, .adv_w = 197, .box_w = 11, .box_h = 7, .ofs_x = 1, .ofs_y = 2},
    {.bitmap_index = 32360, .adv_w = 183, .box_w = 10, .box_h = 11, .ofs_x = 1, .ofs_y = 0},
    {.bitmap_index = 32415, .adv_w = 183, .box_w = 10, .box_h = 9, .ofs_x = 1, .ofs_y = 1},
    {.bitmap_index = 32460, .adv_w = 183, .box_w = 10, .box_h = 3, .ofs_x = 1, .ofs_y = 4},
    {.bitmap_index = 32475, .adv_w = 183, .box_w = 10, .box_h = 3, .ofs_x = 1, .ofs_y = 4},
    {.bitmap_index = 32490, .adv_w = 223, .box_w = 12, .box_h = 7, .ofs_x = 1, .ofs_y = 2},
    {.bitmap_index = 32532, .adv_w = 213, .box_w = 12, .box_h = 11, .ofs_x = 1, .ofs_y = 0},
    {.bitmap_index = 32598, .adv_w = 78, .box_w = 3, .box_h = 11, .ofs_x = 1, .ofs_y = 0},
    {.bitmap_index = 32615, .adv_w = 183, .box_w = 10, .box_h = 9, .ofs_x = 1, .ofs_y = 1},
    {.bitmap_index = 32660, .adv_w = 183, .box_w = 10, .box_h = 7, .ofs_x = 1, .ofs_y = 2},
    {.bitmap_index = 32695, .adv_w = 183, .box_w = 10, .box_h = 7, .ofs_x = 1, .ofs_y = 2},
    {.bitmap_index = 32730, .adv_w = 183, .box_w = 10, .box_h = 12, .ofs_x = 1, .ofs_y = -1},
    {.bitmap_index = 32790, .adv_w = 183, .box_w = 10, .box_h = 9, .ofs_x = 1, .ofs_y = 1},
    {.bitmap_index = 32835, .adv_w = 183, .box_w = 10, .box_h = 11, .ofs_x = 1, .ofs_y = -1},
    {.bitmap_index = 32890, .adv_w = 183, .box_w = 10, .box_h = 13, .ofs_x = 1, .ofs_y = -1},
    {.bitmap_index = 32955, .adv_w = 183, .box_w = 10, .box_h = 7, .ofs_x = 1, .ofs_y = 2},
    {.bitmap_index = 32990, .adv_w = 183, .box_w = 10, .box_h = 12, .ofs_x = 1, .ofs_y = -1},
    {.bitmap_index = 33050, .adv_w = 183, .box_w = 10, .box_h = 9, .ofs_x = 1, .ofs_y = 1},
    {.bitmap_index = 33095, .adv_w = 183, .box_w = 10, .box_h = 10, .ofs_x = 1, .ofs_y = 1},
    {.bitmap_index = 33145, .adv_w = 183, .box_w = 10, .box_h = 9, .ofs_x = 1, .ofs_y = 1},
    {.bitmap_index = 33190, .adv_w = 183, .box_w = 10, .box_h = 7, .ofs_x = 1, .ofs_y = 2},
    {.bitmap_index = 33225, .adv_w = 183, .box_w = 10, .box_h = 13, .ofs_x = 1, .ofs_y = -1},
    {.bitmap_index = 33290, .adv_w = 183, .box_w = 10, .box_h = 10, .ofs_x = 1, .ofs_y = 2},
    {.bitmap_index = 33340, .adv_w = 183, .box_w = 10, .box_h = 11, .ofs_x = 1, .ofs_y = 2},
    {.bitmap_index = 33395, .adv_w = 183, .box_w = 10, .box_h = 15, .ofs_x = 1, .ofs_y = -2},
    {.bitmap_index = 33470, .adv_w = 183, .box_w = 10, .box_h = 15, .ofs_x = 1, .ofs_y = -2},
    {.bitmap_index = 33545, .adv_w = 183, .box_w = 10, .box_h = 15, .ofs_x = 1, .ofs_y = -2},
    {.bitmap_index = 33620, .adv_w = 220, .box_w = 12, .box_h = 7, .ofs_x = 1, .ofs_y = 2},
    {.bitmap_index = 33662, .adv_w = 220, .box_w = 12, .box_h = 7, .ofs_x = 1, .ofs_y = 2},
    {.bitmap_index = 33704, .adv_w = 183, .box_w = 10, .box_h = 7, .ofs_x = 1, .ofs_y = 2},
    {.bitmap_index = 33739, .adv_w = 183, .box_w = 10, .box_h = 13, .ofs_x = 1, .ofs_y = 2},
    {.bitmap_index = 33804, .adv_w = 183, .box_w = 10, .box_h = 11, .ofs_x = 1, .ofs_y = 2},
    {.bitmap_index = 33859, .adv_w = 183, .box_w = 10, .box_h = 14, .ofs_x = 1, .ofs_y = 2},
    {.bitmap_index = 33929, .adv_w = 183, .box_w = 10, .box_h = 13, .ofs_x = 1, .ofs_y = 1},
    {.bitmap_index = 33994, .adv_w = 183, .box_w = 10, .box_h = 15, .ofs_x = 1, .ofs_y = 2},
    {.bitmap_index = 34069, .adv_w = 183, .box_w = 10, .box_h = 14, .ofs_x = 1, .ofs_y = 2},
    {.bitmap_index = 34139, .adv_w = 183, .box_w = 10, .box_h = 13, .ofs_x = 1, .ofs_y = 2},
    {.bitmap_index = 34204, .adv_w = 183, .box_w = 10, .box_h = 12, .ofs_x = 1, .ofs_y = 2},
    {.bitmap_index = 34264, .adv_w = 183, .box_w = 10, .box_h = 13, .ofs_x = 1, .ofs_y = 2},
    {.bitmap_index = 34329, .adv_w = 183, .box_w = 10, .box_h = 11, .ofs_x = 1, .ofs_y = 0},
    {.bitmap_index = 34384, .adv_w = 183, .box_w = 10, .box_h = 9, .ofs_x = 1, .ofs_y = 1},
    {.bitmap_index = 34429, .adv_w = 183, .box_w = 10, .box_h = 14, .ofs_x = 1, .ofs_y = -1},
    {.bitmap_index = 34499, .adv_w = 183, .box_w = 10, .box_h = 13, .ofs_x = 1, .ofs_y = -1},
    {.bitmap_index = 34564, .adv_w = 183, .box_w = 10, .box_h = 13, .ofs_x = 1, .ofs_y = -1},
    {.bitmap_index = 34629, .adv_w = 183, .box_w = 10, .box_h = 13, .ofs_x = 1, .ofs_y = -1},
    {.bitmap_index = 34694, .adv_w = 183, .box_w = 10, .box_h = 13, .ofs_x = 1, .ofs_y = -1},
    {.bitmap_index = 34759, .adv_w = 183, .box_w = 10, .box_h = 13, .ofs_x = 1, .ofs_y = -1},
    {.bitmap_index = 34824, .adv_w = 183, .box_w = 10, .box_h = 15, .ofs_x = 1, .ofs_y = -3},
    {.bitmap_index = 34899, .adv_w = 183, .box_w = 10, .box_h = 15, .ofs_x = 1, .ofs_y = -3},
    {.bitmap_index = 34974, .adv_w = 267, .box_w = 17, .box_h = 11, .ofs_x = 0, .ofs_y = 0},
    {.bitmap_index = 35068, .adv_w = 267, .box_w = 17, .box_h = 11, .ofs_x = 0, .ofs_y = 0},
    {.bitmap_index = 35162, .adv_w = 111, .box_w = 5, .box_h = 17, .ofs_x = 1, .ofs_y = -3},
    {.bitmap_index = 35205, .adv_w = 183, .box_w = 10, .box_h = 12, .ofs_x = 1, .ofs_y = -1},
    {.bitmap_index = 35265, .adv_w = 183, .box_w = 10, .box_h = 17, .ofs_x = 1, .ofs_y = -2},
    {.bitmap_index = 35350, .adv_w = 183, .box_w = 10, .box_h = 17, .ofs_x = 1, .ofs_y = -3},
    {.bitmap_index = 35435, .adv_w = 183, .box_w = 10, .box_h = 18, .ofs_x = 1, .ofs_y = -4},
    {.bitmap_index = 35525, .adv_w = 183, .box_w = 10, .box_h = 18, .ofs_x = 1, .ofs_y = -4},
    {.bitmap_index = 35615, .adv_w = 183, .box_w = 10, .box_h = 13, .ofs_x = 1, .ofs_y = -1},
    {.bitmap_index = 35680, .adv_w = 183, .box_w = 10, .box_h = 13, .ofs_x = 1, .ofs_y = -1},
    {.bitmap_index = 35745, .adv_w = 183, .box_w = 10, .box_h = 18, .ofs_x = 1, .ofs_y = -4},
    {.bitmap_index = 35835, .adv_w = 183, .box_w = 10, .box_h = 18, .ofs_x = 1, .ofs_y = -3},
    {.bitmap_index = 35925, .adv_w = 183, .box_w = 10, .box_h = 15, .ofs_x = 1, .ofs_y = -2},
    {.bitmap_index = 36000, .adv_w = 183, .box_w = 10, .box_h = 15, .ofs_x = 1, .ofs_y = -2},
    {.bitmap_index = 36075, .adv_w = 183, .box_w = 10, .box_h = 17, .ofs_x = 1, .ofs_y = -3},
    {.bitmap_index = 36160, .adv_w = 183, .box_w = 10, .box_h = 17, .ofs_x = 1, .ofs_y = -3},
    {.bitmap_index = 36245, .adv_w = 173, .box_w = 9, .box_h = 11, .ofs_x = 1, .ofs_y = 0},
    {.bitmap_index = 36295, .adv_w = 173, .box_w = 9, .box_h = 11, .ofs_x = 1, .ofs_y = 0},
    {.bitmap_index = 36345, .adv_w = 173, .box_w = 9, .box_h = 15, .ofs_x = 1, .ofs_y = -2},
    {.bitmap_index = 36413, .adv_w = 173, .box_w = 9, .box_h = 15, .ofs_x = 1, .ofs_y = -2},
    {.bitmap_index = 36481, .adv_w = 183, .box_w = 10, .box_h = 13, .ofs_x = 1, .ofs_y = -1},
    {.bitmap_index = 36546, .adv_w = 183, .box_w = 10, .box_h = 13, .ofs_x = 1, .ofs_y = -1},
    {.bitmap_index = 36611, .adv_w = 173, .box_w = 9, .box_h = 14, .ofs_x = 1, .ofs_y = -1},
    {.bitmap_index = 36674, .adv_w = 173, .box_w = 9, .box_h = 14, .ofs_x = 1, .ofs_y = -1},
    {.bitmap_index = 36737, .adv_w = 224, .box_w = 12, .box_h = 13, .ofs_x = 1, .ofs_y = -1},
    {.bitmap_index = 36815, .adv_w = 224, .box_w = 12, .box_h = 13, .ofs_x = 1, .ofs_y = -1},
    {.bitmap_index = 36893, .adv_w = 224, .box_w = 12, .box_h = 17, .ofs_x = 1, .ofs_y = -3},
    {.bitmap_index = 36995, .adv_w = 224, .box_w = 12, .box_h = 17, .ofs_x = 1, .ofs_y = -3},
    {.bitmap_index = 37097, .adv_w = 224, .box_w = 12, .box_h = 15, .ofs_x = 1, .ofs_y = -2},
    {.bitmap_index = 37187, .adv_w = 224, .box_w = 12, .box_h = 15, .ofs_x = 1, .ofs_y = -2},
    {.bitmap_index = 37277, .adv_w = 224, .box_w = 12, .box_h = 20, .ofs_x = 1, .ofs_y = -4},
    {.bitmap_index = 37397, .adv_w = 224, .box_w = 12, .box_h = 20, .ofs_x = 1, .ofs_y = -4},
    {.bitmap_index = 37517, .adv_w = 224, .box_w = 12, .box_h = 17, .ofs_x = 1, .ofs_y = -4},
    {.bitmap_index = 37619, .adv_w = 224, .box_w = 12, .box_h = 17, .ofs_x = 1, .ofs_y = -4},
    {.bitmap_index = 37721, .adv_w = 206, .box_w = 11, .box_h = 14, .ofs_x = 1, .ofs_y = 0},
    {.bitmap_index = 37798, .adv_w = 206, .box_w = 11, .box_h = 14, .ofs_x = 1, .ofs_y = 0},
    {.bitmap_index = 37875, .adv_w = 206, .box_w = 11, .box_h = 14, .ofs_x = 1, .ofs_y = 0},
    {.bitmap_index = 37952, .adv_w = 183, .box_w = 10, .box_h = 11, .ofs_x = 1, .ofs_y = 0},
    {.bitmap_index = 38007, .adv_w = 183, .box_w = 10, .box_h = 11, .ofs_x = 1, .ofs_y = 0},
    {.bitmap_index = 38062, .adv_w = 183, .box_w = 10, .box_h = 15, .ofs_x = 1, .ofs_y = -2},
    {.bitmap_index = 38137, .adv_w = 183, .box_w = 10, .box_h = 15, .ofs_x = 1, .ofs_y = -2},
    {.bitmap_index = 38212, .adv_w = 206, .box_w = 11, .box_h = 11, .ofs_x = 1, .ofs_y = 0},
    {.bitmap_index = 38273, .adv_w = 206, .box_w = 11, .box_h = 11, .ofs_x = 1, .ofs_y = 0},
    {.bitmap_index = 38334, .adv_w = 268, .box_w = 15, .box_h = 15, .ofs_x = 1, .ofs_y = -2},
    {.bitmap_index = 38447, .adv_w = 268, .box_w = 15, .box_h = 15, .ofs_x = 1, .ofs_y = -2},
    {.bitmap_index = 38560, .adv_w = 268, .box_w = 15, .box_h = 15, .ofs_x = 1, .ofs_y = -2},
    {.bitmap_index = 38673, .adv_w = 268, .box_w = 15, .box_h = 15, .ofs_x = 1, .ofs_y = -2},
    {.bitmap_index = 38786, .adv_w = 268, .box_w = 15, .box_h = 15, .ofs_x = 1, .ofs_y = -2},
    {.bitmap_index = 38899, .adv_w = 268, .box_w = 15, .box_h = 15, .ofs_x = 1, .ofs_y = -2},
    {.bitmap_index = 39012, .adv_w = 268, .box_w = 15, .box_h = 15, .ofs_x = 1, .ofs_y = -2},
    {.bitmap_index = 39125, .adv_w = 268, .box_w = 15, .box_h = 15, .ofs_x = 1, .ofs_y = -2},
    {.bitmap_index = 39238, .adv_w = 268, .box_w = 15, .box_h = 15, .ofs_x = 1, .ofs_y = -2},
    {.bitmap_index = 39351, .adv_w = 242, .box_w = 14, .box_h = 15, .ofs_x = 1, .ofs_y = -2},
    {.bitmap_index = 39456, .adv_w = 242, .box_w = 14, .box_h = 15, .ofs_x = 1, .ofs_y = -2},
    {.bitmap_index = 39561, .adv_w = 242, .box_w = 14, .box_h = 15, .ofs_x = 1, .ofs_y = -2},
    {.bitmap_index = 39666, .adv_w = 242, .box_w = 14, .box_h = 15, .ofs_x = 1, .ofs_y = -2},
    {.bitmap_index = 39771, .adv_w = 242, .box_w = 14, .box_h = 14, .ofs_x = 1, .ofs_y = 0},
    {.bitmap_index = 39869, .adv_w = 242, .box_w = 14, .box_h = 14, .ofs_x = 1, .ofs_y = 0},
    {.bitmap_index = 39967, .adv_w = 242, .box_w = 14, .box_h = 14, .ofs_x = 1, .ofs_y = 0},
    {.bitmap_index = 40065, .adv_w = 242, .box_w = 14, .box_h = 14, .ofs_x = 1, .ofs_y = 0},
    {.bitmap_index = 40163, .adv_w = 149, .box_w = 8, .box_h = 14, .ofs_x = 1, .ofs_y = 0},
    {.bitmap_index = 40219, .adv_w = 150, .box_w = 8, .box_h = 15, .ofs_x = 1, .ofs_y = -2},
    {.bitmap_index = 40279, .adv_w = 242, .box_w = 14, .box_h = 14, .ofs_x = 1, .ofs_y = 0},
    {.bitmap_index = 40377, .adv_w = 268, .box_w = 15, .box_h = 14, .ofs_x = 1, .ofs_y = 0},
    {.bitmap_index = 40482, .adv_w = 270, .box_w = 15, .box_h = 14, .ofs_x = 1, .ofs_y = 0},
    {.bitmap_index = 40587, .adv_w = 268, .box_w = 15, .box_h = 14, .ofs_x = 1, .ofs_y = 0},
    {.bitmap_index = 40692, .adv_w = 242, .box_w = 14, .box_h = 15, .ofs_x = 1, .ofs_y = -1},
    {.bitmap_index = 40797, .adv_w = 242, .box_w = 14, .box_h = 15, .ofs_x = 1, .ofs_y = -1},
    {.bitmap_index = 40902, .adv_w = 268, .box_w = 15, .box_h = 15, .ofs_x = 1, .ofs_y = -1},
    {.bitmap_index = 41015, .adv_w = 268, .box_w = 15, .box_h = 15, .ofs_x = 1, .ofs_y = -1},
    {.bitmap_index = 41128, .adv_w = 181, .box_w = 10, .box_h = 13, .ofs_x = 1, .ofs_y = -1},
    {.bitmap_index = 41193, .adv_w = 181, .box_w = 10, .box_h = 13, .ofs_x = 1, .ofs_y = -1},
    {.bitmap_index = 41258, .adv_w = 183, .box_w = 10, .box_h = 9, .ofs_x = 1, .ofs_y = 1},
    {.bitmap_index = 41303, .adv_w = 183, .box_w = 10, .box_h = 9, .ofs_x = 1, .ofs_y = 1},
    {.bitmap_index = 41348, .adv_w = 183, .box_w = 10, .box_h = 11, .ofs_x = 1, .ofs_y = 0},
    {.bitmap_index = 41403, .adv_w = 183, .box_w = 10, .box_h = 11, .ofs_x = 1, .ofs_y = 0},
    {.bitmap_index = 41458, .adv_w = 292, .box_w = 17, .box_h = 7, .ofs_x = 1, .ofs_y = 2},
    {.bitmap_index = 41518, .adv_w = 292, .box_w = 17, .box_h = 7, .ofs_x = 1, .ofs_y = 2},
    {.bitmap_index = 41578, .adv_w = 255, .box_w = 14, .box_h = 7, .ofs_x = 1, .ofs_y = 2},
    {.bitmap_index = 41627, .adv_w = 183, .box_w = 10, .box_h = 11, .ofs_x = 1, .ofs_y = 0},
    {.bitmap_index = 41682, .adv_w = 178, .box_w = 10, .box_h = 14, .ofs_x = 1, .ofs_y = 0},
    {.bitmap_index = 41752, .adv_w = 183, .box_w = 10, .box_h = 12, .ofs_x = 1, .ofs_y = 0},
    {.bitmap_index = 41812, .adv_w = 183, .box_w = 10, .box_h = 13, .ofs_x = 1, .ofs_y = -1},
    {.bitmap_index = 41877, .adv_w = 183, .box_w = 10, .box_h = 13, .ofs_x = 1, .ofs_y = -1},
    {.bitmap_index = 41942, .adv_w = 209, .box_w = 12, .box_h = 11, .ofs_x = 1, .ofs_y = 0},
    {.bitmap_index = 42008, .adv_w = 225, .box_w = 13, .box_h = 13, .ofs_x = 1, .ofs_y = 0},
    {.bitmap_index = 42093, .adv_w = 294, .box_w = 17, .box_h = 20, .ofs_x = 1, .ofs_y = -5},
    {.bitmap_index = 42263, .adv_w = 294, .box_w = 17, .box_h = 20, .ofs_x = 1, .ofs_y = -5},
    {.bitmap_index = 42433, .adv_w = 246, .box_w = 14, .box_h = 20, .ofs_x = 1, .ofs_y = -5},
    {.bitmap_index = 42573, .adv_w = 246, .box_w = 14, .box_h = 20, .ofs_x = 1, .ofs_y = -5},
    {.bitmap_index = 42713, .adv_w = 188, .box_w = 10, .box_h = 11, .ofs_x = 1, .ofs_y = 0},
    {.bitmap_index = 42768, .adv_w = 71, .box_w = 3, .box_h = 3, .ofs_x = 1, .ofs_y = 4},
    {.bitmap_index = 42773, .adv_w = 152, .box_w = 8, .box_h = 8, .ofs_x = 1, .ofs_y = 2},
    {.bitmap_index = 42805, .adv_w = 183, .box_w = 10, .box_h = 11, .ofs_x = 1, .ofs_y = 0},
    {.bitmap_index = 42860, .adv_w = 235, .box_w = 13, .box_h = 14, .ofs_x = 1, .ofs_y = -1},
    {.bitmap_index = 42951, .adv_w = 235, .box_w = 13, .box_h = 14, .ofs_x = 1, .ofs_y = -1},
    {.bitmap_index = 43042, .adv_w = 235, .box_w = 14, .box_h = 14, .ofs_x = 0, .ofs_y = -1},
    {.bitmap_index = 43140, .adv_w = 236, .box_w = 13, .box_h = 13, .ofs_x = 1, .ofs_y = -1},
    {.bitmap_index = 43225, .adv_w = 236, .box_w = 13, .box_h = 13, .ofs_x = 1, .ofs_y = -1},
    {.bitmap_index = 43310, .adv_w = 183, .box_w = 10, .box_h = 7, .ofs_x = 1, .ofs_y = 2},
    {.bitmap_index = 43345, .adv_w = 234, .box_w = 13, .box_h = 12, .ofs_x = 1, .ofs_y = 0},
    {.bitmap_index = 43423, .adv_w = 234, .box_w = 13, .box_h = 12, .ofs_x = 1, .ofs_y = 0},
    {.bitmap_index = 43501, .adv_w = 224, .box_w = 12, .box_h = 13, .ofs_x = 1, .ofs_y = -1},
    {.bitmap_index = 43579, .adv_w = 224, .box_w = 12, .box_h = 13, .ofs_x = 1, .ofs_y = -1},
    {.bitmap_index = 43657, .adv_w = 219, .box_w = 12, .box_h = 13, .ofs_x = 1, .ofs_y = -1},
    {.bitmap_index = 43735, .adv_w = 219, .box_w = 12, .box_h = 13, .ofs_x = 1, .ofs_y = -1},
    {.bitmap_index = 43813, .adv_w = 218, .box_w = 12, .box_h = 15, .ofs_x = 1, .ofs_y = -2},
    {.bitmap_index = 43903, .adv_w = 183, .box_w = 11, .box_h = 19, .ofs_x = 0, .ofs_y = -4},
    {.bitmap_index = 44008, .adv_w = 170, .box_w = 9, .box_h = 11, .ofs_x = 1, .ofs_y = 0},
    {.bitmap_index = 44058, .adv_w = 170, .box_w = 9, .box_h = 11, .ofs_x = 1, .ofs_y = 0},
    {.bitmap_index = 44108, .adv_w = 368, .box_w = 21, .box_h = 11, .ofs_x = 1, .ofs_y = 0},
    {.bitmap_index = 44224, .adv_w = 368, .box_w = 21, .box_h = 11, .ofs_x = 1, .ofs_y = 0},
    {.bitmap_index = 44340, .adv_w = 183, .box_w = 10, .box_h = 19, .ofs_x = 1, .ofs_y = -4},
    {.bitmap_index = 44435, .adv_w = 183, .box_w = 10, .box_h = 19, .ofs_x = 1, .ofs_y = -4},
    {.bitmap_index = 44530, .adv_w = 183, .box_w = 10, .box_h = 13, .ofs_x = 1, .ofs_y = -1},
    {.bitmap_index = 44595, .adv_w = 183, .box_w = 10, .box_h = 13, .ofs_x = 1, .ofs_y = -1},
    {.bitmap_index = 44660, .adv_w = 173, .box_w = 9, .box_h = 15, .ofs_x = 1, .ofs_y = -2},
    {.bitmap_index = 44728, .adv_w = 173, .box_w = 9, .box_h = 15, .ofs_x = 1, .ofs_y = -2},
    {.bitmap_index = 44796, .adv_w = 173, .box_w = 9, .box_h = 17, .ofs_x = 1, .ofs_y = -2},
    {.bitmap_index = 44873, .adv_w = 173, .box_w = 9, .box_h = 17, .ofs_x = 1, .ofs_y = -2},
    {.bitmap_index = 44950, .adv_w = 183, .box_w = 10, .box_h = 20, .ofs_x = 1, .ofs_y = -4},
    {.bitmap_index = 45050, .adv_w = 183, .box_w = 10, .box_h = 20, .ofs_x = 1, .ofs_y = -4},
    {.bitmap_index = 45150, .adv_w = 183, .box_w = 10, .box_h = 17, .ofs_x = 1, .ofs_y = -4},
    {.bitmap_index = 45235, .adv_w = 183, .box_w = 10, .box_h = 17, .ofs_x = 1, .ofs_y = -4},
    {.bitmap_index = 45320, .adv_w = 183, .box_w = 10, .box_h = 13, .ofs_x = 1, .ofs_y = -2},
    {.bitmap_index = 45385, .adv_w = 183, .box_w = 10, .box_h = 14, .ofs_x = 1, .ofs_y = -2},
    {.bitmap_index = 45455, .adv_w = 183, .box_w = 10, .box_h = 15, .ofs_x = 1, .ofs_y = -2},
    {.bitmap_index = 45530, .adv_w = 183, .box_w = 10, .box_h = 14, .ofs_x = 1, .ofs_y = -2},
    {.bitmap_index = 45600, .adv_w = 183, .box_w = 10, .box_h = 14, .ofs_x = 1, .ofs_y = -1},
    {.bitmap_index = 45670, .adv_w = 183, .box_w = 10, .box_h = 13, .ofs_x = 1, .ofs_y = -1},
    {.bitmap_index = 45735, .adv_w = 183, .box_w = 10, .box_h = 17, .ofs_x = 1, .ofs_y = -3},
    {.bitmap_index = 45820, .adv_w = 183, .box_w = 10, .box_h = 17, .ofs_x = 1, .ofs_y = -3},
    {.bitmap_index = 45905, .adv_w = 71, .box_w = 3, .box_h = 15, .ofs_x = 1, .ofs_y = -2},
    {.bitmap_index = 45928, .adv_w = 266, .box_w = 15, .box_h = 3, .ofs_x = 1, .ofs_y = 4},
    {.bitmap_index = 45951, .adv_w = 268, .box_w = 15, .box_h = 15, .ofs_x = 1, .ofs_y = -2},
    {.bitmap_index = 46064, .adv_w = 268, .box_w = 15, .box_h = 15, .ofs_x = 1, .ofs_y = -2},
    {.bitmap_index = 46177, .adv_w = 261, .box_w = 15, .box_h = 13, .ofs_x = 1, .ofs_y = -1},
    {.bitmap_index = 46275, .adv_w = 224, .box_w = 12, .box_h = 13, .ofs_x = 1, .ofs_y = -1},
    {.bitmap_index = 46353, .adv_w = 178, .box_w = 10, .box_h = 9, .ofs_x = 1, .ofs_y = 1},
    {.bitmap_index = 46398, .adv_w = 224, .box_w = 12, .box_h = 16, .ofs_x = 1, .ofs_y = -1},
    {.bitmap_index = 46494, .adv_w = 224, .box_w = 12, .box_h = 16, .ofs_x = 1, .ofs_y = -1},
    {.bitmap_index = 46590, .adv_w = 178, .box_w = 10, .box_h = 12, .ofs_x = 1, .ofs_y = 1},
    {.bitmap_index = 46650, .adv_w = 224, .box_w = 12, .box_h = 16, .ofs_x = 1, .ofs_y = -4},
    {.bitmap_index = 46746, .adv_w = 224, .box_w = 12, .box_h = 13, .ofs_x = 1, .ofs_y = -1},
    {.bitmap_index = 46824, .adv_w = 261, .box_w = 15, .box_h = 13, .ofs_x = 1, .ofs_y = -1},
    {.bitmap_index = 46922, .adv_w = 224, .box_w = 12, .box_h = 13, .ofs_x = 1, .ofs_y = -1},
    {.bitmap_index = 47000, .adv_w = 178, .box_w = 10, .box_h = 9, .ofs_x = 1, .ofs_y = 1},
    {.bitmap_index = 47045, .adv_w = 224, .box_w = 12, .box_h = 16, .ofs_x = 1, .ofs_y = -1},
    {.bitmap_index = 47141, .adv_w = 178, .box_w = 10, .box_h = 12, .ofs_x = 1, .ofs_y = 1},
    {.bitmap_index = 47201, .adv_w = 220, .box_w = 12, .box_h = 13, .ofs_x = 1, .ofs_y = -1},
    {.bitmap_index = 47279, .adv_w = 183, .box_w = 10, .box_h = 10, .ofs_x = 1, .ofs_y = 2},
    {.bitmap_index = 47329, .adv_w = 229, .box_w = 13, .box_h = 15, .ofs_x = 1, .ofs_y = 0},
    {.bitmap_index = 47427, .adv_w = 179, .box_w = 10, .box_h = 11, .ofs_x = 1, .ofs_y = 0},
    {.bitmap_index = 47482, .adv_w = 179, .box_w = 10, .box_h = 14, .ofs_x = 1, .ofs_y = 0},
    {.bitmap_index = 47552, .adv_w = 137, .box_w = 7, .box_h = 20, .ofs_x = 1, .ofs_y = -4},
    {.bitmap_index = 47622, .adv_w = 137, .box_w = 7, .box_h = 20, .ofs_x = 0, .ofs_y = -4},
    {.bitmap_index = 47692, .adv_w = 137, .box_w = 7, .box_h = 20, .ofs_x = 1, .ofs_y = -4},
    {.bitmap_index = 47762, .adv_w = 137, .box_w = 7, .box_h = 20, .ofs_x = 0, .ofs_y = -4},
    {.bitmap_index = 47832, .adv_w = 256, .box_w = 14, .box_h = 19, .ofs_x = 1, .ofs_y = -3},
    {.bitmap_index = 47965, .adv_w = 232, .box_w = 13, .box_h = 17, .ofs_x = 1, .ofs_y = 0},
    {.bitmap_index = 48076, .adv_w = 292, .box_w = 17, .box_h = 18, .ofs_x = 1, .ofs_y = -4},
    {.bitmap_index = 48229, .adv_w = 333, .box_w = 19, .box_h = 11, .ofs_x = 1, .ofs_y = 2},
    {.bitmap_index = 48334, .adv_w = 257, .box_w = 15, .box_h = 14, .ofs_x = 0, .ofs_y = -1},
    {.bitmap_index = 48439, .adv_w = 293, .box_w = 17, .box_h = 16, .ofs_x = 1, .ofs_y = -1},
    {.bitmap_index = 48575, .adv_w = 307, .box_w = 18, .box_h = 18, .ofs_x = 1, .ofs_y = -1},
    {.bitmap_index = 48737, .adv_w = 331, .box_w = 19, .box_h = 19, .ofs_x = 1, .ofs_y = -1},
    {.bitmap_index = 48918, .adv_w = 285, .box_w = 16, .box_h = 13, .ofs_x = 1, .ofs_y = 0},
    {.bitmap_index = 49022, .adv_w = 263, .box_w = 15, .box_h = 15, .ofs_x = 1, .ofs_y = 0},
    {.bitmap_index = 49135, .adv_w = 263, .box_w = 15, .box_h = 15, .ofs_x = 1, .ofs_y = 0},
    {.bitmap_index = 49248, .adv_w = 263, .box_w = 15, .box_h = 15, .ofs_x = 1, .ofs_y = 0},
    {.bitmap_index = 49361, .adv_w = 255, .box_w = 14, .box_h = 14, .ofs_x = 1, .ofs_y = 0},
    {.bitmap_index = 49459, .adv_w = 255, .box_w = 14, .box_h = 14, .ofs_x = 1, .ofs_y = 0},
    {.bitmap_index = 49557, .adv_w = 237, .box_w = 13, .box_h = 16, .ofs_x = 1, .ofs_y = -1},
    {.bitmap_index = 49661, .adv_w = 237, .box_w = 13, .box_h = 15, .ofs_x = 1, .ofs_y = 0},
    {.bitmap_index = 49759, .adv_w = 144, .box_w = 8, .box_h = 13, .ofs_x = 0, .ofs_y = 0},
    {.bitmap_index = 49811, .adv_w = 205, .box_w = 12, .box_h = 15, .ofs_x = 0, .ofs_y = -1},
    {.bitmap_index = 49901, .adv_w = 296, .box_w = 17, .box_h = 15, .ofs_x = 1, .ofs_y = 0},
    {.bitmap_index = 50029, .adv_w = 374, .box_w = 20, .box_h = 14, .ofs_x = 2, .ofs_y = -1},
    {.bitmap_index = 50169, .adv_w = 265, .box_w = 15, .box_h = 16, .ofs_x = 1, .ofs_y = -1},
    {.bitmap_index = 50289, .adv_w = 298, .box_w = 17, .box_h = 16, .ofs_x = 1, .ofs_y = -2},
    {.bitmap_index = 50425, .adv_w = 276, .box_w = 16, .box_h = 16, .ofs_x = 1, .ofs_y = -2},
    {.bitmap_index = 50553, .adv_w = 271, .box_w = 15, .box_h = 16, .ofs_x = 1, .ofs_y = -3},
    {.bitmap_index = 50673, .adv_w = 212, .box_w = 12, .box_h = 16, .ofs_x = 1, .ofs_y = -3},
    {.bitmap_index = 50769, .adv_w = 245, .box_w = 14, .box_h = 17, .ofs_x = 1, .ofs_y = -3},
    {.bitmap_index = 50888, .adv_w = 316, .box_w = 18, .box_h = 14, .ofs_x = 1, .ofs_y = -2},
    {.bitmap_index = 51014, .adv_w = 131, .box_w = 7, .box_h = 20, .ofs_x = 1, .ofs_y = -4},
    {.bitmap_index = 51084, .adv_w = 131, .box_w = 7, .box_h = 20, .ofs_x = 0, .ofs_y = -4}
};

/*---------------------
 *  CHARACTER MAPPING
 *--------------------*/

static const uint16_t unicode_list_5[] = {
    0x0, 0x1, 0x6
};

static const uint16_t unicode_list_8[] = {
    0x0, 0x3, 0x4, 0x6, 0x7, 0x8, 0x9, 0x18,
    0x19, 0x2fe, 0x2ff, 0x300, 0x301, 0x303, 0x304, 0x30c,
    0x30e, 0x30f, 0x310, 0x337, 0x338, 0x35f, 0x363, 0x368,
    0x369, 0x39e, 0x407, 0x411, 0x412, 0x413, 0x414, 0x415,
    0x416, 0x462, 0x4e6, 0x4e7
};

/*Collect the unicode lists and glyph_id offsets*/
static const lv_font_fmt_txt_cmap_t cmaps[] =
{
    {
        .range_start = 8304, .range_length = 2, .glyph_id_start = 1,
        .unicode_list = NULL, .glyph_id_ofs_list = NULL, .list_length = 0, .type = LV_FONT_FMT_TXT_CMAP_FORMAT0_TINY
    },
    {
        .range_start = 8308, .range_length = 27, .glyph_id_start = 3,
        .unicode_list = NULL, .glyph_id_ofs_list = NULL, .list_length = 0, .type = LV_FONT_FMT_TXT_CMAP_FORMAT0_TINY
    },
    {
        .range_start = 8336, .range_length = 13, .glyph_id_start = 30,
        .unicode_list = NULL, .glyph_id_ofs_list = NULL, .list_length = 0, .type = LV_FONT_FMT_TXT_CMAP_FORMAT0_TINY
    },
    {
        .range_start = 8352, .range_length = 33, .glyph_id_start = 43,
        .unicode_list = NULL, .glyph_id_ofs_list = NULL, .list_length = 0, .type = LV_FONT_FMT_TXT_CMAP_FORMAT0_TINY
    },
    {
        .range_start = 8448, .range_length = 96, .glyph_id_start = 76,
        .unicode_list = NULL, .glyph_id_ofs_list = NULL, .list_length = 0, .type = LV_FONT_FMT_TXT_CMAP_FORMAT0_TINY
    },
    {
        .range_start = 8579, .range_length = 7, .glyph_id_start = 172,
        .unicode_list = unicode_list_5, .glyph_id_ofs_list = NULL, .list_length = 3, .type = LV_FONT_FMT_TXT_CMAP_SPARSE_TINY
    },
    {
        .range_start = 8592, .range_length = 113, .glyph_id_start = 175,
        .unicode_list = NULL, .glyph_id_ofs_list = NULL, .list_length = 0, .type = LV_FONT_FMT_TXT_CMAP_FORMAT0_TINY
    },
    {
        .range_start = 8705, .range_length = 256, .glyph_id_start = 288,
        .unicode_list = NULL, .glyph_id_ofs_list = NULL, .list_length = 0, .type = LV_FONT_FMT_TXT_CMAP_FORMAT0_TINY
    },
    {
        .range_start = 8962, .range_length = 1256, .glyph_id_start = 544,
        .unicode_list = unicode_list_8, .glyph_id_ofs_list = NULL, .list_length = 36, .type = LV_FONT_FMT_TXT_CMAP_SPARSE_TINY
    }
};



/*--------------------
 *  ALL CUSTOM DATA
 *--------------------*/

#if LV_VERSION_CHECK(8, 0, 0)
/*Store all the custom data of the font*/
static  lv_font_fmt_txt_glyph_cache_t cache;
static const lv_font_fmt_txt_dsc_t font_dsc = {
#else
static lv_font_fmt_txt_dsc_t font_dsc = {
#endif
    .glyph_bitmap = glyph_bitmap,
    .glyph_dsc = glyph_dsc,
    .cmaps = cmaps,
    .kern_dsc = NULL,
    .kern_scale = 0,
    .cmap_num = 9,
    .bpp = 4,
    .kern_classes = 0,
    .bitmap_format = 0,
#if LV_VERSION_CHECK(8, 0, 0)
    .cache = &cache
#endif
};


/*-----------------
 *  PUBLIC FONT
 *----------------*/

/*Initialize a public general font descriptor*/
#if LV_VERSION_CHECK(8, 0, 0)
const lv_font_t buddy_math_20 = {
#else
lv_font_t buddy_math_20 = {
#endif
    .get_glyph_dsc = lv_font_get_glyph_dsc_fmt_txt,    /*Function pointer to get glyph's data*/
    .get_glyph_bitmap = lv_font_get_bitmap_fmt_txt,    /*Function pointer to get glyph's bitmap*/
    .line_height = 30,          /*The maximum line height required by the font*/
    .base_line = 8,             /*Baseline measured from the bottom of the line*/
#if !(LVGL_VERSION_MAJOR == 6 && LVGL_VERSION_MINOR == 0)
    .subpx = LV_FONT_SUBPX_NONE,
#endif
#if LV_VERSION_CHECK(7, 4, 0) || LVGL_VERSION_MAJOR >= 8
    .underline_position = -2,
    .underline_thickness = 1,
#endif
    .dsc = &font_dsc           /*The custom font data. Will be accessed by `get_glyph_bitmap/dsc` */
};



#endif /*#if BUDDY_MATH_20*/

