/*
 * ola - watchface wave artwork: the blue theme's from __documents and images/wave.png, the white
 * theme's from wave-white.png (both 410 x 130 px, RGBA). Only their visible band is kept (source rows
 * 26..92). Generated; to change a wave, replace its PNG and regenerate (RGB565 colour + 8-bit alpha
 * per pixel, rows top to bottom).
 */
#include <stdint.h>
#include "ui_priv.h"

const uint16_t g_wave_img_w = 410;
const uint16_t g_wave_img_h = 67;
/* the line's lowest point (under the mic), in band rows */
const uint16_t g_wave_img_low_y = 58;

const uint16_t g_wave_img_rgb565[27470] = {
    0x0000, 0x0000, 0x0000, 0x0000, 0x0000, 0x0000, 0x0000, 0x0000, 0x0000, 0x0000, 0x0000, 0x0000, 0x0000, 0x0000, 0x0000, 0x0000,
    0x0000, 0x0000, 0x0000, 0x0000, 0x0003, 0x0016, 0x001F, 0x001F, 0x001F, 0x001F, 0x001F, 0x001F, 0x001F, 0x001F, 0x001F, 0x001F,
    0x001F, 0x001F, 0x001F, 0x001F, 0x001F, 0x001F, 0x001F, 0x001F, 0x001F, 0x001F, 0x001F, 0x001F, 0x001F, 0x001F, 0x001F, 0x001F,
    0x001F, 0x001F, 0x001F, 0x001F, 0x001F, 0x001F, 0x001F, 0x001F, 0x001F, 0x001F, 0x001F, 0x001F, 0x001F, 0x001F, 0x001B, 0x0016,
    0x000A, 0x0005, 0x0000, 0x0000, 0x0000, 0x0000, 0x0000, 0x0000, 0x0000, 0x0005, 0x0012, 0x001F, 0x001F, 0x001F, 0x001F, 0x001F,
    0x001F, 0x001F, 0x001F, 0x001F, 0x001F, 0x001F, 0x001F, 0x001F, 0x001F, 0x001F, 0x001F, 0x001F, 0x001F, 0x001F, 0x001F, 0x001F,
    0x001F, 0x001F, 0x001F, 0x001F, 0x001F, 0x001F, 0x001F, 0x003F, 0x00BD, 0x015A, 0x01D8, 0x02B4, 0x0332, 0x0313, 0x0391, 0x0371,
    0x0313, 0x02D4, 0x0352, 0x0371, 0x0352, 0x0392, 0x0B73, 0x0353, 0x0333, 0x0372, 0x0372, 0x0391, 0x0371, 0x0313, 0x02B4, 0x0256,
    0x02D4, 0x0295, 0x01F8, 0x0199, 0x01F7, 0x0295, 0x0332, 0x02B4, 0x0276, 0x0295, 0x01D8, 0x011B, 0x00DC, 0x00FC, 0x00DC, 0x00DC,
    0x009D, 0x007E, 0x007E, 0x00DC, 0x009D, 0x001F, 0x001F, 0x001F, 0x001F, 0x001F, 0x001F, 0x001F, 0x001F, 0x001F, 0x001F, 0x001F,
    0x001F, 0x001F, 0x001D, 0x001E, 0x001F, 0x000D, 0x0012, 0x001E, 0x001F, 0x001F, 0x001F, 0x001F, 0x001F, 0x001F, 0x001F, 0x001F,
    0x001F, 0x001F, 0x001F, 0x001F, 0x001F, 0x001F, 0x001F, 0x001F, 0x001F, 0x0003, 0x0017, 0x001F, 0x001F, 0x001F, 0x001F, 0x001F,
    0x001F, 0x001F, 0x001F, 0x001F, 0x001F, 0x001F, 0x001F, 0x001F, 0x001F, 0x001F, 0x001F, 0x001F, 0x001F, 0x001F, 0x001F, 0x001F,
    0x0012, 0x0000, 0x0000, 0x0000, 0x0000, 0x0000, 0x0000, 0x0000, 0x0000, 0x0000, 0x0000, 0x0000, 0x0000, 0x0000, 0x0000, 0x0000,
    0x0000, 0x0000, 0x0000, 0x0000, 0x0000, 0x0000, 0x0000, 0x0000, 0x0000, 0x0000, 0x0000, 0x0000, 0x0000, 0x0000, 0x0000, 0x0000,
    0x0000, 0x0000, 0x0000, 0x0000, 0x0000, 0x0000, 0x0000, 0x0000, 0x0000, 0x0000, 0x0000, 0x0000, 0x0000, 0x0000, 0x0000, 0x0000,
    0x0000, 0x0000, 0x0000, 0x0000, 0x0000, 0x0000, 0x0000, 0x0000, 0x0000, 0x0000, 0x0000, 0x0000, 0x0000, 0x0000, 0x0000, 0x0000,
    0x0000, 0x0000, 0x0000, 0x0000, 0x0000, 0x0000, 0x0000, 0x0000, 0x0000, 0x0000, 0x0000, 0x0000, 0x0000, 0x0000, 0x0000, 0x0000,
    0x0000, 0x0000, 0x0000, 0x0000, 0x0000, 0x0000, 0x0000, 0x0000, 0x0000, 0x0000, 0x0000, 0x0000, 0x0000, 0x0000, 0x0000, 0x0000,
    0x0000, 0x0000, 0x0000, 0x0000, 0x0000, 0x0000, 0x0000, 0x0000, 0x0000, 0x0000, 0x0000, 0x0000, 0x0000, 0x0000, 0x0000, 0x0000,
    0x0000, 0x0000, 0x0000, 0x0000, 0x0000, 0x0000, 0x000B, 0x0015, 0x0009, 0x0002, 0x0000, 0x0000, 0x0000, 0x0000, 0x0000, 0x0000,
    0x0000, 0x0000, 0x0000, 0x0000, 0x0000, 0x0000, 0x0000, 0x0000, 0x0000, 0x0000, 0x0000, 0x0000, 0x0000, 0x0000, 0x0000, 0x0000,
    0x0000, 0x0000, 0x0000, 0x0000, 0x0000, 0x0000, 0x0000, 0x0000, 0x0000, 0x0000, 0x0000, 0x0000, 0x0000, 0x0000, 0x0000, 0x0000,
    0x0000, 0x0000, 0x0000, 0x0000, 0x0000, 0x0000, 0x0000, 0x0000, 0x0000, 0x0000, 0x0000, 0x0000, 0x0000, 0x0000, 0x0000, 0x0000,
    0x0000, 0x0000, 0x0000, 0x0000, 0x0000, 0x0000, 0x0000, 0x0000, 0x0000, 0x0000, 0x0000, 0x0000, 0x0000, 0x0000, 0x0000, 0x0000,
    0x0000, 0x0001, 0x0010, 0x00BE, 0x009D, 0x001F, 0x001F, 0x001F, 0x001F, 0x001A, 0x0000, 0x0000, 0x0000, 0x0000, 0x0000, 0x0000,
    0x0000, 0x0000, 0x0000, 0x0000, 0x0000, 0x0000, 0x0000, 0x0000, 0x0000, 0x0000, 0x0000, 0x0000, 0x0000, 0x0048, 0x005C, 0x001F,
    0x001F, 0x001F, 0x001F, 0x001F, 0x001F, 0x001F, 0x001F, 0x001F, 0x001F, 0x001F, 0x001F, 0x001F, 0x001F, 0x001F, 0x001F, 0x001F,
    0x001F, 0x001F, 0x001F, 0x001F, 0x001F, 0x001F, 0x001F, 0x001F, 0x001F, 0x001F, 0x001F, 0x001F, 0x001F, 0x001F, 0x001F, 0x001F,
    0x001F, 0x001F, 0x001F, 0x001F, 0x001F, 0x001F, 0x001F, 0x001F, 0x001F, 0x001F, 0x001F, 0x001F, 0x0012, 0x0007, 0x0002, 0x0000,
    0x0000, 0x0002, 0x0013, 0x001E, 0x001F, 0x001F, 0x001F, 0x001F, 0x001F, 0x001F, 0x001F, 0x001F, 0x001F, 0x001F, 0x001F, 0x001F,
    0x001F, 0x001F, 0x001F, 0x001F, 0x001F, 0x001F, 0x001F, 0x001F, 0x001F, 0x001F, 0x003F, 0x00DC, 0x011B, 0x0256, 0x02D4, 0x02D4,
    0x02B4, 0x0295, 0x0352, 0x0333, 0x0354, 0x0375, 0x0335, 0x0355, 0x0376, 0x0356, 0x0B76, 0x1395, 0x1B75, 0x1B76, 0x2357, 0x2B78,
    0x3398, 0x3B98, 0x2B77, 0x2B77, 0x2B78, 0x2377, 0x1B56, 0x1B76, 0x1B76, 0x1B76, 0x1B76, 0x1B75, 0x0B73, 0x0B93, 0x0B54, 0x0333,
    0x0B34, 0x0B53, 0x0B53, 0x0B34, 0x0353, 0x0372, 0x0352, 0x0333, 0x0313, 0x0333, 0x0352, 0x0352, 0x0372, 0x03D0, 0x03B0, 0x02B4,
    0x0295, 0x0237, 0x011B, 0x003E, 0x001F, 0x001F, 0x001F, 0x001F, 0x001F, 0x001F, 0x001F, 0x001F, 0x001F, 0x001F, 0x001F, 0x001F,
    0x001F, 0x001F, 0x001F, 0x001F, 0x001F, 0x001F, 0x001F, 0x001F, 0x001F, 0x001F, 0x001F, 0x001F, 0x001F, 0x001F, 0x001F, 0x001F,
    0x001F, 0x001F, 0x001F, 0x0003, 0x0017, 0x001F, 0x001F, 0x001F, 0x001F, 0x001F, 0x001F, 0x001F, 0x001F, 0x001F, 0x001F, 0x001F,
    0x001F, 0x001F, 0x001F, 0x001F, 0x001F, 0x001F, 0x001F, 0x001F, 0x001F, 0x001F, 0x0012, 0x0000, 0x0000, 0x0000, 0x0000, 0x0000,
    0x0000, 0x0000, 0x0000, 0x0000, 0x0000, 0x0000, 0x0000, 0x0000, 0x0000, 0x0000, 0x0000, 0x0000, 0x0000, 0x0000, 0x0000, 0x0000,
    0x0000, 0x0000, 0x0000, 0x0000, 0x0000, 0x0000, 0x0000, 0x0000, 0x0000, 0x0000, 0x0000, 0x0000, 0x0000, 0x0000, 0x0000, 0x0000,
    0x0000, 0x0000, 0x0000, 0x0000, 0x0000, 0x0000, 0x0000, 0x0000, 0x0000, 0x0000, 0x0000, 0x0000, 0x0000, 0x0000, 0x0000, 0x0000,
    0x0000, 0x0000, 0x0000, 0x0000, 0x0000, 0x0000, 0x0000, 0x0000, 0x0000, 0x0000, 0x0000, 0x0000, 0x0000, 0x0000, 0x0000, 0x0000,
    0x0000, 0x0000, 0x0000, 0x0000, 0x0000, 0x0000, 0x0000, 0x0000, 0x0000, 0x0000, 0x0000, 0x0000, 0x0000, 0x0000, 0x0000, 0x0000,
    0x0000, 0x0000, 0x0000, 0x0000, 0x0000, 0x0000, 0x0000, 0x0000, 0x0000, 0x0000, 0x0000, 0x0000, 0x0000, 0x0000, 0x0000, 0x0000,
    0x0000, 0x0000, 0x0000, 0x0000, 0x0000, 0x0000, 0x0000, 0x0000, 0x0000, 0x0000, 0x0000, 0x0000, 0x0000, 0x0000, 0x0000, 0x0000,
    0x000A, 0x0018, 0x000D, 0x0015, 0x0018, 0x006A, 0x0024, 0x0001, 0x0000, 0x0000, 0x0000, 0x0000, 0x0000, 0x0000, 0x0000, 0x0000,
    0x0000, 0x0000, 0x0000, 0x0000, 0x0000, 0x0000, 0x0000, 0x0000, 0x0000, 0x0000, 0x0000, 0x0000, 0x0000, 0x0000, 0x0000, 0x0000,
    0x0000, 0x0000, 0x0000, 0x0000, 0x0000, 0x0000, 0x0000, 0x0000, 0x0000, 0x0000, 0x0000, 0x0000, 0x0000, 0x0000, 0x0000, 0x0000,
    0x0000, 0x0000, 0x0000, 0x0000, 0x0000, 0x0000, 0x0000, 0x0000, 0x0000, 0x0000, 0x0000, 0x0000, 0x0000, 0x0000, 0x0000, 0x0000,
    0x0000, 0x0000, 0x0000, 0x0000, 0x0000, 0x0000, 0x0000, 0x0000, 0x0000, 0x0000, 0x0002, 0x001A, 0x001F, 0x00BD, 0x009D, 0x001F,
    0x001F, 0x001F, 0x001F, 0x001A, 0x0000, 0x0000, 0x0000, 0x0000, 0x0000, 0x0000, 0x0000, 0x0000, 0x0000, 0x0000, 0x0000, 0x0000,
    0x0000, 0x0000, 0x0000, 0x0000, 0x0000, 0x0001, 0x0015, 0x011C, 0x007F, 0x001F, 0x001F, 0x001F, 0x001F, 0x001F, 0x001F, 0x001F,
    0x001F, 0x001F, 0x001F, 0x001F, 0x001F, 0x001F, 0x001F, 0x001F, 0x001F, 0x001F, 0x001F, 0x001F, 0x001F, 0x001F, 0x001F, 0x001F,
    0x001F, 0x001F, 0x001F, 0x001F, 0x001F, 0x001F, 0x001F, 0x001F, 0x001F, 0x001F, 0x001F, 0x001F, 0x001F, 0x001F, 0x001F, 0x001F,
    0x001F, 0x001F, 0x001F, 0x001F, 0x001F, 0x001F, 0x001F, 0x001F, 0x001D, 0x0018, 0x0016, 0x001D, 0x001F, 0x001F, 0x001F, 0x001F,
    0x001F, 0x001F, 0x001F, 0x001F, 0x001F, 0x001F, 0x001F, 0x001F, 0x001F, 0x001F, 0x001F, 0x001F, 0x001F, 0x001F, 0x001F, 0x007E,
    0x013B, 0x01B8, 0x02B4, 0x0236, 0x02F3, 0x0352, 0x0332, 0x0333, 0x0354, 0x0374, 0x03B4, 0x0395, 0x1377, 0x2358, 0x2399, 0x2399,
    0x2399, 0x2B99, 0x23BA, 0x23DA, 0x2BBA, 0x2BBA, 0x2BB8, 0x2BB8, 0x2BB9, 0x2BBA, 0x2B9A, 0x2BBA, 0x33BA, 0x2BBA, 0x2BBA, 0x2BD9,
    0x2BB8, 0x23B8, 0x23B8, 0x23B8, 0x2BB9, 0x2BBA, 0x2BB9, 0x2BB9, 0x33B9, 0x3379, 0x3379, 0x3399, 0x3399, 0x33B8, 0x3398, 0x3378,
    0x2B58, 0x3358, 0x2B78, 0x2B77, 0x2B97, 0x2B77, 0x1B75, 0x0B15, 0x0314, 0x0353, 0x0352, 0x03B1, 0x0372, 0x0352, 0x02F3, 0x01D8,
    0x00DC, 0x005E, 0x005E, 0x001F, 0x001F, 0x001F, 0x001F, 0x001F, 0x001F, 0x001F, 0x001F, 0x001F, 0x001F, 0x001F, 0x001F, 0x001F,
    0x001F, 0x001F, 0x001F, 0x001F, 0x001F, 0x001F, 0x001F, 0x001F, 0x001F, 0x001F, 0x001F, 0x001F, 0x001F, 0x0003, 0x0017, 0x001F,
    0x001F, 0x001F, 0x001F, 0x001F, 0x001F, 0x001F, 0x001F, 0x001F, 0x001F, 0x001F, 0x001F, 0x001F, 0x001F, 0x001F, 0x001F, 0x001F,
    0x001F, 0x001F, 0x001F, 0x001F, 0x0012, 0x0000, 0x0000, 0x0000, 0x0000, 0x0000, 0x0000, 0x0000, 0x0000, 0x0000, 0x0000, 0x0000,
    0x0000, 0x0000, 0x0000, 0x0000, 0x0000, 0x0000, 0x0000, 0x0000, 0x0000, 0x0000, 0x0000, 0x0000, 0x0000, 0x0000, 0x0000, 0x0000,
    0x0000, 0x0000, 0x0000, 0x0000, 0x0000, 0x0000, 0x0000, 0x0000, 0x0000, 0x0000, 0x0000, 0x0000, 0x0000, 0x0000, 0x0000, 0x0000,
    0x0000, 0x0000, 0x0000, 0x0000, 0x0000, 0x0000, 0x0000, 0x0000, 0x0000, 0x0000, 0x0000, 0x0000, 0x0000, 0x0000, 0x0000, 0x0000,
    0x0000, 0x0000, 0x0000, 0x0000, 0x0000, 0x0000, 0x0000, 0x0000, 0x0000, 0x0000, 0x0000, 0x0000, 0x0000, 0x0000, 0x0000, 0x0000,
    0x0000, 0x0000, 0x0000, 0x0000, 0x0000, 0x0000, 0x0000, 0x0000, 0x0000, 0x0000, 0x0000, 0x0000, 0x0000, 0x0000, 0x0000, 0x0000,
    0x0000, 0x0000, 0x0000, 0x0000, 0x0000, 0x0000, 0x0000, 0x0000, 0x0000, 0x0000, 0x0000, 0x0000, 0x0000, 0x0000, 0x0000, 0x0000,
    0x0000, 0x0000, 0x0000, 0x0000, 0x0000, 0x0000, 0x0000, 0x0000, 0x0000, 0x0000, 0x000A, 0x0017, 0x000D, 0x0016, 0x001F, 0x01BF,
    0x00BF, 0x001B, 0x0010, 0x0002, 0x0000, 0x0000, 0x0000, 0x0000, 0x0000, 0x0000, 0x0000, 0x0000, 0x0000, 0x0000, 0x0000, 0x0000,
    0x0000, 0x0000, 0x0000, 0x0000, 0x0000, 0x0000, 0x0000, 0x0000, 0x0000, 0x0000, 0x0000, 0x0000, 0x0000, 0x0000, 0x0000, 0x0000,
    0x0000, 0x0000, 0x0000, 0x0000, 0x0000, 0x0000, 0x0000, 0x0000, 0x0000, 0x0000, 0x0000, 0x0000, 0x0000, 0x0000, 0x0000, 0x0000,
    0x0000, 0x0000, 0x0000, 0x0000, 0x0000, 0x0000, 0x0000, 0x0000, 0x0000, 0x0000, 0x0000, 0x0000, 0x0000, 0x0000, 0x0000, 0x0000,
    0x0000, 0x0000, 0x0000, 0x0028, 0x0176, 0x001F, 0x001F, 0x00BD, 0x009D, 0x001F, 0x001F, 0x001F, 0x001F, 0x001A, 0x0000, 0x0000,
    0x0000, 0x0000, 0x0000, 0x0000, 0x0000, 0x0000, 0x0000, 0x0000, 0x0000, 0x0000, 0x0000, 0x0000, 0x0000, 0x0000, 0x0008, 0x0018,
    0x001F, 0x011B, 0x007E, 0x001F, 0x001F, 0x001F, 0x001F, 0x001F, 0x001F, 0x001F, 0x001F, 0x001F, 0x001F, 0x001F, 0x001F, 0x001F,
    0x001F, 0x001F, 0x001F, 0x001F, 0x001F, 0x001F, 0x001F, 0x001F, 0x001F, 0x001F, 0x001F, 0x001F, 0x001F, 0x001F, 0x001F, 0x001F,
    0x001F, 0x001F, 0x001F, 0x001F, 0x001F, 0x001F, 0x001F, 0x001F, 0x001F, 0x001F, 0x001F, 0x001F, 0x001F, 0x001F, 0x001F, 0x001F,
    0x001F, 0x001F, 0x001F, 0x001F, 0x001F, 0x001F, 0x001F, 0x001F, 0x001F, 0x001F, 0x001F, 0x001F, 0x001F, 0x001F, 0x001F, 0x001F,
    0x001F, 0x001F, 0x001F, 0x00BD, 0x00FC, 0x00FC, 0x017A, 0x01F8, 0x0295, 0x02F3, 0x0371, 0x0392, 0x03B3, 0x03B3, 0x0394, 0x0355,
    0x0357, 0x1B78, 0x1BB9, 0x1B99, 0x1BB9, 0x2399, 0x2B99, 0x2BB9, 0x23B9, 0x23B9, 0x23D9, 0x1BB9, 0x1BB9, 0x23B9, 0x1BB9, 0x1BB9,
    0x1BD9, 0x1BD8, 0x1BD8, 0x1BD9, 0x1BD9, 0x1BD9, 0x23D9, 0x1BD9, 0x1BB9, 0x23D8, 0x23D9, 0x23B9, 0x23B9, 0x23B8, 0x1BB8, 0x23B9,
    0x23D8, 0x23B8, 0x23B9, 0x23D9, 0x23D9, 0x23BA, 0x23B9, 0x23D9, 0x2BB9, 0x2BBA, 0x2BB9, 0x2BB9, 0x2BB9, 0x2BB9, 0x33B9, 0x33B9,
    0x3399, 0x3399, 0x3398, 0x3378, 0x2B57, 0x2B77, 0x2357, 0x2376, 0x1394, 0x0392, 0x0372, 0x02F4, 0x0295, 0x0236, 0x01F8, 0x011B,
    0x009D, 0x001F, 0x001F, 0x001F, 0x001F, 0x001F, 0x001F, 0x001F, 0x001F, 0x001F, 0x001F, 0x001F, 0x001F, 0x001F, 0x001F, 0x001F,
    0x001F, 0x001F, 0x001F, 0x001F, 0x001F, 0x001F, 0x001F, 0x0003, 0x0016, 0x001F, 0x001F, 0x001F, 0x001F, 0x001F, 0x001F, 0x001F,
    0x001F, 0x001F, 0x001F, 0x001F, 0x001F, 0x001F, 0x001F, 0x001F, 0x001F, 0x001F, 0x001F, 0x001F, 0x001F, 0x001F, 0x0012, 0x0000,
    0x0000, 0x0000, 0x0000, 0x0000, 0x0000, 0x0000, 0x0000, 0x0000, 0x0000, 0x0000, 0x0000, 0x0000, 0x0000, 0x0000, 0x0000, 0x0000,
    0x0000, 0x0000, 0x0000, 0x0000, 0x0000, 0x0000, 0x0000, 0x0000, 0x0000, 0x0000, 0x0000, 0x0000, 0x0000, 0x0000, 0x0000, 0x0000,
    0x0000, 0x0000, 0x0000, 0x0000, 0x0000, 0x0000, 0x0000, 0x0000, 0x0000, 0x0000, 0x0000, 0x0000, 0x0000, 0x0000, 0x0000, 0x0000,
    0x0000, 0x0000, 0x0000, 0x0000, 0x0000, 0x0000, 0x0000, 0x0000, 0x0000, 0x0000, 0x0000, 0x0000, 0x0000, 0x0000, 0x0000, 0x0000,
    0x0000, 0x0000, 0x0000, 0x0000, 0x0000, 0x0000, 0x0000, 0x0000, 0x0000, 0x0000, 0x0000, 0x0000, 0x0000, 0x0000, 0x0000, 0x0000,
    0x0000, 0x0000, 0x0000, 0x0000, 0x0000, 0x0000, 0x0000, 0x0000, 0x0000, 0x0000, 0x0000, 0x0000, 0x0000, 0x0000, 0x0000, 0x0000,
    0x0000, 0x0000, 0x0000, 0x0000, 0x0000, 0x0000, 0x0000, 0x0000, 0x0000, 0x0000, 0x0000, 0x0000, 0x0000, 0x0000, 0x0000, 0x0000,
    0x0000, 0x0000, 0x0000, 0x0000, 0x000A, 0x0017, 0x000D, 0x0016, 0x001F, 0x01BF, 0x00BF, 0x001F, 0x001F, 0x001D, 0x0013, 0x000F,
    0x0006, 0x0000, 0x0000, 0x0000, 0x0000, 0x0000, 0x0000, 0x0000, 0x0000, 0x0000, 0x0000, 0x0000, 0x0000, 0x0000, 0x0000, 0x0000,
    0x0000, 0x0000, 0x0000, 0x0000, 0x0000, 0x0000, 0x0000, 0x0000, 0x0000, 0x0000, 0x0000, 0x0000, 0x0000, 0x0000, 0x0000, 0x0000,
    0x0000, 0x0000, 0x0000, 0x0000, 0x0000, 0x0000, 0x0000, 0x0000, 0x0000, 0x0000, 0x0000, 0x0000, 0x0000, 0x0000, 0x0000, 0x0000,
    0x0000, 0x0000, 0x0000, 0x0000, 0x0000, 0x0000, 0x0000, 0x0000, 0x0000, 0x0000, 0x0000, 0x0000, 0x000C, 0x005E, 0x01F9, 0x001F,
    0x001F, 0x00BD, 0x009D, 0x001F, 0x001F, 0x001F, 0x001F, 0x001A, 0x0000, 0x0000, 0x0000, 0x0000, 0x0000, 0x0000, 0x0000, 0x0000,
    0x0000, 0x0000, 0x0000, 0x0000, 0x0000, 0x0000, 0x0000, 0x000F, 0x001F, 0x001F, 0x001F, 0x011B, 0x007E, 0x001F, 0x001F, 0x001F,
    0x001F, 0x001F, 0x001F, 0x001F, 0x001F, 0x001F, 0x001F, 0x001F, 0x001F, 0x001F, 0x001F, 0x001F, 0x001F, 0x001F, 0x001F, 0x001F,
    0x001F, 0x001F, 0x001F, 0x001F, 0x001F, 0x001F, 0x001F, 0x001F, 0x001F, 0x001F, 0x001F, 0x001F, 0x001F, 0x001F, 0x001F, 0x001F,
    0x001F, 0x001F, 0x001F, 0x001F, 0x001F, 0x001F, 0x001F, 0x001F, 0x001F, 0x001F, 0x001F, 0x001F, 0x001F, 0x001F, 0x001F, 0x001F,
    0x001F, 0x001F, 0x001F, 0x001F, 0x001F, 0x001F, 0x001F, 0x001F, 0x001F, 0x001F, 0x011B, 0x0276, 0x02F3, 0x0371, 0x0372, 0x0392,
    0x0392, 0x03B2, 0x0393, 0x0374, 0x0B36, 0x1398, 0x2399, 0x239A, 0x23B9, 0x23B9, 0x2B99, 0x2BBA, 0x23BA, 0x23B9, 0x23D9, 0x1BD9,
    0x1BD9, 0x1BD9, 0x1BDA, 0x23DA, 0x23DA, 0x23DA, 0x23FA, 0x23FB, 0x23DA, 0x23FA, 0x23FB, 0x23FB, 0x23FB, 0x2BFA, 0x23FA, 0x2BDA,
    0x23FA, 0x23FA, 0x2BDA, 0x2BFB, 0x2BFB, 0x2BFB, 0x2BFB, 0x2BDA, 0x2BDA, 0x2BFA, 0x2BDA, 0x2BFA, 0x2BFA, 0x2BF9, 0x2BF9, 0x2BF9,
    0x2BFA, 0x2BD9, 0x23D9, 0x2BD9, 0x2BD9, 0x2BD9, 0x2BD9, 0x2BD9, 0x2BD8, 0x23D8, 0x23B8, 0x23B8, 0x2BB9, 0x2BB9, 0x2BD8, 0x2BD7,
    0x2BD6, 0x2BB7, 0x3398, 0x3398, 0x2B77, 0x2376, 0x2376, 0x0B93, 0x03D1, 0x0392, 0x0313, 0x02D4, 0x0295, 0x0199, 0x011B, 0x005E,
    0x007E, 0x001F, 0x001F, 0x001F, 0x001F, 0x001F, 0x001F, 0x001F, 0x001F, 0x001F, 0x001F, 0x001F, 0x001F, 0x001F, 0x001F, 0x001F,
    0x001F, 0x0008, 0x0018, 0x001F, 0x001F, 0x001F, 0x001F, 0x001F, 0x001F, 0x001F, 0x001F, 0x001F, 0x001F, 0x001F, 0x001F, 0x001F,
    0x001F, 0x001F, 0x001F, 0x001F, 0x001F, 0x001F, 0x001F, 0x001F, 0x0013, 0x0000, 0x0000, 0x0000, 0x0000, 0x0000, 0x0000, 0x0000,
    0x0000, 0x0000, 0x0000, 0x0000, 0x0000, 0x0000, 0x0000, 0x0000, 0x0000, 0x0000, 0x0000, 0x0000, 0x0000, 0x0000, 0x0000, 0x0000,
    0x0000, 0x0000, 0x0000, 0x0000, 0x0000, 0x0000, 0x0000, 0x0000, 0x0000, 0x0000, 0x0000, 0x0000, 0x0000, 0x0000, 0x0000, 0x0000,
    0x0000, 0x0000, 0x0000, 0x0000, 0x0000, 0x0000, 0x0000, 0x0000, 0x0000, 0x0000, 0x0000, 0x0000, 0x0000, 0x0000, 0x0000, 0x0000,
    0x0000, 0x0000, 0x0000, 0x0000, 0x0000, 0x0000, 0x0000, 0x0000, 0x0000, 0x0000, 0x0000, 0x0000, 0x0000, 0x0000, 0x0000, 0x0000,
    0x0000, 0x0000, 0x0000, 0x0000, 0x0000, 0x0000, 0x0000, 0x0000, 0x0000, 0x0000, 0x0000, 0x0000, 0x0000, 0x0000, 0x0000, 0x0000,
    0x0000, 0x0000, 0x0000, 0x0000, 0x0000, 0x0000, 0x0000, 0x0000, 0x0000, 0x0000, 0x0000, 0x0000, 0x0000, 0x0000, 0x0000, 0x0000,
    0x0000, 0x0000, 0x0000, 0x0000, 0x0000, 0x0000, 0x0000, 0x0000, 0x0000, 0x0000, 0x0000, 0x0000, 0x0000, 0x0000, 0x000A, 0x0017,
    0x000D, 0x0016, 0x001F, 0x01BF, 0x00BF, 0x001F, 0x001F, 0x001F, 0x001F, 0x001F, 0x001F, 0x0013, 0x0008, 0x0001, 0x0000, 0x0000,
    0x0000, 0x0000, 0x0000, 0x0000, 0x0000, 0x0000, 0x0000, 0x0000, 0x0000, 0x0000, 0x0000, 0x0000, 0x0000, 0x0000, 0x0000, 0x0000,
    0x0000, 0x0000, 0x0000, 0x0000, 0x0000, 0x0000, 0x0000, 0x0000, 0x0000, 0x0000, 0x0000, 0x0000, 0x0000, 0x0000, 0x0000, 0x0000,
    0x0000, 0x0000, 0x0000, 0x0000, 0x0000, 0x0000, 0x0000, 0x0000, 0x0000, 0x0000, 0x0000, 0x0000, 0x0000, 0x0000, 0x0000, 0x0000,
    0x0000, 0x0000, 0x0000, 0x0000, 0x0002, 0x0014, 0x001F, 0x005F, 0x01D8, 0x001F, 0x001F, 0x00BD, 0x009D, 0x001F, 0x001F, 0x001F,
    0x001F, 0x001A, 0x0000, 0x0000, 0x0000, 0x0000, 0x0000, 0x0000, 0x0000, 0x0000, 0x0000, 0x0000, 0x0000, 0x0000, 0x0000, 0x0005,
    0x0018, 0x001F, 0x001F, 0x001F, 0x001F, 0x011B, 0x007E, 0x001F, 0x001F, 0x001F, 0x001F, 0x001F, 0x001F, 0x001F, 0x001F, 0x001F,
    0x001F, 0x001F, 0x001F, 0x001F, 0x001F, 0x001F, 0x001F, 0x001F, 0x001F, 0x001F, 0x001F, 0x001F, 0x001F, 0x001F, 0x001F, 0x001F,
    0x001F, 0x001F, 0x001F, 0x001F, 0x001F, 0x001F, 0x001F, 0x001F, 0x001F, 0x001F, 0x001F, 0x001F, 0x001F, 0x001F, 0x001F, 0x001F,
    0x001F, 0x001F, 0x001F, 0x001F, 0x001F, 0x001F, 0x001F, 0x001F, 0x001F, 0x001F, 0x001F, 0x001F, 0x001F, 0x001F, 0x001F, 0x001F,
    0x005E, 0x015A, 0x01D8, 0x02B4, 0x0314, 0x0354, 0x0375, 0x0336, 0x0B77, 0x1398, 0x1379, 0x1B99, 0x2399, 0x23B9, 0x2BBA, 0x23B9,
    0x23D9, 0x1BD9, 0x1BD9, 0x1BD9, 0x1BD9, 0x1BD9, 0x1BD9, 0x1BDA, 0x23DA, 0x23DB, 0x23FB, 0x23FB, 0x23FB, 0x23FB, 0x23FB, 0x23FB,
    0x241B, 0x241B, 0x243B, 0x241B, 0x23FB, 0x241B, 0x241B, 0x2C3C, 0x2C3C, 0x2C1C, 0x241C, 0x241B, 0x2C1B, 0x241B, 0x2C3B, 0x2C3B,
    0x2C3C, 0x2C3B, 0x2C1B, 0x2C3C, 0x2C3B, 0x2C3B, 0x2C3B, 0x2C3B, 0x2C5B, 0x2C3B, 0x2C3B, 0x2C3B, 0x2C3A, 0x2C3A, 0x2C1A, 0x2C1A,
    0x2C1A, 0x2BFA, 0x2BFA, 0x2BFA, 0x2BDA, 0x2BB9, 0x2BF9, 0x23D9, 0x23D8, 0x23D8, 0x23B8, 0x23B7, 0x23B7, 0x2BB8, 0x3399, 0x3399,
    0x2BD7, 0x3398, 0x3378, 0x3378, 0x2B97, 0x1B75, 0x0352, 0x0391, 0x0391, 0x0371, 0x03B1, 0x0217, 0x003F, 0x001F, 0x001F, 0x001F,
    0x001F, 0x001F, 0x001F, 0x001F, 0x001F, 0x001F, 0x001F, 0x001F, 0x001F, 0x001F, 0x001F, 0x001F, 0x001F, 0x001F, 0x001F, 0x001F,
    0x001F, 0x001F, 0x001F, 0x001F, 0x001F, 0x001F, 0x001F, 0x001F, 0x001F, 0x001F, 0x001F, 0x001F, 0x001F, 0x001F, 0x001F, 0x001F,
    0x001F, 0x001F, 0x001D, 0x0008, 0x0000, 0x0000, 0x0000, 0x0000, 0x0000, 0x0000, 0x0000, 0x0000, 0x0000, 0x0000, 0x0000, 0x0000,
    0x0000, 0x0000, 0x0000, 0x0000, 0x0000, 0x0000, 0x0000, 0x0000, 0x0000, 0x0000, 0x0000, 0x0000, 0x0000, 0x0000, 0x0000, 0x0000,
    0x0000, 0x0000, 0x0000, 0x0000, 0x0000, 0x0000, 0x0000, 0x0000, 0x0000, 0x0000, 0x0000, 0x0000, 0x0000, 0x0000, 0x0000, 0x0000,
    0x0000, 0x0000, 0x0000, 0x0000, 0x0000, 0x0000, 0x0000, 0x0000, 0x0000, 0x0000, 0x0000, 0x0000, 0x0000, 0x0000, 0x0000, 0x0000,
    0x0000, 0x0000, 0x0000, 0x0000, 0x0000, 0x0000, 0x0000, 0x0000, 0x0000, 0x0000, 0x0000, 0x0000, 0x0000, 0x0000, 0x0000, 0x0000,
    0x0000, 0x0000, 0x0000, 0x0000, 0x0000, 0x0000, 0x0000, 0x0000, 0x0000, 0x0000, 0x0000, 0x0000, 0x0000, 0x0000, 0x0000, 0x0000,
    0x0000, 0x0000, 0x0000, 0x0000, 0x0000, 0x0000, 0x0000, 0x0000, 0x0000, 0x0000, 0x0000, 0x0000, 0x0000, 0x0000, 0x0000, 0x0000,
    0x0000, 0x0000, 0x0000, 0x0000, 0x0000, 0x0000, 0x0000, 0x0000, 0x000A, 0x0017, 0x000D, 0x0016, 0x001F, 0x01BF, 0x00BF, 0x001F,
    0x001F, 0x001F, 0x001F, 0x001F, 0x001F, 0x001F, 0x001F, 0x003B, 0x00E8, 0x0001, 0x0000, 0x0000, 0x0000, 0x0000, 0x0000, 0x0000,
    0x0000, 0x0000, 0x0000, 0x0000, 0x0000, 0x0000, 0x0000, 0x0000, 0x0000, 0x0000, 0x0000, 0x0000, 0x0000, 0x0000, 0x0000, 0x0000,
    0x0000, 0x0000, 0x0000, 0x0000, 0x0000, 0x0000, 0x0000, 0x0000, 0x0000, 0x0000, 0x0000, 0x0000, 0x0000, 0x0000, 0x0000, 0x0000,
    0x0000, 0x0000, 0x0000, 0x0000, 0x0000, 0x0000, 0x0000, 0x0000, 0x0000, 0x0000, 0x0000, 0x0000, 0x0000, 0x0009, 0x001C, 0x001F,
    0x001F, 0x005E, 0x01D8, 0x001F, 0x001F, 0x00BD, 0x009D, 0x001F, 0x001F, 0x001F, 0x001F, 0x001A, 0x0000, 0x0000, 0x0000, 0x0000,
    0x0000, 0x0000, 0x0000, 0x0000, 0x0000, 0x0000, 0x0000, 0x0000, 0x00EA, 0x007B, 0x001F, 0x001F, 0x001F, 0x001F, 0x001F, 0x011B,
    0x007E, 0x001F, 0x001F, 0x001F, 0x001F, 0x001F, 0x001F, 0x001F, 0x001F, 0x001F, 0x001F, 0x001F, 0x001F, 0x001F, 0x001F, 0x001F,
    0x001F, 0x001F, 0x001F, 0x001F, 0x001F, 0x001F, 0x001F, 0x001F, 0x001F, 0x001F, 0x001F, 0x001F, 0x001F, 0x001F, 0x001F, 0x001F,
    0x001F, 0x001F, 0x001F, 0x001F, 0x001F, 0x001F, 0x001F, 0x001F, 0x001F, 0x001F, 0x001F, 0x001F, 0x001F, 0x001F, 0x001F, 0x001F,
    0x001F, 0x001F, 0x001F, 0x001F, 0x001F, 0x001F, 0x001F, 0x003F, 0x015A, 0x0256, 0x02F3, 0x0352, 0x0394, 0x0376, 0x0B78, 0x1BB9,
    0x13B9, 0x1BBA, 0x239A, 0x2B99, 0x23B9, 0x23B9, 0x1BB9, 0x1BD9, 0x1BDA, 0x1BDA, 0x1BFA, 0x23FB, 0x1BDB, 0x1BFB, 0x23FB, 0x241B,
    0x23FB, 0x23FC, 0x23FC, 0x241B, 0x241B, 0x241B, 0x241B, 0x241C, 0x241C, 0x243C, 0x243C, 0x243C, 0x2C3C, 0x241C, 0x241C, 0x241C,
    0x2C3C, 0x2C5C, 0x2C3C, 0x2C5C, 0x2C5C, 0x2C3C, 0x2C3C, 0x2C3C, 0x2C3C, 0x2C5C, 0x2C5C, 0x2C5C, 0x2C5C, 0x2C5C, 0x2C5B, 0x2C5B,
    0x2C5B, 0x2C5B, 0x2C5B, 0x2C5B, 0x2C3B, 0x2C3B, 0x2C5B, 0x2C3B, 0x2C1A, 0x2C3A, 0x2C3A, 0x2C1A, 0x2C3A, 0x2C1B, 0x2C1B, 0x2C1B,
    0x2C1A, 0x2C1B, 0x2BFA, 0x2BFA, 0x2BDA, 0x2BD9, 0x2BD9, 0x2BD8, 0x2BD8, 0x2BB8, 0x2BB8, 0x2BB8, 0x23D8, 0x23B7, 0x2B97, 0x3398,
    0x2B98, 0x2B57, 0x2375, 0x1374, 0x0333, 0x0352, 0x02D4, 0x02B5, 0x02B4, 0x02B5, 0x015A, 0x003F, 0x001F, 0x001F, 0x001F, 0x001F,
    0x001F, 0x001F, 0x001F, 0x001F, 0x001F, 0x001F, 0x001F, 0x001F, 0x001F, 0x001F, 0x001F, 0x001F, 0x001F, 0x001F, 0x001F, 0x001F,
    0x001F, 0x001F, 0x001F, 0x001F, 0x001F, 0x001F, 0x001F, 0x001F, 0x001F, 0x001F, 0x001F, 0x001F, 0x001F, 0x001E, 0x0004, 0x0000,
    0x0000, 0x0000, 0x0000, 0x0000, 0x0000, 0x0000, 0x0000, 0x0000, 0x0000, 0x0000, 0x0000, 0x0000, 0x0000, 0x0000, 0x0000, 0x0000,
    0x0000, 0x0000, 0x0000, 0x0000, 0x0000, 0x0000, 0x0000, 0x0000, 0x0000, 0x0000, 0x0000, 0x0000, 0x0000, 0x0000, 0x0000, 0x0000,
    0x0000, 0x0000, 0x0000, 0x0000, 0x0000, 0x0000, 0x0000, 0x0000, 0x0000, 0x0000, 0x0000, 0x0000, 0x0000, 0x0000, 0x0000, 0x0000,
    0x0000, 0x0000, 0x0000, 0x0000, 0x0000, 0x0000, 0x0000, 0x0000, 0x0000, 0x0000, 0x0000, 0x0000, 0x0000, 0x0000, 0x0000, 0x0000,
    0x0000, 0x0000, 0x0000, 0x0000, 0x0000, 0x0000, 0x0000, 0x0000, 0x0000, 0x0000, 0x0000, 0x0000, 0x0000, 0x0000, 0x0000, 0x0000,
    0x0000, 0x0000, 0x0000, 0x0000, 0x0000, 0x0000, 0x0000, 0x0000, 0x0000, 0x0000, 0x0000, 0x0000, 0x0000, 0x0000, 0x0000, 0x0000,
    0x0000, 0x0000, 0x0000, 0x0000, 0x0000, 0x0000, 0x0000, 0x0000, 0x0000, 0x0000, 0x0000, 0x0000, 0x0000, 0x0000, 0x0000, 0x0000,
    0x0000, 0x0000, 0x000A, 0x0017, 0x000D, 0x0016, 0x001F, 0x01BF, 0x00BF, 0x001F, 0x001F, 0x001F, 0x001F, 0x001F, 0x001F, 0x001F,
    0x001F, 0x007F, 0x021A, 0x015A, 0x008F, 0x00A9, 0x0002, 0x0000, 0x0000, 0x0000, 0x0000, 0x0000, 0x0000, 0x0000, 0x0000, 0x0000,
    0x0000, 0x0000, 0x0000, 0x0000, 0x0000, 0x0000, 0x0000, 0x0000, 0x0000, 0x0000, 0x0000, 0x0000, 0x0000, 0x0000, 0x0000, 0x0000,
    0x0000, 0x0000, 0x0000, 0x0000, 0x0000, 0x0000, 0x0000, 0x0000, 0x0000, 0x0000, 0x0000, 0x0000, 0x0000, 0x0000, 0x0000, 0x0000,
    0x0000, 0x0000, 0x0000, 0x0000, 0x0000, 0x0000, 0x0012, 0x001F, 0x001F, 0x001F, 0x001F, 0x005E, 0x01D8, 0x001F, 0x001F, 0x00BD,
    0x009D, 0x001F, 0x001F, 0x001F, 0x001F, 0x001A, 0x0000, 0x0000, 0x0000, 0x0000, 0x0000, 0x0000, 0x0000, 0x0000, 0x0000, 0x0000,
    0x0006, 0x0017, 0x01BA, 0x00BE, 0x001F, 0x001F, 0x001F, 0x001F, 0x001F, 0x011B, 0x007E, 0x001F, 0x001F, 0x001F, 0x001F, 0x001F,
    0x001F, 0x001F, 0x001F, 0x001F, 0x001F, 0x001F, 0x001F, 0x001F, 0x001F, 0x001F, 0x001F, 0x001F, 0x001F, 0x001F, 0x001F, 0x001F,
    0x001F, 0x001F, 0x001F, 0x001F, 0x001F, 0x001F, 0x001F, 0x001F, 0x001F, 0x001F, 0x001F, 0x001F, 0x001F, 0x001F, 0x001F, 0x001F,
    0x001F, 0x001F, 0x001F, 0x001F, 0x001F, 0x001F, 0x001F, 0x001F, 0x001F, 0x001F, 0x001F, 0x001F, 0x001F, 0x001F, 0x009D, 0x01B8,
    0x0295, 0x0313, 0x0392, 0x0374, 0x0356, 0x0378, 0x0B79, 0x1B19, 0x2358, 0x2378, 0x23B9, 0x23D9, 0x1BD8, 0x1BD9, 0x1BD9, 0x1BFA,
    0x1BDA, 0x1BBB, 0x1BDB, 0x23FA, 0x23FB, 0x23FB, 0x23FB, 0x241B, 0x241C, 0x241C, 0x241C, 0x241C, 0x243C, 0x241C, 0x243C, 0x243C,
    0x241C, 0x241C, 0x241C, 0x243C, 0x243C, 0x2C3D, 0x2C3D, 0x2C3D, 0x2C3D, 0x2C5D, 0x2C5D, 0x2C5D, 0x2C5D, 0x2C5D, 0x2C5D, 0x2C5D,
    0x2C5D, 0x2C5D, 0x2C5D, 0x2C5D, 0x2C5D, 0x2C5D, 0x2C5D, 0x2C5C, 0x2C5C, 0x2C7C, 0x2C7C, 0x2C7C, 0x347C, 0x345C, 0x347C, 0x347C,
    0x345C, 0x345C, 0x2C5B, 0x345B, 0x343B, 0x343B, 0x2C3B, 0x2C5B, 0x2C3B, 0x343B, 0x345B, 0x2C3B, 0x2C3B, 0x2C3B, 0x2C1B, 0x2C1B,
    0x2C1B, 0x2C1B, 0x2BFA, 0x33FA, 0x33FA, 0x33D9, 0x2BD9, 0x23D8, 0x23D8, 0x23D7, 0x2BB8, 0x2BB9, 0x33B9, 0x3399, 0x3398, 0x2356,
    0x1B35, 0x2396, 0x1B75, 0x0B73, 0x0391, 0x0313, 0x0276, 0x017A, 0x015A, 0x003F, 0x001F, 0x001F, 0x001F, 0x001F, 0x001F, 0x001F,
    0x001F, 0x001F, 0x001F, 0x001F, 0x001F, 0x001F, 0x001F, 0x001F, 0x001F, 0x001F, 0x001F, 0x001F, 0x001F, 0x001F, 0x001F, 0x001F,
    0x001F, 0x001F, 0x001F, 0x001F, 0x001F, 0x001F, 0x001F, 0x001F, 0x001C, 0x0009, 0x0000, 0x0000, 0x0000, 0x0000, 0x0000, 0x0000,
    0x0000, 0x0000, 0x0000, 0x0000, 0x0000, 0x0000, 0x0000, 0x0000, 0x0000, 0x0000, 0x0000, 0x0000, 0x0000, 0x0000, 0x0000, 0x0000,
    0x0000, 0x0000, 0x0000, 0x0000, 0x0000, 0x0000, 0x0000, 0x0000, 0x0000, 0x0000, 0x0000, 0x0000, 0x0000, 0x0000, 0x0000, 0x0000,
    0x0000, 0x0000, 0x0000, 0x0000, 0x0000, 0x0000, 0x0000, 0x0000, 0x0000, 0x0000, 0x0000, 0x0000, 0x0000, 0x0000, 0x0000, 0x0000,
    0x0000, 0x0000, 0x0000, 0x0000, 0x0000, 0x0000, 0x0000, 0x0000, 0x0000, 0x0000, 0x0000, 0x0000, 0x0000, 0x0000, 0x0000, 0x0000,
    0x0000, 0x0000, 0x0000, 0x0000, 0x0000, 0x0000, 0x0000, 0x0000, 0x0000, 0x0000, 0x0000, 0x0000, 0x0000, 0x0000, 0x0000, 0x0000,
    0x0000, 0x0000, 0x0000, 0x0000, 0x0000, 0x0000, 0x0000, 0x0000, 0x0000, 0x0000, 0x0000, 0x0000, 0x0000, 0x0000, 0x0000, 0x0000,
    0x0000, 0x0000, 0x0000, 0x0000, 0x0000, 0x0000, 0x0000, 0x0000, 0x0000, 0x0000, 0x0000, 0x0000, 0x000A, 0x0017, 0x000D, 0x0016,
    0x001F, 0x01BF, 0x00BF, 0x001F, 0x001F, 0x001F, 0x001F, 0x001F, 0x001F, 0x001F, 0x001F, 0x007E, 0x0218, 0x01BF, 0x013A, 0x025F,
    0x001D, 0x0015, 0x0009, 0x0004, 0x0000, 0x0000, 0x0000, 0x0000, 0x0000, 0x0000, 0x0000, 0x0000, 0x0000, 0x0000, 0x0000, 0x0000,
    0x0000, 0x0000, 0x0000, 0x0000, 0x0000, 0x0000, 0x0000, 0x0000, 0x0000, 0x0000, 0x0000, 0x0000, 0x0000, 0x0000, 0x0000, 0x0000,
    0x0000, 0x0000, 0x0000, 0x0000, 0x0000, 0x0000, 0x0000, 0x0000, 0x0000, 0x0000, 0x0000, 0x0000, 0x0000, 0x0000, 0x0003, 0x0014,
    0x001F, 0x001F, 0x001F, 0x001F, 0x001F, 0x005E, 0x01D8, 0x001F, 0x001F, 0x00BD, 0x009D, 0x001F, 0x001F, 0x001F, 0x001F, 0x001A,
    0x0000, 0x0000, 0x0000, 0x0000, 0x0000, 0x0000, 0x0000, 0x0000, 0x0000, 0x000C, 0x001E, 0x001F, 0x0199, 0x00BD, 0x001F, 0x001F,
    0x001F, 0x001F, 0x001F, 0x011B, 0x007E, 0x001F, 0x001F, 0x001F, 0x001F, 0x001F, 0x001F, 0x001F, 0x001F, 0x001F, 0x001F, 0x001F,
    0x001F, 0x001F, 0x001F, 0x001F, 0x001F, 0x001F, 0x001F, 0x001F, 0x001F, 0x001F, 0x001F, 0x001F, 0x001F, 0x001F, 0x001F, 0x001F,
    0x001F, 0x001F, 0x001F, 0x001F, 0x001F, 0x001F, 0x001F, 0x001F, 0x001F, 0x001F, 0x001F, 0x001F, 0x001F, 0x001F, 0x001F, 0x001F,
    0x001F, 0x001F, 0x001F, 0x001F, 0x003E, 0x007E, 0x01D9, 0x0276, 0x0352, 0x0373, 0x0396, 0x03B7, 0x0B99, 0x1399, 0x1BBA, 0x2379,
    0x2338, 0x1B58, 0x1B59, 0x137A, 0x1BDA, 0x1BBA, 0x23DA, 0x23FB, 0x23FB, 0x1BFB, 0x241B, 0x23FB, 0x23FB, 0x23FB, 0x23FC, 0x241C,
    0x241C, 0x241C, 0x241C, 0x241C, 0x241C, 0x241C, 0x243D, 0x243D, 0x243D, 0x243D, 0x243D, 0x243D, 0x243D, 0x243D, 0x245D, 0x245D,
    0x2C5D, 0x2C5D, 0x2C5D, 0x2C5D, 0x2C7D, 0x2C5D, 0x2C5D, 0x2C5D, 0x2C5D, 0x2C7D, 0x2C7D, 0x2C7D, 0x2C7D, 0x2C7D, 0x2C5D, 0x2C5D,
    0x2C7D, 0x2C5D, 0x347D, 0x2C7D, 0x2C7D, 0x347D, 0x347D, 0x347D, 0x347D, 0x347D, 0x347D, 0x347D, 0x347D, 0x347C, 0x347C, 0x345C,
    0x347C, 0x347C, 0x345C, 0x345C, 0x345C, 0x2C5B, 0x345B, 0x345B, 0x345B, 0x345B, 0x345B, 0x343C, 0x343C, 0x343B, 0x2C3B, 0x2C1B,
    0x2BFB, 0x2BFA, 0x2BDA, 0x2BDA, 0x2BD9, 0x2BF9, 0x23D8, 0x23D8, 0x2BD9, 0x2BD9, 0x2BB8, 0x2BD7, 0x33B8, 0x3B98, 0x33B7, 0x1B76,
    0x0353, 0x03B0, 0x03D0, 0x0295, 0x015A, 0x005E, 0x003F, 0x001F, 0x001F, 0x001F, 0x001F, 0x001F, 0x001F, 0x001F, 0x001F, 0x001F,
    0x001F, 0x001F, 0x001F, 0x001F, 0x001F, 0x001F, 0x001F, 0x001F, 0x001F, 0x001F, 0x001F, 0x001F, 0x001F, 0x001F, 0x001F, 0x001F,
    0x001F, 0x001F, 0x001F, 0x0013, 0x0000, 0x0000, 0x0000, 0x0000, 0x0000, 0x0000, 0x0000, 0x0000, 0x0000, 0x0000, 0x0000, 0x0000,
    0x0000, 0x0000, 0x0000, 0x0000, 0x0000, 0x0000, 0x0000, 0x0000, 0x0000, 0x0000, 0x0000, 0x0000, 0x0000, 0x0000, 0x0000, 0x0000,
    0x0000, 0x0000, 0x0000, 0x0000, 0x0000, 0x0000, 0x0000, 0x0000, 0x0000, 0x0000, 0x0000, 0x0000, 0x0000, 0x0000, 0x0000, 0x0000,
    0x0000, 0x0000, 0x0000, 0x0000, 0x0000, 0x0000, 0x0000, 0x0000, 0x0000, 0x0000, 0x0000, 0x0000, 0x0000, 0x0000, 0x0000, 0x0000,
    0x0000, 0x0000, 0x0000, 0x0000, 0x0000, 0x0000, 0x0000, 0x0000, 0x0000, 0x0000, 0x0000, 0x0000, 0x0000, 0x0000, 0x0000, 0x0000,
    0x0000, 0x0000, 0x0000, 0x0000, 0x0000, 0x0000, 0x0000, 0x0000, 0x0000, 0x0000, 0x0000, 0x0000, 0x0000, 0x0000, 0x0000, 0x0000,
    0x0000, 0x0000, 0x0000, 0x0000, 0x0000, 0x0000, 0x0000, 0x0000, 0x0000, 0x0000, 0x0000, 0x0000, 0x0000, 0x0000, 0x0000, 0x0000,
    0x0000, 0x0000, 0x0000, 0x0000, 0x0000, 0x0000, 0x000A, 0x0017, 0x000D, 0x0016, 0x001F, 0x01BF, 0x00BF, 0x001F, 0x001F, 0x001F,
    0x001F, 0x001F, 0x001F, 0x001F, 0x001F, 0x007E, 0x0218, 0x019F, 0x0138, 0x023F, 0x001F, 0x001F, 0x001F, 0x001E, 0x0013, 0x000E,
    0x0004, 0x0000, 0x0000, 0x0000, 0x0000, 0x0000, 0x0000, 0x0000, 0x0000, 0x0000, 0x0000, 0x0000, 0x0000, 0x0000, 0x0000, 0x0000,
    0x0000, 0x0000, 0x0000, 0x0000, 0x0000, 0x0000, 0x0000, 0x0000, 0x0000, 0x0000, 0x0000, 0x0000, 0x0000, 0x0000, 0x0000, 0x0000,
    0x0000, 0x0000, 0x0000, 0x0000, 0x0000, 0x0000, 0x0000, 0x0008, 0x001B, 0x001F, 0x001F, 0x001F, 0x001F, 0x001F, 0x001F, 0x005E,
    0x01D8, 0x001F, 0x001F, 0x00BD, 0x009D, 0x001F, 0x001F, 0x001F, 0x001F, 0x001A, 0x0000, 0x0000, 0x0000, 0x0000, 0x0000, 0x0000,
    0x0000, 0x0000, 0x0014, 0x001F, 0x001F, 0x001F, 0x0199, 0x00BD, 0x001F, 0x001F, 0x001F, 0x001F, 0x001F, 0x011B, 0x007E, 0x001F,
    0x001F, 0x001F, 0x001F, 0x001F, 0x001F, 0x001F, 0x001F, 0x001F, 0x001F, 0x001F, 0x001F, 0x001F, 0x001F, 0x001F, 0x001F, 0x001F,
    0x001F, 0x001F, 0x001F, 0x001F, 0x001F, 0x001F, 0x001F, 0x001F, 0x001F, 0x001F, 0x001F, 0x001F, 0x001F, 0x001F, 0x001F, 0x001F,
    0x001F, 0x001F, 0x001F, 0x001F, 0x001F, 0x001F, 0x001F, 0x001F, 0x001D, 0x001E, 0x001F, 0x005E, 0x009D, 0x015A, 0x01F8, 0x0332,
    0x0391, 0x03B1, 0x0355, 0x0359, 0x133A, 0x2358, 0x2379, 0x2379, 0x1B79, 0x1379, 0x1B9A, 0x1BBA, 0x1BBA, 0x1BDA, 0x1BDA, 0x1BDB,
    0x23FB, 0x23FB, 0x23FB, 0x23FB, 0x23FC, 0x23FC, 0x241C, 0x241C, 0x241C, 0x241D, 0x1C1D, 0x1C1D, 0x243D, 0x241D, 0x241D, 0x241D,
    0x1C3D, 0x1C1D, 0x1C1D, 0x1C1D, 0x1C1E, 0x1C1E, 0x1BFE, 0x1C1E, 0x1C1E, 0x1C1E, 0x1C1E, 0x1C1E, 0x1C1E, 0x1C1E, 0x141E, 0x1C1E,
    0x1C1E, 0x1C3E, 0x1C3E, 0x1C3E, 0x1C3E, 0x243E, 0x243E, 0x243E, 0x245E, 0x245E, 0x245E, 0x2C5E, 0x2C7E, 0x2C7E, 0x2C7E, 0x2C7E,
    0x2C7E, 0x2C7D, 0x347D, 0x2C7D, 0x349D, 0x349D, 0x349D, 0x349D, 0x349D, 0x347D, 0x347D, 0x347D, 0x347D, 0x347D, 0x347D, 0x347C,
    0x347C, 0x347C, 0x347C, 0x347C, 0x347C, 0x347B, 0x347B, 0x345B, 0x343B, 0x345B, 0x343B, 0x343A, 0x2C1A, 0x2C1B, 0x2BFA, 0x2BFA,
    0x2BFA, 0x2BDA, 0x2BD9, 0x23F8, 0x23B8, 0x23D8, 0x23D7, 0x2BB9, 0x2BB8, 0x33B8, 0x3378, 0x1B36, 0x02D4, 0x0352, 0x0391, 0x0352,
    0x0391, 0x0256, 0x005E, 0x001F, 0x001F, 0x001F, 0x001F, 0x001F, 0x001F, 0x001F, 0x001F, 0x001F, 0x001F, 0x001F, 0x001F, 0x001F,
    0x001F, 0x001F, 0x001F, 0x001F, 0x001F, 0x001F, 0x001F, 0x001F, 0x001F, 0x001F, 0x001F, 0x001F, 0x001F, 0x001F, 0x000F, 0x0000,
    0x0000, 0x0000, 0x0000, 0x0000, 0x0000, 0x0000, 0x0000, 0x0000, 0x0000, 0x0000, 0x0000, 0x0000, 0x0000, 0x0000, 0x0000, 0x0000,
    0x0000, 0x0000, 0x0000, 0x0000, 0x0000, 0x0000, 0x0000, 0x0000, 0x0000, 0x0000, 0x0000, 0x0000, 0x0000, 0x0000, 0x0000, 0x0000,
    0x0000, 0x0000, 0x0000, 0x0000, 0x0000, 0x0000, 0x0000, 0x0000, 0x0000, 0x0000, 0x0000, 0x0000, 0x0000, 0x0000, 0x0000, 0x0000,
    0x0000, 0x0000, 0x0000, 0x0000, 0x0000, 0x0000, 0x0000, 0x0000, 0x0000, 0x0000, 0x0000, 0x0000, 0x0000, 0x0000, 0x0000, 0x0000,
    0x0000, 0x0000, 0x0000, 0x0000, 0x0000, 0x0000, 0x0000, 0x0000, 0x0000, 0x0000, 0x0000, 0x0000, 0x0000, 0x0000, 0x0000, 0x0000,
    0x0000, 0x0000, 0x0000, 0x0000, 0x0000, 0x0000, 0x0000, 0x0000, 0x0000, 0x0000, 0x0000, 0x0000, 0x0000, 0x0000, 0x0000, 0x0000,
    0x0000, 0x0000, 0x0000, 0x0000, 0x0000, 0x0000, 0x0000, 0x0000, 0x0000, 0x0000, 0x0000, 0x0000, 0x0000, 0x0000, 0x0000, 0x0000,
    0x0009, 0x0018, 0x000D, 0x0016, 0x001F, 0x01BF, 0x00BF, 0x001F, 0x001F, 0x001F, 0x001F, 0x001F, 0x001F, 0x001F, 0x001F, 0x007E,
    0x0218, 0x019F, 0x0138, 0x023F, 0x001F, 0x001F, 0x001F, 0x001F, 0x001F, 0x001F, 0x001F, 0x0013, 0x0003, 0x0000, 0x0000, 0x0000,
    0x0000, 0x0000, 0x0000, 0x0000, 0x0000, 0x0000, 0x0000, 0x0000, 0x0000, 0x0000, 0x0000, 0x0000, 0x0000, 0x0000, 0x0000, 0x0000,
    0x0000, 0x0000, 0x0000, 0x0000, 0x0000, 0x0000, 0x0000, 0x0000, 0x0000, 0x0000, 0x0000, 0x0000, 0x0000, 0x0000, 0x0000, 0x0000,
    0x0010, 0x001F, 0x001F, 0x001F, 0x001F, 0x001F, 0x001F, 0x001F, 0x001F, 0x005E, 0x01D8, 0x001F, 0x001F, 0x00BD, 0x009D, 0x001F,
    0x001F, 0x001F, 0x001F, 0x001A, 0x0000, 0x0000, 0x0000, 0x0000, 0x0000, 0x0000, 0x0007, 0x0016, 0x001F, 0x001F, 0x001F, 0x001F,
    0x0199, 0x00BD, 0x001F, 0x001F, 0x001F, 0x001F, 0x001F, 0x011B, 0x007E, 0x001F, 0x001F, 0x001F, 0x001F, 0x001F, 0x001F, 0x001F,
    0x001F, 0x001F, 0x001F, 0x001F, 0x001F, 0x001F, 0x001F, 0x001F, 0x001F, 0x001F, 0x001F, 0x001F, 0x001F, 0x001F, 0x001F, 0x001F,
    0x001F, 0x001F, 0x001F, 0x001F, 0x001F, 0x001F, 0x001F, 0x001F, 0x001F, 0x001F, 0x001F, 0x001F, 0x001F, 0x001F, 0x001F, 0x001F,
    0x001F, 0x003E, 0x0158, 0x0215, 0x01D9, 0x0295, 0x0332, 0x0332, 0x0374, 0x0354, 0x0355, 0x0397, 0x0B99, 0x2318, 0x2358, 0x1B58,
    0x1B79, 0x139A, 0x139A, 0x1B9B, 0x1BBB, 0x1BDB, 0x1BDB, 0x23FB, 0x1BFB, 0x1BFC, 0x1BFC, 0x23FC, 0x1BFC, 0x1BFC, 0x1BFC, 0x1BFC,
    0x1C1D, 0x1C1D, 0x1C1D, 0x1C1E, 0x13FE, 0x13FE, 0x13FE, 0x13FE, 0x0BFE, 0x13DE, 0x13FE, 0x143E, 0x1C5F, 0x1C7F, 0x249E, 0x2CBE,
    0x2CFF, 0x351F, 0x3D3F, 0x3D5F, 0x457F, 0x4D9F, 0x4D9F, 0x559F, 0x55BF, 0x55BF, 0x55DF, 0x55BF, 0x55BF, 0x4D9F, 0x457F, 0x3D5E,
    0x3D3E, 0x3D3E, 0x3D3F, 0x353F, 0x34FE, 0x2CBE, 0x249E, 0x1C5E, 0x143E, 0x143E, 0x1C1E, 0x1C3E, 0x245E, 0x245E, 0x2C7E, 0x2C9E,
    0x349E, 0x349E, 0x349E, 0x349D, 0x349D, 0x349D, 0x349D, 0x349D, 0x349D, 0x349D, 0x349D, 0x349D, 0x349D, 0x347D, 0x347D, 0x347C,
    0x347C, 0x347C, 0x345C, 0x345B, 0x345B, 0x343B, 0x343B, 0x343B, 0x343A, 0x2C1A, 0x2C1B, 0x2C1B, 0x2BFB, 0x2BFA, 0x2BFA, 0x2BD9,
    0x2BD8, 0x23F8, 0x23D7, 0x23D8, 0x2BD8, 0x33D9, 0x33B8, 0x2317, 0x0B14, 0x0B34, 0x0373, 0x03B0, 0x0295, 0x01D8, 0x011B, 0x007E,
    0x001F, 0x001F, 0x001F, 0x001F, 0x001F, 0x001F, 0x001F, 0x001F, 0x001F, 0x001F, 0x001F, 0x001F, 0x001F, 0x001F, 0x001F, 0x001F,
    0x001F, 0x001F, 0x001F, 0x001F, 0x001F, 0x001F, 0x001F, 0x001F, 0x001B, 0x000A, 0x0000, 0x0000, 0x0000, 0x0000, 0x0000, 0x0000,
    0x0000, 0x0000, 0x0000, 0x0000, 0x0000, 0x0000, 0x0000, 0x0000, 0x0000, 0x0000, 0x0000, 0x0000, 0x0000, 0x0000, 0x0000, 0x0000,
    0x0000, 0x0000, 0x0000, 0x0000, 0x0000, 0x0006, 0x0017, 0x0017, 0x000C, 0x0000, 0x0000, 0x0000, 0x0000, 0x0000, 0x0000, 0x0000,
    0x0000, 0x0000, 0x0000, 0x0000, 0x0000, 0x0000, 0x0000, 0x0000, 0x0000, 0x0000, 0x0000, 0x0000, 0x0000, 0x0000, 0x0000, 0x0000,
    0x0000, 0x0000, 0x0000, 0x0000, 0x0000, 0x0000, 0x0000, 0x0000, 0x0000, 0x0000, 0x0000, 0x0000, 0x0000, 0x0000, 0x0000, 0x0000,
    0x0000, 0x0000, 0x0000, 0x0000, 0x0000, 0x0000, 0x0000, 0x0000, 0x0000, 0x0000, 0x0000, 0x0000, 0x0000, 0x0000, 0x0000, 0x0000,
    0x0000, 0x0000, 0x0000, 0x0000, 0x0000, 0x0000, 0x0000, 0x0000, 0x0000, 0x0000, 0x0000, 0x0000, 0x0000, 0x0000, 0x0000, 0x0000,
    0x0000, 0x0000, 0x0000, 0x0000, 0x0000, 0x0000, 0x0000, 0x0000, 0x0000, 0x0006, 0x0016, 0x0017, 0x000D, 0x0016, 0x001F, 0x01BF,
    0x00BF, 0x001F, 0x001F, 0x001F, 0x001F, 0x001F, 0x001F, 0x001F, 0x001F, 0x007E, 0x0218, 0x019F, 0x0138, 0x023F, 0x001F, 0x001F,
    0x001F, 0x001F, 0x001F, 0x001F, 0x001F, 0x003F, 0x00DE, 0x001A, 0x0010, 0x000A, 0x0002, 0x0000, 0x0000, 0x0000, 0x0000, 0x0000,
    0x0000, 0x0000, 0x0000, 0x0000, 0x0000, 0x0000, 0x0000, 0x0000, 0x0000, 0x0000, 0x0000, 0x0000, 0x0000, 0x0000, 0x0000, 0x0000,
    0x0000, 0x0000, 0x0000, 0x0000, 0x0000, 0x0000, 0x0000, 0x0000, 0x0003, 0x0014, 0x001F, 0x001F, 0x001F, 0x001F, 0x001F, 0x001F,
    0x001F, 0x001F, 0x001F, 0x005E, 0x01D8, 0x001F, 0x001F, 0x00BD, 0x009D, 0x001F, 0x001F, 0x001F, 0x001F, 0x001A, 0x0000, 0x0000,
    0x0000, 0x0000, 0x0000, 0x000C, 0x001E, 0x001F, 0x001F, 0x001F, 0x001F, 0x001F, 0x0199, 0x00BD, 0x001F, 0x001F, 0x001F, 0x001F,
    0x001F, 0x011B, 0x007E, 0x001F, 0x001F, 0x001F, 0x001F, 0x001F, 0x001F, 0x001F, 0x001F, 0x001F, 0x001F, 0x001F, 0x001F, 0x001F,
    0x001F, 0x001F, 0x001F, 0x001F, 0x001F, 0x001F, 0x001F, 0x001F, 0x001F, 0x001F, 0x001F, 0x001F, 0x001F, 0x001F, 0x001F, 0x001F,
    0x001F, 0x001F, 0x001F, 0x001F, 0x001F, 0x001F, 0x001F, 0x001F, 0x001F, 0x001F, 0x011B, 0x02D4, 0x0392, 0x0374, 0x0373, 0x0354,
    0x0394, 0x0396, 0x0B97, 0x0B78, 0x1BD9, 0x1BDA, 0x2379, 0x1B78, 0x139A, 0x139A, 0x139A, 0x1BBB, 0x1BBB, 0x1BBB, 0x1BDB, 0x1BDB,
    0x1BFC, 0x1BFC, 0x1BFC, 0x1BFC, 0x1C1C, 0x1C1D, 0x1BFD, 0x13DD, 0x13DD, 0x13DD, 0x0BDE, 0x141E, 0x1C5E, 0x249F, 0x2CBF, 0x34FF,
    0x455F, 0x4D9F, 0x55DF, 0x5E1F, 0x665F, 0x6E9F, 0x7EDF, 0x86FF, 0x971F, 0x971F, 0x973F, 0x973F, 0x973F, 0x8F1F, 0x971F, 0x971F,
    0x973F, 0x9F3F, 0x9F3F, 0x9F3F, 0x9F3F, 0x9F3F, 0x9F5F, 0xA75F, 0xB77F, 0xB77F, 0xB77F, 0xBF9F, 0xBFBF, 0xB7BF, 0xAF9F, 0xA77F,
    0x973F, 0x8EFF, 0x7EBF, 0x6E5F, 0x661F, 0x5DBF, 0x559F, 0x455F, 0x351F, 0x2CDE, 0x249E, 0x247E, 0x245E, 0x2C5E, 0x2C7E, 0x2C9E,
    0x349E, 0x349E, 0x34BE, 0x34BE, 0x34BE, 0x349D, 0x349D, 0x349D, 0x349D, 0x349D, 0x349D, 0x349D, 0x349D, 0x347C, 0x347C, 0x347C,
    0x345C, 0x345B, 0x345B, 0x345B, 0x345C, 0x343B, 0x2C1B, 0x2C1B, 0x2C1B, 0x2BFB, 0x2BFB, 0x2BFA, 0x2BFA, 0x2BD9, 0x23F8, 0x23F8,
    0x2BF9, 0x2BD9, 0x2BB9, 0x33B8, 0x2B98, 0x2BB6, 0x1355, 0x0B92, 0x0391, 0x02D4, 0x0256, 0x01B9, 0x003F, 0x001F, 0x001F, 0x001F,
    0x001F, 0x001F, 0x001F, 0x001F, 0x001F, 0x001F, 0x001F, 0x001F, 0x001F, 0x001F, 0x001F, 0x001F, 0x001F, 0x001F, 0x001F, 0x001F,
    0x001F, 0x001F, 0x001F, 0x001F, 0x0006, 0x0000, 0x0000, 0x0000, 0x0000, 0x0000, 0x0000, 0x0000, 0x0000, 0x0000, 0x0000, 0x0000,
    0x0000, 0x0000, 0x0000, 0x0000, 0x0000, 0x0000, 0x0000, 0x0000, 0x0000, 0x0000, 0x0000, 0x0000, 0x0000, 0x0000, 0x0000, 0x0011,
    0x001F, 0x001F, 0x001F, 0x0019, 0x0011, 0x0003, 0x0000, 0x0000, 0x0000, 0x0000, 0x0000, 0x0000, 0x0000, 0x0000, 0x0000, 0x0000,
    0x0000, 0x0000, 0x0000, 0x0000, 0x0000, 0x0000, 0x0000, 0x0000, 0x0000, 0x0000, 0x0000, 0x0000, 0x0000, 0x0000, 0x0000, 0x0000,
    0x0000, 0x0000, 0x0000, 0x0000, 0x0000, 0x0000, 0x0000, 0x0000, 0x0000, 0x0000, 0x0000, 0x0000, 0x0000, 0x0000, 0x0000, 0x0000,
    0x0000, 0x0000, 0x0000, 0x0000, 0x0000, 0x0000, 0x0000, 0x0000, 0x0000, 0x0000, 0x0000, 0x0000, 0x0000, 0x0000, 0x0000, 0x0000,
    0x0000, 0x0000, 0x0000, 0x0000, 0x0000, 0x0000, 0x0000, 0x0000, 0x0000, 0x0000, 0x0000, 0x0000, 0x0000, 0x0000, 0x0000, 0x0000,
    0x0000, 0x0003, 0x0010, 0x001F, 0x001F, 0x0016, 0x000C, 0x0016, 0x001F, 0x01BF, 0x00BF, 0x001F, 0x001F, 0x001F, 0x001F, 0x001F,
    0x001F, 0x001F, 0x001F, 0x007E, 0x0218, 0x019F, 0x0138, 0x023F, 0x001F, 0x001F, 0x001F, 0x001F, 0x001F, 0x001F, 0x001F, 0x003F,
    0x00FF, 0x001F, 0x001F, 0x001F, 0x001C, 0x0013, 0x000A, 0x0065, 0x0001, 0x0000, 0x0000, 0x0000, 0x0000, 0x0000, 0x0000, 0x0000,
    0x0000, 0x0000, 0x0000, 0x0000, 0x0000, 0x0000, 0x0000, 0x0000, 0x0000, 0x0000, 0x0000, 0x0000, 0x0000, 0x0000, 0x0000, 0x0000,
    0x0000, 0x0007, 0x003A, 0x001F, 0x001F, 0x001F, 0x001F, 0x001F, 0x001F, 0x001F, 0x001F, 0x001F, 0x001F, 0x005E, 0x01D8, 0x001F,
    0x001F, 0x00BD, 0x009D, 0x001F, 0x001F, 0x001F, 0x001F, 0x001A, 0x0000, 0x0000, 0x0000, 0x0002, 0x00B3, 0x003F, 0x001F, 0x001F,
    0x001F, 0x001F, 0x001F, 0x001F, 0x0199, 0x00BD, 0x001F, 0x001F, 0x001F, 0x001F, 0x001F, 0x011B, 0x007E, 0x001F, 0x001F, 0x001F,
    0x001F, 0x001F, 0x001F, 0x001F, 0x001F, 0x001F, 0x001F, 0x001F, 0x001F, 0x001F, 0x001F, 0x001F, 0x001F, 0x001F, 0x001F, 0x001F,
    0x001F, 0x001F, 0x001F, 0x001F, 0x001F, 0x001F, 0x001F, 0x001F, 0x001F, 0x001F, 0x001F, 0x001F, 0x001F, 0x001F, 0x001F, 0x001F,
    0x001F, 0x001F, 0x007E, 0x0237, 0x0353, 0x0375, 0x0398, 0x0359, 0x0378, 0x0B59, 0x1379, 0x2379, 0x2358, 0x1B78, 0x1B79, 0x1B99,
    0x139A, 0x139A, 0x139A, 0x139B, 0x13BB, 0x13BB, 0x1BBB, 0x13DC, 0x13DC, 0x13DC, 0x13DD, 0x13BD, 0x0BBD, 0x0BBE, 0x13DE, 0x141E,
    0x1C7F, 0x34FF, 0x455F, 0x55DF, 0x5E3F, 0x6E9F, 0x76DF, 0x7EDF, 0x769F, 0x6E5F, 0x661F, 0x55DF, 0x4DBF, 0x455F, 0x3D1F, 0x34DF,
    0x2C9F, 0x245E, 0x243E, 0x1C1E, 0x1C1E, 0x1C1E, 0x1BFE, 0x13DD, 0x13DD, 0x13DD, 0x13DD, 0x13DD, 0x13BD, 0x13BD, 0x13BD, 0x13DD,
    0x13FE, 0x1C1E, 0x1C3E, 0x245E, 0x2C9E, 0x2CBE, 0x34DE, 0x34FF, 0x3D1F, 0x457F, 0x55DF, 0x6E5F, 0x86DF, 0x9F1F, 0xAF7F, 0xC7DF,
    0xCFDF, 0xD7FF, 0xCFDF, 0xBFBF, 0xAF7F, 0x96FF, 0x765F, 0x5DDF, 0x455F, 0x34FF, 0x249E, 0x1C5E, 0x245E, 0x247E, 0x2C9E, 0x349E,
    0x34BE, 0x34BE, 0x34BE, 0x34BE, 0x34BE, 0x34BE, 0x349E, 0x349D, 0x349D, 0x347D, 0x347D, 0x347D, 0x347D, 0x347C, 0x347C, 0x347C,
    0x343C, 0x343B, 0x343B, 0x343B, 0x2C1B, 0x2C1B, 0x2C1A, 0x2BFA, 0x2BDA, 0x2BDA, 0x2BD9, 0x23F9, 0x23D8, 0x23F8, 0x23D7, 0x2BF7,
    0x33B8, 0x3BD8, 0x2376, 0x0B14, 0x0353, 0x0352, 0x0218, 0x01B9, 0x0199, 0x003F, 0x001F, 0x001F, 0x001F, 0x001F, 0x001F, 0x001F,
    0x001F, 0x001F, 0x001F, 0x001F, 0x001F, 0x001F, 0x001F, 0x001F, 0x001F, 0x001F, 0x001F, 0x001F, 0x001F, 0x001F, 0x001A, 0x0008,
    0x0000, 0x0000, 0x0000, 0x0000, 0x0000, 0x0000, 0x0000, 0x0000, 0x0000, 0x0000, 0x0000, 0x0000, 0x0000, 0x0000, 0x0000, 0x0000,
    0x0000, 0x0000, 0x0000, 0x0000, 0x0000, 0x0000, 0x0000, 0x0000, 0x0008, 0x001E, 0x001F, 0x001F, 0x001F, 0x001F, 0x001F, 0x001D,
    0x000B, 0x0000, 0x0000, 0x0000, 0x0000, 0x0000, 0x0000, 0x0000, 0x0000, 0x0000, 0x0000, 0x0000, 0x0000, 0x0000, 0x0000, 0x0000,
    0x0000, 0x0000, 0x0000, 0x0000, 0x0000, 0x0000, 0x0000, 0x0000, 0x0000, 0x0000, 0x0000, 0x0000, 0x0000, 0x0000, 0x0000, 0x0000,
    0x0000, 0x0000, 0x0000, 0x0000, 0x0000, 0x0000, 0x0000, 0x0000, 0x0000, 0x0000, 0x0000, 0x0000, 0x0000, 0x0000, 0x0000, 0x0000,
    0x0000, 0x0000, 0x0000, 0x0000, 0x0000, 0x0000, 0x0000, 0x0000, 0x0000, 0x0000, 0x0000, 0x0000, 0x0000, 0x0000, 0x0000, 0x0000,
    0x0000, 0x0000, 0x0000, 0x0000, 0x0000, 0x0000, 0x0000, 0x0000, 0x0000, 0x0000, 0x0008, 0x001D, 0x001F, 0x001F, 0x001F, 0x0016,
    0x000C, 0x0016, 0x001F, 0x01BF, 0x00BF, 0x001F, 0x001F, 0x001F, 0x001F, 0x001F, 0x001F, 0x001F, 0x001F, 0x007E, 0x0218, 0x019F,
    0x0138, 0x023F, 0x001F, 0x001F, 0x001F, 0x001F, 0x001F, 0x001F, 0x001F, 0x003F, 0x00FF, 0x001F, 0x001F, 0x001F, 0x001F, 0x001F,
    0x007F, 0x025D, 0x001B, 0x002E, 0x0021, 0x0000, 0x0000, 0x0000, 0x0000, 0x0000, 0x0000, 0x0000, 0x0000, 0x0000, 0x0000, 0x0000,
    0x0000, 0x0000, 0x0000, 0x0000, 0x0000, 0x0000, 0x0000, 0x0000, 0x0000, 0x0000, 0x0010, 0x003F, 0x007F, 0x001F, 0x001F, 0x001F,
    0x001F, 0x001F, 0x001F, 0x001F, 0x001F, 0x001F, 0x001F, 0x005E, 0x01D8, 0x001F, 0x001F, 0x00BD, 0x009D, 0x001F, 0x001F, 0x001F,
    0x001F, 0x001A, 0x0000, 0x0000, 0x000C, 0x005A, 0x011D, 0x003F, 0x001F, 0x001F, 0x001F, 0x001F, 0x001F, 0x001F, 0x0199, 0x00BD,
    0x001F, 0x001F, 0x001F, 0x001F, 0x001F, 0x011B, 0x007E, 0x001F, 0x001F, 0x001F, 0x001F, 0x001F, 0x001F, 0x001F, 0x001F, 0x001F,
    0x001F, 0x001F, 0x001F, 0x001F, 0x001F, 0x001F, 0x001F, 0x001F, 0x001F, 0x001F, 0x001F, 0x001F, 0x001F, 0x001F, 0x001F, 0x001F,
    0x001F, 0x001F, 0x001F, 0x001F, 0x001F, 0x001F, 0x001F, 0x001F, 0x003F, 0x00BD, 0x009D, 0x017A, 0x0313, 0x0373, 0x0397, 0x0319,
    0x0AF8, 0x1B18, 0x2357, 0x1B58, 0x1B79, 0x1399, 0x1379, 0x1B7A, 0x1BBA, 0x1BBA, 0x139A, 0x139B, 0x139B, 0x139C, 0x13BC, 0x0B9D,
    0x0B9D, 0x0B9D, 0x0BDE, 0x141E, 0x249E, 0x351F, 0x457F, 0x55FF, 0x5E1F, 0x561F, 0x561F, 0x5E1F, 0x5DFF, 0x4D9F, 0x453F, 0x34BE,
    0x245E, 0x1C1E, 0x13BD, 0x0B9D, 0x0B7C, 0x0B7C, 0x0B7C, 0x0B7C, 0x0B7C, 0x137B, 0x137B, 0x0B7B, 0x0B5B, 0x135B, 0x135B, 0x135B,
    0x135B, 0x135A, 0x135A, 0x135A, 0x0B3A, 0x0B3A, 0x0B3A, 0x0B3A, 0x135A, 0x135B, 0x137B, 0x137B, 0x137B, 0x137B, 0x137B, 0x137B,
    0x137C, 0x137C, 0x139C, 0x139C, 0x13BD, 0x13DD, 0x13DD, 0x1BFE, 0x1C3E, 0x249E, 0x2CDF, 0x3D1F, 0x4D7F, 0x65FF, 0x7E7F, 0x9EFF,
    0xAF7F, 0xB7BF, 0xBFDF, 0xBFBF, 0xB77F, 0x9EFF, 0x869F, 0x65FF, 0x457F, 0x2CFE, 0x249E, 0x247E, 0x247E, 0x2C7E, 0x2C9E, 0x349E,
    0x349E, 0x349E, 0x349E, 0x349D, 0x349D, 0x349D, 0x3C9D, 0x3C9D, 0x349D, 0x347D, 0x347D, 0x347C, 0x345C, 0x345C, 0x345B, 0x2C3B,
    0x2C3B, 0x2C3A, 0x2C1A, 0x2BDA, 0x2BDA, 0x2BDA, 0x2BBA, 0x2BDA, 0x2BD9, 0x23D8, 0x23B7, 0x2B98, 0x33B9, 0x3398, 0x3397, 0x2357,
    0x02F4, 0x03B1, 0x03D0, 0x0313, 0x017A, 0x007E, 0x001F, 0x001F, 0x001F, 0x001F, 0x001F, 0x001F, 0x001F, 0x001F, 0x001F, 0x001F,
    0x001F, 0x001F, 0x001F, 0x001F, 0x001F, 0x001F, 0x001F, 0x001F, 0x001F, 0x001F, 0x0012, 0x0000, 0x0000, 0x0000, 0x0000, 0x0000,
    0x0000, 0x0000, 0x0000, 0x0000, 0x0000, 0x0000, 0x0000, 0x0000, 0x0000, 0x0000, 0x0000, 0x0000, 0x0006, 0x0010, 0x0015, 0x0017,
    0x0017, 0x001B, 0x001F, 0x001F, 0x001F, 0x001F, 0x001F, 0x001F, 0x001F, 0x001F, 0x001F, 0x000E, 0x0000, 0x0000, 0x0000, 0x0000,
    0x0000, 0x0000, 0x0000, 0x0000, 0x0000, 0x0000, 0x0000, 0x0000, 0x0000, 0x0000, 0x0000, 0x0000, 0x0000, 0x0000, 0x0000, 0x0000,
    0x0000, 0x0000, 0x0000, 0x0000, 0x0000, 0x0000, 0x0000, 0x0000, 0x0000, 0x0000, 0x0000, 0x0000, 0x0000, 0x0000, 0x0000, 0x0000,
    0x0000, 0x0000, 0x0000, 0x0000, 0x0000, 0x0000, 0x0000, 0x0000, 0x0000, 0x0000, 0x0000, 0x0000, 0x0000, 0x0000, 0x0000, 0x0000,
    0x0000, 0x0000, 0x0000, 0x0000, 0x0000, 0x0000, 0x0000, 0x0000, 0x0000, 0x0000, 0x0000, 0x0000, 0x0000, 0x0002, 0x0008, 0x0008,
    0x0008, 0x0008, 0x000B, 0x0018, 0x0018, 0x001F, 0x001F, 0x001F, 0x001F, 0x0016, 0x000C, 0x0016, 0x001F, 0x01BF, 0x00BF, 0x001F,
    0x001F, 0x001F, 0x001F, 0x001F, 0x001F, 0x001F, 0x001F, 0x007E, 0x0218, 0x019F, 0x0138, 0x023F, 0x001F, 0x001F, 0x001F, 0x001F,
    0x001F, 0x001F, 0x001F, 0x003F, 0x00FF, 0x001F, 0x001F, 0x001F, 0x001F, 0x001F, 0x007F, 0x025E, 0x001F, 0x009F, 0x00D9, 0x0095,
    0x0011, 0x000B, 0x0003, 0x0000, 0x0000, 0x0000, 0x0000, 0x0000, 0x0000, 0x0000, 0x0000, 0x0000, 0x0000, 0x0000, 0x0000, 0x0000,
    0x0000, 0x0000, 0x0008, 0x0017, 0x001F, 0x003F, 0x007E, 0x001F, 0x001F, 0x001F, 0x001F, 0x001F, 0x001F, 0x001F, 0x001F, 0x001F,
    0x001F, 0x005E, 0x01D8, 0x001F, 0x001F, 0x00BD, 0x009D, 0x001F, 0x001F, 0x001F, 0x001F, 0x001A, 0x0002, 0x006F, 0x001F, 0x007F,
    0x011B, 0x003F, 0x001F, 0x001F, 0x001F, 0x001F, 0x001F, 0x001F, 0x0199, 0x00BD, 0x001F, 0x001F, 0x001F, 0x001F, 0x001F, 0x011B,
    0x007E, 0x001F, 0x001F, 0x001F, 0x001F, 0x001F, 0x001F, 0x001F, 0x001F, 0x001F, 0x001F, 0x001F, 0x001F, 0x001F, 0x001F, 0x001F,
    0x001F, 0x001F, 0x001F, 0x001F, 0x001F, 0x001F, 0x001F, 0x001F, 0x001F, 0x001F, 0x001F, 0x001F, 0x001F, 0x001F, 0x001F, 0x001F,
    0x003F, 0x00FC, 0x011B, 0x015A, 0x02D4, 0x0391, 0x0375, 0x0358, 0x0B18, 0x12F8, 0x1B58, 0x1B59, 0x1379, 0x137A, 0x139A, 0x139A,
    0x139A, 0x139A, 0x13BB, 0x13BB, 0x13BC, 0x0B9D, 0x0B9D, 0x0BDE, 0x1C3E, 0x2CBF, 0x3D3F, 0x459F, 0x4DDF, 0x561F, 0x5E3F, 0x5DFF,
    0x4D9F, 0x3D1F, 0x247E, 0x1C1E, 0x13BD, 0x0B7C, 0x0B5C, 0x0B5C, 0x0B5C, 0x0B3B, 0x0B5B, 0x135B, 0x135A, 0x135A, 0x135A, 0x135A,
    0x135A, 0x135A, 0x135A, 0x135A, 0x135A, 0x135A, 0x135A, 0x135A, 0x135A, 0x135A, 0x133A, 0x1339, 0x1339, 0x1339, 0x1339, 0x0B39,
    0x0B39, 0x0B39, 0x1339, 0x1339, 0x1339, 0x1339, 0x1339, 0x1339, 0x133A, 0x135A, 0x135A, 0x137A, 0x137B, 0x137B, 0x137B, 0x137B,
    0x137B, 0x137B, 0x137B, 0x137B, 0x137C, 0x139C, 0x139C, 0x0B9D, 0x13BD, 0x13FD, 0x1C5E, 0x2CBE, 0x3D3F, 0x5DDF, 0x7E5F, 0x96FF,
    0xB77F, 0xC7BF, 0xC7DF, 0xBF9F, 0xA73F, 0x869F, 0x65FF, 0x457F, 0x2D1F, 0x24BF, 0x247E, 0x2C9E, 0x349E, 0x349E, 0x349E, 0x34BE,
    0x3CBE, 0x3CBE, 0x3CBE, 0x349D, 0x349D, 0x347D, 0x347D, 0x347D, 0x345C, 0x345C, 0x345C, 0x2C3C, 0x2C3C, 0x2C1B, 0x2C1B, 0x2BFA,
    0x2BFA, 0x2BFA, 0x2BFA, 0x23B9, 0x23B8, 0x23B7, 0x23B8, 0x23B8, 0x2BB7, 0x3378, 0x2B78, 0x2337, 0x1336, 0x0B92, 0x0391, 0x0313,
    0x0199, 0x00FC, 0x001F, 0x001F, 0x001F, 0x001F, 0x001F, 0x001F, 0x001F, 0x001F, 0x001F, 0x001F, 0x001F, 0x001F, 0x001F, 0x001F,
    0x001F, 0x001F, 0x001F, 0x001F, 0x001F, 0x0015, 0x0002, 0x0000, 0x0000, 0x0000, 0x0000, 0x0000, 0x0000, 0x0000, 0x0000, 0x0000,
    0x0000, 0x0000, 0x0000, 0x0000, 0x0000, 0x0009, 0x001F, 0x001F, 0x001F, 0x001F, 0x001F, 0x001F, 0x001F, 0x001F, 0x001F, 0x001F,
    0x001F, 0x001F, 0x001F, 0x001F, 0x001F, 0x001F, 0x000D, 0x0000, 0x0000, 0x0000, 0x0000, 0x0000, 0x0000, 0x0000, 0x0000, 0x0000,
    0x0000, 0x0000, 0x0000, 0x0000, 0x0000, 0x0000, 0x0000, 0x0000, 0x0000, 0x0000, 0x0000, 0x0000, 0x0000, 0x0000, 0x0000, 0x0000,
    0x0000, 0x0000, 0x0000, 0x0000, 0x0000, 0x0000, 0x0000, 0x0000, 0x0000, 0x0000, 0x0000, 0x0000, 0x0000, 0x0000, 0x0000, 0x0000,
    0x0000, 0x0000, 0x0000, 0x0000, 0x0000, 0x0000, 0x0000, 0x0000, 0x0000, 0x0000, 0x0000, 0x0000, 0x0000, 0x0000, 0x0000, 0x0000,
    0x0000, 0x0000, 0x0000, 0x0000, 0x0000, 0x0000, 0x0002, 0x0018, 0x001F, 0x001F, 0x001F, 0x001F, 0x001F, 0x001F, 0x0018, 0x001F,
    0x001F, 0x001F, 0x001F, 0x0016, 0x000C, 0x0016, 0x001F, 0x01BF, 0x00BF, 0x001F, 0x001F, 0x001F, 0x001F, 0x001F, 0x001F, 0x001F,
    0x001F, 0x007E, 0x0218, 0x019F, 0x0138, 0x023F, 0x001F, 0x001F, 0x001F, 0x001F, 0x001F, 0x001F, 0x001F, 0x003F, 0x00FF, 0x001F,
    0x001F, 0x001F, 0x001F, 0x001F, 0x007F, 0x025D, 0x001F, 0x009D, 0x00DE, 0x00DF, 0x001F, 0x001F, 0x001E, 0x0015, 0x000B, 0x0004,
    0x0001, 0x0000, 0x0000, 0x0000, 0x0000, 0x0000, 0x0000, 0x0000, 0x0000, 0x0000, 0x0000, 0x000C, 0x001E, 0x001F, 0x001F, 0x003F,
    0x007E, 0x001F, 0x001F, 0x001F, 0x001F, 0x001F, 0x001F, 0x001F, 0x001F, 0x001F, 0x001F, 0x005E, 0x01D8, 0x001F, 0x001F, 0x00BD,
    0x009D, 0x001F, 0x001F, 0x001F, 0x001F, 0x001A, 0x0018, 0x00FE, 0x003F, 0x005E, 0x011B, 0x003F, 0x001F, 0x001F, 0x001F, 0x001F,
    0x001F, 0x001F, 0x0199, 0x00BD, 0x001F, 0x001F, 0x001F, 0x001F, 0x001F, 0x011B, 0x007E, 0x001F, 0x001F, 0x001F, 0x001F, 0x001F,
    0x001F, 0x001F, 0x001F, 0x001F, 0x001F, 0x001F, 0x001F, 0x001F, 0x001F, 0x001F, 0x001F, 0x001F, 0x001F, 0x001F, 0x001F, 0x001F,
    0x001F, 0x001F, 0x001F, 0x001F, 0x001F, 0x001F, 0x001F, 0x001F, 0x001F, 0x001F, 0x01D8, 0x03B0, 0x0352, 0x0314, 0x0355, 0x0318,
    0x0B39, 0x1318, 0x1B38, 0x1359, 0x139A, 0x137A, 0x139A, 0x139B, 0x139B, 0x13BB, 0x139B, 0x0B7C, 0x0B9D, 0x13DD, 0x1C3E, 0x2CBF,
    0x3D5F, 0x4DFF, 0x5E3F, 0x5E1F, 0x4D9F, 0x34DF, 0x243E, 0x13DD, 0x0B9D, 0x0B5C, 0x0B5C, 0x0B5C, 0x0B5B, 0x0B5B, 0x0B5A, 0x135A,
    0x135A, 0x135B, 0x137B, 0x135B, 0x135A, 0x135A, 0x135A, 0x135A, 0x135A, 0x135A, 0x135A, 0x135A, 0x135A, 0x135A, 0x135A, 0x135A,
    0x135A, 0x135A, 0x135A, 0x1339, 0x1339, 0x1339, 0x1339, 0x1339, 0x1339, 0x0B19, 0x0B19, 0x0B19, 0x0B19, 0x0B19, 0x0B19, 0x0B19,
    0x1319, 0x1319, 0x1339, 0x1339, 0x1339, 0x1339, 0x133A, 0x133A, 0x133A, 0x135A, 0x135A, 0x135A, 0x135A, 0x135A, 0x135A, 0x135A,
    0x137A, 0x137B, 0x137B, 0x137B, 0x139C, 0x139C, 0x137C, 0x139D, 0x13BD, 0x13DE, 0x1C3E, 0x2CBE, 0x457F, 0x6E3F, 0x96DF, 0xBF9F,
    0xD7FF, 0xDFFF, 0xCFDF, 0xA75F, 0x6E5F, 0x457F, 0x2CDF, 0x249E, 0x247E, 0x2C7E, 0x349E, 0x34BE, 0x34BE, 0x34BE, 0x349E, 0x349D,
    0x349D, 0x349D, 0x349D, 0x347D, 0x347D, 0x345D, 0x345D, 0x2C5C, 0x2C5C, 0x2C1B, 0x2C1B, 0x2C3A, 0x2C3B, 0x2C1B, 0x2BFB, 0x23BA,
    0x23B9, 0x2BD9, 0x23B9, 0x23B8, 0x2B98, 0x2B98, 0x3397, 0x3398, 0x2357, 0x1354, 0x0B93, 0x0332, 0x02B5, 0x00FC, 0x001F, 0x001F,
    0x001F, 0x001F, 0x001F, 0x001F, 0x001F, 0x001F, 0x001F, 0x001F, 0x001F, 0x001F, 0x001F, 0x001F, 0x001F, 0x001F, 0x001F, 0x001F,
    0x0016, 0x0003, 0x0000, 0x0000, 0x0000, 0x0000, 0x0000, 0x0000, 0x0000, 0x0000, 0x0000, 0x0000, 0x0003, 0x0008, 0x0011, 0x001F,
    0x001F, 0x001F, 0x001F, 0x001F, 0x001F, 0x001F, 0x001F, 0x001F, 0x001F, 0x001F, 0x001F, 0x001F, 0x001F, 0x001F, 0x001F, 0x001F,
    0x0019, 0x0000, 0x0000, 0x0000, 0x0000, 0x0000, 0x0000, 0x0000, 0x0000, 0x0000, 0x0000, 0x0000, 0x0000, 0x0000, 0x0000, 0x0000,
    0x0000, 0x0000, 0x0000, 0x0000, 0x0000, 0x0000, 0x0000, 0x0000, 0x0000, 0x0000, 0x0000, 0x0000, 0x0000, 0x0000, 0x0000, 0x0000,
    0x0000, 0x0000, 0x0000, 0x0000, 0x0000, 0x0000, 0x0000, 0x0000, 0x0000, 0x0000, 0x0000, 0x0000, 0x0000, 0x0000, 0x0000, 0x0000,
    0x0000, 0x0000, 0x0000, 0x0000, 0x0000, 0x0000, 0x0000, 0x0000, 0x0000, 0x0000, 0x0000, 0x0000, 0x0000, 0x0000, 0x0000, 0x0002,
    0x0019, 0x001F, 0x001F, 0x001F, 0x001F, 0x001F, 0x001F, 0x001F, 0x0018, 0x001F, 0x001F, 0x001F, 0x001F, 0x0016, 0x000C, 0x0016,
    0x001F, 0x01BF, 0x00BF, 0x001F, 0x001F, 0x001F, 0x001F, 0x001F, 0x001F, 0x001F, 0x001F, 0x007E, 0x0218, 0x019F, 0x0138, 0x023F,
    0x001F, 0x001F, 0x001F, 0x001F, 0x001F, 0x001F, 0x001F, 0x003F, 0x00FF, 0x001F, 0x001F, 0x001F, 0x001F, 0x001F, 0x007F, 0x025D,
    0x001F, 0x009D, 0x00DD, 0x00DF, 0x001F, 0x001F, 0x001F, 0x001F, 0x001F, 0x001F, 0x001C, 0x0010, 0x0023, 0x0001, 0x0000, 0x0000,
    0x0000, 0x0000, 0x0000, 0x0001, 0x0091, 0x001F, 0x001F, 0x001F, 0x001F, 0x003F, 0x007E, 0x001F, 0x001F, 0x001F, 0x001F, 0x001F,
    0x001F, 0x001F, 0x001F, 0x001F, 0x001F, 0x005E, 0x01D8, 0x001F, 0x001F, 0x00BD, 0x009D, 0x001F, 0x001F, 0x001F, 0x001F, 0x001A,
    0x001F, 0x00FC, 0x003F, 0x005E, 0x011B, 0x003F, 0x001F, 0x001F, 0x001F, 0x001F, 0x001F, 0x001F, 0x0199, 0x00BD, 0x001F, 0x001F,
    0x001F, 0x001F, 0x001F, 0x011B, 0x007E, 0x001F, 0x001F, 0x001F, 0x001F, 0x001F, 0x001F, 0x001F, 0x001F, 0x001F, 0x001F, 0x001F,
    0x001F, 0x001F, 0x001F, 0x001F, 0x001F, 0x001F, 0x001F, 0x001F, 0x001F, 0x001F, 0x001F, 0x001F, 0x001F, 0x001F, 0x001F, 0x001F,
    0x001F, 0x001F, 0x003F, 0x0256, 0x0392, 0x0355, 0x0357, 0x0B18, 0x1318, 0x1339, 0x1359, 0x1379, 0x137A, 0x139A, 0x13BB, 0x139B,
    0x0B7B, 0x0B9C, 0x0B9D, 0x13DE, 0x245E, 0x351F, 0x4DBF, 0x4DDF, 0x459F, 0x3D3F, 0x2C9E, 0x1C1D, 0x139D, 0x0B7C, 0x0B5C, 0x0B5B,
    0x0B5B, 0x0B5A, 0x135A, 0x135A, 0x135A, 0x135A, 0x1339, 0x0B39, 0x0B19, 0x0B18, 0x0AF8, 0x0AF8, 0x0AF8, 0x0AD7, 0x0AD7, 0x0AD7,
    0x0AD7, 0x0AD7, 0x0AD7, 0x0AD7, 0x0AF8, 0x0AF8, 0x0AF8, 0x0B18, 0x0B19, 0x0B39, 0x1359, 0x135A, 0x135A, 0x1359, 0x1359, 0x1359,
    0x1359, 0x1339, 0x1339, 0x0B19, 0x0B18, 0x0AF8, 0x0AF8, 0x0AF8, 0x0B18, 0x0B18, 0x0B18, 0x0B19, 0x0B19, 0x0B19, 0x0B19, 0x0B19,
    0x0B19, 0x0B19, 0x0B19, 0x1319, 0x1339, 0x1339, 0x0B39, 0x0B39, 0x0B39, 0x133A, 0x135A, 0x133A, 0x135A, 0x135A, 0x135A, 0x135A,
    0x135A, 0x135A, 0x137B, 0x137B, 0x139C, 0x139C, 0x139C, 0x13BD, 0x13FD, 0x1C3E, 0x34DF, 0x4D7F, 0x6E3F, 0x971F, 0xBFBF, 0xD7FF,
    0xD7DF, 0xB75F, 0x7EBF, 0x55BF, 0x34FF, 0x249E, 0x247E, 0x2C5E, 0x2C7E, 0x349E, 0x349E, 0x349E, 0x349E, 0x349E, 0x349D, 0x349D,
    0x347D, 0x347D, 0x347D, 0x345D, 0x2C5C, 0x2C3C, 0x2C3B, 0x2C3B, 0x2C3B, 0x2C1A, 0x2C1B, 0x2BFA, 0x23FA, 0x2BDA, 0x2BB9, 0x23B8,
    0x1B98, 0x2397, 0x33B9, 0x33B9, 0x3398, 0x2B57, 0x1374, 0x0352, 0x0332, 0x015A, 0x00DC, 0x001F, 0x003F, 0x005E, 0x001F, 0x001F,
    0x001F, 0x001F, 0x001F, 0x001F, 0x001F, 0x001F, 0x001F, 0x001F, 0x001F, 0x001F, 0x001F, 0x001C, 0x000A, 0x0000, 0x0000, 0x0000,
    0x0000, 0x0000, 0x0003, 0x0012, 0x001A, 0x001A, 0x001E, 0x001F, 0x001F, 0x001F, 0x001F, 0x001F, 0x001F, 0x001F, 0x001F, 0x001F,
    0x001F, 0x001F, 0x001F, 0x001F, 0x001F, 0x001F, 0x001F, 0x001F, 0x001F, 0x001F, 0x0018, 0x0000, 0x0000, 0x0000, 0x0000, 0x0000,
    0x0000, 0x0000, 0x0000, 0x0000, 0x0000, 0x0000, 0x0000, 0x0000, 0x0000, 0x0000, 0x0000, 0x0000, 0x0000, 0x0000, 0x0000, 0x0000,
    0x0000, 0x0000, 0x0000, 0x0000, 0x0000, 0x0000, 0x0000, 0x0000, 0x0000, 0x0000, 0x0000, 0x0000, 0x0000, 0x0000, 0x0000, 0x0000,
    0x0000, 0x0000, 0x0000, 0x0000, 0x0000, 0x0000, 0x0000, 0x0000, 0x0000, 0x0000, 0x0000, 0x0000, 0x0000, 0x0000, 0x0000, 0x0000,
    0x0000, 0x0000, 0x0000, 0x0000, 0x0000, 0x0000, 0x0000, 0x0000, 0x0002, 0x0018, 0x001F, 0x001F, 0x001F, 0x001F, 0x001F, 0x001F,
    0x001F, 0x001F, 0x0018, 0x001F, 0x001F, 0x001F, 0x001F, 0x0016, 0x000C, 0x0016, 0x001F, 0x01BF, 0x00BF, 0x001F, 0x001F, 0x001F,
    0x001F, 0x001F, 0x001F, 0x001F, 0x001F, 0x007E, 0x0218, 0x019F, 0x0138, 0x023F, 0x001F, 0x001F, 0x001F, 0x001F, 0x001F, 0x001F,
    0x001F, 0x003F, 0x00FF, 0x001F, 0x001F, 0x001F, 0x001F, 0x001F, 0x007F, 0x025D, 0x001F, 0x009D, 0x00DD, 0x00DF, 0x001F, 0x001F,
    0x001F, 0x001F, 0x001F, 0x001F, 0x001F, 0x003F, 0x0075, 0x001C, 0x0018, 0x0010, 0x0003, 0x0000, 0x0005, 0x001A, 0x011D, 0x001F,
    0x001F, 0x001F, 0x001F, 0x003F, 0x007E, 0x001F, 0x001F, 0x001F, 0x001F, 0x001F, 0x001F, 0x001F, 0x001F, 0x001F, 0x001F, 0x005E,
    0x01D8, 0x001F, 0x001F, 0x00BD, 0x009D, 0x001F, 0x001F, 0x001F, 0x001F, 0x001A, 0x001F, 0x00FC, 0x003F, 0x005E, 0x011B, 0x003F,
    0x001F, 0x001F, 0x001F, 0x001F, 0x001F, 0x001F, 0x0199, 0x00BD, 0x001F, 0x001F, 0x001F, 0x001F, 0x001F, 0x011B, 0x007E, 0x001F,
    0x001F, 0x001F, 0x001F, 0x001F, 0x001F, 0x001F, 0x001F, 0x001F, 0x001F, 0x001F, 0x001F, 0x001F, 0x001F, 0x001F, 0x001F, 0x001F,
    0x001F, 0x001F, 0x001F, 0x001F, 0x001F, 0x001F, 0x001F, 0x001F, 0x001F, 0x001F, 0x001F, 0x009D, 0x0237, 0x0372, 0x0316, 0x0359,
    0x0B19, 0x1359, 0x1379, 0x139A, 0x139A, 0x137B, 0x0B7B, 0x0B7C, 0x0B9D, 0x13FE, 0x249E, 0x351F, 0x353F, 0x355F, 0x3D7F, 0x3D3E,
    0x247E, 0x13DD, 0x0B7D, 0x0B5C, 0x0B5B, 0x0B3A, 0x0B39, 0x0B19, 0x0B18, 0x0AF8, 0x0AF7, 0x0AD7, 0x0AB6, 0x0A96, 0x0295, 0x0275,
    0x0254, 0x0254, 0x0254, 0x0254, 0x0234, 0x0234, 0x0233, 0x0233, 0x0234, 0x0234, 0x0234, 0x0233, 0x0233, 0x0233, 0x0233, 0x0233,
    0x0234, 0x0234, 0x0234, 0x0254, 0x0254, 0x0255, 0x0275, 0x0A95, 0x0AB6, 0x0AD7, 0x0AD7, 0x0AD7, 0x0AF7, 0x0AF7, 0x0AF8, 0x0B18,
    0x1339, 0x1339, 0x1339, 0x1319, 0x0B19, 0x1318, 0x0B18, 0x1318, 0x0B18, 0x0B18, 0x0B18, 0x0B18, 0x0B19, 0x0B19, 0x0B19, 0x0B19,
    0x0B19, 0x0B19, 0x0B39, 0x0B39, 0x0B39, 0x0B39, 0x1339, 0x1339, 0x1339, 0x1339, 0x1339, 0x1339, 0x133A, 0x135A, 0x135A, 0x135A,
    0x137B, 0x137B, 0x137B, 0x137B, 0x139C, 0x139C, 0x13BD, 0x141E, 0x2CBE, 0x4D7F, 0x765F, 0xA6FF, 0xC79F, 0xCFFF, 0xC7DF, 0xA71F,
    0x7E5F, 0x4D9E, 0x2CDE, 0x247E, 0x2C7E, 0x349E, 0x349E, 0x349E, 0x349E, 0x349E, 0x349E, 0x349D, 0x349D, 0x347D, 0x347D, 0x347D,
    0x347C, 0x345C, 0x345C, 0x2C3B, 0x2C3B, 0x2C3A, 0x2C1A, 0x2BFB, 0x2BDA, 0x2BD9, 0x23BA, 0x23D8, 0x23B8, 0x23D8, 0x2BB8, 0x33B9,
    0x3398, 0x2356, 0x1393, 0x0372, 0x0332, 0x0256, 0x01F8, 0x01F7, 0x007E, 0x001F, 0x001F, 0x001F, 0x001F, 0x001F, 0x001F, 0x001F,
    0x001F, 0x001F, 0x001F, 0x001F, 0x001F, 0x001F, 0x001F, 0x000E, 0x0006, 0x0007, 0x000C, 0x0013, 0x001E, 0x001F, 0x001F, 0x001F,
    0x001F, 0x001F, 0x001F, 0x001F, 0x001F, 0x001F, 0x001F, 0x001F, 0x001F, 0x001F, 0x001F, 0x001F, 0x001F, 0x001F, 0x001F, 0x001F,
    0x001F, 0x001F, 0x001F, 0x001F, 0x0018, 0x0000, 0x0000, 0x0000, 0x0000, 0x0000, 0x0000, 0x0000, 0x0000, 0x0000, 0x0000, 0x0000,
    0x0000, 0x0000, 0x0000, 0x0000, 0x0000, 0x0000, 0x0000, 0x0000, 0x0000, 0x0000, 0x0000, 0x0000, 0x0000, 0x0000, 0x0000, 0x0000,
    0x0000, 0x0000, 0x0000, 0x0000, 0x0000, 0x0000, 0x0000, 0x0000, 0x0000, 0x0000, 0x0000, 0x0000, 0x0000, 0x0000, 0x0000, 0x0000,
    0x0000, 0x0000, 0x0000, 0x0000, 0x0000, 0x0000, 0x0000, 0x0000, 0x0000, 0x0000, 0x0000, 0x0000, 0x0000, 0x0000, 0x0000, 0x0000,
    0x0000, 0x0002, 0x0016, 0x001F, 0x001F, 0x001F, 0x001F, 0x001F, 0x001F, 0x001F, 0x001F, 0x001F, 0x0018, 0x001F, 0x001F, 0x001F,
    0x001F, 0x0016, 0x000C, 0x0016, 0x001F, 0x01BF, 0x00BF, 0x001F, 0x001F, 0x001F, 0x001F, 0x001F, 0x001F, 0x001F, 0x001F, 0x007E,
    0x0218, 0x019F, 0x0138, 0x023F, 0x001F, 0x001F, 0x001F, 0x001F, 0x001F, 0x001F, 0x001F, 0x003F, 0x00FF, 0x001F, 0x001F, 0x001F,
    0x001F, 0x001F, 0x007F, 0x025D, 0x001F, 0x009D, 0x00DD, 0x00DF, 0x001F, 0x001F, 0x001F, 0x001F, 0x001F, 0x001F, 0x001F, 0x003F,
    0x0076, 0x001F, 0x001F, 0x001F, 0x001C, 0x0016, 0x001D, 0x001F, 0x011B, 0x001F, 0x001F, 0x001F, 0x001F, 0x003F, 0x007E, 0x001F,
    0x001F, 0x001F, 0x001F, 0x001F, 0x001F, 0x001F, 0x001F, 0x001F, 0x001F, 0x005E, 0x01D8, 0x001F, 0x001F, 0x00BD, 0x009D, 0x001F,
    0x001F, 0x001F, 0x001F, 0x001A, 0x001F, 0x00FC, 0x003F, 0x005E, 0x011B, 0x003F, 0x001F, 0x001F, 0x001F, 0x001F, 0x001F, 0x001F,
    0x0199, 0x00BD, 0x001F, 0x001F, 0x001F, 0x001F, 0x001F, 0x011B, 0x007E, 0x001F, 0x001F, 0x001F, 0x001F, 0x001F, 0x001F, 0x001F,
    0x001F, 0x001F, 0x001F, 0x001F, 0x001F, 0x001F, 0x001F, 0x001F, 0x001F, 0x001F, 0x001F, 0x001F, 0x001F, 0x001F, 0x001F, 0x001F,
    0x001F, 0x001F, 0x005E, 0x00BC, 0x01B9, 0x0353, 0x0336, 0x0318, 0x0B39, 0x0B59, 0x1379, 0x139A, 0x137A, 0x0B7B, 0x0B7C, 0x13BD,
    0x1C3E, 0x24BF, 0x3D3F, 0x4DBF, 0x459F, 0x34DE, 0x1C1E, 0x139C, 0x0B5B, 0x0B3A, 0x0B1A, 0x0B19, 0x0AF8, 0x0AD7, 0x0AB6, 0x0275,
    0x0254, 0x0254, 0x0254, 0x0234, 0x0254, 0x0254, 0x0234, 0x0234, 0x0254, 0x0254, 0x0254, 0x0254, 0x0254, 0x0254, 0x0254, 0x0254,
    0x0254, 0x0254, 0x0254, 0x0254, 0x0234, 0x0234, 0x0233, 0x0233, 0x0234, 0x0234, 0x0234, 0x0234, 0x0234, 0x0233, 0x0233, 0x0233,
    0x0233, 0x0233, 0x0233, 0x0233, 0x0233, 0x0233, 0x0233, 0x0233, 0x0233, 0x0254, 0x0275, 0x0A95, 0x0AD6, 0x0AF7, 0x12F8, 0x1318,
    0x1319, 0x1339, 0x1339, 0x1339, 0x1319, 0x1318, 0x1318, 0x1318, 0x1318, 0x1318, 0x1318, 0x1318, 0x1319, 0x1319, 0x1319, 0x1319,
    0x1319, 0x0B19, 0x0B19, 0x0B19, 0x0B19, 0x0B19, 0x0B19, 0x1339, 0x1339, 0x0B39, 0x0B3A, 0x135A, 0x135A, 0x135A, 0x135A, 0x137A,
    0x137B, 0x137B, 0x137C, 0x139C, 0x13BD, 0x13FE, 0x247E, 0x3D3F, 0x765F, 0xAF3F, 0xD7BF, 0xDFFF, 0xBFBF, 0x8EFF, 0x5DFF, 0x3D1F,
    0x249E, 0x245E, 0x2C7E, 0x34BE, 0x34BE, 0x34BE, 0x34BE, 0x34BE, 0x349E, 0x349D, 0x349D, 0x349D, 0x349D, 0x345C, 0x345C, 0x343C,
    0x2C3C, 0x2C1B, 0x2BFB, 0x2BFA, 0x2BDA, 0x2BDA, 0x23D9, 0x23B8, 0x23D7, 0x23B8, 0x2BB9, 0x3398, 0x3BD9, 0x3398, 0x2357, 0x0B73,
    0x03D0, 0x0391, 0x0371, 0x013B, 0x001F, 0x001F, 0x001F, 0x001F, 0x001F, 0x001F, 0x001F, 0x001F, 0x001F, 0x001F, 0x001F, 0x001F,
    0x001F, 0x001F, 0x001F, 0x001F, 0x001F, 0x001F, 0x001F, 0x001F, 0x001F, 0x001F, 0x001F, 0x001F, 0x001F, 0x001F, 0x001F, 0x001F,
    0x001F, 0x001F, 0x001F, 0x001F, 0x001F, 0x001F, 0x001F, 0x001F, 0x001F, 0x001F, 0x001F, 0x001F, 0x001F, 0x001F, 0x0018, 0x0000,
    0x0000, 0x0000, 0x0000, 0x0000, 0x0000, 0x0000, 0x0000, 0x0000, 0x0000, 0x0000, 0x0000, 0x0000, 0x0000, 0x0000, 0x0000, 0x0000,
    0x0000, 0x0000, 0x0000, 0x0000, 0x0000, 0x0000, 0x0000, 0x0000, 0x0000, 0x0000, 0x0000, 0x0000, 0x0000, 0x0000, 0x0000, 0x0000,
    0x0000, 0x0000, 0x0000, 0x0000, 0x0000, 0x0000, 0x0000, 0x0000, 0x0000, 0x0000, 0x0000, 0x0000, 0x0000, 0x0000, 0x0000, 0x0000,
    0x0000, 0x0000, 0x0000, 0x0000, 0x0000, 0x0000, 0x0000, 0x0000, 0x0000, 0x0000, 0x0001, 0x0019, 0x001F, 0x001F, 0x001F, 0x001F,
    0x001F, 0x001F, 0x001F, 0x001F, 0x001F, 0x001F, 0x0018, 0x001F, 0x001F, 0x001F, 0x001F, 0x0016, 0x000C, 0x0016, 0x001F, 0x01BF,
    0x00BF, 0x001F, 0x001F, 0x001F, 0x001F, 0x001F, 0x001F, 0x001F, 0x001F, 0x007E, 0x0218, 0x019F, 0x0138, 0x023F, 0x001F, 0x001F,
    0x001F, 0x001F, 0x001F, 0x001F, 0x001F, 0x003F, 0x00FF, 0x001F, 0x001F, 0x001F, 0x001F, 0x001F, 0x007F, 0x025D, 0x001F, 0x009D,
    0x00DD, 0x00DF, 0x001F, 0x001F, 0x001F, 0x001F, 0x001F, 0x001F, 0x001F, 0x003F, 0x0076, 0x001F, 0x001F, 0x001F, 0x001F, 0x001F,
    0x001F, 0x001F, 0x011B, 0x001F, 0x001F, 0x001F, 0x001F, 0x003F, 0x007E, 0x001F, 0x001F, 0x001F, 0x001F, 0x001F, 0x001F, 0x001F,
    0x001F, 0x001F, 0x001F, 0x005E, 0x01D8, 0x001F, 0x001F, 0x00BD, 0x009D, 0x001F, 0x001F, 0x001F, 0x001F, 0x001A, 0x001F, 0x00FC,
    0x003F, 0x005E, 0x011B, 0x003F, 0x001F, 0x001F, 0x001F, 0x001F, 0x001F, 0x001F, 0x0199, 0x00BD, 0x001F, 0x001F, 0x001F, 0x001F,
    0x001F, 0x011B, 0x007E, 0x001F, 0x001F, 0x001F, 0x001F, 0x001F, 0x001F, 0x001F, 0x001F, 0x001F, 0x001F, 0x001F, 0x001F, 0x001F,
    0x001F, 0x001F, 0x001F, 0x001F, 0x001F, 0x001F, 0x001F, 0x001F, 0x001F, 0x009D, 0x01B8, 0x0295, 0x02F5, 0x0336, 0x0337, 0x0B38,
    0x0B39, 0x0B59, 0x0B7A, 0x0B7A, 0x0B5B, 0x0B7C, 0x13BD, 0x1C5E, 0x353F, 0x45BF, 0x3D7F, 0x249F, 0x1C1E, 0x0B9C, 0x0B3B, 0x0AFA,
    0x0AD8, 0x0AB6, 0x0295, 0x0275, 0x0255, 0x0254, 0x0234, 0x0234, 0x0234, 0x0234, 0x0254, 0x0254, 0x0254, 0x0254, 0x0254, 0x0254,
    0x0234, 0x0234, 0x0233, 0x0234, 0x0254, 0x0234, 0x0233, 0x0254, 0x0254, 0x0233, 0x0233, 0x0234, 0x0233, 0x0233, 0x0233, 0x0233,
    0x0233, 0x0233, 0x0233, 0x0233, 0x0233, 0x0233, 0x0233, 0x0233, 0x0233, 0x0233, 0x0233, 0x0233, 0x0234, 0x0253, 0x0233, 0x0233,
    0x0233, 0x0233, 0x0233, 0x0233, 0x0233, 0x0233, 0x0233, 0x0233, 0x0233, 0x0234, 0x0254, 0x0A95, 0x0AB6, 0x12F7, 0x1318, 0x1339,
    0x1339, 0x1339, 0x1318, 0x1318, 0x1318, 0x1318, 0x1318, 0x1318, 0x1318, 0x1318, 0x1318, 0x0B18, 0x0B18, 0x0B18, 0x0AF8, 0x0AF8,
    0x0B18, 0x0B19, 0x0B19, 0x0B19, 0x0B19, 0x0B19, 0x0B39, 0x0B39, 0x1339, 0x1339, 0x1339, 0x135A, 0x135A, 0x137A, 0x137B, 0x139B,
    0x139C, 0x139C, 0x13BD, 0x1BFE, 0x247E, 0x455F, 0x767F, 0xAF7F, 0xDFFF, 0xE7FF, 0xB77F, 0x765F, 0x455F, 0x24BE, 0x247E, 0x2C7E,
    0x349E, 0x34BE, 0x34BE, 0x34BE, 0x34BE, 0x34BE, 0x349D, 0x349D, 0x347D, 0x345D, 0x2C5C, 0x2C3C, 0x2C3C, 0x2C1C, 0x2C1B, 0x2BFB,
    0x2BFB, 0x2BDB, 0x2BDA, 0x2BB9, 0x23B8, 0x23B7, 0x23B8, 0x2BB7, 0x3397, 0x3398, 0x0B77, 0x0357, 0x0334, 0x03D0, 0x0217, 0x003F,
    0x001F, 0x001F, 0x001F, 0x001F, 0x001F, 0x001F, 0x001F, 0x001F, 0x001F, 0x001F, 0x001F, 0x001F, 0x001F, 0x001F, 0x001F, 0x001F,
    0x001F, 0x001F, 0x001F, 0x001F, 0x001F, 0x001F, 0x001F, 0x001F, 0x001F, 0x001F, 0x001F, 0x001F, 0x001F, 0x001F, 0x001F, 0x001F,
    0x001F, 0x001F, 0x001F, 0x001F, 0x001F, 0x001F, 0x001F, 0x001F, 0x0018, 0x0000, 0x0000, 0x0000, 0x0000, 0x0000, 0x0000, 0x0000,
    0x0000, 0x0000, 0x0000, 0x0000, 0x0000, 0x0000, 0x0000, 0x0000, 0x0000, 0x0000, 0x0000, 0x0000, 0x0000, 0x0000, 0x0000, 0x0000,
    0x0000, 0x0000, 0x0000, 0x0000, 0x0000, 0x0000, 0x0000, 0x0000, 0x0000, 0x0000, 0x0000, 0x0000, 0x0000, 0x0000, 0x0000, 0x0000,
    0x0000, 0x0000, 0x0000, 0x0000, 0x0000, 0x0000, 0x0000, 0x0000, 0x0000, 0x0000, 0x0000, 0x0000, 0x0000, 0x0000, 0x0000, 0x0000,
    0x0000, 0x0000, 0x0000, 0x0008, 0x0019, 0x001F, 0x001F, 0x001F, 0x001F, 0x001F, 0x001F, 0x001F, 0x001F, 0x001F, 0x001F, 0x001F,
    0x0018, 0x001F, 0x001F, 0x001F, 0x001F, 0x0016, 0x000C, 0x0016, 0x001F, 0x01BF, 0x00BF, 0x001F, 0x001F, 0x001F, 0x001F, 0x001F,
    0x001F, 0x001F, 0x001F, 0x007E, 0x0218, 0x019F, 0x0138, 0x023F, 0x001F, 0x001F, 0x001F, 0x001F, 0x001F, 0x001F, 0x001F, 0x003F,
    0x00FF, 0x001F, 0x001F, 0x001F, 0x001F, 0x001F, 0x007F, 0x025D, 0x001F, 0x009D, 0x00DD, 0x00DF, 0x001F, 0x001F, 0x001F, 0x001F,
    0x001F, 0x001F, 0x001F, 0x003F, 0x0076, 0x001F, 0x001F, 0x001F, 0x001F, 0x001F, 0x001F, 0x001F, 0x011B, 0x001F, 0x001F, 0x001F,
    0x001F, 0x003F, 0x007E, 0x001F, 0x001F, 0x001F, 0x001F, 0x001F, 0x001F, 0x001F, 0x001F, 0x001F, 0x001F, 0x005E, 0x01D8, 0x001F,
    0x001F, 0x00BD, 0x009D, 0x001F, 0x001F, 0x001F, 0x001F, 0x001B, 0x001F, 0x00FC, 0x003F, 0x005E, 0x011B, 0x003F, 0x001F, 0x001F,
    0x001F, 0x001F, 0x001F, 0x001F, 0x0199, 0x00BD, 0x001F, 0x001F, 0x001F, 0x001F, 0x001F, 0x011B, 0x007E, 0x001F, 0x001F, 0x001F,
    0x001F, 0x001F, 0x001F, 0x001F, 0x001F, 0x001F, 0x001F, 0x001F, 0x001F, 0x001F, 0x001F, 0x001F, 0x001F, 0x001F, 0x001F, 0x001F,
    0x001F, 0x009D, 0x0296, 0x0336, 0x0336, 0x0B37, 0x0B38, 0x0B59, 0x0B59, 0x0B7A, 0x0B5B, 0x035C, 0x0B9C, 0x141D, 0x2CDE, 0x34FF,
    0x2CDF, 0x2CDF, 0x247E, 0x13DD, 0x0B3B, 0x02F9, 0x02D8, 0x02B7, 0x0296, 0x0275, 0x0234, 0x0234, 0x0234, 0x0254, 0x0254, 0x0254,
    0x0254, 0x0254, 0x0254, 0x0254, 0x0254, 0x0234, 0x0234, 0x0234, 0x0234, 0x0233, 0x0233, 0x0233, 0x0233, 0x0233, 0x0233, 0x0233,
    0x0233, 0x0233, 0x0233, 0x0233, 0x0233, 0x0233, 0x0233, 0x0233, 0x0233, 0x0233, 0x0233, 0x0233, 0x0233, 0x0233, 0x0233, 0x0233,
    0x0233, 0x0233, 0x0233, 0x0233, 0x0233, 0x0233, 0x0233, 0x0233, 0x0233, 0x0233, 0x0233, 0x0254, 0x0254, 0x0233, 0x0233, 0x0233,
    0x0233, 0x0233, 0x0233, 0x0233, 0x0233, 0x0233, 0x0233, 0x0233, 0x0254, 0x0A75, 0x0A95, 0x0AB6, 0x0AF7, 0x1338, 0x1339, 0x1339,
    0x1339, 0x1318, 0x1318, 0x0B18, 0x0B18, 0x0B18, 0x0B18, 0x0AF8, 0x0AF8, 0x0AF8, 0x0B18, 0x0B18, 0x0B18, 0x0B18, 0x0B18, 0x0B19,
    0x0B19, 0x0B19, 0x0B19, 0x1319, 0x0B19, 0x0B39, 0x0B39, 0x1339, 0x135A, 0x135A, 0x137A, 0x137B, 0x139B, 0x139C, 0x13BC, 0x13BD,
    0x13DE, 0x245E, 0x3D1F, 0x6DFF, 0xA6FF, 0xC7DF, 0xD7FF, 0xBF7F, 0x8E9F, 0x4D9F, 0x2CBE, 0x247E, 0x2C7E, 0x349E, 0x34BE, 0x3CBE,
    0x3CBE, 0x34BE, 0x349E, 0x349D, 0x347D, 0x347D, 0x2C5D, 0x2C3C, 0x2C3C, 0x2C3B, 0x2C3B, 0x2C1B, 0x2BFB, 0x2BFB, 0x2BDA, 0x2BDA,
    0x23D9, 0x1BB8, 0x1BB7, 0x2B76, 0x2B97, 0x2397, 0x2378, 0x1355, 0x0352, 0x0295, 0x013B, 0x005E, 0x009D, 0x001F, 0x001F, 0x001F,
    0x001F, 0x001F, 0x001F, 0x001F, 0x001F, 0x001F, 0x001F, 0x001F, 0x001F, 0x001F, 0x001F, 0x001F, 0x001F, 0x001F, 0x001F, 0x001F,
    0x001F, 0x001F, 0x001F, 0x001F, 0x001F, 0x001F, 0x001F, 0x001F, 0x001F, 0x001F, 0x001F, 0x001F, 0x001F, 0x001F, 0x001F, 0x001F,
    0x001F, 0x001F, 0x0018, 0x0000, 0x0000, 0x0000, 0x0000, 0x0000, 0x0000, 0x0000, 0x0000, 0x0000, 0x0000, 0x0000, 0x0000, 0x0000,
    0x0000, 0x0000, 0x0000, 0x0000, 0x0000, 0x0000, 0x0000, 0x0000, 0x0000, 0x0000, 0x0000, 0x0000, 0x0000, 0x0000, 0x0000, 0x0000,
    0x0000, 0x0000, 0x0000, 0x0000, 0x0000, 0x0000, 0x0000, 0x0000, 0x0000, 0x0000, 0x0000, 0x0000, 0x0000, 0x0000, 0x0000, 0x0000,
    0x0000, 0x0000, 0x0000, 0x0000, 0x0000, 0x0000, 0x0000, 0x0000, 0x0000, 0x0000, 0x0000, 0x0004, 0x0014, 0x001F, 0x001F, 0x001F,
    0x001F, 0x001F, 0x001F, 0x001F, 0x001F, 0x001F, 0x001F, 0x001F, 0x001F, 0x001F, 0x0018, 0x001F, 0x001F, 0x001F, 0x001F, 0x0016,
    0x000C, 0x0016, 0x001F, 0x01BF, 0x00BF, 0x001F, 0x001F, 0x001F, 0x001F, 0x001F, 0x001F, 0x001F, 0x001F, 0x007E, 0x0218, 0x019F,
    0x0138, 0x023F, 0x001F, 0x001F, 0x001F, 0x001F, 0x001F, 0x001F, 0x001F, 0x003F, 0x00FF, 0x001F, 0x001F, 0x001F, 0x001F, 0x001F,
    0x007F, 0x025D, 0x001F, 0x009D, 0x00DD, 0x00DF, 0x001F, 0x001F, 0x001F, 0x001F, 0x001F, 0x001F, 0x001F, 0x003F, 0x0076, 0x001F,
    0x001F, 0x001F, 0x001F, 0x001F, 0x001F, 0x001F, 0x011B, 0x001F, 0x001F, 0x001F, 0x001F, 0x003F, 0x007E, 0x001F, 0x001F, 0x001F,
    0x001F, 0x001F, 0x001F, 0x001F, 0x001F, 0x001F, 0x001F, 0x005E, 0x01D8, 0x001F, 0x001F, 0x00BD, 0x009D, 0x001F, 0x001F, 0x001F,
    0x007E, 0x01B7, 0x001F, 0x00FC, 0x003F, 0x005E, 0x011B, 0x003F, 0x001F, 0x001F, 0x001F, 0x001F, 0x001F, 0x001F, 0x0199, 0x00BD,
    0x001F, 0x001F, 0x001F, 0x001F, 0x001F, 0x011B, 0x007E, 0x001F, 0x001F, 0x001F, 0x001F, 0x001F, 0x001F, 0x001F, 0x001F, 0x001F,
    0x001F, 0x001F, 0x001F, 0x001F, 0x001F, 0x001F, 0x001F, 0x001F, 0x003E, 0x00BD, 0x0199, 0x02B6, 0x0355, 0x0338, 0x0B39, 0x1359,
    0x0B7A, 0x0B5A, 0x0B5B, 0x0BBC, 0x245E, 0x2CDF, 0x2D1F, 0x353F, 0x2CBE, 0x1BDD, 0x0B3B, 0x02F9, 0x02B8, 0x0A96, 0x0295, 0x0275,
    0x0275, 0x0275, 0x0274, 0x0254, 0x0254, 0x0254, 0x0254, 0x0254, 0x0254, 0x0254, 0x0253, 0x0233, 0x0233, 0x0233, 0x0233, 0x0233,
    0x0233, 0x0233, 0x0233, 0x0233, 0x0233, 0x0233, 0x0233, 0x0233, 0x0233, 0x0233, 0x0233, 0x0233, 0x0233, 0x0233, 0x0233, 0x0233,
    0x0233, 0x0233, 0x0233, 0x0233, 0x0233, 0x0233, 0x0233, 0x0233, 0x0233, 0x0233, 0x0233, 0x0233, 0x0233, 0x0233, 0x0233, 0x0233,
    0x0233, 0x0233, 0x0233, 0x0233, 0x0233, 0x0233, 0x0233, 0x0233, 0x0233, 0x0233, 0x0233, 0x0233, 0x0233, 0x0233, 0x0233, 0x0233,
    0x0233, 0x0233, 0x0233, 0x0233, 0x0233, 0x0233, 0x0234, 0x0254, 0x0A95, 0x0AD6, 0x0AF7, 0x1318, 0x1339, 0x1339, 0x1318, 0x1318,
    0x0B18, 0x0B18, 0x0AF8, 0x0AF8, 0x0AF8, 0x0B18, 0x0B18, 0x0B18, 0x0B18, 0x0B18, 0x0B18, 0x0B18, 0x0AF8, 0x0AF8, 0x0B18, 0x0B19,
    0x1319, 0x1319, 0x1339, 0x1339, 0x1339, 0x135A, 0x137A, 0x137A, 0x139B, 0x139B, 0x139B, 0x139C, 0x139C, 0x13BD, 0x13FE, 0x2CDF,
    0x55BF, 0x8E9F, 0xBF9F, 0xD7FF, 0xBF9F, 0x8E9F, 0x55BF, 0x34FF, 0x2C7E, 0x349E, 0x349E, 0x34BE, 0x34BE, 0x34BE, 0x34BE, 0x349D,
    0x347D, 0x347D, 0x345D, 0x2C5C, 0x2C3C, 0x2C3B, 0x2C3B, 0x2C1B, 0x2C1B, 0x2BFB, 0x2BDA, 0x23DA, 0x23D9, 0x1B78, 0x1B57, 0x2376,
    0x3396, 0x3BB8, 0x2357, 0x0B93, 0x0372, 0x0313, 0x0313, 0x01F8, 0x013B, 0x003F, 0x001F, 0x001F, 0x001F, 0x001F, 0x001F, 0x001F,
    0x001F, 0x001F, 0x001F, 0x001F, 0x001F, 0x001F, 0x001F, 0x001F, 0x001F, 0x001F, 0x001F, 0x001F, 0x001F, 0x001F, 0x001F, 0x001F,
    0x001F, 0x001F, 0x001F, 0x001F, 0x001F, 0x001F, 0x001F, 0x001F, 0x001F, 0x001F, 0x001F, 0x001F, 0x0018, 0x0000, 0x0000, 0x0000,
    0x0000, 0x0000, 0x0000, 0x0000, 0x0000, 0x0000, 0x0000, 0x0000, 0x0000, 0x0000, 0x0000, 0x0000, 0x0000, 0x0000, 0x0000, 0x0000,
    0x0000, 0x0000, 0x0000, 0x0000, 0x0000, 0x0000, 0x0000, 0x0000, 0x0000, 0x0000, 0x0000, 0x0000, 0x0000, 0x0000, 0x0000, 0x0000,
    0x0000, 0x0000, 0x0000, 0x0000, 0x0000, 0x0000, 0x0000, 0x0000, 0x0000, 0x0000, 0x0000, 0x0000, 0x0000, 0x0000, 0x0000, 0x0000,
    0x0000, 0x0000, 0x0004, 0x000A, 0x0014, 0x001E, 0x001F, 0x001F, 0x001F, 0x001F, 0x001F, 0x001F, 0x001F, 0x001F, 0x001F, 0x001F,
    0x001F, 0x001F, 0x001F, 0x001F, 0x0018, 0x001F, 0x001F, 0x001F, 0x001F, 0x0016, 0x000C, 0x0016, 0x001F, 0x01BF, 0x00BF, 0x001F,
    0x001F, 0x001F, 0x001F, 0x001F, 0x001F, 0x001F, 0x001F, 0x007E, 0x0218, 0x019F, 0x0138, 0x023F, 0x001F, 0x001F, 0x001F, 0x001F,
    0x001F, 0x001F, 0x001F, 0x003F, 0x00FF, 0x001F, 0x001F, 0x001F, 0x001F, 0x001F, 0x007F, 0x025D, 0x001F, 0x009D, 0x00DD, 0x00DF,
    0x001F, 0x001F, 0x001F, 0x001F, 0x001F, 0x001F, 0x001F, 0x003F, 0x0076, 0x001F, 0x001F, 0x001F, 0x001F, 0x001F, 0x001F, 0x001F,
    0x011B, 0x001F, 0x001F, 0x001F, 0x001F, 0x003F, 0x007E, 0x001F, 0x001F, 0x001F, 0x001F, 0x001F, 0x001F, 0x001F, 0x001F, 0x001F,
    0x001F, 0x005E, 0x01D8, 0x001F, 0x001F, 0x00BD, 0x009D, 0x001F, 0x003E, 0x013A, 0x02B5, 0x02F3, 0x001F, 0x00FC, 0x003F, 0x005E,
    0x011B, 0x003F, 0x001F, 0x001F, 0x001F, 0x001F, 0x001F, 0x001F, 0x0199, 0x00BD, 0x001F, 0x001F, 0x001F, 0x001F, 0x001F, 0x011B,
    0x007E, 0x001F, 0x001F, 0x001F, 0x001F, 0x001F, 0x001F, 0x001F, 0x001F, 0x001F, 0x001F, 0x001F, 0x001F, 0x001F, 0x001F, 0x001F,
    0x009D, 0x01F8, 0x02D4, 0x0315, 0x0335, 0x0B18, 0x0B39, 0x0B39, 0x0B3A, 0x0B5B, 0x0BBD, 0x1C3E, 0x2CDF, 0x3D5F, 0x351F, 0x1C1D,
    0x0B5B, 0x02FA, 0x02B8, 0x0296, 0x0295, 0x0275, 0x0275, 0x0275, 0x0275, 0x0275, 0x0275, 0x0254, 0x0254, 0x0254, 0x0254, 0x0254,
    0x0254, 0x0233, 0x0233, 0x0233, 0x0233, 0x0233, 0x0233, 0x0233, 0x0233, 0x0233, 0x0233, 0x0233, 0x0233, 0x0233, 0x0233, 0x0233,
    0x0233, 0x0233, 0x0233, 0x0233, 0x0233, 0x0233, 0x0233, 0x0233, 0x0213, 0x0233, 0x0233, 0x0233, 0x0233, 0x0233, 0x0233, 0x0213,
    0x0233, 0x0233, 0x0233, 0x0233, 0x0233, 0x0233, 0x0233, 0x0233, 0x0233, 0x0213, 0x0233, 0x0233, 0x0233, 0x0233, 0x0233, 0x0233,
    0x0233, 0x0233, 0x0233, 0x0233, 0x0233, 0x0234, 0x0233, 0x0233, 0x0233, 0x0233, 0x0233, 0x0233, 0x0233, 0x0253, 0x0254, 0x0254,
    0x0233, 0x0233, 0x0233, 0x0233, 0x0233, 0x0254, 0x0274, 0x0AB6, 0x12F7, 0x1338, 0x1339, 0x1339, 0x1318, 0x0B18, 0x0AF8, 0x0AF8,
    0x0B18, 0x0B18, 0x0AF8, 0x0AF8, 0x0AF8, 0x0AF8, 0x0AF8, 0x0AF8, 0x0AF8, 0x0B18, 0x0B18, 0x0B18, 0x0B19, 0x0B19, 0x0B19, 0x0B39,
    0x1339, 0x135A, 0x135A, 0x135A, 0x135A, 0x137A, 0x137A, 0x137B, 0x139B, 0x139C, 0x13BD, 0x13FE, 0x247E, 0x455F, 0x869F, 0xC7BF,
    0xE7FF, 0xC7BF, 0x7E9F, 0x455F, 0x2C9E, 0x247E, 0x2C7E, 0x349E, 0x34BE, 0x34BE, 0x34BE, 0x349E, 0x347D, 0x345D, 0x345D, 0x345C,
    0x2C5C, 0x2C3B, 0x2C3B, 0x2C1B, 0x2BFA, 0x2BDA, 0x23DA, 0x23B9, 0x2379, 0x1B79, 0x1BB7, 0x23B7, 0x33B8, 0x3B98, 0x2357, 0x1B55,
    0x0B34, 0x0372, 0x0391, 0x02B4, 0x019A, 0x001F, 0x001F, 0x001F, 0x001F, 0x001F, 0x001F, 0x001F, 0x001F, 0x001F, 0x001F, 0x001F,
    0x001F, 0x001F, 0x001F, 0x001F, 0x001F, 0x001F, 0x001F, 0x001F, 0x001F, 0x001F, 0x001F, 0x001F, 0x001F, 0x001F, 0x001F, 0x001F,
    0x001F, 0x001F, 0x001F, 0x001F, 0x001F, 0x001F, 0x0018, 0x0000, 0x0000, 0x0000, 0x0000, 0x0000, 0x0000, 0x0000, 0x0000, 0x0000,
    0x0000, 0x0000, 0x0000, 0x0000, 0x0000, 0x0000, 0x0000, 0x0000, 0x0000, 0x0000, 0x0000, 0x0000, 0x0000, 0x0000, 0x0000, 0x0000,
    0x0000, 0x0000, 0x0000, 0x0000, 0x0000, 0x0000, 0x0000, 0x0000, 0x0000, 0x0000, 0x0000, 0x0000, 0x0000, 0x0000, 0x0000, 0x0000,
    0x0000, 0x0000, 0x0000, 0x0000, 0x0000, 0x0000, 0x0000, 0x0000, 0x0000, 0x0000, 0x0002, 0x000B, 0x001D, 0x001F, 0x001F, 0x001F,
    0x001F, 0x001F, 0x001F, 0x001F, 0x001F, 0x001F, 0x001F, 0x001F, 0x001F, 0x001F, 0x001F, 0x001F, 0x001F, 0x001F, 0x0018, 0x001F,
    0x001F, 0x001F, 0x001F, 0x0016, 0x000C, 0x0016, 0x001F, 0x01BF, 0x00BF, 0x001F, 0x001F, 0x001F, 0x001F, 0x001F, 0x001F, 0x001F,
    0x001F, 0x007E, 0x0218, 0x019F, 0x0138, 0x023F, 0x001F, 0x001F, 0x001F, 0x001F, 0x001F, 0x001F, 0x001F, 0x003F, 0x00FF, 0x001F,
    0x001F, 0x001F, 0x001F, 0x001F, 0x007F, 0x025D, 0x001F, 0x009D, 0x00DD, 0x00DF, 0x001F, 0x001F, 0x001F, 0x001F, 0x001F, 0x001F,
    0x001F, 0x003F, 0x0076, 0x001F, 0x001F, 0x001F, 0x001F, 0x001F, 0x001F, 0x001F, 0x011B, 0x001F, 0x001F, 0x001F, 0x001F, 0x003F,
    0x007E, 0x001F, 0x001F, 0x001F, 0x001F, 0x001F, 0x001F, 0x001F, 0x001F, 0x001F, 0x001F, 0x005E, 0x01D8, 0x001F, 0x001F, 0x007E,
    0x00DC, 0x011B, 0x0275, 0x02D3, 0x0AB4, 0x0A95, 0x001F, 0x00FC, 0x003F, 0x005E, 0x011B, 0x003F, 0x001F, 0x001F, 0x001F, 0x001F,
    0x001F, 0x001F, 0x0199, 0x00BD, 0x001F, 0x001F, 0x001F, 0x001F, 0x001F, 0x011B, 0x007E, 0x001F, 0x001F, 0x001F, 0x001F, 0x001F,
    0x001F, 0x001F, 0x001F, 0x001F, 0x001F, 0x001F, 0x001F, 0x005E, 0x0199, 0x02D4, 0x02D5, 0x02F6, 0x0AF8, 0x0B18, 0x0B19, 0x0B3A,
    0x033B, 0x0B9C, 0x1C3D, 0x2CDF, 0x34FF, 0x249E, 0x1BFD, 0x0B5B, 0x02D9, 0x02B7, 0x0296, 0x0275, 0x0275, 0x0275, 0x0275, 0x0275,
    0x0275, 0x0275, 0x0275, 0x0275, 0x0274, 0x0254, 0x0254, 0x0254, 0x0254, 0x0254, 0x0253, 0x0233, 0x0233, 0x0233, 0x0233, 0x0233,
    0x0233, 0x0233, 0x0233, 0x0213, 0x0213, 0x0213, 0x0213, 0x0213, 0x0233, 0x0213, 0x0213, 0x0213, 0x0213, 0x0213, 0x0213, 0x0233,
    0x0213, 0x0213, 0x0233, 0x0233, 0x0233, 0x0213, 0x0213, 0x0213, 0x0213, 0x0233, 0x0233, 0x0233, 0x0233, 0x0233, 0x0233, 0x0213,
    0x0213, 0x0213, 0x0213, 0x0213, 0x0233, 0x0233, 0x0233, 0x0233, 0x0233, 0x0233, 0x0233, 0x0233, 0x0233, 0x0233, 0x0233, 0x0233,
    0x0233, 0x0233, 0x0233, 0x0233, 0x0233, 0x0233, 0x0233, 0x0233, 0x0233, 0x0233, 0x0233, 0x0233, 0x0253, 0x0253, 0x0253, 0x0233,
    0x0233, 0x0233, 0x0253, 0x0A74, 0x0A95, 0x0AD6, 0x1318, 0x1338, 0x1339, 0x1339, 0x1318, 0x0B18, 0x0AF8, 0x0AF8, 0x0AF8, 0x0AF8,
    0x0AF8, 0x0AF8, 0x0AF8, 0x0AF8, 0x0AF8, 0x0AF8, 0x0AF8, 0x0AF8, 0x0AF8, 0x0B18, 0x0B19, 0x1339, 0x1339, 0x1339, 0x1339, 0x1359,
    0x135A, 0x137A, 0x137A, 0x139B, 0x139B, 0x1B9C, 0x1BBC, 0x1BBD, 0x13FD, 0x245E, 0x3D1F, 0x763F, 0xB77F, 0xD7FF, 0xC79F, 0x86BF,
    0x457F, 0x249E, 0x245E, 0x2C7E, 0x349E, 0x349E, 0x34BE, 0x349E, 0x347D, 0x347D, 0x345D, 0x2C5C, 0x2C3C, 0x2C3C, 0x2C1C, 0x2BFB,
    0x2BFA, 0x23DA, 0x23D9, 0x23D9, 0x23DA, 0x23D9, 0x23D8, 0x23B7, 0x33B8, 0x3398, 0x3378, 0x2378, 0x1356, 0x0333, 0x03B1, 0x0256,
    0x00DC, 0x001F, 0x001F, 0x001F, 0x001F, 0x001F, 0x001F, 0x001F, 0x001F, 0x001F, 0x001F, 0x001F, 0x001F, 0x001F, 0x001F, 0x001F,
    0x001F, 0x001F, 0x001F, 0x001F, 0x001F, 0x001F, 0x001F, 0x001F, 0x001F, 0x001F, 0x001F, 0x001F, 0x001F, 0x001F, 0x001F, 0x001F,
    0x0018, 0x0000, 0x0000, 0x0000, 0x0000, 0x0000, 0x0000, 0x0000, 0x0000, 0x0000, 0x0000, 0x0000, 0x0000, 0x0000, 0x0000, 0x0000,
    0x0000, 0x0000, 0x0000, 0x0000, 0x0000, 0x0000, 0x0000, 0x0000, 0x0000, 0x0000, 0x0000, 0x0000, 0x0000, 0x0000, 0x0000, 0x0000,
    0x0000, 0x0000, 0x0000, 0x0000, 0x0000, 0x0000, 0x0000, 0x0000, 0x0000, 0x0000, 0x0000, 0x0000, 0x0000, 0x0000, 0x0000, 0x0000,
    0x0000, 0x0000, 0x0002, 0x0011, 0x001C, 0x001F, 0x001F, 0x001F, 0x001F, 0x001F, 0x001F, 0x001F, 0x001F, 0x001F, 0x001F, 0x001F,
    0x001F, 0x001F, 0x001F, 0x001F, 0x001F, 0x001F, 0x001F, 0x001F, 0x0018, 0x001F, 0x001F, 0x001F, 0x001F, 0x0016, 0x000C, 0x0016,
    0x001F, 0x01BF, 0x00BF, 0x001F, 0x001F, 0x001F, 0x001F, 0x001F, 0x001F, 0x001F, 0x001F, 0x007E, 0x0218, 0x019F, 0x0138, 0x023F,
    0x001F, 0x001F, 0x001F, 0x001F, 0x001F, 0x001F, 0x001F, 0x003F, 0x00FF, 0x001F, 0x001F, 0x001F, 0x001F, 0x001F, 0x007F, 0x025D,
    0x001F, 0x009D, 0x00DD, 0x00DF, 0x001F, 0x001F, 0x001F, 0x001F, 0x001F, 0x001F, 0x001F, 0x003F, 0x0076, 0x001F, 0x001F, 0x001F,
    0x001F, 0x001F, 0x001F, 0x001F, 0x011B, 0x001F, 0x001F, 0x001F, 0x001F, 0x003F, 0x007E, 0x001F, 0x001F, 0x001F, 0x001F, 0x001F,
    0x001F, 0x001F, 0x001F, 0x001F, 0x001F, 0x005E, 0x01D8, 0x001F, 0x001F, 0x013A, 0x02D4, 0x02B4, 0x02B5, 0x0AD5, 0x02D7, 0x0B59,
    0x001F, 0x00FC, 0x003F, 0x005E, 0x011B, 0x003F, 0x001F, 0x001F, 0x001F, 0x001F, 0x001F, 0x001F, 0x0199, 0x00BD, 0x001F, 0x001F,
    0x001F, 0x001F, 0x001F, 0x011B, 0x007E, 0x001F, 0x001F, 0x001F, 0x001F, 0x001F, 0x001F, 0x001F, 0x001F, 0x001F, 0x001F, 0x001E,
    0x009A, 0x02B6, 0x0355, 0x0AF6, 0x0AF8, 0x0B19, 0x0B3A, 0x0B5B, 0x0B9C, 0x247E, 0x34FF, 0x249F, 0x247E, 0x1BDC, 0x0B19, 0x02D8,
    0x02B7, 0x0296, 0x02B6, 0x0296, 0x0295, 0x0295, 0x0275, 0x0275, 0x0275, 0x0274, 0x0274, 0x0274, 0x0274, 0x0254, 0x0254, 0x0254,
    0x0254, 0x0253, 0x0253, 0x0233, 0x0233, 0x0233, 0x0233, 0x0233, 0x0233, 0x0233, 0x0232, 0x0212, 0x0212, 0x0212, 0x0212, 0x0212,
    0x0212, 0x0233, 0x0233, 0x0233, 0x0213, 0x0213, 0x0213, 0x0213, 0x0213, 0x0213, 0x0213, 0x0233, 0x0233, 0x0233, 0x0213, 0x0213,
    0x0213, 0x0213, 0x0213, 0x0213, 0x0233, 0x0233, 0x0233, 0x0213, 0x0213, 0x0233, 0x0213, 0x0213, 0x0213, 0x0213, 0x0213, 0x0233,
    0x0233, 0x0233, 0x0233, 0x0233, 0x0233, 0x0233, 0x0233, 0x0233, 0x0233, 0x0233, 0x0233, 0x0233, 0x0233, 0x0233, 0x0233, 0x0233,
    0x0233, 0x0233, 0x0233, 0x0233, 0x0233, 0x0233, 0x0233, 0x0233, 0x0233, 0x0233, 0x0253, 0x0233, 0x0253, 0x0253, 0x0233, 0x0253,
    0x0254, 0x0A95, 0x0AB6, 0x0AD7, 0x1318, 0x1318, 0x1318, 0x12F8, 0x0AF8, 0x0AF8, 0x0AF8, 0x0AF8, 0x0AF8, 0x0AF8, 0x0AF8, 0x0AF8,
    0x0AF8, 0x0AF8, 0x0AF8, 0x0AF8, 0x0B18, 0x1319, 0x1319, 0x0B19, 0x1319, 0x1339, 0x1339, 0x135A, 0x135A, 0x135A, 0x137A, 0x137A,
    0x137B, 0x1B9B, 0x1B9B, 0x1B9C, 0x13BD, 0x13DD, 0x247E, 0x559F, 0x869F, 0xB77F, 0xD7FF, 0xBF5F, 0x765F, 0x351F, 0x1C7E, 0x245E,
    0x2C7E, 0x349E, 0x349E, 0x349E, 0x347D, 0x345D, 0x2C5D, 0x2C5D, 0x2C3C, 0x2C3C, 0x2C1C, 0x2C1B, 0x2BFB, 0x2BFA, 0x2BDA, 0x2BDA,
    0x23DA, 0x23D9, 0x23B8, 0x23B7, 0x2B97, 0x3397, 0x3B98, 0x2B77, 0x1355, 0x0373, 0x0352, 0x01D8, 0x003F, 0x001F, 0x001F, 0x001F,
    0x001F, 0x001F, 0x001F, 0x001F, 0x001F, 0x001F, 0x001F, 0x001F, 0x001F, 0x001F, 0x001F, 0x001F, 0x001F, 0x001F, 0x001F, 0x001F,
    0x001F, 0x001F, 0x001F, 0x001F, 0x001F, 0x001F, 0x001F, 0x001F, 0x001F, 0x001F, 0x0018, 0x0000, 0x0000, 0x0000, 0x0000, 0x0000,
    0x0000, 0x0000, 0x0000, 0x0000, 0x0000, 0x0000, 0x0000, 0x0000, 0x0000, 0x0000, 0x0000, 0x0000, 0x0000, 0x0000, 0x0000, 0x0000,
    0x0000, 0x0000, 0x0000, 0x0000, 0x0000, 0x0000, 0x0000, 0x0000, 0x0000, 0x0000, 0x0000, 0x0000, 0x0000, 0x0000, 0x0000, 0x0000,
    0x0000, 0x0000, 0x0000, 0x0000, 0x0000, 0x0000, 0x0000, 0x0000, 0x0000, 0x0000, 0x0000, 0x0008, 0x001C, 0x001F, 0x001F, 0x001F,
    0x001F, 0x001F, 0x001F, 0x001F, 0x001F, 0x001F, 0x001F, 0x001F, 0x001F, 0x001F, 0x001F, 0x001F, 0x001F, 0x001F, 0x001F, 0x001F,
    0x001F, 0x001F, 0x0018, 0x001F, 0x001F, 0x001F, 0x001F, 0x0016, 0x000C, 0x0016, 0x001F, 0x01BF, 0x00BF, 0x001F, 0x001F, 0x001F,
    0x001F, 0x001F, 0x001F, 0x001F, 0x001F, 0x007E, 0x0218, 0x019F, 0x0138, 0x023F, 0x001F, 0x001F, 0x001F, 0x001F, 0x001F, 0x001F,
    0x001F, 0x003F, 0x00FF, 0x001F, 0x001F, 0x001F, 0x001F, 0x001F, 0x007F, 0x025D, 0x001F, 0x009D, 0x00DD, 0x00DF, 0x001F, 0x001F,
    0x001F, 0x001F, 0x001F, 0x001F, 0x001F, 0x003F, 0x0076, 0x001F, 0x001F, 0x001F, 0x001F, 0x001F, 0x001F, 0x001F, 0x011B, 0x001F,
    0x001F, 0x001F, 0x001F, 0x003F, 0x007E, 0x001F, 0x001F, 0x001F, 0x001F, 0x001F, 0x001F, 0x001F, 0x001F, 0x001F, 0x001F, 0x005E,
    0x01B8, 0x005E, 0x01D8, 0x02F4, 0x0AD5, 0x02D6, 0x0318, 0x139A, 0x13BB, 0x0B59, 0x001F, 0x00FC, 0x003F, 0x005E, 0x011B, 0x003F,
    0x001F, 0x001F, 0x001F, 0x001F, 0x001F, 0x001F, 0x0199, 0x00BD, 0x001F, 0x001F, 0x001F, 0x001F, 0x001F, 0x011B, 0x007E, 0x001F,
    0x001F, 0x001F, 0x001F, 0x001F, 0x001F, 0x001F, 0x00BD, 0x00BD, 0x00FC, 0x01F8, 0x0296, 0x0AF8, 0x0B19, 0x0B39, 0x035A, 0x0BBC,
    0x1C1E, 0x249F, 0x351F, 0x2CBE, 0x13BC, 0x0B19, 0x02B7, 0x02B6, 0x0AB6, 0x0AB6, 0x0AB5, 0x0295, 0x0295, 0x0295, 0x0295, 0x0275,
    0x0275, 0x0274, 0x0254, 0x0254, 0x0254, 0x0254, 0x0254, 0x0254, 0x0233, 0x0233, 0x0233, 0x0233, 0x0233, 0x0233, 0x0233, 0x0233,
    0x0233, 0x0232, 0x0212, 0x0212, 0x0212, 0x0212, 0x0212, 0x0212, 0x0212, 0x0212, 0x0212, 0x0212, 0x0212, 0x0212, 0x0212, 0x0213,
    0x0213, 0x0213, 0x0213, 0x0213, 0x0213, 0x0213, 0x0213, 0x0213, 0x0212, 0x0213, 0x0213, 0x0212, 0x0212, 0x0212, 0x0212, 0x0212,
    0x0212, 0x0212, 0x0212, 0x0213, 0x0212, 0x0212, 0x0213, 0x0213, 0x0213, 0x0213, 0x0213, 0x0213, 0x0213, 0x0213, 0x0213, 0x0213,
    0x0233, 0x0233, 0x0233, 0x0233, 0x0233, 0x0233, 0x0233, 0x0213, 0x0213, 0x0213, 0x0233, 0x0233, 0x0233, 0x0233, 0x0233, 0x0233,
    0x0233, 0x0233, 0x0233, 0x0233, 0x0233, 0x0233, 0x0233, 0x0233, 0x0253, 0x0254, 0x0254, 0x0254, 0x0254, 0x0233, 0x0254, 0x0A75,
    0x0AD6, 0x12F8, 0x1318, 0x1318, 0x1318, 0x0AF8, 0x0AF8, 0x0AF8, 0x0AF8, 0x0AF8, 0x0AF8, 0x0AF8, 0x0AF8, 0x0AF8, 0x0AF8, 0x0B18,
    0x0B18, 0x0B19, 0x1319, 0x1319, 0x1319, 0x1339, 0x1339, 0x1339, 0x1339, 0x135A, 0x135A, 0x135A, 0x137A, 0x139B, 0x1B9B, 0x1B9B,
    0x1BBC, 0x1BDD, 0x1BFE, 0x247E, 0x4D9F, 0x9EDF, 0xCFBF, 0xC7DF, 0x8EDF, 0x4D9F, 0x24BF, 0x245E, 0x2C7E, 0x349E, 0x349E, 0x347D,
    0x347D, 0x345D, 0x2C5D, 0x2C5D, 0x345D, 0x2C3C, 0x2C3C, 0x2C3B, 0x2C1B, 0x2BFA, 0x2BFA, 0x2BDA, 0x2BDA, 0x23D9, 0x1BD8, 0x1BB7,
    0x2BB7, 0x33B8, 0x3BD8, 0x2B77, 0x0B34, 0x0352, 0x0313, 0x0256, 0x00BD, 0x009D, 0x001F, 0x001F, 0x001F, 0x001F, 0x001F, 0x001F,
    0x001F, 0x001F, 0x001F, 0x001F, 0x001F, 0x001F, 0x001F, 0x001F, 0x001F, 0x001F, 0x001F, 0x001F, 0x001F, 0x001F, 0x001F, 0x001F,
    0x001F, 0x001F, 0x001F, 0x001F, 0x0018, 0x0000, 0x0000, 0x0000, 0x0000, 0x0000, 0x0000, 0x0000, 0x0000, 0x0000, 0x0000, 0x0000,
    0x0000, 0x0000, 0x0000, 0x0000, 0x0000, 0x0000, 0x0000, 0x0000, 0x0000, 0x0000, 0x0000, 0x0000, 0x0000, 0x0000, 0x0000, 0x0000,
    0x0000, 0x0000, 0x0000, 0x0000, 0x0000, 0x0000, 0x0000, 0x0000, 0x0000, 0x0000, 0x0000, 0x0000, 0x0000, 0x0000, 0x0000, 0x0000,
    0x0000, 0x0000, 0x0002, 0x0007, 0x0015, 0x001F, 0x001F, 0x001F, 0x001F, 0x001F, 0x001F, 0x001F, 0x001F, 0x001F, 0x001F, 0x001F,
    0x001F, 0x001F, 0x001F, 0x001F, 0x001F, 0x001F, 0x001F, 0x001F, 0x001F, 0x001F, 0x001F, 0x001F, 0x0018, 0x001F, 0x001F, 0x001F,
    0x001F, 0x0016, 0x000C, 0x0016, 0x001F, 0x01BF, 0x00BF, 0x001F, 0x001F, 0x001F, 0x001F, 0x001F, 0x001F, 0x001F, 0x001F, 0x007E,
    0x0218, 0x019F, 0x0138, 0x023F, 0x001F, 0x001F, 0x001F, 0x001F, 0x001F, 0x001F, 0x001F, 0x003F, 0x00FF, 0x001F, 0x001F, 0x001F,
    0x001F, 0x001F, 0x007F, 0x025D, 0x001F, 0x009D, 0x00DD, 0x00DF, 0x001F, 0x001F, 0x001F, 0x001F, 0x001F, 0x001F, 0x001F, 0x003F,
    0x0076, 0x001F, 0x001F, 0x001F, 0x001F, 0x001F, 0x001F, 0x001F, 0x011B, 0x001F, 0x001F, 0x001F, 0x001F, 0x003F, 0x007E, 0x001F,
    0x001F, 0x001F, 0x001F, 0x001F, 0x001F, 0x001F, 0x001F, 0x001F, 0x001F, 0x007E, 0x0276, 0x0296, 0x0B15, 0x0AD7, 0x02F8, 0x0B7A,
    0x1C1D, 0x1BFC, 0x0AF8, 0x0AB6, 0x001F, 0x00FC, 0x003F, 0x005E, 0x011B, 0x003F, 0x001F, 0x001F, 0x001F, 0x001F, 0x001F, 0x001F,
    0x0199, 0x00BD, 0x001F, 0x001F, 0x001F, 0x001F, 0x001F, 0x011B, 0x007E, 0x001F, 0x001F, 0x001F, 0x001F, 0x001F, 0x015A, 0x0296,
    0x0316, 0x02D6, 0x0AF7, 0x0B37, 0x0B19, 0x033A, 0x0B7B, 0x13FD, 0x2CDF, 0x351F, 0x247E, 0x13BC, 0x0B3A, 0x02B7, 0x02B6, 0x0AB6,
    0x0AB5, 0x0AB6, 0x0AB6, 0x02B5, 0x0295, 0x0295, 0x0275, 0x0275, 0x0275, 0x0254, 0x0254, 0x0254, 0x0254, 0x0253, 0x0233, 0x0233,
    0x0233, 0x0233, 0x0233, 0x0233, 0x0233, 0x0233, 0x0213, 0x0212, 0x0213, 0x0233, 0x0233, 0x0212, 0x0212, 0x0212, 0x0212, 0x0212,
    0x0212, 0x0212, 0x0212, 0x0212, 0x0212, 0x0212, 0x0212, 0x0212, 0x0212, 0x0212, 0x0212, 0x0212, 0x0212, 0x0212, 0x0212, 0x0212,
    0x0212, 0x0212, 0x0212, 0x0212, 0x0212, 0x0212, 0x0212, 0x0212, 0x0212, 0x0212, 0x0212, 0x0212, 0x0212, 0x0212, 0x0212, 0x0212,
    0x0212, 0x0212, 0x0213, 0x0213, 0x0213, 0x0213, 0x0213, 0x0213, 0x0213, 0x0213, 0x0213, 0x0233, 0x0233, 0x0233, 0x0233, 0x0233,
    0x0233, 0x0233, 0x0213, 0x0213, 0x0213, 0x0213, 0x0233, 0x0233, 0x0233, 0x0213, 0x0233, 0x0233, 0x0233, 0x0233, 0x0233, 0x0233,
    0x0233, 0x0233, 0x0233, 0x0233, 0x0233, 0x0233, 0x0233, 0x0233, 0x0233, 0x0233, 0x0233, 0x0254, 0x0275, 0x0AB6, 0x0AF7, 0x1318,
    0x1318, 0x12F8, 0x0AF8, 0x0AF8, 0x0AF8, 0x0AF8, 0x0AF8, 0x0AF8, 0x0AF8, 0x0AF8, 0x0AF8, 0x0B18, 0x0B18, 0x1318, 0x1318, 0x1319,
    0x1319, 0x1339, 0x0B19, 0x0B19, 0x1339, 0x135A, 0x135A, 0x137A, 0x137A, 0x137A, 0x137B, 0x139B, 0x139B, 0x13BC, 0x13BD, 0x13DD,
    0x245E, 0x55BF, 0x9F3F, 0xDFFF, 0xCFBF, 0x7E7F, 0x351F, 0x1C5E, 0x245E, 0x2C7E, 0x349E, 0x347E, 0x347E, 0x347D, 0x347D, 0x347D,
    0x345D, 0x2C5C, 0x2C3C, 0x2C3C, 0x2C1B, 0x2BFB, 0x2BFA, 0x2BF9, 0x23D9, 0x23D9, 0x1BB8, 0x1BB7, 0x23B8, 0x3399, 0x3398, 0x2376,
    0x1375, 0x0352, 0x03D0, 0x02F3, 0x007E, 0x001F, 0x001F, 0x001F, 0x001F, 0x001F, 0x001F, 0x001F, 0x001F, 0x001F, 0x001F, 0x001F,
    0x001F, 0x001F, 0x001F, 0x001F, 0x001F, 0x001F, 0x001F, 0x001F, 0x001F, 0x001F, 0x001F, 0x001F, 0x001F, 0x001F, 0x0018, 0x0000,
    0x0000, 0x0000, 0x0000, 0x0000, 0x0000, 0x0000, 0x0000, 0x0000, 0x0000, 0x0000, 0x0000, 0x0000, 0x0000, 0x0000, 0x0000, 0x0000,
    0x0000, 0x0000, 0x0000, 0x0000, 0x0000, 0x0000, 0x0000, 0x0000, 0x0000, 0x0000, 0x0000, 0x0000, 0x0000, 0x0000, 0x0000, 0x0000,
    0x0000, 0x0000, 0x0000, 0x0000, 0x0000, 0x0000, 0x0000, 0x0000, 0x0000, 0x0000, 0x0005, 0x000F, 0x001D, 0x001F, 0x001F, 0x001F,
    0x001F, 0x001F, 0x001F, 0x001F, 0x001F, 0x001F, 0x001F, 0x001F, 0x001F, 0x001F, 0x001F, 0x001F, 0x001F, 0x001F, 0x001F, 0x001F,
    0x001F, 0x001F, 0x001F, 0x001F, 0x001F, 0x001F, 0x0018, 0x001F, 0x001F, 0x001F, 0x001F, 0x0016, 0x000C, 0x0016, 0x001F, 0x01BF,
    0x00BF, 0x001F, 0x001F, 0x001F, 0x001F, 0x001F, 0x001F, 0x001F, 0x001F, 0x007E, 0x0218, 0x019F, 0x0138, 0x023F, 0x001F, 0x001F,
    0x001F, 0x001F, 0x001F, 0x001F, 0x001F, 0x003F, 0x00FF, 0x001F, 0x001F, 0x001F, 0x001F, 0x001F, 0x007F, 0x025D, 0x001F, 0x009D,
    0x00DD, 0x00DF, 0x001F, 0x001F, 0x001F, 0x001F, 0x001F, 0x001F, 0x001F, 0x003F, 0x0076, 0x001F, 0x001F, 0x001F, 0x001F, 0x001F,
    0x001F, 0x001F, 0x011B, 0x001F, 0x001F, 0x001F, 0x001F, 0x003F, 0x007E, 0x001F, 0x001F, 0x001F, 0x001F, 0x001F, 0x001F, 0x001F,
    0x001F, 0x001F, 0x015B, 0x0277, 0x0B16, 0x0B17, 0x0AF8, 0x0B5A, 0x1C1D, 0x13DC, 0x0B39, 0x0AD7, 0x0AB5, 0x02D4, 0x001F, 0x00FC,
    0x003F, 0x005E, 0x011B, 0x003F, 0x001F, 0x001F, 0x001F, 0x001F, 0x001F, 0x001F, 0x0199, 0x00BD, 0x001F, 0x001F, 0x001F, 0x001F,
    0x001F, 0x011B, 0x007E, 0x001F, 0x001F, 0x001F, 0x011C, 0x0277, 0x0335, 0x0B37, 0x0B18, 0x0B18, 0x0319, 0x0B5B, 0x13FC, 0x247E,
    0x247E, 0x245D, 0x1BDB, 0x0B19, 0x02B7, 0x02B6, 0x0AB6, 0x0AD6, 0x0AD6, 0x0AB6, 0x0AB5, 0x0A95, 0x0295, 0x0295, 0x0275, 0x0274,
    0x0274, 0x0254, 0x0254, 0x0253, 0x0233, 0x0253, 0x0233, 0x0233, 0x0233, 0x0233, 0x0233, 0x0233, 0x0233, 0x0212, 0x0212, 0x0212,
    0x0212, 0x0212, 0x0212, 0x0212, 0x0212, 0x0212, 0x0212, 0x0212, 0x0212, 0x0212, 0x0212, 0x0212, 0x0212, 0x0212, 0x0212, 0x0212,
    0x0212, 0x0212, 0x0212, 0x0212, 0x0212, 0x0212, 0x0212, 0x0212, 0x0212, 0x0212, 0x0212, 0x0212, 0x0212, 0x0212, 0x0212, 0x0212,
    0x0212, 0x0212, 0x0212, 0x0212, 0x0212, 0x0212, 0x0212, 0x0212, 0x0212, 0x0212, 0x0212, 0x0212, 0x0212, 0x0212, 0x0213, 0x0212,
    0x0212, 0x0212, 0x0212, 0x0213, 0x0213, 0x0213, 0x0233, 0x0233, 0x0233, 0x0233, 0x0233, 0x0233, 0x0213, 0x0213, 0x0213, 0x0213,
    0x0233, 0x0233, 0x0233, 0x0233, 0x0233, 0x0233, 0x0233, 0x0233, 0x0233, 0x0233, 0x0233, 0x0233, 0x0233, 0x0233, 0x0233, 0x0233,
    0x0233, 0x0233, 0x0233, 0x0233, 0x0233, 0x0234, 0x0254, 0x0254, 0x0254, 0x0A75, 0x0AB6, 0x0AD7, 0x1318, 0x1318, 0x1318, 0x0AF8,
    0x0AF8, 0x0AF8, 0x0AF8, 0x0AF8, 0x0AF8, 0x0AF8, 0x0AF8, 0x0B18, 0x0B18, 0x0B18, 0x0B19, 0x1319, 0x0B19, 0x0B19, 0x1339, 0x1339,
    0x1339, 0x1359, 0x1359, 0x135A, 0x135A, 0x135A, 0x137A, 0x137A, 0x139B, 0x1BBC, 0x1BBC, 0x13BD, 0x1C3E, 0x3D1F, 0x7E3F, 0xB77F,
    0xC7BF, 0xA71F, 0x5DDF, 0x2CDF, 0x245E, 0x2C7E, 0x2C9E, 0x349E, 0x347E, 0x347D, 0x347D, 0x347D, 0x2C5D, 0x2C5C, 0x2C3C, 0x2C3C,
    0x2C1B, 0x2BFA, 0x2BFA, 0x2BDA, 0x2BB9, 0x2BD9, 0x1BD8, 0x23B8, 0x2B99, 0x33B9, 0x3B99, 0x2357, 0x1B75, 0x0334, 0x02B4, 0x0256,
    0x01F8, 0x011B, 0x005E, 0x001F, 0x001F, 0x001F, 0x001F, 0x001F, 0x001F, 0x001F, 0x001F, 0x001F, 0x001F, 0x001F, 0x001F, 0x001F,
    0x001F, 0x001F, 0x001F, 0x001F, 0x001F, 0x001F, 0x001F, 0x001F, 0x001B, 0x0002, 0x0000, 0x0000, 0x0000, 0x0000, 0x0000, 0x0000,
    0x0000, 0x0000, 0x0000, 0x0000, 0x0000, 0x0000, 0x0000, 0x0000, 0x0000, 0x0000, 0x0000, 0x0000, 0x0000, 0x0000, 0x0000, 0x0000,
    0x0000, 0x0000, 0x0000, 0x0000, 0x0000, 0x0000, 0x0000, 0x0000, 0x0000, 0x0000, 0x0000, 0x0000, 0x0000, 0x0000, 0x0000, 0x0002,
    0x0002, 0x000A, 0x0012, 0x0019, 0x001F, 0x001F, 0x001F, 0x001F, 0x001F, 0x001F, 0x001F, 0x001F, 0x001F, 0x001F, 0x001F, 0x001F,
    0x001F, 0x001F, 0x001F, 0x001F, 0x001F, 0x001F, 0x001F, 0x001F, 0x001F, 0x001F, 0x001F, 0x001F, 0x001F, 0x001F, 0x001F, 0x001F,
    0x0018, 0x001F, 0x001F, 0x001F, 0x001F, 0x0016, 0x000C, 0x0016, 0x001F, 0x01BF, 0x00BF, 0x001F, 0x001F, 0x001F, 0x001F, 0x001F,
    0x001F, 0x001F, 0x001F, 0x007E, 0x0218, 0x019F, 0x0138, 0x023F, 0x001F, 0x001F, 0x001F, 0x001F, 0x001F, 0x001F, 0x001F, 0x003F,
    0x00FF, 0x001F, 0x001F, 0x001F, 0x001F, 0x001F, 0x007F, 0x025D, 0x001F, 0x009D, 0x00DD, 0x00DF, 0x001F, 0x001F, 0x001F, 0x001F,
    0x001F, 0x001F, 0x001F, 0x003F, 0x0076, 0x001F, 0x001F, 0x001F, 0x001F, 0x001F, 0x001F, 0x001F, 0x011B, 0x001F, 0x001F, 0x001F,
    0x001F, 0x003F, 0x007E, 0x001F, 0x001F, 0x001F, 0x001F, 0x001F, 0x001F, 0x007D, 0x01BA, 0x0297, 0x0B36, 0x0B17, 0x0B18, 0x0B7A,
    0x1C1D, 0x1BFD, 0x0B7A, 0x02F8, 0x0AD6, 0x02F4, 0x02D4, 0x0198, 0x001F, 0x00FC, 0x003F, 0x005E, 0x011B, 0x003F, 0x001F, 0x001F,
    0x001F, 0x001F, 0x001F, 0x001F, 0x0199, 0x00BD, 0x001F, 0x001F, 0x001F, 0x001F, 0x001F, 0x00FC, 0x009D, 0x00DC, 0x017B, 0x025A,
    0x0317, 0x0B17, 0x0B18, 0x0B19, 0x0B3A, 0x13DC, 0x243D, 0x249E, 0x2CBE, 0x1BDC, 0x0B39, 0x0AB7, 0x0A96, 0x0AB6, 0x0AB6, 0x0AB6,
    0x0AB6, 0x0AB6, 0x0A95, 0x0A95, 0x0A95, 0x0A75, 0x0274, 0x0274, 0x0254, 0x0254, 0x0253, 0x0233, 0x0233, 0x0233, 0x0233, 0x0233,
    0x0233, 0x0233, 0x0232, 0x0212, 0x0212, 0x0212, 0x0212, 0x0212, 0x0212, 0x0212, 0x0212, 0x0212, 0x0212, 0x0212, 0x0212, 0x0212,
    0x0212, 0x0212, 0x0212, 0x0212, 0x0212, 0x0212, 0x0212, 0x0212, 0x0212, 0x0212, 0x0212, 0x0212, 0x0212, 0x0212, 0x0212, 0x0212,
    0x0212, 0x0212, 0x0212, 0x0212, 0x0212, 0x0212, 0x0212, 0x0212, 0x0212, 0x0212, 0x0212, 0x0212, 0x0212, 0x0212, 0x0212, 0x0212,
    0x0212, 0x0212, 0x0212, 0x0212, 0x0212, 0x0212, 0x0213, 0x0212, 0x0212, 0x0212, 0x0212, 0x0212, 0x0213, 0x0213, 0x0213, 0x0213,
    0x0233, 0x0233, 0x0233, 0x0213, 0x0213, 0x0213, 0x0213, 0x0213, 0x0213, 0x0213, 0x0233, 0x0233, 0x0233, 0x0233, 0x0213, 0x0213,
    0x0233, 0x0233, 0x0233, 0x0233, 0x0213, 0x0233, 0x0233, 0x0233, 0x0233, 0x0233, 0x0233, 0x0233, 0x0233, 0x0233, 0x0233, 0x0233,
    0x0233, 0x0254, 0x0254, 0x0254, 0x0254, 0x0254, 0x0A74, 0x0AB5, 0x0AD7, 0x0AF7, 0x12F8, 0x0AF8, 0x0AF8, 0x0AF8, 0x0AF8, 0x0AF8,
    0x0AF8, 0x0AF8, 0x0B18, 0x0B18, 0x0B18, 0x0B18, 0x0B18, 0x0B18, 0x1319, 0x1319, 0x1339, 0x1339, 0x1339, 0x1339, 0x1339, 0x1339,
    0x133A, 0x135A, 0x137A, 0x139B, 0x139B, 0x1B9B, 0x1BBC, 0x13BD, 0x13DE, 0x247E, 0x55BF, 0x9EDF, 0xC7BF, 0xB79F, 0x7E5F, 0x3D3E,
    0x1C7E, 0x245E, 0x2C7E, 0x347E, 0x349E, 0x349E, 0x347D, 0x347D, 0x347D, 0x2C5C, 0x2C3C, 0x2C1C, 0x2C1B, 0x2BFA, 0x2BFA, 0x2BDA,
    0x2BD9, 0x23D8, 0x1BB8, 0x23B8, 0x2BB9, 0x3399, 0x3B98, 0x2398, 0x0355, 0x0353, 0x0372, 0x0391, 0x02F4, 0x015A, 0x001F, 0x001F,
    0x001F, 0x001F, 0x001F, 0x001F, 0x001F, 0x001F, 0x001F, 0x001F, 0x001F, 0x001F, 0x001F, 0x001F, 0x001F, 0x001F, 0x001F, 0x001F,
    0x001F, 0x001F, 0x001F, 0x0019, 0x0003, 0x0000, 0x0000, 0x0000, 0x0000, 0x0000, 0x0000, 0x0000, 0x0000, 0x0000, 0x0000, 0x0000,
    0x0000, 0x0000, 0x0000, 0x0000, 0x0000, 0x0000, 0x0000, 0x0000, 0x0000, 0x0000, 0x0000, 0x0000, 0x0000, 0x0000, 0x0000, 0x0000,
    0x0000, 0x0000, 0x0000, 0x0000, 0x0000, 0x0000, 0x0002, 0x000D, 0x0014, 0x001D, 0x001D, 0x001F, 0x001F, 0x001F, 0x001F, 0x001F,
    0x001F, 0x001F, 0x001F, 0x001F, 0x001F, 0x001F, 0x001F, 0x001F, 0x001F, 0x001F, 0x001F, 0x001F, 0x001F, 0x001F, 0x001F, 0x001F,
    0x001F, 0x001F, 0x001F, 0x001F, 0x001F, 0x001F, 0x001F, 0x001F, 0x001F, 0x001F, 0x0018, 0x001F, 0x001F, 0x001F, 0x001F, 0x0016,
    0x000C, 0x0016, 0x001F, 0x01BF, 0x00BF, 0x001F, 0x001F, 0x001F, 0x001F, 0x001F, 0x001F, 0x001F, 0x001F, 0x007E, 0x0218, 0x019F,
    0x0138, 0x023F, 0x001F, 0x001F, 0x001F, 0x001F, 0x001F, 0x001F, 0x001F, 0x003F, 0x00FF, 0x001F, 0x001F, 0x001F, 0x001F, 0x001F,
    0x007F, 0x025D, 0x001F, 0x009D, 0x00DD, 0x00DF, 0x001F, 0x001F, 0x001F, 0x001F, 0x001F, 0x001F, 0x001F, 0x003F, 0x0076, 0x001F,
    0x001F, 0x001F, 0x001F, 0x001F, 0x001F, 0x001F, 0x011B, 0x001F, 0x001F, 0x001F, 0x001F, 0x003F, 0x007E, 0x001F, 0x001F, 0x001F,
    0x001F, 0x00BD, 0x019B, 0x0316, 0x0B56, 0x0B17, 0x0B18, 0x0B9B, 0x1C1D, 0x1C3D, 0x13BB, 0x0B39, 0x0AF7, 0x0AB5, 0x0295, 0x01D7,
    0x00DA, 0x001F, 0x001F, 0x00FC, 0x003F, 0x005E, 0x011B, 0x003F, 0x001F, 0x001F, 0x001F, 0x001F, 0x001F, 0x001F, 0x0199, 0x00BD,
    0x001F, 0x001F, 0x001F, 0x001F, 0x003E, 0x0217, 0x0276, 0x0316, 0x0337, 0x0B37, 0x0AF7, 0x02F9, 0x0B5B, 0x13DD, 0x247E, 0x2C9F,
    0x1BFD, 0x0B3A, 0x02D8, 0x02B6, 0x0AD6, 0x0AD6, 0x0AD6, 0x0AB6, 0x0AB5, 0x0AB5, 0x0295, 0x0295, 0x0274, 0x0274, 0x0274, 0x0254,
    0x0254, 0x0253, 0x0253, 0x0233, 0x0233, 0x0233, 0x0232, 0x0233, 0x0233, 0x0232, 0x0232, 0x0212, 0x0212, 0x0212, 0x0212, 0x0212,
    0x0212, 0x0212, 0x0212, 0x01F2, 0x0212, 0x0212, 0x01F2, 0x01F2, 0x01F2, 0x0212, 0x01F2, 0x0211, 0x01F2, 0x01F2, 0x01F2, 0x01F2,
    0x0212, 0x0212, 0x01F2, 0x0212, 0x01F2, 0x0212, 0x0212, 0x0212, 0x0212, 0x0212, 0x0212, 0x0212, 0x0212, 0x0212, 0x01F2, 0x01F2,
    0x01F2, 0x0212, 0x0212, 0x0212, 0x0212, 0x0212, 0x0212, 0x0212, 0x0212, 0x0212, 0x01F2, 0x0212, 0x0212, 0x01F2, 0x0212, 0x0212,
    0x0212, 0x0212, 0x0212, 0x0212, 0x0212, 0x0212, 0x0212, 0x0213, 0x0212, 0x0213, 0x0213, 0x0213, 0x0213, 0x0213, 0x0213, 0x0213,
    0x0213, 0x0213, 0x0213, 0x0213, 0x0233, 0x0233, 0x0233, 0x0233, 0x0213, 0x0233, 0x0233, 0x0213, 0x0213, 0x0213, 0x0213, 0x0213,
    0x0213, 0x0213, 0x0213, 0x0213, 0x0213, 0x0233, 0x0233, 0x0233, 0x0233, 0x0233, 0x0233, 0x0233, 0x0254, 0x0254, 0x0254, 0x0254,
    0x0254, 0x0254, 0x0254, 0x0274, 0x0A96, 0x0AD7, 0x1318, 0x1318, 0x1318, 0x0AF8, 0x0AF8, 0x0AF8, 0x0AF8, 0x0AF8, 0x0AF8, 0x0AF8,
    0x0B18, 0x0B18, 0x0B18, 0x0B19, 0x0B18, 0x0B19, 0x1318, 0x1318, 0x1319, 0x1339, 0x1339, 0x1339, 0x135A, 0x135A, 0x137A, 0x137A,
    0x139B, 0x1BBC, 0x1BBC, 0x1BBD, 0x13BD, 0x13FE, 0x2C9E, 0x65FF, 0xB77F, 0xD7FF, 0x96FF, 0x4D7F, 0x247E, 0x245E, 0x2C7E, 0x349E,
    0x349E, 0x349D, 0x347D, 0x347D, 0x2C5D, 0x2C5C, 0x2C3C, 0x2C1B, 0x2C3C, 0x2C1B, 0x2BFB, 0x2BDA, 0x23D9, 0x1BD9, 0x1BB8, 0x1BD7,
    0x23B8, 0x2BB9, 0x3BD8, 0x2BB7, 0x0AF6, 0x0352, 0x042F, 0x0332, 0x00BD, 0x001F, 0x001F, 0x001F, 0x001F, 0x001F, 0x001F, 0x001F,
    0x001F, 0x001F, 0x001F, 0x001F, 0x001F, 0x001F, 0x001F, 0x001F, 0x001F, 0x001F, 0x001F, 0x001F, 0x001F, 0x001F, 0x0019, 0x0003,
    0x0000, 0x0000, 0x0000, 0x0000, 0x0000, 0x0000, 0x0000, 0x0000, 0x0000, 0x0000, 0x0000, 0x0000, 0x0005, 0x0002, 0x0000, 0x0000,
    0x0000, 0x0000, 0x0000, 0x0000, 0x0000, 0x0000, 0x0000, 0x0000, 0x0000, 0x0000, 0x0000, 0x0000, 0x0000, 0x0000, 0x0000, 0x0000,
    0x0016, 0x001F, 0x001F, 0x001F, 0x001F, 0x001F, 0x001F, 0x001F, 0x001F, 0x001F, 0x001F, 0x001F, 0x001F, 0x001F, 0x001F, 0x001F,
    0x001F, 0x001F, 0x001F, 0x001F, 0x001F, 0x001F, 0x001F, 0x001F, 0x001F, 0x001F, 0x001F, 0x001F, 0x001F, 0x001F, 0x001F, 0x001F,
    0x001F, 0x001F, 0x001F, 0x001F, 0x0018, 0x001F, 0x001F, 0x001F, 0x001F, 0x0016, 0x000C, 0x0016, 0x001F, 0x01BF, 0x00BF, 0x001F,
    0x001F, 0x001F, 0x001F, 0x001F, 0x001F, 0x001F, 0x001F, 0x007E, 0x0218, 0x019F, 0x0138, 0x023F, 0x001F, 0x001F, 0x001F, 0x001F,
    0x001F, 0x001F, 0x001F, 0x003F, 0x00FF, 0x001F, 0x001F, 0x001F, 0x001F, 0x001F, 0x007F, 0x025D, 0x001F, 0x009D, 0x00DD, 0x00DF,
    0x001F, 0x001F, 0x001F, 0x001F, 0x001F, 0x001F, 0x001F, 0x003F, 0x0076, 0x001F, 0x001F, 0x001F, 0x001F, 0x001F, 0x001F, 0x001F,
    0x011B, 0x001F, 0x001F, 0x001F, 0x001F, 0x003F, 0x007E, 0x001F, 0x001F, 0x007D, 0x0238, 0x0355, 0x0B77, 0x0B38, 0x0B39, 0x0B7B,
    0x1C1D, 0x2C9E, 0x1BDC, 0x0B39, 0x0AF7, 0x0AF6, 0x0AD4, 0x0294, 0x0116, 0x001F, 0x001F, 0x001F, 0x001F, 0x00FC, 0x003F, 0x005E,
    0x011B, 0x003F, 0x001F, 0x001F, 0x001F, 0x001F, 0x001F, 0x001F, 0x0199, 0x00BD, 0x001F, 0x001F, 0x00DC, 0x01D8, 0x0277, 0x0316,
    0x0B17, 0x0B18, 0x02F9, 0x0B3A, 0x13BC, 0x245E, 0x1C3E, 0x13DD, 0x135B, 0x02F8, 0x02D7, 0x0AB6, 0x0AD6, 0x0AD6, 0x0AB6, 0x0AB6,
    0x0AB5, 0x0295, 0x0A95, 0x0295, 0x0275, 0x0274, 0x0254, 0x0253, 0x0253, 0x0253, 0x0233, 0x0233, 0x0233, 0x0232, 0x0233, 0x0232,
    0x0212, 0x0232, 0x0232, 0x0212, 0x0212, 0x0212, 0x0212, 0x0212, 0x0212, 0x0212, 0x01F1, 0x01F1, 0x01F1, 0x0211, 0x0211, 0x01F1,
    0x01F1, 0x01F1, 0x01F1, 0x01F1, 0x01F1, 0x01F1, 0x01F1, 0x01F1, 0x01F1, 0x01F1, 0x01F1, 0x01F1, 0x01F1, 0x01F1, 0x01F2, 0x0212,
    0x01F2, 0x0212, 0x0212, 0x0212, 0x01F2, 0x01F1, 0x01F1, 0x01F2, 0x01F1, 0x01F2, 0x01F2, 0x01F2, 0x0212, 0x0212, 0x0212, 0x0212,
    0x01F2, 0x0212, 0x01F2, 0x01F2, 0x01F2, 0x01F2, 0x01F2, 0x01F2, 0x01F2, 0x0212, 0x0212, 0x0212, 0x0212, 0x0212, 0x0212, 0x0212,
    0x0212, 0x0212, 0x0212, 0x0212, 0x0212, 0x0212, 0x0212, 0x0212, 0x0213, 0x0213, 0x0213, 0x0213, 0x0213, 0x0213, 0x0213, 0x0213,
    0x0213, 0x0213, 0x0213, 0x0213, 0x0213, 0x0213, 0x0213, 0x0213, 0x0213, 0x0213, 0x0213, 0x0213, 0x0213, 0x0213, 0x0213, 0x0233,
    0x0233, 0x0233, 0x0233, 0x0233, 0x0233, 0x0233, 0x0233, 0x0254, 0x0254, 0x0254, 0x0254, 0x0254, 0x0254, 0x0254, 0x0254, 0x0254,
    0x0274, 0x0A95, 0x0AD7, 0x1318, 0x1318, 0x1318, 0x1318, 0x0B18, 0x0AF8, 0x0AF8, 0x0B18, 0x0B18, 0x0B18, 0x0B18, 0x1318, 0x0B18,
    0x0B18, 0x1318, 0x1318, 0x1319, 0x1319, 0x1339, 0x1339, 0x135A, 0x135A, 0x135A, 0x137A, 0x137B, 0x139B, 0x139B, 0x13BB, 0x1BBC,
    0x1BBC, 0x13BD, 0x1C3E, 0x453F, 0x8EBF, 0xC7BF, 0xBF7F, 0x763F, 0x34DF, 0x1C5E, 0x245E, 0x2C7E, 0x347E, 0x347E, 0x347D, 0x347D,
    0x347D, 0x2C5C, 0x2C3C, 0x2C3C, 0x2C1B, 0x2C1C, 0x2BDB, 0x23FA, 0x23BA, 0x23B9, 0x1BB8, 0x23B8, 0x2BB9, 0x33B9, 0x3398, 0x1B56,
    0x0313, 0x03EF, 0x0371, 0x02B4, 0x0313, 0x02B4, 0x00FC, 0x001F, 0x001F, 0x001F, 0x001F, 0x001F, 0x001F, 0x001F, 0x001F, 0x001F,
    0x001F, 0x001F, 0x001F, 0x001F, 0x001F, 0x001F, 0x001F, 0x001F, 0x001F, 0x001A, 0x0002, 0x0000, 0x0000, 0x0000, 0x0000, 0x0000,
    0x0000, 0x0000, 0x0000, 0x0000, 0x0002, 0x000B, 0x001B, 0x0003, 0x0000, 0x0000, 0x0000, 0x0000, 0x0000, 0x0000, 0x0000, 0x0000,
    0x0000, 0x0000, 0x0000, 0x0000, 0x0000, 0x0000, 0x0000, 0x0000, 0x0000, 0x0000, 0x0018, 0x001F, 0x001F, 0x001F, 0x001F, 0x001F,
    0x001F, 0x001F, 0x001F, 0x001F, 0x001F, 0x001F, 0x001F, 0x001F, 0x001F, 0x001F, 0x001F, 0x001F, 0x001F, 0x001F, 0x001F, 0x001F,
    0x001F, 0x001F, 0x001F, 0x001F, 0x001F, 0x001F, 0x001F, 0x001F, 0x001F, 0x001F, 0x001F, 0x001F, 0x001F, 0x001F, 0x0018, 0x001F,
    0x001F, 0x001F, 0x001F, 0x0016, 0x000C, 0x0016, 0x001F, 0x01BF, 0x00BF, 0x001F, 0x001F, 0x001F, 0x001F, 0x001F, 0x001F, 0x001F,
    0x001F, 0x007E, 0x0218, 0x019F, 0x0138, 0x023F, 0x001F, 0x001F, 0x001F, 0x001F, 0x001F, 0x001F, 0x001F, 0x003F, 0x00FF, 0x001F,
    0x001F, 0x001F, 0x001F, 0x001F, 0x007F, 0x025D, 0x001F, 0x009D, 0x00DD, 0x00DF, 0x001F, 0x001F, 0x001F, 0x001F, 0x001F, 0x001F,
    0x001F, 0x003F, 0x0076, 0x001F, 0x001F, 0x001F, 0x001F, 0x001F, 0x001F, 0x001F, 0x011B, 0x001F, 0x001F, 0x001F, 0x001F, 0x001F,
    0x005E, 0x003F, 0x01F9, 0x0337, 0x1377, 0x1338, 0x0B39, 0x0B7B, 0x1C3D, 0x247E, 0x1BFC, 0x0B5A, 0x0B18, 0x0B17, 0x0AD5, 0x0256,
    0x01B7, 0x0197, 0x0057, 0x001D, 0x001F, 0x001F, 0x001F, 0x00FC, 0x003F, 0x005E, 0x011B, 0x003F, 0x001F, 0x001F, 0x001F, 0x001F,
    0x001F, 0x001F, 0x0199, 0x00DC, 0x013B, 0x01F8, 0x02D5, 0x0316, 0x0B17, 0x0B18, 0x033A, 0x139B, 0x1C3D, 0x1C3E, 0x1BFD, 0x139B,
    0x0B19, 0x0AD7, 0x0AD7, 0x0AD6, 0x0AD6, 0x0AB6, 0x0AB5, 0x0AB5, 0x0AB5, 0x0295, 0x0295, 0x0274, 0x0A74, 0x0A74, 0x0A54, 0x0A53,
    0x0253, 0x0233, 0x0232, 0x0232, 0x0232, 0x0212, 0x0212, 0x0212, 0x0232, 0x0212, 0x0212, 0x0212, 0x0212, 0x0212, 0x0211, 0x01F2,
    0x01F1, 0x01F1, 0x01F1, 0x01F1, 0x01F1, 0x01F1, 0x01F1, 0x01F1, 0x01F1, 0x01F1, 0x01F1, 0x01F1, 0x01F1, 0x01F1, 0x01F1, 0x01F1,
    0x01F1, 0x01F1, 0x01F1, 0x01F1, 0x01F1, 0x01F1, 0x01F1, 0x01F1, 0x01F1, 0x01F1, 0x01F1, 0x01F1, 0x01F1, 0x01F1, 0x01F1, 0x01F1,
    0x01F1, 0x01F1, 0x01F1, 0x01F1, 0x01F1, 0x01F1, 0x01F1, 0x01F1, 0x01F1, 0x01F1, 0x01F2, 0x0212, 0x0212, 0x01F2, 0x01F2, 0x01F2,
    0x01F2, 0x01F2, 0x0212, 0x0212, 0x0212, 0x0212, 0x0212, 0x0212, 0x0212, 0x0212, 0x0212, 0x0212, 0x0212, 0x01F2, 0x01F2, 0x0212,
    0x0212, 0x0212, 0x0212, 0x0213, 0x0233, 0x0233, 0x0213, 0x0212, 0x0212, 0x0212, 0x0212, 0x0213, 0x0213, 0x0213, 0x0213, 0x0213,
    0x0213, 0x0213, 0x0213, 0x0213, 0x0213, 0x0213, 0x0213, 0x0233, 0x0233, 0x0233, 0x0233, 0x0233, 0x0233, 0x0233, 0x0233, 0x0233,
    0x0233, 0x0233, 0x0233, 0x0233, 0x0233, 0x0233, 0x0254, 0x0254, 0x0254, 0x0254, 0x0254, 0x0253, 0x0254, 0x0A95, 0x0AB6, 0x0AF7,
    0x1318, 0x1318, 0x1318, 0x0AF8, 0x0AF8, 0x0AF8, 0x0AF8, 0x0AF8, 0x0B18, 0x0B18, 0x0B18, 0x0B18, 0x1318, 0x1318, 0x1319, 0x1339,
    0x1339, 0x1339, 0x1339, 0x133A, 0x135A, 0x135A, 0x137A, 0x137A, 0x137B, 0x139B, 0x1B9B, 0x1BBC, 0x1BDC, 0x1BDD, 0x1C1E, 0x34DF,
    0x65DF, 0xA71F, 0xBF9F, 0x96BF, 0x455F, 0x247E, 0x245E, 0x2C7E, 0x349E, 0x347E, 0x349E, 0x2C7D, 0x2C5D, 0x2C5C, 0x2C3C, 0x2C3C,
    0x2C1C, 0x2C1C, 0x2C1B, 0x2BFB, 0x23DA, 0x23D9, 0x1BD9, 0x23B9, 0x2B99, 0x33B9, 0x2B77, 0x1335, 0x0B34, 0x0355, 0x0394, 0x0392,
    0x0371, 0x0276, 0x00FC, 0x001F, 0x001F, 0x001F, 0x001F, 0x001F, 0x001F, 0x001F, 0x001F, 0x001F, 0x001F, 0x001F, 0x001F, 0x001F,
    0x001F, 0x001F, 0x001F, 0x001F, 0x001A, 0x0003, 0x0000, 0x0000, 0x0000, 0x0000, 0x0000, 0x0000, 0x0006, 0x0012, 0x001A, 0x001F,
    0x001E, 0x0002, 0x0000, 0x0000, 0x0000, 0x0000, 0x0000, 0x0000, 0x0000, 0x0000, 0x0000, 0x0000, 0x0000, 0x0000, 0x0000, 0x0000,
    0x0000, 0x0000, 0x0000, 0x0000, 0x0017, 0x001F, 0x001F, 0x001F, 0x001F, 0x001F, 0x001F, 0x001F, 0x001F, 0x001F, 0x001F, 0x001F,
    0x001F, 0x001F, 0x001F, 0x001F, 0x001F, 0x001F, 0x001F, 0x001F, 0x001F, 0x001F, 0x001F, 0x001F, 0x001F, 0x001F, 0x001F, 0x001F,
    0x001F, 0x001F, 0x001F, 0x001F, 0x001F, 0x001F, 0x001F, 0x001F, 0x0018, 0x001F, 0x001F, 0x001F, 0x001F, 0x0016, 0x000C, 0x0016,
    0x001F, 0x01BF, 0x00BF, 0x001F, 0x001F, 0x001F, 0x001F, 0x001F, 0x001F, 0x001F, 0x001F, 0x007E, 0x0218, 0x019F, 0x0138, 0x023F,
    0x001F, 0x001F, 0x001F, 0x001F, 0x001F, 0x001F, 0x001F, 0x003F, 0x00FF, 0x001F, 0x001F, 0x001F, 0x001F, 0x001F, 0x007F, 0x025D,
    0x001F, 0x009D, 0x00DD, 0x00DF, 0x001F, 0x001F, 0x001F, 0x001F, 0x001F, 0x001F, 0x001F, 0x003F, 0x0076, 0x001F, 0x001F, 0x001F,
    0x001F, 0x001F, 0x001F, 0x001F, 0x011B, 0x001F, 0x001F, 0x001F, 0x001F, 0x009D, 0x0258, 0x02B8, 0x0B77, 0x1359, 0x0B5A, 0x139C,
    0x247E, 0x247E, 0x1BFC, 0x0B5A, 0x0B18, 0x0B17, 0x0B15, 0x0296, 0x015A, 0x00FC, 0x005D, 0x0197, 0x0077, 0x001E, 0x001F, 0x001F,
    0x001F, 0x00FC, 0x003F, 0x005E, 0x011B, 0x003F, 0x001F, 0x001F, 0x001F, 0x001F, 0x007E, 0x00DC, 0x0237, 0x0295, 0x02F5, 0x02F6,
    0x02F7, 0x0318, 0x0B5A, 0x13DC, 0x245E, 0x245E, 0x13BC, 0x0B19, 0x02D7, 0x0AB6, 0x0AB6, 0x0AB6, 0x0AB6, 0x0AB6, 0x0AB5, 0x0A95,
    0x0A95, 0x0A95, 0x0A74, 0x0A74, 0x0A54, 0x0A53, 0x0A53, 0x0A53, 0x0233, 0x0233, 0x0232, 0x0232, 0x0232, 0x0212, 0x0212, 0x0212,
    0x01F2, 0x0211, 0x0211, 0x0211, 0x0211, 0x0211, 0x0211, 0x01F1, 0x01F1, 0x01F1, 0x01F1, 0x01F1, 0x01F1, 0x01F1, 0x01F1, 0x01F1,
    0x01F1, 0x01F1, 0x01F1, 0x01F1, 0x01F1, 0x01F1, 0x01D1, 0x01D1, 0x01D0, 0x01D0, 0x01F1, 0x01F1, 0x01F1, 0x01F1, 0x01F1, 0x01F1,
    0x01D1, 0x01F1, 0x01F1, 0x01F1, 0x01F1, 0x01F1, 0x01F1, 0x01F1, 0x01F1, 0x01F1, 0x01F1, 0x01D1, 0x01F1, 0x01F1, 0x01F1, 0x01F1,
    0x01F1, 0x01F1, 0x01F1, 0x01F1, 0x01F1, 0x01F2, 0x01F2, 0x01F2, 0x0212, 0x0212, 0x0212, 0x0212, 0x0212, 0x0212, 0x0212, 0x0212,
    0x0212, 0x0212, 0x0212, 0x0212, 0x0212, 0x01F2, 0x01F2, 0x01F2, 0x01F2, 0x01F2, 0x0212, 0x0212, 0x0212, 0x0212, 0x0212, 0x0212,
    0x0212, 0x0212, 0x0212, 0x0212, 0x0212, 0x0212, 0x0213, 0x0212, 0x0212, 0x0212, 0x0212, 0x0212, 0x0213, 0x0213, 0x0213, 0x0213,
    0x0213, 0x0233, 0x0233, 0x0213, 0x0233, 0x0233, 0x0233, 0x0233, 0x0233, 0x0233, 0x0233, 0x0233, 0x0233, 0x0233, 0x0233, 0x0233,
    0x0233, 0x0233, 0x0233, 0x0234, 0x0254, 0x0254, 0x0254, 0x0254, 0x0254, 0x0254, 0x0275, 0x0AD6, 0x12F7, 0x1318, 0x1318, 0x12F8,
    0x0AF8, 0x0B18, 0x0B18, 0x0AF8, 0x0AF8, 0x0AF8, 0x0B18, 0x1318, 0x1318, 0x1319, 0x1319, 0x1339, 0x1339, 0x1339, 0x1339, 0x133A,
    0x135A, 0x135A, 0x135A, 0x137B, 0x137B, 0x139B, 0x1B9B, 0x1BBC, 0x1BBC, 0x13BD, 0x13BE, 0x141E, 0x4D7F, 0xA6FF, 0xCFBF, 0x9F1F,
    0x5DBF, 0x249F, 0x245E, 0x2C7E, 0x2C9E, 0x2C9E, 0x2C7E, 0x2C7D, 0x2C5D, 0x2C5C, 0x2C5C, 0x2C3C, 0x2C3C, 0x2C3C, 0x2C1B, 0x23FB,
    0x23DA, 0x23DA, 0x1BB9, 0x23B9, 0x33B9, 0x3399, 0x3399, 0x2B99, 0x13B8, 0x0377, 0x0335, 0x0333, 0x0352, 0x0199, 0x003F, 0x001F,
    0x001F, 0x001F, 0x001F, 0x001F, 0x001F, 0x001F, 0x001F, 0x001F, 0x001F, 0x001F, 0x001F, 0x001F, 0x001F, 0x001F, 0x001F, 0x001B,
    0x000A, 0x0001, 0x0001, 0x0002, 0x0005, 0x0011, 0x001D, 0x001F, 0x001F, 0x001F, 0x001D, 0x0002, 0x0000, 0x0000, 0x0000, 0x0000,
    0x0000, 0x0000, 0x0000, 0x0000, 0x0000, 0x0000, 0x0000, 0x0000, 0x0000, 0x0000, 0x0000, 0x0000, 0x0000, 0x0000, 0x0017, 0x001F,
    0x001F, 0x001F, 0x001F, 0x001F, 0x001F, 0x001F, 0x001F, 0x001F, 0x001F, 0x001F, 0x001F, 0x001F, 0x001F, 0x001F, 0x001F, 0x001F,
    0x001F, 0x001F, 0x001F, 0x001F, 0x001F, 0x001F, 0x001F, 0x001F, 0x001F, 0x001F, 0x001F, 0x001F, 0x001F, 0x001F, 0x001F, 0x001F,
    0x001F, 0x001F, 0x0018, 0x001F, 0x001F, 0x001F, 0x001F, 0x0016, 0x000C, 0x0016, 0x001F, 0x01BF, 0x00BF, 0x001F, 0x001F, 0x001F,
    0x001F, 0x001F, 0x001F, 0x001F, 0x001F, 0x007E, 0x0218, 0x019F, 0x0138, 0x023F, 0x001F, 0x001F, 0x001F, 0x001F, 0x001F, 0x001F,
    0x001F, 0x003F, 0x00FF, 0x001F, 0x001F, 0x001F, 0x001F, 0x001F, 0x007F, 0x025D, 0x001F, 0x009D, 0x00DD, 0x00DF, 0x001F, 0x001F,
    0x001F, 0x001F, 0x001F, 0x001F, 0x001F, 0x003F, 0x0076, 0x001F, 0x001F, 0x001F, 0x001F, 0x001F, 0x001F, 0x001F, 0x00FC, 0x001F,
    0x001F, 0x00FC, 0x01FA, 0x0357, 0x0B98, 0x1378, 0x0B3A, 0x0B9B, 0x1C3D, 0x34DF, 0x247E, 0x0B7B, 0x0B18, 0x1317, 0x0B16, 0x02F6,
    0x0276, 0x007E, 0x001F, 0x00BD, 0x009C, 0x0197, 0x0077, 0x001E, 0x001F, 0x0017, 0x001F, 0x00FC, 0x003F, 0x005E, 0x011B, 0x003F,
    0x001F, 0x001F, 0x003F, 0x0199, 0x02D4, 0x02D5, 0x02F6, 0x0AD6, 0x02D7, 0x0319, 0x0B5B, 0x13FD, 0x1C3E, 0x13BC, 0x0B3A, 0x02F8,
    0x02B7, 0x0AB6, 0x0AB6, 0x0AB6, 0x0AB5, 0x0A95, 0x0A95, 0x0A95, 0x0A95, 0x0A94, 0x0274, 0x0274, 0x0274, 0x0253, 0x0253, 0x0253,
    0x0252, 0x0232, 0x0232, 0x0212, 0x0212, 0x0211, 0x0211, 0x0211, 0x01F1, 0x01F1, 0x01F1, 0x01F1, 0x01F1, 0x01F1, 0x01F1, 0x01F1,
    0x01F1, 0x01F1, 0x01F1, 0x01F1, 0x01F0, 0x01D0, 0x01D1, 0x01D0, 0x01D0, 0x01D0, 0x01D0, 0x01D0, 0x01D1, 0x01D0, 0x01F0, 0x01F0,
    0x01D0, 0x01D0, 0x01D0, 0x01D0, 0x01F0, 0x01D0, 0x01F1, 0x01D1, 0x01D0, 0x01F1, 0x01D1, 0x01D1, 0x01D1, 0x01D0, 0x01F1, 0x01F1,
    0x01F1, 0x01F1, 0x01D1, 0x01F1, 0x01F1, 0x01F1, 0x01F1, 0x01F1, 0x01F1, 0x01F1, 0x01F1, 0x01F1, 0x01F1, 0x01F1, 0x01F1, 0x01F1,
    0x01F1, 0x01F1, 0x01F2, 0x0212, 0x01F2, 0x01F2, 0x01F2, 0x01F2, 0x0212, 0x0212, 0x0212, 0x0212, 0x0212, 0x0212, 0x01F2, 0x01F2,
    0x01F2, 0x01F2, 0x01F2, 0x0212, 0x0212, 0x0212, 0x0212, 0x01F2, 0x0212, 0x0212, 0x0212, 0x0212, 0x0212, 0x0212, 0x0212, 0x0212,
    0x0212, 0x0212, 0x0212, 0x0212, 0x0212, 0x0212, 0x0212, 0x0213, 0x0212, 0x0213, 0x0213, 0x0213, 0x0233, 0x0213, 0x0213, 0x0213,
    0x0213, 0x0233, 0x0233, 0x0233, 0x0233, 0x0233, 0x0233, 0x0233, 0x0233, 0x0233, 0x0233, 0x0233, 0x0233, 0x0233, 0x0233, 0x0233,
    0x0233, 0x0233, 0x0253, 0x0254, 0x0254, 0x0254, 0x0274, 0x0A95, 0x0AD7, 0x12F8, 0x1318, 0x1318, 0x0AF8, 0x0AF8, 0x0AF8, 0x0AF8,
    0x0AF8, 0x0B18, 0x0B18, 0x0B18, 0x0B18, 0x1319, 0x1339, 0x1339, 0x1339, 0x1339, 0x1339, 0x135A, 0x135A, 0x135A, 0x135A, 0x135A,
    0x137B, 0x139B, 0x139B, 0x1BBC, 0x1BBC, 0x1BDD, 0x13DD, 0x1C1E, 0x34DF, 0x6E3F, 0xB77F, 0xB77F, 0x661F, 0x2CBF, 0x1C5E, 0x247E,
    0x2C9E, 0x2C9E, 0x2C7E, 0x2C7D, 0x2C7D, 0x2C5C, 0x2C5C, 0x2C5C, 0x2C3C, 0x2C1B, 0x2C1C, 0x23FB, 0x23DB, 0x23B9, 0x1BD8, 0x1BB8,
    0x23B8, 0x2BB9, 0x2BB8, 0x2B97, 0x1BB8, 0x03B7, 0x0335, 0x0391, 0x0237, 0x003F, 0x001F, 0x001F, 0x001F, 0x001F, 0x001F, 0x001F,
    0x001F, 0x001F, 0x001F, 0x001F, 0x001F, 0x001F, 0x001F, 0x001F, 0x001F, 0x001F, 0x001F, 0x001B, 0x001C, 0x001D, 0x001F, 0x001F,
    0x001F, 0x001F, 0x001F, 0x001F, 0x001D, 0x0002, 0x0000, 0x0000, 0x0000, 0x0000, 0x0000, 0x0000, 0x0000, 0x0000, 0x0000, 0x0000,
    0x0000, 0x0000, 0x0000, 0x0000, 0x0000, 0x0000, 0x0000, 0x0000, 0x0017, 0x001F, 0x001F, 0x001F, 0x001F, 0x001F, 0x001F, 0x001F,
    0x001F, 0x001F, 0x001F, 0x001F, 0x001F, 0x001F, 0x001F, 0x001F, 0x001F, 0x001F, 0x001F, 0x001F, 0x001F, 0x001F, 0x001F, 0x001F,
    0x001F, 0x001F, 0x001F, 0x001F, 0x001F, 0x001F, 0x001F, 0x001F, 0x001F, 0x001F, 0x001F, 0x001F, 0x0018, 0x001F, 0x001F, 0x001F,
    0x001F, 0x0016, 0x000C, 0x0016, 0x001F, 0x01BF, 0x00BF, 0x001F, 0x001F, 0x001F, 0x001F, 0x001F, 0x001F, 0x001F, 0x001F, 0x007E,
    0x0218, 0x019F, 0x0138, 0x023F, 0x001F, 0x001F, 0x001F, 0x001F, 0x001F, 0x001F, 0x001F, 0x003F, 0x00FF, 0x001F, 0x001F, 0x001F,
    0x001F, 0x001F, 0x007F, 0x025D, 0x001F, 0x009D, 0x00DD, 0x00DF, 0x001F, 0x001F, 0x001F, 0x001F, 0x001F, 0x001F, 0x001F, 0x003F,
    0x0076, 0x001F, 0x001F, 0x001F, 0x001F, 0x001F, 0x001F, 0x001F, 0x00FB, 0x011B, 0x02D7, 0x0B57, 0x1398, 0x1379, 0x0B5A, 0x0B7B,
    0x243D, 0x34FF, 0x1C3D, 0x0B7B, 0x0B39, 0x1338, 0x0B37, 0x0B15, 0x0217, 0x00BD, 0x001F, 0x001F, 0x005E, 0x00DD, 0x009C, 0x0197,
    0x0079, 0x001F, 0x0015, 0x0000, 0x001F, 0x00FC, 0x003F, 0x005E, 0x00FC, 0x001F, 0x005E, 0x013B, 0x0276, 0x02D4, 0x0AB6, 0x0AD7,
    0x0AF8, 0x0B5A, 0x13DC, 0x13FD, 0x13BC, 0x0B5A, 0x02F9, 0x02D7, 0x02B6, 0x0AD6, 0x0AB6, 0x0AB6, 0x0AB5, 0x0295, 0x02B5, 0x0294,
    0x0274, 0x0294, 0x0274, 0x0253, 0x0253, 0x0253, 0x0233, 0x0252, 0x0232, 0x0232, 0x0212, 0x0212, 0x0211, 0x0211, 0x0211, 0x0211,
    0x0211, 0x0211, 0x01F1, 0x01F1, 0x01F0, 0x01F0, 0x01D0, 0x01D0, 0x01D0, 0x01F0, 0x01D0, 0x01D0, 0x01D0, 0x01D0, 0x01D0, 0x01D0,
    0x01D0, 0x01D0, 0x01AF, 0x01B0, 0x01D0, 0x01D0, 0x01D0, 0x01D0, 0x01D0, 0x01D0, 0x01D0, 0x01D0, 0x01D0, 0x01D0, 0x01D0, 0x01D0,
    0x01D0, 0x01F0, 0x01D0, 0x01D0, 0x01D0, 0x01F0, 0x01D0, 0x01D0, 0x01D0, 0x01D1, 0x01D1, 0x01D1, 0x01D1, 0x01D1, 0x01F1, 0x01F1,
    0x01D1, 0x01D1, 0x01D1, 0x01F1, 0x01F1, 0x01F1, 0x01F1, 0x01F1, 0x01F1, 0x01F1, 0x01F1, 0x01F1, 0x01F1, 0x01F1, 0x01F1, 0x01F1,
    0x01F1, 0x01F1, 0x0211, 0x0212, 0x0212, 0x0212, 0x0212, 0x0212, 0x0212, 0x01F2, 0x01F2, 0x01F2, 0x01F2, 0x01F2, 0x01F2, 0x0212,
    0x0212, 0x0212, 0x0212, 0x0212, 0x0212, 0x0212, 0x0212, 0x0212, 0x0212, 0x0212, 0x0212, 0x0212, 0x0212, 0x0212, 0x0212, 0x0212,
    0x0212, 0x0212, 0x0212, 0x0212, 0x0212, 0x0213, 0x0233, 0x0233, 0x0233, 0x0233, 0x0233, 0x0213, 0x0213, 0x0233, 0x0213, 0x0213,
    0x0213, 0x0233, 0x0233, 0x0233, 0x0233, 0x0233, 0x0233, 0x0233, 0x0233, 0x0233, 0x0233, 0x0233, 0x0233, 0x0253, 0x0254, 0x0254,
    0x0254, 0x0254, 0x0254, 0x0274, 0x0A96, 0x0AD7, 0x12F8, 0x1318, 0x0AF8, 0x0AF8, 0x0AF8, 0x0AF8, 0x0B18, 0x0B18, 0x0B18, 0x1318,
    0x1318, 0x1319, 0x1319, 0x1319, 0x1339, 0x1339, 0x1339, 0x1339, 0x135A, 0x135A, 0x135A, 0x137A, 0x137B, 0x139B, 0x139B, 0x1BBC,
    0x1BDC, 0x1BDD, 0x13BD, 0x13DE, 0x247E, 0x65DF, 0x9F1F, 0xB77F, 0x8E9F, 0x3D3F, 0x1C5E, 0x245E, 0x2C7E, 0x349E, 0x349E, 0x2C7D,
    0x2C7D, 0x2C7C, 0x2C5C, 0x2C3C, 0x2C3B, 0x2C3B, 0x241C, 0x23FB, 0x23DA, 0x23D9, 0x23D8, 0x1BB7, 0x1BB7, 0x23D7, 0x2BB8, 0x2B99,
    0x1B98, 0x0396, 0x0333, 0x0313, 0x0256, 0x00BD, 0x001F, 0x001F, 0x001F, 0x001F, 0x001F, 0x001F, 0x001F, 0x001F, 0x001F, 0x001F,
    0x001F, 0x001F, 0x001F, 0x001F, 0x001F, 0x001F, 0x001F, 0x001F, 0x001F, 0x001F, 0x001F, 0x001F, 0x001F, 0x001F, 0x001D, 0x0002,
    0x0000, 0x0000, 0x0000, 0x0000, 0x0000, 0x0000, 0x0000, 0x0000, 0x0000, 0x0000, 0x0000, 0x0000, 0x0000, 0x0000, 0x0000, 0x0000,
    0x0000, 0x0000, 0x0017, 0x001F, 0x001F, 0x001F, 0x001F, 0x001F, 0x001F, 0x001F, 0x001F, 0x001F, 0x001F, 0x001F, 0x001F, 0x001F,
    0x001F, 0x001F, 0x001F, 0x001F, 0x001F, 0x001F, 0x001F, 0x001F, 0x001F, 0x001F, 0x001F, 0x001F, 0x001F, 0x001F, 0x001F, 0x001F,
    0x001F, 0x001F, 0x001F, 0x001F, 0x001F, 0x001F, 0x0018, 0x001F, 0x001F, 0x001F, 0x001F, 0x0016, 0x000C, 0x0016, 0x001F, 0x01BF,
    0x00BF, 0x001F, 0x001F, 0x001F, 0x001F, 0x001F, 0x001F, 0x001F, 0x001F, 0x007E, 0x0218, 0x019F, 0x0138, 0x023F, 0x001F, 0x001F,
    0x001F, 0x001F, 0x001F, 0x001F, 0x001F, 0x003F, 0x00FF, 0x001F, 0x001F, 0x001F, 0x001F, 0x001F, 0x007F, 0x025D, 0x001F, 0x009D,
    0x00DD, 0x00DF, 0x001F, 0x001F, 0x001F, 0x001F, 0x001F, 0x001F, 0x001F, 0x003F, 0x0076, 0x001F, 0x001F, 0x001F, 0x001F, 0x001F,
    0x001F, 0x00FC, 0x02D6, 0x0B56, 0x1358, 0x1359, 0x0B5A, 0x139C, 0x247E, 0x2CBF, 0x247E, 0x0B9C, 0x0B39, 0x0B38, 0x0B76, 0x0315,
    0x01D9, 0x0199, 0x005E, 0x001F, 0x001F, 0x001F, 0x005E, 0x00DD, 0x009E, 0x0194, 0x002D, 0x000B, 0x0000, 0x0000, 0x001F, 0x00FC,
    0x001F, 0x007E, 0x01B8, 0x01B9, 0x0295, 0x02D4, 0x02D5, 0x02D6, 0x0B18, 0x139A, 0x1BDC, 0x1C1D, 0x13BC, 0x0B19, 0x02D7, 0x0AB6,
    0x0AD6, 0x0AB6, 0x0AB6, 0x0AB5, 0x0AB5, 0x0295, 0x0294, 0x0274, 0x0274, 0x0273, 0x0273, 0x0273, 0x0253, 0x0232, 0x0232, 0x0232,
    0x0232, 0x0232, 0x0232, 0x0231, 0x0231, 0x0231, 0x0211, 0x0211, 0x0210, 0x01F0, 0x0210, 0x01F0, 0x01F0, 0x01F0, 0x01F0, 0x01D0,
    0x01D0, 0x01D0, 0x01D0, 0x01D0, 0x01D0, 0x01D0, 0x01D0, 0x01CF, 0x01CF, 0x01CF, 0x01CF, 0x01AF, 0x01AF, 0x01AF, 0x01AF, 0x01AF,
    0x01AF, 0x01AF, 0x01CF, 0x01AF, 0x01AF, 0x01CF, 0x01CF, 0x01D0, 0x01D0, 0x01D0, 0x01D0, 0x01D0, 0x01D0, 0x01D0, 0x01D0, 0x01D0,
    0x01D0, 0x01D0, 0x01D0, 0x01D0, 0x01D0, 0x01D0, 0x01D0, 0x01D0, 0x01D1, 0x01D0, 0x01D1, 0x01D1, 0x01D1, 0x01D0, 0x01D1, 0x01D0,
    0x01D0, 0x01D0, 0x01D1, 0x01D1, 0x01D1, 0x01F1, 0x01F1, 0x01F1, 0x01F1, 0x01F1, 0x01F1, 0x01F1, 0x01F1, 0x01F1, 0x0211, 0x01F1,
    0x01F1, 0x01F1, 0x01F1, 0x01F1, 0x01F1, 0x01F1, 0x01F1, 0x01F1, 0x01F2, 0x01F1, 0x01F2, 0x01F2, 0x0212, 0x0212, 0x0212, 0x0212,
    0x01F2, 0x01F2, 0x01F2, 0x0212, 0x0212, 0x0212, 0x0212, 0x0212, 0x0212, 0x0212, 0x0212, 0x0212, 0x0212, 0x0212, 0x0212, 0x0212,
    0x0212, 0x0212, 0x0212, 0x0233, 0x0233, 0x0213, 0x0213, 0x0213, 0x0212, 0x0213, 0x0213, 0x0213, 0x0233, 0x0233, 0x0233, 0x0213,
    0x0233, 0x0233, 0x0233, 0x0233, 0x0233, 0x0233, 0x0233, 0x0233, 0x0233, 0x0233, 0x0253, 0x0254, 0x0254, 0x0254, 0x0254, 0x0254,
    0x0A75, 0x0AB6, 0x0AD7, 0x0AF8, 0x0AF8, 0x0AF8, 0x0AF8, 0x0B18, 0x0B18, 0x1318, 0x1318, 0x0B18, 0x1318, 0x1318, 0x1319, 0x1319,
    0x1339, 0x1339, 0x1339, 0x133A, 0x135A, 0x135A, 0x135A, 0x135A, 0x137B, 0x139B, 0x1B9B, 0x1BBB, 0x1BBC, 0x1BDC, 0x1BDD, 0x13FE,
    0x143E, 0x455F, 0x96BF, 0xB77F, 0x8EBF, 0x559F, 0x247E, 0x1C5E, 0x2C7E, 0x2C9E, 0x349E, 0x347D, 0x2C5D, 0x2C3D, 0x2C3C, 0x2C3C,
    0x2C3C, 0x2C3C, 0x2C1B, 0x2BFB, 0x2BDB, 0x23DA, 0x23D9, 0x1BD9, 0x1BB8, 0x2BB8, 0x33B9, 0x2BB9, 0x1357, 0x0334, 0x0391, 0x0333,
    0x017A, 0x017A, 0x00DC, 0x009D, 0x001F, 0x001F, 0x001F, 0x001F, 0x001F, 0x001F, 0x001F, 0x001F, 0x001F, 0x001F, 0x001F, 0x001F,
    0x001F, 0x001F, 0x001F, 0x001F, 0x001F, 0x001F, 0x001F, 0x001F, 0x001E, 0x0003, 0x0000, 0x0000, 0x0000, 0x0000, 0x0000, 0x0000,
    0x0000, 0x0000, 0x0000, 0x0000, 0x0000, 0x0000, 0x0000, 0x0000, 0x0000, 0x0000, 0x0000, 0x0001, 0x0019, 0x001F, 0x001F, 0x001F,
    0x001F, 0x001F, 0x001F, 0x001F, 0x001F, 0x001F, 0x001F, 0x001F, 0x001F, 0x001F, 0x001F, 0x001F, 0x001F, 0x001F, 0x001F, 0x001F,
    0x001F, 0x001F, 0x001F, 0x001F, 0x001F, 0x001F, 0x001F, 0x001F, 0x001F, 0x001F, 0x001F, 0x001F, 0x001F, 0x001F, 0x001F, 0x001F,
    0x0018, 0x001F, 0x001F, 0x001F, 0x001F, 0x0016, 0x000C, 0x0016, 0x001F, 0x01BF, 0x00BF, 0x001F, 0x001F, 0x001F, 0x001F, 0x001F,
    0x001F, 0x001F, 0x001F, 0x007E, 0x0218, 0x019F, 0x0138, 0x023F, 0x001F, 0x001F, 0x001F, 0x001F, 0x001F, 0x001F, 0x001F, 0x003F,
    0x00FF, 0x001F, 0x001F, 0x001F, 0x001F, 0x001F, 0x007F, 0x025D, 0x001F, 0x009D, 0x00DD, 0x00DF, 0x001F, 0x001F, 0x001F, 0x001F,
    0x001F, 0x001F, 0x001F, 0x003F, 0x0076, 0x001F, 0x001F, 0x001F, 0x003E, 0x013B, 0x0258, 0x0B58, 0x1378, 0x1359, 0x0B7B, 0x13DC,
    0x249E, 0x2CDE, 0x247E, 0x13BC, 0x0B5A, 0x1339, 0x0B57, 0x0356, 0x01F9, 0x013A, 0x005E, 0x00BD, 0x003F, 0x001F, 0x001F, 0x001F,
    0x005F, 0x00DE, 0x0056, 0x0042, 0x0000, 0x0000, 0x0000, 0x0000, 0x001F, 0x011C, 0x0179, 0x0234, 0x02F2, 0x02D4, 0x02D5, 0x0AD7,
    0x0B39, 0x13BB, 0x1C1D, 0x13DC, 0x0B3A, 0x02D8, 0x02B7, 0x0AB6, 0x0AB5, 0x0AB5, 0x0AB5, 0x02B5, 0x02B5, 0x02B4, 0x0273, 0x0253,
    0x0253, 0x0253, 0x0253, 0x0272, 0x0253, 0x0252, 0x0252, 0x0232, 0x01F2, 0x0211, 0x0211, 0x0211, 0x0211, 0x0210, 0x0210, 0x0210,
    0x0210, 0x01D0, 0x01F0, 0x01D0, 0x01D0, 0x01F0, 0x01F0, 0x01D0, 0x01CF, 0x01AF, 0x01CF, 0x01CF, 0x01AF, 0x01AF, 0x01AF, 0x01AF,
    0x01AF, 0x01AF, 0x01AF, 0x01AF, 0x018F, 0x018F, 0x016F, 0x018F, 0x018F, 0x016F, 0x016F, 0x016F, 0x018F, 0x018F, 0x01AF, 0x01AF,
    0x01AF, 0x01AF, 0x01AF, 0x01CF, 0x01AF, 0x01AF, 0x01AF, 0x01CF, 0x01CF, 0x01CF, 0x01CF, 0x01CF, 0x01CF, 0x01D0, 0x01D0, 0x01D0,
    0x01D0, 0x01D0, 0x01D0, 0x01D0, 0x01D0, 0x01D0, 0x01D0, 0x01D0, 0x01D0, 0x01D0, 0x01D0, 0x01D0, 0x01D0, 0x01D0, 0x01D0, 0x01D0,
    0x01D1, 0x01D1, 0x01F1, 0x01F1, 0x01D1, 0x01F1, 0x01F1, 0x01F1, 0x01F1, 0x01F1, 0x01F1, 0x01F1, 0x01F1, 0x01F1, 0x01F1, 0x01F1,
    0x01F1, 0x01F1, 0x01F1, 0x01F1, 0x01F1, 0x01F1, 0x01F1, 0x01F1, 0x01F2, 0x01F2, 0x01F2, 0x01F2, 0x01F2, 0x01F2, 0x01F2, 0x0212,
    0x0212, 0x0212, 0x0212, 0x0212, 0x0212, 0x0212, 0x0212, 0x0212, 0x0212, 0x0212, 0x0212, 0x0212, 0x0212, 0x0212, 0x0212, 0x0212,
    0x0212, 0x0212, 0x0212, 0x0213, 0x0213, 0x0213, 0x0233, 0x0233, 0x0233, 0x0213, 0x0233, 0x0233, 0x0233, 0x0233, 0x0233, 0x0233,
    0x0233, 0x0233, 0x0233, 0x0233, 0x0233, 0x0233, 0x0254, 0x0254, 0x0254, 0x0254, 0x0254, 0x0254, 0x0254, 0x0A95, 0x0AD7, 0x0AF8,
    0x1318, 0x1318, 0x1318, 0x0B18, 0x0AF8, 0x0B18, 0x0B18, 0x0B18, 0x0B18, 0x0B18, 0x0B19, 0x0B19, 0x0B19, 0x1339, 0x1339, 0x133A,
    0x133A, 0x135A, 0x135A, 0x137A, 0x137B, 0x1B9B, 0x1BBB, 0x1BBC, 0x1BDC, 0x1BDC, 0x1BDD, 0x13DD, 0x13FE, 0x2CBF, 0x763F, 0xAF5F,
    0x9F1F, 0x4D9F, 0x249F, 0x245E, 0x2C7E, 0x349E, 0x2C7E, 0x2C7D, 0x2C7D, 0x2C5D, 0x2C5C, 0x2C5D, 0x2C3C, 0x241B, 0x23FB, 0x23DB,
    0x23FB, 0x23DA, 0x23BA, 0x1BB8, 0x1BB7, 0x23B8, 0x2BBA, 0x2399, 0x0B57, 0x0334, 0x03B1, 0x03B1, 0x0371, 0x0352, 0x015A, 0x001F,
    0x001F, 0x001F, 0x001F, 0x001F, 0x001F, 0x001F, 0x001F, 0x001F, 0x001F, 0x001F, 0x001F, 0x001F, 0x001F, 0x001F, 0x001F, 0x001F,
    0x001F, 0x001F, 0x001F, 0x0016, 0x0002, 0x0000, 0x0000, 0x0000, 0x0000, 0x0000, 0x0000, 0x0000, 0x0000, 0x0000, 0x0000, 0x0000,
    0x0000, 0x0001, 0x0002, 0x0003, 0x000D, 0x001A, 0x001F, 0x001F, 0x001F, 0x001F, 0x001F, 0x001F, 0x001F, 0x001F, 0x001F, 0x001F,
    0x001F, 0x001F, 0x001F, 0x001F, 0x001F, 0x001F, 0x001F, 0x001F, 0x001F, 0x001F, 0x001F, 0x001F, 0x001F, 0x001F, 0x001F, 0x001F,
    0x001F, 0x001F, 0x001F, 0x001F, 0x001F, 0x001F, 0x001F, 0x001F, 0x001F, 0x001F, 0x0018, 0x001F, 0x001F, 0x001F, 0x001F, 0x0016,
    0x000C, 0x0016, 0x001F, 0x01BF, 0x00BF, 0x001F, 0x001F, 0x001F, 0x001F, 0x001F, 0x001F, 0x001F, 0x001F, 0x007E, 0x0218, 0x019F,
    0x0138, 0x023F, 0x001F, 0x001F, 0x001F, 0x001F, 0x001F, 0x001F, 0x001F, 0x003F, 0x00FF, 0x001F, 0x001F, 0x001F, 0x001F, 0x001F,
    0x007F, 0x025D, 0x001F, 0x009D, 0x00DD, 0x00DF, 0x001F, 0x001F, 0x001F, 0x001F, 0x001F, 0x001F, 0x001F, 0x003F, 0x0075, 0x001F,
    0x005E, 0x019A, 0x02B8, 0x0B77, 0x1378, 0x1379, 0x0B7A, 0x13BC, 0x247E, 0x353F, 0x2C9E, 0x13BC, 0x0B5A, 0x1339, 0x1357, 0x0B36,
    0x02B5, 0x011B, 0x001F, 0x009D, 0x007E, 0x00DC, 0x005E, 0x001F, 0x001F, 0x001F, 0x003F, 0x00AF, 0x0000, 0x0000, 0x0000, 0x0000,
    0x0000, 0x0000, 0x0199, 0x0233, 0x02B3, 0x02B4, 0x02B5, 0x02D7, 0x0B39, 0x13BC, 0x13BC, 0x0B5A, 0x0B19, 0x02B7, 0x0AB6, 0x0AB6,
    0x0295, 0x0295, 0x0295, 0x02B5, 0x0276, 0x0275, 0x02B3, 0x0292, 0x0212, 0x01F3, 0x0212, 0x0212, 0x01F2, 0x0211, 0x01F2, 0x0211,
    0x0211, 0x0212, 0x0251, 0x0250, 0x0211, 0x01B1, 0x01B1, 0x01B1, 0x01D1, 0x01D0, 0x01F1, 0x01D0, 0x01F0, 0x01EF, 0x01EF, 0x01EF,
    0x01EF, 0x01EE, 0x01EE, 0x01CE, 0x018E, 0x016E, 0x016F, 0x01AF, 0x01AF, 0x01AF, 0x01AF, 0x01AF, 0x01AF, 0x01AF, 0x01AF, 0x01AF,
    0x01AE, 0x01AE, 0x01AE, 0x01AE, 0x01CE, 0x01AE, 0x01AE, 0x018F, 0x018F, 0x016F, 0x016F, 0x018F, 0x018F, 0x01AF, 0x018F, 0x018F,
    0x01AF, 0x01CF, 0x01CF, 0x01CF, 0x01CF, 0x01AF, 0x01AF, 0x01AF, 0x01AF, 0x01AF, 0x01CF, 0x01D0, 0x01D0, 0x01D0, 0x01D0, 0x01D0,
    0x01D0, 0x01D0, 0x01B0, 0x01B0, 0x01B0, 0x01D0, 0x01D0, 0x01D0, 0x01D0, 0x01D0, 0x01D0, 0x01D0, 0x01D0, 0x01D1, 0x01F1, 0x01D1,
    0x01F1, 0x01F1, 0x01F1, 0x01D1, 0x01D1, 0x01F1, 0x01D1, 0x01D1, 0x01D1, 0x01F1, 0x01F1, 0x01F1, 0x01F1, 0x01F1, 0x01F1, 0x01F1,
    0x01F1, 0x01F1, 0x01F1, 0x01F1, 0x01F1, 0x01F1, 0x01F1, 0x01F2, 0x01F2, 0x01F2, 0x01F2, 0x0212, 0x0212, 0x0212, 0x0212, 0x0212,
    0x0212, 0x0212, 0x0212, 0x0212, 0x0212, 0x0212, 0x0212, 0x0212, 0x0212, 0x0212, 0x0212, 0x0212, 0x0212, 0x0212, 0x0212, 0x0212,
    0x0212, 0x0212, 0x0212, 0x0213, 0x0233, 0x0233, 0x0233, 0x0233, 0x0233, 0x0233, 0x0233, 0x0233, 0x0233, 0x0233, 0x0233, 0x0233,
    0x0233, 0x0253, 0x0254, 0x0254, 0x0254, 0x0254, 0x0254, 0x0254, 0x0274, 0x0A75, 0x0A96, 0x0AF7, 0x1318, 0x1318, 0x1318, 0x0B18,
    0x0B18, 0x0B18, 0x0B18, 0x0B18, 0x0B19, 0x0B19, 0x0B19, 0x0B19, 0x1319, 0x1339, 0x1339, 0x133A, 0x135A, 0x135A, 0x135A, 0x137B,
    0x137B, 0x1B9B, 0x1B9B, 0x1BBB, 0x1BBC, 0x1BDC, 0x1BDD, 0x1BDD, 0x13FE, 0x245E, 0x559F, 0x9F3F, 0xB77F, 0x867F, 0x34FF, 0x1C3E,
    0x245E, 0x2C7E, 0x2C7E, 0x2C7D, 0x2C7D, 0x2C7D, 0x2C5C, 0x2C3C, 0x2C3C, 0x2C1B, 0x241B, 0x23FB, 0x23DB, 0x23DA, 0x23D9, 0x1BD8,
    0x1BD8, 0x2BB9, 0x2BBA, 0x1B78, 0x0B97, 0x0B77, 0x0335, 0x0352, 0x03B0, 0x0313, 0x01B9, 0x005E, 0x001F, 0x001F, 0x001F, 0x001F,
    0x001F, 0x001F, 0x001F, 0x001F, 0x001F, 0x001F, 0x001F, 0x001F, 0x001F, 0x001F, 0x001F, 0x001F, 0x001F, 0x001F, 0x001A, 0x0002,
    0x0000, 0x0000, 0x0000, 0x0000, 0x0000, 0x0000, 0x0000, 0x0000, 0x0000, 0x000C, 0x0019, 0x001C, 0x001D, 0x001E, 0x001F, 0x001F,
    0x001F, 0x001F, 0x001F, 0x001F, 0x001F, 0x001F, 0x001F, 0x001F, 0x001F, 0x001F, 0x001F, 0x001F, 0x001F, 0x001F, 0x001F, 0x001F,
    0x001F, 0x001F, 0x001F, 0x001F, 0x001F, 0x001F, 0x001F, 0x001F, 0x001F, 0x001F, 0x001F, 0x001F, 0x001F, 0x001F, 0x001F, 0x001F,
    0x001F, 0x001F, 0x001F, 0x001F, 0x0018, 0x001F, 0x001F, 0x001F, 0x001F, 0x0016, 0x000C, 0x0016, 0x001F, 0x01BF, 0x00BF, 0x001F,
    0x001F, 0x001F, 0x001F, 0x001F, 0x001F, 0x001F, 0x001F, 0x007E, 0x0218, 0x019F, 0x0138, 0x023F, 0x001F, 0x001F, 0x001F, 0x001F,
    0x001F, 0x001F, 0x001F, 0x003F, 0x00FF, 0x001F, 0x001F, 0x001F, 0x001F, 0x001F, 0x007F, 0x025D, 0x001F, 0x009D, 0x00DD, 0x00DF,
    0x001F, 0x001F, 0x001F, 0x001F, 0x001F, 0x001F, 0x001F, 0x001F, 0x01D6, 0x02B8, 0x0B38, 0x1397, 0x1399, 0x135A, 0x0B7B, 0x13DC,
    0x2C9E, 0x2CDF, 0x1C5E, 0x13DC, 0x0B7A, 0x1379, 0x0B57, 0x0B76, 0x0258, 0x00DC, 0x00DC, 0x001F, 0x001F, 0x009D, 0x007E, 0x00DC,
    0x005E, 0x001F, 0x001F, 0x001E, 0x000B, 0x0000, 0x0000, 0x0000, 0x0000, 0x0000, 0x0000, 0x0000, 0x0292, 0x0293, 0x0295, 0x0AF7,
    0x139B, 0x139B, 0x137A, 0x0B39, 0x0AD7, 0x0A96, 0x0A95, 0x0295, 0x02B5, 0x0295, 0x02B5, 0x02B5, 0x02F4, 0x0333, 0x0372, 0x0371,
    0x0351, 0x02D2, 0x0252, 0x0232, 0x0252, 0x0293, 0x0293, 0x0253, 0x0273, 0x0252, 0x0211, 0x01D1, 0x01F1, 0x01F1, 0x01F1, 0x0210,
    0x01D0, 0x01B0, 0x018F, 0x018E, 0x018E, 0x018E, 0x018E, 0x018E, 0x01AE, 0x018E, 0x018E, 0x018E, 0x018E, 0x018E, 0x016E, 0x018E,
    0x018E, 0x016E, 0x016E, 0x014E, 0x016E, 0x014E, 0x014E, 0x014E, 0x014E, 0x014E, 0x014F, 0x014F, 0x016F, 0x018E, 0x016D, 0x016E,
    0x018E, 0x01CE, 0x01CE, 0x01CE, 0x01CE, 0x01CE, 0x01CF, 0x01CF, 0x01CF, 0x01AE, 0x018F, 0x018F, 0x018F, 0x01AF, 0x01AF, 0x018F,
    0x018F, 0x018F, 0x018F, 0x018F, 0x01AF, 0x01AF, 0x01AF, 0x01CF, 0x01CF, 0x01CF, 0x01CF, 0x01CF, 0x01AF, 0x01AF, 0x01AF, 0x01AF,
    0x01AF, 0x01AF, 0x01AF, 0x01AF, 0x01D0, 0x01D0, 0x01D0, 0x01D0, 0x01F0, 0x01F0, 0x01D0, 0x01D0, 0x01D1, 0x01D0, 0x01D0, 0x01D1,
    0x01D1, 0x01D0, 0x01F1, 0x01F1, 0x01F1, 0x01F1, 0x01D1, 0x01F1, 0x01F1, 0x01F1, 0x01F1, 0x01F1, 0x01F1, 0x01F1, 0x01F1, 0x01F1,
    0x01F1, 0x01F2, 0x01F1, 0x01F1, 0x01F1, 0x0211, 0x01F1, 0x0212, 0x01F2, 0x0212, 0x0212, 0x0212, 0x01F2, 0x01F2, 0x0212, 0x0212,
    0x0212, 0x0212, 0x0212, 0x0212, 0x0212, 0x0212, 0x0212, 0x0212, 0x0212, 0x0212, 0x0212, 0x0212, 0x0212, 0x0212, 0x0232, 0x0232,
    0x0212, 0x0233, 0x0233, 0x0233, 0x0233, 0x0233, 0x0233, 0x0233, 0x0233, 0x0233, 0x0233, 0x0233, 0x0233, 0x0254, 0x0254, 0x0254,
    0x0254, 0x0254, 0x0254, 0x0274, 0x0274, 0x0274, 0x0A95, 0x0AD6, 0x1318, 0x1318, 0x0B18, 0x0B18, 0x0B18, 0x0B18, 0x0B18, 0x0B18,
    0x0B18, 0x0B19, 0x1319, 0x1319, 0x1339, 0x1339, 0x1339, 0x135A, 0x135A, 0x135A, 0x135A, 0x137A, 0x137A, 0x1B7B, 0x139B, 0x1B9B,
    0x1BBC, 0x1BDC, 0x23FD, 0x1BFD, 0x1BFE, 0x245E, 0x4D5F, 0x867F, 0x9F3F, 0x869F, 0x455F, 0x1C3E, 0x1C3E, 0x2C5E, 0x2C7E, 0x2C7E,
    0x2C7D, 0x2C5D, 0x2C5D, 0x2C5C, 0x2C3C, 0x243C, 0x241C, 0x241B, 0x23DB, 0x23DA, 0x23D9, 0x1BB9, 0x23B9, 0x2BBA, 0x2B9A, 0x2BB9,
    0x1B99, 0x0357, 0x0335, 0x0353, 0x0352, 0x02B4, 0x0295, 0x0256, 0x009D, 0x003F, 0x001F, 0x001F, 0x001F, 0x001F, 0x001F, 0x001F,
    0x001F, 0x001F, 0x001F, 0x001F, 0x001F, 0x001F, 0x001F, 0x001F, 0x001F, 0x001A, 0x0005, 0x0000, 0x0000, 0x0001, 0x0002, 0x0002,
    0x0005, 0x0013, 0x0019, 0x001F, 0x001F, 0x001F, 0x001F, 0x001F, 0x001F, 0x001F, 0x001F, 0x001F, 0x001F, 0x001F, 0x001F, 0x001F,
    0x001F, 0x001F, 0x001F, 0x001F, 0x001F, 0x001F, 0x001F, 0x001F, 0x001F, 0x001F, 0x001F, 0x001F, 0x001F, 0x001F, 0x001F, 0x001F,
    0x001F, 0x001F, 0x001F, 0x001F, 0x001F, 0x001F, 0x001F, 0x001F, 0x001F, 0x001F, 0x001F, 0x001F, 0x001F, 0x001F, 0x0018, 0x001F,
    0x001F, 0x001F, 0x001F, 0x0016, 0x000C, 0x0016, 0x001F, 0x01BF, 0x00BF, 0x001F, 0x001F, 0x001F, 0x001F, 0x001F, 0x001F, 0x001F,
    0x001F, 0x007E, 0x0218, 0x019F, 0x0138, 0x023F, 0x001F, 0x001F, 0x001F, 0x001F, 0x001F, 0x001F, 0x001F, 0x003F, 0x00FF, 0x001F,
    0x001F, 0x001F, 0x001F, 0x001F, 0x007F, 0x025D, 0x001F, 0x009D, 0x00DD, 0x00DF, 0x001F, 0x001F, 0x001F, 0x001F, 0x001F, 0x001F,
    0x015E, 0x02BB, 0x0B99, 0x1398, 0x1379, 0x137A, 0x0B7B, 0x1C1D, 0x34FE, 0x2CBF, 0x1C5D, 0x0B9C, 0x0B7A, 0x1379, 0x1378, 0x0B56,
    0x01F9, 0x013B, 0x001F, 0x001F, 0x007E, 0x001F, 0x001F, 0x009D, 0x007E, 0x00DC, 0x005E, 0x001F, 0x001E, 0x0007, 0x0000, 0x0000,
    0x0000, 0x0000, 0x0000, 0x0000, 0x0000, 0x0000, 0x0294, 0x0AD7, 0x1359, 0x1BBB, 0x1359, 0x02D7, 0x0296, 0x0A95, 0x0A94, 0x0294,
    0x02D4, 0x0313, 0x02B5, 0x02B5, 0x0352, 0x0391, 0x02B5, 0x02D4, 0x0391, 0x02D4, 0x02F4, 0x0372, 0x0372, 0x0333, 0x0353, 0x0392,
    0x0373, 0x0353, 0x0294, 0x01D3, 0x01F3, 0x0250, 0x024E, 0x022D, 0x024C, 0x024B, 0x022C, 0x024C, 0x026D, 0x024E, 0x024D, 0x026D,
    0x022E, 0x020D, 0x022D, 0x022D, 0x022E, 0x022E, 0x022D, 0x024E, 0x024D, 0x024E, 0x022E, 0x022E, 0x022E, 0x020E, 0x01ED, 0x01EE,
    0x020E, 0x01ED, 0x01CE, 0x01CD, 0x01AE, 0x018E, 0x014D, 0x014C, 0x012C, 0x012C, 0x014D, 0x014C, 0x014C, 0x016C, 0x016E, 0x01AF,
    0x016E, 0x014E, 0x018F, 0x01AF, 0x01AF, 0x01AE, 0x01CE, 0x01CE, 0x01AE, 0x01AE, 0x01AE, 0x01AE, 0x01AF, 0x01AF, 0x01AF, 0x01AF,
    0x018F, 0x018E, 0x01AE, 0x01AF, 0x01CF, 0x01CF, 0x01AF, 0x01AF, 0x01AF, 0x01AF, 0x01AF, 0x01AF, 0x01AF, 0x01AF, 0x01AF, 0x01AF,
    0x01AF, 0x01CF, 0x01CF, 0x01F0, 0x01F0, 0x01D0, 0x01D0, 0x01B0, 0x01B0, 0x01D0, 0x01D0, 0x01D0, 0x01D0, 0x01D0, 0x01D0, 0x01D0,
    0x01F1, 0x01F1, 0x01D1, 0x01D1, 0x01F1, 0x01F1, 0x01F1, 0x01D1, 0x01F1, 0x01F1, 0x01F1, 0x01F1, 0x01F1, 0x01F1, 0x01F1, 0x01F1,
    0x01F1, 0x01F1, 0x01F1, 0x01F1, 0x01F1, 0x01F1, 0x01F1, 0x01F1, 0x0212, 0x0212, 0x0212, 0x0212, 0x01F2, 0x01F2, 0x0212, 0x0212,
    0x0212, 0x0212, 0x0212, 0x0212, 0x0212, 0x0212, 0x0212, 0x0212, 0x0212, 0x0212, 0x0212, 0x0212, 0x0212, 0x0213, 0x0233, 0x0233,
    0x0233, 0x0233, 0x0233, 0x0233, 0x0233, 0x0233, 0x0233, 0x0233, 0x0233, 0x0233, 0x0233, 0x0253, 0x0254, 0x0254, 0x0254, 0x0274,
    0x0274, 0x0274, 0x0295, 0x0AB6, 0x0AF7, 0x12F8, 0x1318, 0x0B18, 0x0AF8, 0x0B18, 0x0B18, 0x0B18, 0x1319, 0x1319, 0x1339, 0x1339,
    0x1339, 0x1339, 0x1339, 0x133A, 0x135A, 0x135A, 0x135A, 0x135A, 0x137B, 0x137B, 0x1B9B, 0x1BBC, 0x1BDC, 0x1BDC, 0x1BFC, 0x1BFD,
    0x13DE, 0x13DE, 0x2CBE, 0x763F, 0xA73F, 0x86BF, 0x4D7F, 0x247F, 0x1C3E, 0x245E, 0x2C7E, 0x2C7E, 0x2C7E, 0x2C7D, 0x2C5D, 0x2C5D,
    0x2C3D, 0x243C, 0x241C, 0x23FC, 0x23DB, 0x23DA, 0x1BD9, 0x1BDA, 0x1BB9, 0x23B8, 0x2BB9, 0x2B9A, 0x1BB9, 0x0B98, 0x0337, 0x0335,
    0x0392, 0x03D0, 0x0313, 0x0352, 0x0199, 0x001F, 0x001F, 0x001F, 0x001F, 0x001F, 0x001F, 0x001F, 0x001F, 0x001F, 0x001F, 0x001F,
    0x001F, 0x001F, 0x001F, 0x001F, 0x001A, 0x000A, 0x000E, 0x001C, 0x001D, 0x001D, 0x001F, 0x001F, 0x001F, 0x001F, 0x001F, 0x001F,
    0x001F, 0x001F, 0x001F, 0x001F, 0x001F, 0x001F, 0x001F, 0x001F, 0x001F, 0x001F, 0x001F, 0x001F, 0x001F, 0x001F, 0x001F, 0x001F,
    0x001F, 0x001F, 0x001F, 0x001F, 0x001F, 0x001F, 0x001F, 0x001F, 0x001F, 0x001F, 0x001F, 0x001F, 0x001F, 0x001F, 0x001F, 0x001F,
    0x001F, 0x001F, 0x001F, 0x001F, 0x001F, 0x001F, 0x001F, 0x001F, 0x0018, 0x001F, 0x001F, 0x001F, 0x001F, 0x0016, 0x000C, 0x0016,
    0x001F, 0x01BF, 0x00BF, 0x001F, 0x001F, 0x001F, 0x001F, 0x001F, 0x001F, 0x001F, 0x001F, 0x007E, 0x0218, 0x019F, 0x0138, 0x023F,
    0x001F, 0x001F, 0x001F, 0x001F, 0x001F, 0x001F, 0x001F, 0x003F, 0x00FF, 0x001F, 0x001F, 0x001F, 0x001F, 0x001F, 0x007F, 0x025D,
    0x001F, 0x009D, 0x00DD, 0x00DF, 0x001F, 0x001F, 0x001F, 0x00BF, 0x015D, 0x031B, 0x0C19, 0x13F8, 0x1399, 0x137A, 0x139B, 0x1C3D,
    0x2CBE, 0x3D3F, 0x243D, 0x0B7C, 0x0B5A, 0x1359, 0x1377, 0x0B37, 0x0297, 0x00FC, 0x001F, 0x001F, 0x001F, 0x001F, 0x003F, 0x001F,
    0x001F, 0x009D, 0x007E, 0x00DC, 0x005F, 0x001D, 0x0006, 0x0000, 0x0000, 0x0000, 0x0000, 0x0000, 0x0000, 0x0000, 0x0000, 0x0000,
    0x0B39, 0x0B18, 0x0AF7, 0x02B6, 0x0275, 0x0A74, 0x0293, 0x0292, 0x0293, 0x02D4, 0x0217, 0x01B9, 0x00FC, 0x005E, 0x00FC, 0x00DC,
    0x001F, 0x001F, 0x00FC, 0x001F, 0x001F, 0x005E, 0x011B, 0x00BE, 0x0238, 0x0334, 0x01D7, 0x0111, 0x000F, 0x000B, 0x0008, 0x00AD,
    0x008E, 0x004F, 0x004F, 0x004F, 0x002E, 0x004C, 0x00EC, 0x00ED, 0x00AC, 0x014C, 0x010D, 0x00AE, 0x010D, 0x00CE, 0x012D, 0x014D,
    0x01EC, 0x01AC, 0x012E, 0x01AD, 0x01EC, 0x01CC, 0x01CC, 0x01AD, 0x020D, 0x022D, 0x01ED, 0x01ED, 0x024D, 0x026C, 0x026C, 0x020D,
    0x01CD, 0x01AC, 0x01AC, 0x01AC, 0x01AD, 0x01AD, 0x01AC, 0x018C, 0x016D, 0x016E, 0x018E, 0x018E, 0x016E, 0x016E, 0x014F, 0x016E,
    0x016E, 0x016E, 0x014E, 0x014E, 0x014E, 0x014E, 0x016E, 0x018E, 0x018E, 0x01AF, 0x01CF, 0x01CF, 0x01CF, 0x01CF, 0x01CE, 0x01AE,
    0x01AF, 0x018F, 0x018F, 0x018F, 0x018F, 0x018F, 0x018F, 0x018F, 0x018F, 0x018F, 0x01AF, 0x01AF, 0x01CF, 0x01AF, 0x01AF, 0x01B0,
    0x01CF, 0x01AF, 0x01AF, 0x01D0, 0x01D0, 0x01D0, 0x01D0, 0x01D0, 0x01D0, 0x01D0, 0x01D0, 0x01D0, 0x01D0, 0x01D0, 0x01F1, 0x01F1,
    0x01F1, 0x01F1, 0x01D1, 0x01F1, 0x01F1, 0x01F1, 0x01F1, 0x01F1, 0x01F1, 0x01F1, 0x01D1, 0x01F1, 0x01F1, 0x01F1, 0x01F1, 0x01F1,
    0x01F1, 0x01F1, 0x01F1, 0x01F1, 0x01F1, 0x01F2, 0x01F2, 0x0212, 0x0212, 0x01F2, 0x0212, 0x0212, 0x01F2, 0x0212, 0x0212, 0x0212,
    0x0212, 0x0212, 0x0212, 0x0212, 0x0212, 0x0212, 0x0212, 0x0232, 0x0233, 0x0213, 0x0212, 0x0213, 0x0212, 0x0212, 0x0212, 0x0213,
    0x0213, 0x0233, 0x0233, 0x0233, 0x0233, 0x0253, 0x0253, 0x0253, 0x0254, 0x0254, 0x0274, 0x0274, 0x0274, 0x0274, 0x0274, 0x0A95,
    0x0AD6, 0x0AF8, 0x0B18, 0x0B18, 0x0B18, 0x0B18, 0x1318, 0x1318, 0x1319, 0x1319, 0x1339, 0x1339, 0x1339, 0x1339, 0x1339, 0x1339,
    0x135A, 0x135A, 0x135A, 0x137B, 0x137B, 0x139B, 0x1BBB, 0x1BBB, 0x1BBC, 0x1BDC, 0x1BDC, 0x1BDD, 0x1BDD, 0x13DE, 0x1C3E, 0x559F,
    0x9F1F, 0xA73F, 0x65DF, 0x2CBF, 0x1C3E, 0x1C3E, 0x2C5E, 0x2C7E, 0x2C7D, 0x2C7D, 0x2C5D, 0x2C5D, 0x2C3C, 0x2C3C, 0x241C, 0x241C,
    0x23DB, 0x23DA, 0x23D9, 0x1BD9, 0x1BB9, 0x23B9, 0x23B8, 0x2BB9, 0x23B9, 0x2399, 0x1398, 0x0357, 0x0335, 0x0334, 0x0352, 0x0332,
    0x0237, 0x007E, 0x001F, 0x001F, 0x001F, 0x001F, 0x001F, 0x001F, 0x001F, 0x001F, 0x001F, 0x001F, 0x001F, 0x001F, 0x001F, 0x001F,
    0x001F, 0x001F, 0x001F, 0x001F, 0x001F, 0x001F, 0x001F, 0x001F, 0x001F, 0x001F, 0x001F, 0x001F, 0x001F, 0x001F, 0x001F, 0x001F,
    0x001F, 0x001F, 0x001F, 0x001F, 0x001F, 0x001F, 0x001F, 0x001F, 0x001F, 0x001F, 0x001F, 0x001F, 0x001F, 0x001F, 0x001F, 0x001F,
    0x001F, 0x001F, 0x001F, 0x001F, 0x001F, 0x001F, 0x001F, 0x001F, 0x001F, 0x001F, 0x001F, 0x001F, 0x001F, 0x001F, 0x001F, 0x001F,
    0x001F, 0x001F, 0x0018, 0x001F, 0x001F, 0x001F, 0x001F, 0x0016, 0x000C, 0x0016, 0x001F, 0x01BF, 0x00BF, 0x001F, 0x001F, 0x001F,
    0x001F, 0x001F, 0x001F, 0x001F, 0x001F, 0x007E, 0x0218, 0x019F, 0x0138, 0x023F, 0x001F, 0x001F, 0x001F, 0x001F, 0x001F, 0x001F,
    0x001F, 0x003F, 0x00FF, 0x001F, 0x001F, 0x001F, 0x001F, 0x001F, 0x007F, 0x025D, 0x001F, 0x009D, 0x00DD, 0x00BF, 0x001F, 0x011C,
    0x02B9, 0x0BB9, 0x13F8, 0x13D9, 0x139A, 0x0B7B, 0x13BC, 0x1C3D, 0x353F, 0x2CDF, 0x13FD, 0x0B7B, 0x0B3A, 0x1359, 0x1378, 0x0B37,
    0x0258, 0x00BD, 0x001F, 0x001F, 0x001F, 0x001F, 0x001F, 0x001F, 0x001F, 0x001F, 0x001F, 0x009D, 0x007E, 0x00DC, 0x005F, 0x0015,
    0x0000, 0x0000, 0x0000, 0x0000, 0x0000, 0x0000, 0x0000, 0x0000, 0x0000, 0x0000, 0x0AB6, 0x0A75, 0x0253, 0x0252, 0x0271, 0x0273,
    0x011A, 0x00BC, 0x009D, 0x003F, 0x001F, 0x001F, 0x001F, 0x001F, 0x001F, 0x001F, 0x001F, 0x001F, 0x001F, 0x001F, 0x001F, 0x001F,
    0x001F, 0x0019, 0x0015, 0x002A, 0x0005, 0x0002, 0x0000, 0x0001, 0x0000, 0x0003, 0x0006, 0x0007, 0x0003, 0x0003, 0x0001, 0x0000,
    0x0001, 0x0001, 0x0001, 0x0001, 0x0002, 0x0003, 0x0005, 0x0003, 0x0003, 0x0003, 0x0005, 0x0005, 0x0005, 0x0003, 0x0004, 0x0003,
    0x0002, 0x0004, 0x0004, 0x0026, 0x0007, 0x0009, 0x0025, 0x0048, 0x004D, 0x006E, 0x006F, 0x008F, 0x008D, 0x004F, 0x002F, 0x008F,
    0x014E, 0x018D, 0x01ED, 0x01ED, 0x01ED, 0x01ED, 0x022C, 0x026C, 0x024D, 0x024C, 0x020E, 0x01AE, 0x01AE, 0x01AE, 0x01AE, 0x01AE,
    0x018E, 0x016E, 0x014E, 0x014E, 0x014E, 0x016E, 0x014E, 0x014F, 0x014F, 0x016F, 0x014E, 0x018E, 0x01CF, 0x01AF, 0x01AF, 0x01AF,
    0x01CE, 0x01CF, 0x01AE, 0x01AF, 0x018F, 0x018F, 0x01AF, 0x018F, 0x018F, 0x01AF, 0x01AF, 0x01AF, 0x01AF, 0x01CF, 0x01CF, 0x01CF,
    0x01CF, 0x01CF, 0x01B0, 0x01B0, 0x01D0, 0x01D0, 0x01D0, 0x01D0, 0x01D0, 0x01F0, 0x01D0, 0x01D1, 0x01D1, 0x01D1, 0x01D1, 0x01F1,
    0x01F1, 0x01F1, 0x01F1, 0x01D1, 0x01D0, 0x01F1, 0x01D1, 0x01F1, 0x01F1, 0x01F1, 0x01F1, 0x01F1, 0x01F1, 0x01F1, 0x01F1, 0x01F1,
    0x01F1, 0x01F1, 0x01F1, 0x0211, 0x01F1, 0x01F1, 0x0212, 0x01F2, 0x0212, 0x0212, 0x0212, 0x01F2, 0x0212, 0x0212, 0x0212, 0x0212,
    0x0212, 0x0232, 0x0212, 0x0212, 0x0212, 0x0212, 0x0212, 0x0212, 0x0212, 0x0212, 0x0212, 0x0212, 0x0233, 0x0233, 0x0233, 0x0233,
    0x0233, 0x0233, 0x0253, 0x0253, 0x0254, 0x0254, 0x0254, 0x0254, 0x0274, 0x0274, 0x0274, 0x0275, 0x0AB6, 0x0AD7, 0x1318, 0x0B18,
    0x1318, 0x1318, 0x1318, 0x1318, 0x1318, 0x1319, 0x1339, 0x1339, 0x1339, 0x1339, 0x133A, 0x135A, 0x135A, 0x135A, 0x137A, 0x137B,
    0x137B, 0x1B9B, 0x1B9B, 0x1BBC, 0x1BBC, 0x1BDC, 0x1BDC, 0x1BFD, 0x1BFD, 0x13FE, 0x1C1E, 0x3CFF, 0x6E3F, 0x9F1F, 0x7E9F, 0x3D1F,
    0x143E, 0x1C3E, 0x245E, 0x2C7E, 0x2C7E, 0x2C5D, 0x2C5D, 0x2C5C, 0x2C3C, 0x2C3C, 0x241C, 0x241C, 0x23FB, 0x23DB, 0x23DA, 0x23D9,
    0x1BD9, 0x1BB8, 0x1BB8, 0x23D8, 0x23B8, 0x2BD9, 0x23B9, 0x13B8, 0x0376, 0x0353, 0x0392, 0x0332, 0x0217, 0x015A, 0x001F, 0x001F,
    0x001F, 0x001F, 0x001F, 0x001F, 0x001F, 0x001F, 0x001F, 0x001F, 0x001F, 0x001F, 0x001F, 0x001F, 0x001F, 0x001F, 0x001F, 0x001F,
    0x001F, 0x001F, 0x001F, 0x001F, 0x001F, 0x001F, 0x001F, 0x001F, 0x001F, 0x001F, 0x001F, 0x001F, 0x001F, 0x001F, 0x001F, 0x001F,
    0x001F, 0x001F, 0x001F, 0x001F, 0x001F, 0x001F, 0x001F, 0x001F, 0x001F, 0x001F, 0x001F, 0x001F, 0x001F, 0x001F, 0x001F, 0x001F,
    0x001F, 0x001F, 0x001F, 0x001F, 0x001F, 0x001F, 0x001F, 0x001F, 0x001F, 0x001F, 0x001F, 0x001F, 0x0018, 0x001F, 0x001F, 0x001F,
    0x001F, 0x0016, 0x000C, 0x0016, 0x001F, 0x01BF, 0x00BF, 0x001F, 0x001F, 0x001F, 0x001F, 0x001F, 0x001F, 0x001F, 0x001F, 0x007E,
    0x0218, 0x019F, 0x0138, 0x023F, 0x001F, 0x001F, 0x001F, 0x001F, 0x001F, 0x001F, 0x001F, 0x003F, 0x00FF, 0x001F, 0x001F, 0x001F,
    0x001F, 0x001F, 0x007F, 0x023E, 0x001F, 0x005D, 0x00FD, 0x01FF, 0x02DB, 0x13F8, 0x1BF9, 0x1B99, 0x139A, 0x0B7B, 0x13FD, 0x2CDE,
    0x34FE, 0x245E, 0x1BDC, 0x0B5B, 0x137A, 0x1359, 0x1398, 0x0356, 0x01F9, 0x015A, 0x003F, 0x001F, 0x001F, 0x001F, 0x001F, 0x001F,
    0x001F, 0x001F, 0x001F, 0x001F, 0x001F, 0x00BE, 0x009E, 0x00DC, 0x005F, 0x0013, 0x0000, 0x0000, 0x0000, 0x0000, 0x0000, 0x0000,
    0x0000, 0x0000, 0x0000, 0x0000, 0x0253, 0x0251, 0x0232, 0x01D6, 0x0179, 0x005F, 0x001F, 0x001F, 0x001F, 0x001F, 0x001F, 0x001F,
    0x001F, 0x001F, 0x001F, 0x001F, 0x001F, 0x001F, 0x001C, 0x001C, 0x0015, 0x000E, 0x0005, 0x0000, 0x0000, 0x0000, 0x0000, 0x0000,
    0x0000, 0x0000, 0x0000, 0x0000, 0x0000, 0x0000, 0x0000, 0x0000, 0x0000, 0x0000, 0x0000, 0x0000, 0x0000, 0x0000, 0x0000, 0x0000,
    0x0000, 0x0000, 0x0000, 0x0000, 0x0000, 0x0000, 0x0000, 0x0000, 0x0000, 0x0000, 0x0000, 0x0000, 0x0000, 0x0000, 0x0000, 0x0000,
    0x0000, 0x0000, 0x0003, 0x0004, 0x0007, 0x000A, 0x000B, 0x0007, 0x0005, 0x0009, 0x000C, 0x000C, 0x000C, 0x002D, 0x000D, 0x002D,
    0x006F, 0x010D, 0x00AD, 0x014D, 0x01CD, 0x022E, 0x022D, 0x024D, 0x022D, 0x024D, 0x024D, 0x022E, 0x01EE, 0x01CE, 0x01CE, 0x01AE,
    0x01AE, 0x018E, 0x016E, 0x016E, 0x016E, 0x014E, 0x014E, 0x018E, 0x018E, 0x016E, 0x018F, 0x018F, 0x018E, 0x01AE, 0x01CE, 0x01CF,
    0x01AE, 0x01CF, 0x01AF, 0x018E, 0x018F, 0x018F, 0x018F, 0x01AF, 0x018F, 0x01AF, 0x01AF, 0x01AF, 0x01AF, 0x01CF, 0x01B0, 0x01D0,
    0x01D0, 0x01D0, 0x01D0, 0x01D0, 0x01D0, 0x01D0, 0x01D0, 0x01D0, 0x01D0, 0x01D0, 0x01D0, 0x01D0, 0x01D0, 0x01D0, 0x01D0, 0x01D0,
    0x01D1, 0x01D0, 0x01D0, 0x01D0, 0x01D1, 0x01D1, 0x01D1, 0x01F1, 0x01F1, 0x01F1, 0x01F1, 0x01F1, 0x01F1, 0x01F1, 0x01F1, 0x01F1,
    0x01F1, 0x01F1, 0x01F1, 0x01F1, 0x01F1, 0x01F2, 0x0212, 0x0212, 0x0212, 0x0212, 0x0212, 0x0212, 0x0212, 0x0212, 0x0212, 0x0212,
    0x0212, 0x01F2, 0x01F2, 0x0212, 0x0212, 0x0212, 0x0232, 0x0233, 0x0233, 0x0233, 0x0233, 0x0233, 0x0233, 0x0233, 0x0233, 0x0253,
    0x0253, 0x0253, 0x0254, 0x0274, 0x0274, 0x0274, 0x0274, 0x0274, 0x0A95, 0x0AD6, 0x0AF7, 0x1318, 0x1318, 0x1318, 0x1318, 0x1318,
    0x1319, 0x1319, 0x1339, 0x1339, 0x1339, 0x1339, 0x133A, 0x135A, 0x135A, 0x135A, 0x137A, 0x137B, 0x139B, 0x139B, 0x139C, 0x1BBC,
    0x1BBC, 0x1BDC, 0x1BDC, 0x1BFD, 0x1BFD, 0x13DE, 0x13FE, 0x249E, 0x6E1F, 0x96DF, 0x869F, 0x5D9F, 0x249E, 0x1C3E, 0x245E, 0x2C5E,
    0x2C5E, 0x2C5D, 0x2C5D, 0x2C5D, 0x2C3C, 0x243C, 0x2C3C, 0x241C, 0x23FB, 0x23DB, 0x23DB, 0x23DA, 0x1BDA, 0x1BD9, 0x1BD8, 0x23B8,
    0x23D8, 0x2BB8, 0x23B8, 0x1398, 0x0377, 0x0374, 0x03B1, 0x040F, 0x0256, 0x007E, 0x001F, 0x001F, 0x001F, 0x001F, 0x001F, 0x001F,
    0x001F, 0x001F, 0x001F, 0x001F, 0x001F, 0x001F, 0x001F, 0x001F, 0x001F, 0x001F, 0x001F, 0x001F, 0x001F, 0x001F, 0x001F, 0x001F,
    0x001F, 0x001F, 0x001F, 0x001F, 0x001F, 0x001F, 0x001F, 0x001F, 0x001F, 0x001F, 0x001F, 0x001F, 0x001F, 0x001F, 0x001F, 0x001F,
    0x001F, 0x001F, 0x001F, 0x001F, 0x001F, 0x001F, 0x001F, 0x001F, 0x001F, 0x001F, 0x001F, 0x001F, 0x001F, 0x001F, 0x001F, 0x001F,
    0x001F, 0x001F, 0x001F, 0x001F, 0x001F, 0x001F, 0x0018, 0x001F, 0x001F, 0x001F, 0x001F, 0x0016, 0x000C, 0x0016, 0x001F, 0x01BF,
    0x00BF, 0x001F, 0x001F, 0x001F, 0x001F, 0x001F, 0x001F, 0x001F, 0x001F, 0x007E, 0x0218, 0x019F, 0x0138, 0x023F, 0x001F, 0x001F,
    0x001F, 0x001F, 0x001F, 0x001F, 0x001F, 0x003F, 0x00FF, 0x001F, 0x001F, 0x001F, 0x001F, 0x001F, 0x005F, 0x02DC, 0x017B, 0x02BB,
    0x0B9B, 0x0BF9, 0x1BD8, 0x1B9A, 0x137A, 0x0B9C, 0x243D, 0x2CBE, 0x351F, 0x2CBE, 0x13BC, 0x0B7B, 0x1379, 0x1379, 0x0B58, 0x0B37,
    0x0258, 0x00BD, 0x001F, 0x003F, 0x001F, 0x001F, 0x001F, 0x001F, 0x001F, 0x001F, 0x001F, 0x001F, 0x001F, 0x001F, 0x0016, 0x0076,
    0x005C, 0x00FE, 0x005F, 0x0013, 0x0000, 0x0000, 0x0000, 0x0000, 0x0000, 0x0000, 0x0000, 0x0000, 0x0000, 0x0000, 0x0212, 0x01F6,
    0x007D, 0x001F, 0x001F, 0x001F, 0x001F, 0x001F, 0x001F, 0x001F, 0x001F, 0x001F, 0x001F, 0x001F, 0x001F, 0x001F, 0x001F, 0x0015,
    0x0001, 0x0008, 0x0000, 0x0000, 0x0000, 0x0000, 0x0000, 0x0000, 0x0000, 0x0000, 0x0000, 0x0000, 0x0000, 0x0000, 0x0000, 0x0000,
    0x0000, 0x0000, 0x0000, 0x0000, 0x0000, 0x0000, 0x0000, 0x0000, 0x0000, 0x0000, 0x0000, 0x0000, 0x0000, 0x0000, 0x0000, 0x0000,
    0x0000, 0x0000, 0x0000, 0x0000, 0x0000, 0x0000, 0x0000, 0x0000, 0x0000, 0x0000, 0x0000, 0x0000, 0x0000, 0x0000, 0x0000, 0x0001,
    0x0004, 0x0001, 0x0000, 0x0001, 0x0002, 0x0002, 0x0002, 0x0003, 0x0004, 0x0004, 0x0009, 0x0005, 0x0005, 0x000B, 0x000E, 0x004E,
    0x006D, 0x008D, 0x008E, 0x00CE, 0x01AD, 0x016D, 0x01CD, 0x020E, 0x024E, 0x024E, 0x024E, 0x022E, 0x022E, 0x022E, 0x022E, 0x01ED,
    0x01AD, 0x018E, 0x018E, 0x018D, 0x018E, 0x014E, 0x014E, 0x014E, 0x012E, 0x016E, 0x012E, 0x014E, 0x01AE, 0x01CF, 0x01CF, 0x01CE,
    0x01CE, 0x01CF, 0x01CE, 0x01AF, 0x018F, 0x01AF, 0x01AF, 0x018F, 0x01AF, 0x01CF, 0x01AF, 0x01CF, 0x01D0, 0x01D0, 0x01D0, 0x01D0,
    0x01D0, 0x01D0, 0x01D0, 0x01B0, 0x01D0, 0x01D0, 0x01B0, 0x01D0, 0x01D0, 0x01D0, 0x01D1, 0x01F1, 0x01D1, 0x01D0, 0x01D1, 0x01D1,
    0x01D1, 0x01D1, 0x01D1, 0x01D1, 0x01F1, 0x01D1, 0x01F1, 0x01F1, 0x01F1, 0x01F1, 0x01F1, 0x01F1, 0x01F1, 0x01F1, 0x01F1, 0x01F1,
    0x01F2, 0x0212, 0x0212, 0x0212, 0x0211, 0x0211, 0x0212, 0x0212, 0x0212, 0x0212, 0x01F2, 0x01F2, 0x01F2, 0x0212, 0x0212, 0x0212,
    0x0212, 0x0212, 0x0212, 0x0233, 0x0233, 0x0233, 0x0233, 0x0233, 0x0233, 0x0233, 0x0233, 0x0253, 0x0253, 0x0254, 0x0254, 0x0254,
    0x0254, 0x0254, 0x0274, 0x0274, 0x0275, 0x0AB6, 0x0AF7, 0x1318, 0x1318, 0x1318, 0x1318, 0x1318, 0x1318, 0x1319, 0x1319, 0x1339,
    0x1339, 0x135A, 0x135A, 0x135A, 0x135A, 0x137A, 0x137B, 0x137B, 0x139B, 0x139B, 0x13BC, 0x1BBC, 0x1BBC, 0x1BDC, 0x1BDD, 0x1BFD,
    0x1C1D, 0x1BFE, 0x13DE, 0x1C5F, 0x455F, 0x8EBF, 0x9F1F, 0x65DF, 0x2C9F, 0x1C3E, 0x243E, 0x245E, 0x2C5D, 0x2C5D, 0x2C5D, 0x2C5D,
    0x2C5C, 0x2C3C, 0x243C, 0x241C, 0x23FC, 0x23FB, 0x23DB, 0x23DB, 0x23DA, 0x1BD9, 0x1BB8, 0x1BB8, 0x23B7, 0x2B99, 0x2B99, 0x1B98,
    0x0357, 0x0315, 0x03B1, 0x02F3, 0x01D8, 0x0179, 0x00DC, 0x001F, 0x001F, 0x001F, 0x001F, 0x001F, 0x001F, 0x001F, 0x001F, 0x001F,
    0x001F, 0x001F, 0x001F, 0x001F, 0x001F, 0x001F, 0x001F, 0x001F, 0x001F, 0x001F, 0x001F, 0x001F, 0x001F, 0x001F, 0x001F, 0x001F,
    0x001F, 0x001F, 0x001F, 0x001F, 0x001F, 0x001F, 0x001F, 0x001F, 0x001F, 0x001F, 0x001F, 0x001F, 0x001F, 0x001F, 0x001F, 0x001F,
    0x001F, 0x001F, 0x001F, 0x001F, 0x001F, 0x001F, 0x001F, 0x001F, 0x001F, 0x001F, 0x001F, 0x001F, 0x001F, 0x001F, 0x001F, 0x001F,
    0x0018, 0x001F, 0x001F, 0x001F, 0x001F, 0x0016, 0x000C, 0x0016, 0x001F, 0x01BF, 0x00BF, 0x001F, 0x001F, 0x001F, 0x001F, 0x001F,
    0x001F, 0x001F, 0x001F, 0x007E, 0x0218, 0x019F, 0x0138, 0x023F, 0x001F, 0x001F, 0x001F, 0x001F, 0x001F, 0x001F, 0x001F, 0x003F,
    0x00FF, 0x001F, 0x001F, 0x001F, 0x001F, 0x005F, 0x01FC, 0x0BD8, 0x13D8, 0x13B9, 0x1399, 0x1379, 0x0B3A, 0x13BC, 0x1C3E, 0x351F,
    0x3D3F, 0x1C3E, 0x0B7C, 0x0B5A, 0x137A, 0x1399, 0x1358, 0x0315, 0x0217, 0x00DC, 0x001F, 0x001F, 0x001F, 0x001F, 0x001F, 0x001F,
    0x001F, 0x001F, 0x001F, 0x001F, 0x001F, 0x001F, 0x000D, 0x0005, 0x0000, 0x0000, 0x0003, 0x006B, 0x0039, 0x0013, 0x0000, 0x0000,
    0x0000, 0x0000, 0x0000, 0x0000, 0x0000, 0x0000, 0x0000, 0x0000, 0x005E, 0x001F, 0x001F, 0x001F, 0x001F, 0x001F, 0x001F, 0x001F,
    0x001F, 0x001F, 0x001F, 0x001F, 0x001F, 0x001F, 0x001F, 0x001F, 0x001F, 0x0009, 0x0000, 0x0007, 0x0000, 0x0000, 0x0000, 0x0000,
    0x0000, 0x0000, 0x0000, 0x0000, 0x0000, 0x0000, 0x0000, 0x0000, 0x0000, 0x0000, 0x0000, 0x0000, 0x0000, 0x0000, 0x0000, 0x0000,
    0x0000, 0x0000, 0x0000, 0x0000, 0x0000, 0x0000, 0x0000, 0x0000, 0x0000, 0x0000, 0x0000, 0x0000, 0x0000, 0x0000, 0x0000, 0x0000,
    0x0000, 0x0000, 0x0000, 0x0000, 0x0000, 0x0000, 0x0000, 0x0000, 0x0000, 0x0000, 0x0000, 0x0000, 0x0000, 0x0000, 0x0000, 0x0000,
    0x0000, 0x0000, 0x0000, 0x0000, 0x0000, 0x0000, 0x0000, 0x0000, 0x0001, 0x0002, 0x0001, 0x0001, 0x0002, 0x0004, 0x0004, 0x0006,
    0x000A, 0x0029, 0x0069, 0x0068, 0x00AB, 0x012C, 0x014D, 0x012D, 0x012E, 0x01CD, 0x01CD, 0x01AE, 0x01CD, 0x022D, 0x024C, 0x022D,
    0x024D, 0x024D, 0x01EE, 0x018F, 0x018E, 0x016E, 0x014E, 0x014E, 0x016E, 0x014E, 0x014E, 0x016E, 0x014E, 0x016E, 0x018E, 0x01AE,
    0x01CF, 0x01CF, 0x01AE, 0x01AF, 0x01AE, 0x01AF, 0x01CF, 0x01CF, 0x01CF, 0x01AF, 0x01AF, 0x01AF, 0x01AF, 0x01AF, 0x01AF, 0x01D0,
    0x01D0, 0x01D0, 0x01D0, 0x01D0, 0x01D0, 0x01D0, 0x01D0, 0x01D0, 0x01F0, 0x01D0, 0x01D0, 0x01D0, 0x01D0, 0x01D0, 0x01D0, 0x01D1,
    0x01F1, 0x01D1, 0x01D1, 0x01F1, 0x01F1, 0x01F1, 0x01F1, 0x01F1, 0x01F1, 0x01F1, 0x01F1, 0x01F1, 0x01F1, 0x0211, 0x0212, 0x01F1,
    0x0212, 0x0211, 0x0212, 0x0212, 0x01F1, 0x01F2, 0x01F1, 0x0211, 0x0212, 0x0212, 0x0212, 0x0212, 0x0212, 0x0212, 0x0212, 0x0212,
    0x0212, 0x0212, 0x0233, 0x0233, 0x0233, 0x0233, 0x0233, 0x0233, 0x0233, 0x0253, 0x0254, 0x0254, 0x0254, 0x0254, 0x0274, 0x0275,
    0x0295, 0x0AB6, 0x0AD7, 0x1318, 0x1318, 0x1318, 0x12F8, 0x1318, 0x1318, 0x1319, 0x1339, 0x1339, 0x1339, 0x135A, 0x135A, 0x135A,
    0x135A, 0x137A, 0x137B, 0x139B, 0x139B, 0x139C, 0x13BC, 0x1BBC, 0x1BDC, 0x1BDC, 0x1BFD, 0x1BFD, 0x1BFD, 0x1C1E, 0x13FE, 0x13FE,
    0x34BE, 0x5DBF, 0x8EBF, 0x869F, 0x4D7F, 0x1C5E, 0x141E, 0x243E, 0x2C5E, 0x2C5D, 0x2C5D, 0x2C3D, 0x243C, 0x243C, 0x243C, 0x241C,
    0x23FC, 0x23FB, 0x23DB, 0x23DB, 0x23DA, 0x1BD9, 0x1BD9, 0x1BD8, 0x23B9, 0x2B99, 0x2B99, 0x2379, 0x0BB8, 0x0355, 0x0391, 0x03D0,
    0x03B0, 0x02B4, 0x0256, 0x011B, 0x001F, 0x001F, 0x001F, 0x001F, 0x001F, 0x001F, 0x001F, 0x001F, 0x001F, 0x001F, 0x001F, 0x001F,
    0x001F, 0x001F, 0x001F, 0x001F, 0x001F, 0x001F, 0x001F, 0x001F, 0x001F, 0x001F, 0x001F, 0x001F, 0x001F, 0x001F, 0x001F, 0x001F,
    0x001F, 0x001F, 0x001F, 0x001F, 0x001F, 0x001F, 0x001F, 0x001F, 0x001F, 0x001F, 0x001F, 0x001F, 0x001F, 0x001F, 0x001F, 0x001F,
    0x001F, 0x001F, 0x001F, 0x001F, 0x001F, 0x001F, 0x001F, 0x001F, 0x001F, 0x001F, 0x0018, 0x001F, 0x001F, 0x001F, 0x001F, 0x0016,
    0x000C, 0x0016, 0x001F, 0x01BF, 0x00BF, 0x001F, 0x001F, 0x001F, 0x001F, 0x001F, 0x001F, 0x001F, 0x001F, 0x007E, 0x0218, 0x019F,
    0x0138, 0x023F, 0x001F, 0x001F, 0x001F, 0x001F, 0x001F, 0x001F, 0x001F, 0x003F, 0x00DF, 0x001F, 0x001F, 0x011F, 0x029B, 0x1398,
    0x1BB9, 0x1B79, 0x139A, 0x0B7A, 0x0B7B, 0x13FD, 0x34DE, 0x3D3F, 0x247E, 0x1BFD, 0x0B7B, 0x0B5A, 0x0B79, 0x0B59, 0x0B17, 0x0235,
    0x0157, 0x0092, 0x0019, 0x001F, 0x001F, 0x001F, 0x001F, 0x001F, 0x001F, 0x001F, 0x001F, 0x001F, 0x001F, 0x001F, 0x001F, 0x000B,
    0x0000, 0x0000, 0x0000, 0x0000, 0x0000, 0x0000, 0x0000, 0x0002, 0x0000, 0x0000, 0x0000, 0x0000, 0x0000, 0x0000, 0x0000, 0x0000,
    0x0000, 0x0000, 0x001F, 0x001F, 0x001F, 0x001F, 0x001F, 0x001F, 0x001F, 0x001F, 0x001F, 0x001F, 0x001F, 0x001F, 0x001F, 0x001F,
    0x001F, 0x001F, 0x001F, 0x0009, 0x0000, 0x0007, 0x0000, 0x0000, 0x0000, 0x0000, 0x0000, 0x0000, 0x0000, 0x0000, 0x0000, 0x0000,
    0x0000, 0x0000, 0x0000, 0x0000, 0x0000, 0x0000, 0x0000, 0x0000, 0x0000, 0x0000, 0x0000, 0x0000, 0x0000, 0x0000, 0x0000, 0x0000,
    0x0000, 0x0000, 0x0000, 0x0000, 0x0000, 0x0000, 0x0000, 0x0000, 0x0000, 0x0000, 0x0000, 0x0000, 0x0000, 0x0000, 0x0000, 0x0000,
    0x0000, 0x0000, 0x0000, 0x0000, 0x0000, 0x0000, 0x0000, 0x0000, 0x0000, 0x0000, 0x0000, 0x0000, 0x0000, 0x0000, 0x0000, 0x0000,
    0x0000, 0x0000, 0x0000, 0x0000, 0x0000, 0x0000, 0x0000, 0x0000, 0x0000, 0x0000, 0x0000, 0x0000, 0x0000, 0x0000, 0x0000, 0x0002,
    0x0006, 0x0004, 0x0005, 0x0007, 0x0007, 0x0007, 0x0009, 0x004A, 0x008E, 0x00AE, 0x00EE, 0x012E, 0x01ED, 0x026D, 0x024E, 0x020E,
    0x01EE, 0x01CE, 0x01AE, 0x018E, 0x01AE, 0x01CE, 0x01AE, 0x016E, 0x014E, 0x014E, 0x014E, 0x014F, 0x016F, 0x016E, 0x01AE, 0x01CF,
    0x01AE, 0x01AF, 0x01AF, 0x018F, 0x018F, 0x018F, 0x01AF, 0x01AF, 0x01AF, 0x01CF, 0x01CF, 0x01AF, 0x01CF, 0x01CF, 0x01B0, 0x01D0,
    0x01D0, 0x01D0, 0x01D0, 0x01D0, 0x01D0, 0x01D0, 0x01D0, 0x01D0, 0x01D0, 0x01D0, 0x01D0, 0x01D0, 0x01D0, 0x01D1, 0x01D1, 0x01F1,
    0x01D1, 0x01F1, 0x01F1, 0x01F1, 0x01F1, 0x01F1, 0x01F1, 0x01F1, 0x0211, 0x0211, 0x01F1, 0x01F1, 0x01F1, 0x0211, 0x01F1, 0x01F1,
    0x01F1, 0x01F1, 0x0212, 0x0212, 0x0212, 0x0212, 0x0212, 0x0212, 0x0212, 0x0212, 0x0212, 0x0212, 0x0212, 0x0232, 0x0233, 0x0233,
    0x0233, 0x0233, 0x0233, 0x0233, 0x0233, 0x0233, 0x0253, 0x0254, 0x0254, 0x0274, 0x0274, 0x0A95, 0x0A95, 0x0AB5, 0x0AD6, 0x12F7,
    0x1318, 0x1318, 0x1318, 0x1318, 0x0B18, 0x1339, 0x1339, 0x1339, 0x1339, 0x135A, 0x135A, 0x135A, 0x137A, 0x137B, 0x137B, 0x139B,
    0x139B, 0x139B, 0x13BC, 0x1BBC, 0x1BDC, 0x1BDC, 0x1BDD, 0x1BFD, 0x1BFD, 0x1C1D, 0x1BFE, 0x13FE, 0x1C5E, 0x4D7F, 0x763F, 0x7E9F,
    0x763F, 0x3CFE, 0x1C3E, 0x1C1E, 0x243E, 0x245D, 0x243D, 0x243D, 0x243D, 0x243C, 0x243C, 0x241B, 0x23FB, 0x23FC, 0x23FB, 0x23FB,
    0x23FB, 0x1BDA, 0x1BD9, 0x1BB8, 0x23D9, 0x2BB8, 0x2B98, 0x23B9, 0x1378, 0x0356, 0x0354, 0x0373, 0x0352, 0x0371, 0x0313, 0x017A,
    0x013B, 0x005E, 0x001F, 0x001F, 0x001F, 0x001F, 0x001F, 0x001F, 0x001F, 0x001F, 0x001F, 0x001F, 0x001F, 0x001F, 0x001F, 0x001F,
    0x001F, 0x001F, 0x001F, 0x001F, 0x001F, 0x001F, 0x001F, 0x001F, 0x001F, 0x001F, 0x001F, 0x001F, 0x001F, 0x001F, 0x001F, 0x001F,
    0x001F, 0x001F, 0x001F, 0x001F, 0x001F, 0x001F, 0x001F, 0x001F, 0x001F, 0x001F, 0x001F, 0x001F, 0x001F, 0x001F, 0x001F, 0x001F,
    0x001F, 0x001F, 0x001F, 0x001F, 0x0018, 0x001F, 0x001F, 0x001F, 0x001F, 0x0016, 0x000C, 0x0016, 0x001F, 0x01BF, 0x00BF, 0x001F,
    0x001F, 0x001F, 0x001F, 0x001F, 0x001F, 0x001F, 0x001F, 0x007E, 0x0218, 0x019F, 0x0138, 0x023F, 0x001F, 0x001F, 0x001F, 0x001F,
    0x001F, 0x001F, 0x001F, 0x007F, 0x01DF, 0x031D, 0x0B1B, 0x13D9, 0x1BD8, 0x1B99, 0x139A, 0x0B9B, 0x13BC, 0x2C9E, 0x34FF, 0x2CBF,
    0x247E, 0x13BC, 0x0B7A, 0x137A, 0x1358, 0x0B38, 0x02B8, 0x015A, 0x008E, 0x000D, 0x0017, 0x0032, 0x0019, 0x001F, 0x001F, 0x001F,
    0x001F, 0x001F, 0x001F, 0x001F, 0x001F, 0x001F, 0x001F, 0x001C, 0x000C, 0x0000, 0x0000, 0x0000, 0x0000, 0x0000, 0x0000, 0x0000,
    0x0000, 0x0000, 0x0000, 0x0000, 0x0000, 0x0000, 0x0000, 0x0000, 0x0000, 0x0000, 0x0000, 0x0000, 0x001F, 0x001F, 0x001F, 0x001F,
    0x001F, 0x001F, 0x001F, 0x001F, 0x001F, 0x001F, 0x001F, 0x001F, 0x001F, 0x001F, 0x001F, 0x001F, 0x001F, 0x0009, 0x0000, 0x0007,
    0x0000, 0x0000, 0x0000, 0x0000, 0x0000, 0x0000, 0x0000, 0x0000, 0x0000, 0x0000, 0x0000, 0x0000, 0x0000, 0x0000, 0x0000, 0x0000,
    0x0000, 0x0000, 0x0000, 0x0000, 0x0000, 0x0000, 0x0000, 0x0000, 0x0000, 0x0000, 0x0000, 0x0000, 0x0000, 0x0000, 0x0000, 0x0000,
    0x0000, 0x0000, 0x0000, 0x0000, 0x0000, 0x0000, 0x0000, 0x0000, 0x0000, 0x0000, 0x0000, 0x0000, 0x0000, 0x0000, 0x0000, 0x0000,
    0x0000, 0x0000, 0x0000, 0x0000, 0x0000, 0x0000, 0x0000, 0x0000, 0x0000, 0x0000, 0x0000, 0x0000, 0x0000, 0x0000, 0x0000, 0x0000,
    0x0000, 0x0000, 0x0000, 0x0000, 0x0000, 0x0000, 0x0000, 0x0000, 0x0000, 0x0000, 0x0000, 0x0000, 0x0000, 0x0000, 0x0000, 0x0000,
    0x0000, 0x0000, 0x0004, 0x0006, 0x000A, 0x000B, 0x004E, 0x010D, 0x01CC, 0x024C, 0x026C, 0x022D, 0x026D, 0x024E, 0x024E, 0x026D,
    0x024E, 0x020E, 0x01CE, 0x01AE, 0x01AE, 0x018E, 0x016E, 0x014E, 0x012E, 0x014E, 0x018F, 0x01AF, 0x01AF, 0x01AF, 0x018F, 0x018F,
    0x018F, 0x018E, 0x018E, 0x01AF, 0x018F, 0x018F, 0x01AE, 0x01CF, 0x01CF, 0x01CF, 0x01CF, 0x01D0, 0x01CF, 0x01AF, 0x01CF, 0x01D0,
    0x01D0, 0x01B0, 0x01D0, 0x01D0, 0x01D0, 0x01D0, 0x01D0, 0x01D0, 0x01D0, 0x01D0, 0x01D0, 0x01D0, 0x01D0, 0x01F1, 0x01F0, 0x01F1,
    0x01F1, 0x01F1, 0x01F1, 0x01F1, 0x01F1, 0x01F1, 0x01F1, 0x01F1, 0x01F1, 0x01F1, 0x01F1, 0x01F1, 0x01F1, 0x01F1, 0x0211, 0x0211,
    0x0211, 0x0212, 0x0212, 0x0212, 0x0212, 0x0212, 0x0212, 0x0212, 0x0212, 0x0232, 0x0213, 0x0212, 0x0233, 0x0213, 0x0233, 0x0233,
    0x0233, 0x0233, 0x0254, 0x0254, 0x0254, 0x0274, 0x0A74, 0x0A75, 0x0A95, 0x0A95, 0x0A95, 0x0AD6, 0x12F8, 0x1318, 0x1338, 0x0B19,
    0x1339, 0x1319, 0x1339, 0x1339, 0x1339, 0x135A, 0x135A, 0x135A, 0x135A, 0x137A, 0x137B, 0x137B, 0x139B, 0x139B, 0x13BC, 0x13BC,
    0x1BBC, 0x1BDC, 0x1BDD, 0x1BFD, 0x1BFD, 0x1C1D, 0x1BFD, 0x13FE, 0x13FE, 0x2C7E, 0x5DBF, 0x86BF, 0x763F, 0x4D7F, 0x2C9E, 0x141E,
    0x1C1E, 0x243E, 0x243E, 0x243D, 0x243D, 0x241C, 0x241C, 0x241C, 0x243B, 0x241B, 0x23FB, 0x23DB, 0x23DB, 0x1BDA, 0x1BD9, 0x1BD8,
    0x1BD7, 0x23D8, 0x2BBA, 0x2B99, 0x2399, 0x0BB8, 0x0356, 0x0315, 0x0391, 0x0391, 0x03B0, 0x0295, 0x00FC, 0x007E, 0x001F, 0x001F,
    0x001F, 0x001F, 0x001F, 0x001F, 0x001F, 0x001F, 0x001F, 0x001F, 0x001F, 0x001F, 0x001F, 0x001F, 0x001F, 0x001F, 0x001F, 0x001F,
    0x001F, 0x001F, 0x001F, 0x001F, 0x001F, 0x001F, 0x001F, 0x001F, 0x001F, 0x001F, 0x001F, 0x001F, 0x001F, 0x001F, 0x001F, 0x001F,
    0x001F, 0x001F, 0x001F, 0x001F, 0x001F, 0x001F, 0x001F, 0x001F, 0x001F, 0x001F, 0x001F, 0x001F, 0x001F, 0x001F, 0x0018, 0x001F,
    0x001F, 0x001F, 0x001F, 0x0016, 0x000C, 0x0016, 0x001F, 0x01BF, 0x00BF, 0x001F, 0x001F, 0x001F, 0x001F, 0x001F, 0x001F, 0x001F,
    0x001F, 0x007E, 0x0218, 0x019F, 0x0138, 0x023F, 0x001F, 0x001F, 0x001F, 0x001F, 0x007F, 0x015E, 0x02FB, 0x03FB, 0x0C3A, 0x13D9,
    0x1B99, 0x139A, 0x137B, 0x13BC, 0x1C3D, 0x249E, 0x3D3F, 0x34FE, 0x13FD, 0x0B7B, 0x0B5A, 0x1379, 0x1378, 0x0B58, 0x0259, 0x0193,
    0x007D, 0x001F, 0x0017, 0x0012, 0x0037, 0x0032, 0x0019, 0x001F, 0x001F, 0x001F, 0x001F, 0x001F, 0x001F, 0x0019, 0x0015, 0x001A,
    0x000C, 0x0001, 0x0000, 0x0000, 0x0000, 0x0000, 0x0000, 0x0000, 0x0000, 0x0000, 0x0000, 0x0000, 0x0000, 0x0000, 0x0000, 0x0000,
    0x0000, 0x0000, 0x0000, 0x0000, 0x0000, 0x0000, 0x001F, 0x001F, 0x001F, 0x001F, 0x001F, 0x001F, 0x001F, 0x001F, 0x001F, 0x001F,
    0x001F, 0x001F, 0x001F, 0x001F, 0x001F, 0x001F, 0x001F, 0x0009, 0x0000, 0x0007, 0x0000, 0x0000, 0x0000, 0x0000, 0x0000, 0x0000,
    0x0000, 0x0000, 0x0000, 0x0000, 0x0000, 0x0000, 0x0000, 0x0000, 0x0000, 0x0000, 0x0000, 0x0000, 0x0000, 0x0000, 0x0000, 0x0000,
    0x0000, 0x0000, 0x0000, 0x0000, 0x0000, 0x0000, 0x0000, 0x0000, 0x0000, 0x0000, 0x0000, 0x0000, 0x0000, 0x0000, 0x0000, 0x0000,
    0x0000, 0x0000, 0x0000, 0x0000, 0x0000, 0x0000, 0x0000, 0x0000, 0x0000, 0x0000, 0x0000, 0x0000, 0x0000, 0x0000, 0x0000, 0x0000,
    0x0000, 0x0000, 0x0000, 0x0000, 0x0000, 0x0000, 0x0000, 0x0000, 0x0000, 0x0000, 0x0000, 0x0000, 0x0000, 0x0000, 0x0000, 0x0000,
    0x0000, 0x0000, 0x0000, 0x0000, 0x0000, 0x0000, 0x0000, 0x0000, 0x0000, 0x0000, 0x0000, 0x0000, 0x0000, 0x0000, 0x0000, 0x0000,
    0x0004, 0x0009, 0x000D, 0x000E, 0x006D, 0x008E, 0x012D, 0x012D, 0x010D, 0x00EE, 0x016C, 0x01ED, 0x024D, 0x024D, 0x024E, 0x022E,
    0x022E, 0x01EE, 0x01AE, 0x01AE, 0x018E, 0x016E, 0x016E, 0x016E, 0x018E, 0x01AE, 0x01CF, 0x01AF, 0x01AF, 0x01CF, 0x01CE, 0x01AE,
    0x01AF, 0x018F, 0x018F, 0x018F, 0x018E, 0x01AE, 0x01CF, 0x01AE, 0x01AE, 0x01AF, 0x01CF, 0x01CF, 0x01CF, 0x01CF, 0x01AF, 0x01CF,
    0x01B0, 0x01B0, 0x01B0, 0x01D0, 0x01D0, 0x01D0, 0x01D0, 0x01D0, 0x01D0, 0x01D0, 0x01D1, 0x01D1, 0x01D1, 0x01D0, 0x01F0, 0x01D1,
    0x01F1, 0x01D1, 0x01F1, 0x01F1, 0x01D1, 0x01F1, 0x01F1, 0x01F1, 0x01F1, 0x01F1, 0x0211, 0x0211, 0x0211, 0x0211, 0x0212, 0x0212,
    0x0211, 0x0212, 0x0212, 0x0212, 0x0212, 0x0212, 0x0212, 0x0212, 0x0212, 0x0232, 0x0233, 0x0233, 0x0233, 0x0233, 0x0253, 0x0253,
    0x0254, 0x0274, 0x0A74, 0x0A74, 0x0A75, 0x0A95, 0x0A95, 0x0AB6, 0x0AF7, 0x1318, 0x1318, 0x1318, 0x1318, 0x1339, 0x1339, 0x1339,
    0x1339, 0x135A, 0x135A, 0x135A, 0x137A, 0x137B, 0x137B, 0x139B, 0x139B, 0x139B, 0x139C, 0x13BC, 0x1BBC, 0x1BDC, 0x1BDC, 0x1BDD,
    0x1BFD, 0x1C1D, 0x1C1D, 0x1BFE, 0x13DE, 0x141E, 0x34DF, 0x661F, 0x8EDF, 0x6E1F, 0x3CFF, 0x245E, 0x141E, 0x1C1E, 0x243D, 0x243D,
    0x241D, 0x241C, 0x243C, 0x243C, 0x241B, 0x23FB, 0x23FB, 0x23DB, 0x23DB, 0x1BDA, 0x1BFA, 0x1BF9, 0x23B9, 0x23B9, 0x2BB9, 0x2BBA,
    0x2BBA, 0x1B99, 0x0B97, 0x0356, 0x0355, 0x0353, 0x0391, 0x0391, 0x01F7, 0x00BD, 0x001F, 0x001F, 0x001F, 0x001F, 0x001F, 0x001F,
    0x001F, 0x001F, 0x001F, 0x001F, 0x001F, 0x001F, 0x001F, 0x001F, 0x001F, 0x001F, 0x001F, 0x001F, 0x001F, 0x001F, 0x001F, 0x001F,
    0x001F, 0x001F, 0x001F, 0x001F, 0x001F, 0x001F, 0x001F, 0x001F, 0x001F, 0x001F, 0x001F, 0x001F, 0x001F, 0x001F, 0x001F, 0x001F,
    0x001F, 0x001F, 0x001F, 0x001F, 0x001F, 0x001F, 0x001F, 0x001F, 0x0018, 0x001F, 0x001F, 0x001F, 0x001F, 0x0016, 0x000C, 0x0016,
    0x001F, 0x01BF, 0x00BF, 0x001F, 0x001F, 0x001F, 0x001F, 0x001F, 0x001F, 0x001F, 0x001F, 0x007E, 0x0218, 0x019F, 0x0138, 0x021F,
    0x001F, 0x003F, 0x017F, 0x02BC, 0x0BDA, 0x13F9, 0x1BB8, 0x1B99, 0x1B9A, 0x137A, 0x139B, 0x13FD, 0x249E, 0x3D5F, 0x34FE, 0x1C1D,
    0x139C, 0x0B5B, 0x137A, 0x1379, 0x0B78, 0x0B37, 0x02B7, 0x00F2, 0x001E, 0x0053, 0x001E, 0x001F, 0x001F, 0x001F, 0x0037, 0x0032,
    0x0019, 0x001F, 0x001F, 0x001F, 0x001F, 0x001F, 0x0012, 0x0001, 0x0000, 0x0000, 0x0000, 0x0000, 0x0000, 0x0000, 0x0000, 0x0000,
    0x0000, 0x0000, 0x0000, 0x0000, 0x0000, 0x0000, 0x0000, 0x0000, 0x0000, 0x0000, 0x0000, 0x0000, 0x0000, 0x0000, 0x0000, 0x0000,
    0x001F, 0x001F, 0x001F, 0x001F, 0x001F, 0x001F, 0x001F, 0x001F, 0x001F, 0x001F, 0x001F, 0x001F, 0x001F, 0x001F, 0x001F, 0x001F,
    0x001F, 0x0009, 0x0000, 0x0007, 0x0000, 0x0000, 0x0000, 0x0000, 0x0000, 0x0000, 0x0000, 0x0000, 0x0000, 0x0000, 0x0000, 0x0000,
    0x0000, 0x0000, 0x0000, 0x0000, 0x0000, 0x0000, 0x0000, 0x0000, 0x0000, 0x0000, 0x0000, 0x0000, 0x0000, 0x0000, 0x0000, 0x0000,
    0x0000, 0x0000, 0x0000, 0x0000, 0x0000, 0x0000, 0x0000, 0x0000, 0x0000, 0x0000, 0x0000, 0x0000, 0x0000, 0x0000, 0x0000, 0x0000,
    0x0000, 0x0000, 0x0000, 0x0000, 0x0000, 0x0000, 0x0000, 0x0000, 0x0000, 0x0000, 0x0000, 0x0000, 0x0000, 0x0000, 0x0000, 0x0000,
    0x0000, 0x0000, 0x0000, 0x0000, 0x0000, 0x0000, 0x0000, 0x0000, 0x0000, 0x0000, 0x0000, 0x0000, 0x0000, 0x0000, 0x0000, 0x0000,
    0x0000, 0x0000, 0x0000, 0x0000, 0x0000, 0x0000, 0x0000, 0x0000, 0x0000, 0x0000, 0x0000, 0x0000, 0x0000, 0x0001, 0x0002, 0x0003,
    0x0005, 0x0004, 0x0005, 0x0004, 0x0006, 0x000C, 0x008E, 0x018D, 0x022B, 0x020C, 0x01AD, 0x028B, 0x028C, 0x02AC, 0x028C, 0x024D,
    0x01EE, 0x01CE, 0x018D, 0x016D, 0x014E, 0x014E, 0x016D, 0x014E, 0x014F, 0x014E, 0x016E, 0x018E, 0x01AF, 0x01CF, 0x01CF, 0x01AF,
    0x01AF, 0x01AE, 0x01CF, 0x01AE, 0x01AE, 0x01AF, 0x01AE, 0x018F, 0x018F, 0x01AF, 0x01CF, 0x01CF, 0x01AF, 0x01CF, 0x01D0, 0x01B0,
    0x01B0, 0x01D0, 0x01B0, 0x01B0, 0x01D0, 0x01D0, 0x01D0, 0x01D0, 0x01D0, 0x01D0, 0x01D0, 0x01D0, 0x01D0, 0x01D0, 0x01D1, 0x01F1,
    0x01F1, 0x01F1, 0x01F1, 0x01F1, 0x01F1, 0x01F1, 0x01F1, 0x01F1, 0x0211, 0x01F1, 0x0211, 0x0211, 0x01F1, 0x0212, 0x0212, 0x0212,
    0x0212, 0x0212, 0x0212, 0x0232, 0x0212, 0x0233, 0x0233, 0x0233, 0x0233, 0x0253, 0x0253, 0x0253, 0x0254, 0x0274, 0x0274, 0x0274,
    0x0274, 0x0274, 0x0A95, 0x0AB5, 0x0AD6, 0x0AF7, 0x1318, 0x1318, 0x1318, 0x1319, 0x1339, 0x0B39, 0x1339, 0x1359, 0x135A, 0x137A,
    0x137A, 0x137B, 0x137B, 0x137B, 0x139B, 0x139B, 0x139B, 0x139C, 0x1BBC, 0x1BBC, 0x1BDC, 0x1BFD, 0x1BFD, 0x1C1D, 0x1C1D, 0x1BFE,
    0x1BFE, 0x13FE, 0x245E, 0x3D1F, 0x5DDF, 0x7E9F, 0x6E3F, 0x3CFF, 0x1C3E, 0x13FE, 0x1C1D, 0x243D, 0x2C3D, 0x243D, 0x241D, 0x241C,
    0x241C, 0x23FB, 0x23DB, 0x23FB, 0x23FB, 0x23FA, 0x1BD9, 0x1BD9, 0x1BD8, 0x1BF8, 0x23D9, 0x2BBA, 0x2BB9, 0x2BD9, 0x23D9, 0x2399,
    0x1397, 0x0395, 0x0333, 0x0313, 0x02B4, 0x01D8, 0x017A, 0x007E, 0x001F, 0x001F, 0x001F, 0x001F, 0x001F, 0x001F, 0x001F, 0x001F,
    0x001F, 0x001F, 0x001F, 0x001F, 0x001F, 0x001F, 0x001F, 0x001F, 0x001F, 0x001F, 0x001F, 0x001F, 0x001F, 0x001F, 0x001F, 0x001F,
    0x001F, 0x001F, 0x001F, 0x001F, 0x001F, 0x001F, 0x001F, 0x001F, 0x001F, 0x001F, 0x001F, 0x001F, 0x001F, 0x001F, 0x001F, 0x001F,
    0x001F, 0x001F, 0x0018, 0x001F, 0x001F, 0x001F, 0x001F, 0x0016, 0x000C, 0x0016, 0x001F, 0x01BF, 0x00BF, 0x001F, 0x001F, 0x001F,
    0x001F, 0x001F, 0x001F, 0x001F, 0x001F, 0x003E, 0x01F8, 0x019F, 0x00F8, 0x02FF, 0x021D, 0x0B3B, 0x13F9, 0x1BF8, 0x1BB9, 0x139A,
    0x139B, 0x0B9C, 0x13DD, 0x2C9E, 0x3D3F, 0x2CBE, 0x245D, 0x1BFD, 0x0B7B, 0x137A, 0x1399, 0x1399, 0x0B57, 0x02B7, 0x0135, 0x00BC,
    0x002B, 0x0010, 0x001E, 0x0093, 0x001E, 0x001F, 0x001F, 0x001F, 0x0038, 0x0032, 0x0019, 0x001F, 0x001F, 0x001F, 0x001F, 0x0010,
    0x0000, 0x0000, 0x0000, 0x0000, 0x0000, 0x0000, 0x0000, 0x0000, 0x0000, 0x0000, 0x0000, 0x0000, 0x0000, 0x0000, 0x0000, 0x0000,
    0x0000, 0x0000, 0x0000, 0x0000, 0x0000, 0x0000, 0x0000, 0x0000, 0x0000, 0x0000, 0x001F, 0x001F, 0x001F, 0x001F, 0x001F, 0x001F,
    0x001F, 0x001F, 0x001F, 0x001F, 0x001F, 0x001F, 0x001F, 0x001F, 0x001F, 0x001F, 0x001F, 0x0009, 0x0000, 0x0007, 0x0000, 0x0000,
    0x0000, 0x0000, 0x0000, 0x0000, 0x0000, 0x0000, 0x0000, 0x0000, 0x0000, 0x0000, 0x0000, 0x0000, 0x0000, 0x0000, 0x0000, 0x0000,
    0x0000, 0x0000, 0x0000, 0x0000, 0x0000, 0x0000, 0x0000, 0x0000, 0x0000, 0x0000, 0x0000, 0x0000, 0x0000, 0x0000, 0x0000, 0x0000,
    0x0000, 0x0000, 0x0000, 0x0000, 0x0000, 0x0000, 0x0000, 0x0000, 0x0000, 0x0000, 0x0000, 0x0000, 0x0000, 0x0000, 0x0000, 0x0000,
    0x0000, 0x0000, 0x0000, 0x0000, 0x0000, 0x0000, 0x0000, 0x0000, 0x0000, 0x0000, 0x0000, 0x0000, 0x0000, 0x0000, 0x0000, 0x0000,
    0x0000, 0x0000, 0x0000, 0x0000, 0x0000, 0x0000, 0x0000, 0x0000, 0x0000, 0x0000, 0x0000, 0x0000, 0x0000, 0x0000, 0x0000, 0x0000,
    0x0000, 0x0000, 0x0000, 0x0000, 0x0000, 0x0000, 0x0000, 0x0000, 0x0000, 0x0000, 0x0000, 0x0000, 0x0000, 0x0000, 0x0000, 0x0001,
    0x0007, 0x000B, 0x002D, 0x000F, 0x000E, 0x00EE, 0x01AD, 0x018D, 0x014D, 0x020C, 0x020D, 0x024C, 0x020E, 0x020E, 0x020D, 0x01ED,
    0x01CE, 0x01AE, 0x018D, 0x014F, 0x014E, 0x014E, 0x016E, 0x018F, 0x01CF, 0x01CF, 0x01CE, 0x01CF, 0x01AF, 0x01CE, 0x01CE, 0x01CF,
    0x01CE, 0x01CE, 0x01AF, 0x018E, 0x018F, 0x018E, 0x018E, 0x018F, 0x01CF, 0x01CF, 0x01CF, 0x01AF, 0x01CF, 0x01CF, 0x01CF, 0x01AF,
    0x01B0, 0x01D0, 0x01CF, 0x01CF, 0x01CF, 0x01CF, 0x01D0, 0x01F0, 0x01D0, 0x01D0, 0x01F0, 0x01F0, 0x01F1, 0x01F1, 0x01D1, 0x01D1,
    0x01F1, 0x01F1, 0x01D1, 0x01D1, 0x01F1, 0x01F1, 0x01F1, 0x0211, 0x0211, 0x0211, 0x0211, 0x0212, 0x0212, 0x0212, 0x0212, 0x0212,
    0x0232, 0x0233, 0x0233, 0x0233, 0x0A33, 0x0A33, 0x0A53, 0x0253, 0x0253, 0x0254, 0x0254, 0x0274, 0x0A94, 0x0A95, 0x0A95, 0x0A95,
    0x0AB6, 0x0AD6, 0x0AF7, 0x0B18, 0x1339, 0x0B39, 0x1339, 0x1339, 0x1359, 0x135A, 0x135A, 0x135A, 0x135A, 0x135A, 0x135A, 0x137B,
    0x137B, 0x137B, 0x139B, 0x139B, 0x1BBC, 0x1BDC, 0x1BDC, 0x1BFD, 0x1BFD, 0x1BFD, 0x1C1D, 0x1C1E, 0x1C1E, 0x1C1E, 0x13FE, 0x247F,
    0x559F, 0x765F, 0x661F, 0x5DBF, 0x451E, 0x245E, 0x1C1E, 0x1C1D, 0x243D, 0x241D, 0x241D, 0x241C, 0x23FC, 0x23FB, 0x23FB, 0x23FB,
    0x23FB, 0x1BFB, 0x1BFA, 0x1BD9, 0x1BF9, 0x1BD9, 0x1BF9, 0x23D8, 0x23B8, 0x2BD9, 0x2BBA, 0x1BB9, 0x0B57, 0x0354, 0x0372, 0x0332,
    0x03D0, 0x02F3, 0x011B, 0x003E, 0x001F, 0x001F, 0x001F, 0x001F, 0x001F, 0x001F, 0x001F, 0x001F, 0x001F, 0x001F, 0x001F, 0x001F,
    0x001F, 0x001F, 0x001F, 0x001F, 0x001F, 0x001F, 0x001F, 0x001F, 0x001F, 0x001F, 0x001F, 0x001F, 0x001F, 0x001F, 0x001F, 0x001F,
    0x001F, 0x001F, 0x001F, 0x001F, 0x001F, 0x001F, 0x001F, 0x001F, 0x001F, 0x001F, 0x001F, 0x001F, 0x0018, 0x001F, 0x001F, 0x001F,
    0x001F, 0x0016, 0x000C, 0x0016, 0x001F, 0x01BF, 0x00BF, 0x001F, 0x001F, 0x001F, 0x001F, 0x001F, 0x001F, 0x007F, 0x015D, 0x01FC,
    0x02D9, 0x0ADC, 0x0A58, 0x1379, 0x1B99, 0x1B99, 0x137A, 0x137A, 0x139B, 0x13FC, 0x2C9E, 0x2CBE, 0x34FF, 0x34FE, 0x1BFD, 0x0B9B,
    0x137A, 0x1379, 0x139A, 0x1399, 0x0B17, 0x0237, 0x0134, 0x001C, 0x0015, 0x001F, 0x0008, 0x0010, 0x001E, 0x0093, 0x001E, 0x001F,
    0x001F, 0x001F, 0x0038, 0x0032, 0x0019, 0x001F, 0x001F, 0x001F, 0x0011, 0x0000, 0x0000, 0x0000, 0x0000, 0x0000, 0x0000, 0x0000,
    0x0000, 0x0000, 0x0000, 0x0000, 0x0000, 0x0000, 0x0000, 0x0000, 0x0000, 0x0000, 0x0000, 0x0000, 0x0000, 0x0000, 0x0000, 0x0000,
    0x0000, 0x0000, 0x0000, 0x0000, 0x001F, 0x001F, 0x001F, 0x001F, 0x001F, 0x001F, 0x001F, 0x001F, 0x001F, 0x001F, 0x001F, 0x001F,
    0x001F, 0x001F, 0x001F, 0x001F, 0x001F, 0x0009, 0x0000, 0x0007, 0x0000, 0x0000, 0x0000, 0x0000, 0x0000, 0x0000, 0x0000, 0x0000,
    0x0000, 0x0000, 0x0000, 0x0000, 0x0000, 0x0000, 0x0000, 0x0000, 0x0000, 0x0000, 0x0000, 0x0000, 0x0000, 0x0000, 0x0000, 0x0000,
    0x0000, 0x0000, 0x0000, 0x0000, 0x0000, 0x0000, 0x0000, 0x0000, 0x0000, 0x0000, 0x0000, 0x0000, 0x0000, 0x0000, 0x0000, 0x0000,
    0x0000, 0x0000, 0x0000, 0x0000, 0x0000, 0x0000, 0x0000, 0x0000, 0x0000, 0x0000, 0x0000, 0x0000, 0x0000, 0x0000, 0x0000, 0x0000,
    0x0000, 0x0000, 0x0000, 0x0000, 0x0000, 0x0000, 0x0000, 0x0000, 0x0000, 0x0000, 0x0000, 0x0000, 0x0000, 0x0000, 0x0000, 0x0000,
    0x0000, 0x0000, 0x0000, 0x0000, 0x0000, 0x0000, 0x0000, 0x0000, 0x0000, 0x0000, 0x0000, 0x0000, 0x0000, 0x0000, 0x0000, 0x0000,
    0x0000, 0x0000, 0x0000, 0x0000, 0x0000, 0x0000, 0x0000, 0x0000, 0x0000, 0x0000, 0x0000, 0x0000, 0x0003, 0x0004, 0x0005, 0x000A,
    0x000A, 0x0009, 0x000C, 0x002B, 0x004D, 0x016D, 0x022E, 0x022D, 0x022C, 0x024C, 0x022D, 0x024D, 0x022D, 0x020E, 0x01ED, 0x01ED,
    0x01AD, 0x016E, 0x014E, 0x014D, 0x014E, 0x014E, 0x012E, 0x014E, 0x014E, 0x016E, 0x014E, 0x018E, 0x01CF, 0x01CE, 0x01CE, 0x01CF,
    0x01CF, 0x01AE, 0x018F, 0x018F, 0x018E, 0x016E, 0x018E, 0x01AF, 0x01AF, 0x01AE, 0x01AE, 0x01AF, 0x01AF, 0x01AE, 0x01CF, 0x01CF,
    0x01CF, 0x01B0, 0x01B0, 0x01B0, 0x01B0, 0x01D0, 0x01F0, 0x01D0, 0x01D0, 0x01D0, 0x01D0, 0x01F0, 0x01D1, 0x01D0, 0x01D0, 0x01D0,
    0x01D1, 0x01F1, 0x0211, 0x0211, 0x01F1, 0x01F1, 0x01F1, 0x01F1, 0x0212, 0x0212, 0x0212, 0x0212, 0x0212, 0x0212, 0x0212, 0x0232,
    0x0A33, 0x0A53, 0x0A33, 0x0A33, 0x0A53, 0x0253, 0x0274, 0x0274, 0x0294, 0x0A95, 0x0A95, 0x0A95, 0x0AB5, 0x0AD6, 0x0AF7, 0x1318,
    0x1318, 0x1338, 0x1339, 0x1339, 0x1339, 0x1339, 0x1339, 0x135A, 0x135A, 0x135A, 0x135A, 0x137A, 0x137B, 0x139B, 0x13BB, 0x13BC,
    0x1BDC, 0x1BDC, 0x1BDC, 0x1BFC, 0x1BFD, 0x1C1D, 0x1C1D, 0x241D, 0x1C3D, 0x1C1E, 0x13FE, 0x13FE, 0x1C5E, 0x453F, 0x765F, 0x767F,
    0x4D9F, 0x3CFE, 0x247E, 0x13FD, 0x1C1D, 0x1C1D, 0x241D, 0x241C, 0x241C, 0x241C, 0x1BFC, 0x23FB, 0x23FB, 0x23FB, 0x23FB, 0x1BFB,
    0x1BFA, 0x1BF9, 0x1BD9, 0x1BD8, 0x1BD9, 0x23DA, 0x2BDA, 0x23B9, 0x13D8, 0x0B98, 0x0335, 0x03B2, 0x0391, 0x0218, 0x005E, 0x001F,
    0x001F, 0x001F, 0x001F, 0x001F, 0x001F, 0x001F, 0x001F, 0x001F, 0x001F, 0x001F, 0x001F, 0x001F, 0x001F, 0x001F, 0x001F, 0x001F,
    0x001F, 0x001F, 0x001F, 0x001F, 0x001F, 0x001F, 0x001F, 0x001F, 0x001F, 0x001F, 0x001F, 0x001F, 0x001F, 0x001F, 0x001F, 0x001F,
    0x001F, 0x001F, 0x001F, 0x001F, 0x001F, 0x001F, 0x0018, 0x001F, 0x001F, 0x001F, 0x001F, 0x0016, 0x000C, 0x0016, 0x001F, 0x01BF,
    0x00BF, 0x001F, 0x001F, 0x001F, 0x007F, 0x015E, 0x02BC, 0x0B1A, 0x0B97, 0x1398, 0x1B59, 0x1B99, 0x1399, 0x137A, 0x137B, 0x139C,
    0x1C1D, 0x245E, 0x2CBE, 0x351F, 0x2CBE, 0x13FD, 0x0B9C, 0x0B7B, 0x137A, 0x13B9, 0x1379, 0x1358, 0x0AD7, 0x01D4, 0x007B, 0x001E,
    0x001C, 0x001E, 0x0015, 0x001E, 0x0009, 0x0010, 0x001E, 0x0093, 0x001E, 0x001F, 0x001F, 0x001F, 0x0038, 0x0032, 0x0019, 0x001F,
    0x001C, 0x0008, 0x0000, 0x0000, 0x0000, 0x0000, 0x0000, 0x0000, 0x0000, 0x0000, 0x0000, 0x0000, 0x0000, 0x0000, 0x0000, 0x0000,
    0x0000, 0x0000, 0x0000, 0x0000, 0x0000, 0x0000, 0x0000, 0x0000, 0x0000, 0x0000, 0x0000, 0x0000, 0x0000, 0x0000, 0x001F, 0x001F,
    0x001F, 0x001F, 0x001F, 0x001F, 0x001F, 0x001F, 0x001F, 0x001F, 0x001F, 0x001F, 0x001F, 0x001F, 0x001F, 0x001F, 0x001F, 0x0009,
    0x0000, 0x0007, 0x0000, 0x0000, 0x0000, 0x0000, 0x0000, 0x0000, 0x0000, 0x0000, 0x0000, 0x0000, 0x0000, 0x0000, 0x0000, 0x0000,
    0x0000, 0x0000, 0x0000, 0x0000, 0x0000, 0x0000, 0x0000, 0x0000, 0x0000, 0x0000, 0x0000, 0x0000, 0x0000, 0x0000, 0x0000, 0x0000,
    0x0000, 0x0000, 0x0000, 0x0000, 0x0000, 0x0000, 0x0000, 0x0000, 0x0000, 0x0000, 0x0000, 0x0000, 0x0000, 0x0000, 0x0000, 0x0000,
    0x0000, 0x0000, 0x0000, 0x0000, 0x0000, 0x0000, 0x0000, 0x0000, 0x0000, 0x0000, 0x0000, 0x0000, 0x0000, 0x0000, 0x0000, 0x0000,
    0x0000, 0x0000, 0x0000, 0x0000, 0x0000, 0x0000, 0x0000, 0x0000, 0x0000, 0x0000, 0x0000, 0x0000, 0x0000, 0x0000, 0x0000, 0x0000,
    0x0000, 0x0000, 0x0000, 0x0000, 0x0000, 0x0000, 0x0000, 0x0000, 0x0000, 0x0000, 0x0000, 0x0000, 0x0000, 0x0000, 0x0000, 0x0000,
    0x0000, 0x0000, 0x0000, 0x0000, 0x0000, 0x0000, 0x0000, 0x0000, 0x0000, 0x0000, 0x0000, 0x0000, 0x0001, 0x0000, 0x0001, 0x0009,
    0x004A, 0x002C, 0x000D, 0x004A, 0x008D, 0x00EE, 0x018D, 0x014C, 0x01EC, 0x01EC, 0x020B, 0x022C, 0x024D, 0x01EE, 0x01AE, 0x01AD,
    0x018D, 0x016E, 0x016F, 0x016E, 0x016E, 0x014F, 0x014F, 0x014E, 0x012E, 0x014E, 0x016E, 0x01EF, 0x01CE, 0x01CE, 0x01CF, 0x01EF,
    0x01CE, 0x01AF, 0x018F, 0x018F, 0x018F, 0x018E, 0x018F, 0x018F, 0x018F, 0x018F, 0x01EF, 0x01CF, 0x01CF, 0x01CF, 0x01D0, 0x01D0,
    0x01D0, 0x01B0, 0x01B0, 0x01B0, 0x01B0, 0x01B0, 0x01D0, 0x01D0, 0x01D0, 0x01D0, 0x0210, 0x0211, 0x0210, 0x0211, 0x01F1, 0x01F1,
    0x01D1, 0x01F1, 0x0211, 0x0231, 0x0232, 0x0232, 0x0212, 0x0212, 0x0212, 0x0232, 0x0212, 0x0232, 0x0A53, 0x0A53, 0x0A33, 0x0A53,
    0x0A53, 0x0A74, 0x0A74, 0x0A74, 0x0A94, 0x0A94, 0x0295, 0x0A95, 0x0AB5, 0x0AB5, 0x0AD6, 0x0AD7, 0x12F8, 0x1338, 0x1339, 0x1339,
    0x1339, 0x0B39, 0x1339, 0x1359, 0x135A, 0x135A, 0x135A, 0x137A, 0x139B, 0x139B, 0x13BB, 0x1BBB, 0x1BDC, 0x1BDC, 0x1BDC, 0x1BFC,
    0x1BFD, 0x1C1D, 0x1C1D, 0x1C1D, 0x1C1D, 0x1C1D, 0x1C1E, 0x13FE, 0x141E, 0x245E, 0x34FF, 0x55DF, 0x767F, 0x661F, 0x3D3F, 0x245E,
    0x13FE, 0x13DD, 0x1BFD, 0x241D, 0x241D, 0x241C, 0x241C, 0x23FC, 0x23FB, 0x23FB, 0x23DB, 0x23DB, 0x23DB, 0x1BDA, 0x1BDA, 0x1BD9,
    0x1BD8, 0x23F9, 0x2BD9, 0x2BFA, 0x1BBA, 0x0379, 0x0397, 0x0378, 0x033E, 0x00DF, 0x001F, 0x001F, 0x001F, 0x001F, 0x001F, 0x001F,
    0x001F, 0x001F, 0x001F, 0x001F, 0x001F, 0x001F, 0x001F, 0x001F, 0x001F, 0x001F, 0x001F, 0x001F, 0x001F, 0x001F, 0x001F, 0x001F,
    0x001F, 0x001F, 0x001F, 0x001F, 0x001F, 0x001F, 0x001F, 0x001F, 0x001F, 0x001F, 0x001F, 0x001F, 0x001F, 0x001F, 0x001F, 0x001F,
    0x0018, 0x001F, 0x001F, 0x001F, 0x001F, 0x0016, 0x000C, 0x0016, 0x001F, 0x019F, 0x00DF, 0x009E, 0x01FE, 0x02BC, 0x02FA, 0x1377,
    0x1BB8, 0x1B78, 0x1B7A, 0x137A, 0x137B, 0x0B7B, 0x139C, 0x13FD, 0x2C9E, 0x3D3F, 0x3D3F, 0x247E, 0x13FD, 0x13BC, 0x0B7B, 0x137A,
    0x1379, 0x1398, 0x13B6, 0x0AF8, 0x0274, 0x01BA, 0x0053, 0x0003, 0x001B, 0x001F, 0x001F, 0x001E, 0x0015, 0x001E, 0x0009, 0x0010,
    0x001E, 0x0093, 0x001E, 0x001F, 0x001F, 0x001F, 0x0038, 0x0033, 0x0018, 0x0011, 0x0001, 0x0000, 0x0000, 0x0000, 0x0000, 0x0000,
    0x0000, 0x0000, 0x0000, 0x0000, 0x0000, 0x0000, 0x0000, 0x0000, 0x0000, 0x0000, 0x0000, 0x0000, 0x0000, 0x0000, 0x0000, 0x0000,
    0x0000, 0x0000, 0x0000, 0x0000, 0x0000, 0x0000, 0x0000, 0x0000, 0x001F, 0x001F, 0x001F, 0x001F, 0x001F, 0x001F, 0x001F, 0x001F,
    0x001F, 0x001F, 0x001F, 0x001F, 0x001F, 0x001F, 0x001F, 0x001F, 0x001F, 0x0009, 0x0000, 0x0007, 0x0000, 0x0000, 0x0000, 0x0000,
    0x0000, 0x0000, 0x0000, 0x0000, 0x0000, 0x0000, 0x0000, 0x0000, 0x0000, 0x0000, 0x0000, 0x0000, 0x0000, 0x0000, 0x0000, 0x0000,
    0x0000, 0x0000, 0x0000, 0x0000, 0x0000, 0x0000, 0x0000, 0x0000, 0x0000, 0x0000, 0x0000, 0x0000, 0x0000, 0x0000, 0x0000, 0x0000,
    0x0000, 0x0000, 0x0000, 0x0000, 0x0000, 0x0000, 0x0000, 0x0000, 0x0000, 0x0000, 0x0000, 0x0000, 0x0000, 0x0000, 0x0000, 0x0000,
    0x0000, 0x0000, 0x0000, 0x0000, 0x0000, 0x0000, 0x0000, 0x0000, 0x0000, 0x0000, 0x0000, 0x0000, 0x0000, 0x0000, 0x0000, 0x0000,
    0x0000, 0x0000, 0x0000, 0x0000, 0x0000, 0x0000, 0x0000, 0x0000, 0x0000, 0x0000, 0x0000, 0x0000, 0x0000, 0x0000, 0x0000, 0x0000,
    0x0000, 0x0000, 0x0000, 0x0000, 0x0000, 0x0000, 0x0000, 0x0000, 0x0000, 0x0000, 0x0000, 0x0000, 0x0000, 0x0000, 0x0000, 0x0000,
    0x0000, 0x0000, 0x0000, 0x0000, 0x0000, 0x0000, 0x0000, 0x0000, 0x0000, 0x0000, 0x0000, 0x0000, 0x0001, 0x0000, 0x0003, 0x0005,
    0x0005, 0x0008, 0x000A, 0x000D, 0x006E, 0x00AF, 0x014E, 0x01AE, 0x026C, 0x024D, 0x022E, 0x020E, 0x01CF, 0x01CE, 0x01CE, 0x01CE,
    0x01AE, 0x018E, 0x016E, 0x016E, 0x014E, 0x016F, 0x018E, 0x016F, 0x014F, 0x014E, 0x016E, 0x018E, 0x01CE, 0x01CF, 0x01CF, 0x01CF,
    0x01CF, 0x01CF, 0x01CF, 0x01CF, 0x01AF, 0x01AF, 0x01AF, 0x01AF, 0x01AF, 0x01AF, 0x01AF, 0x01CF, 0x01CF, 0x01CF, 0x01CF, 0x01D0,
    0x01D0, 0x01D0, 0x01D1, 0x01D0, 0x01F0, 0x01F0, 0x01D0, 0x01F0, 0x01D0, 0x01F0, 0x01F1, 0x0211, 0x0211, 0x0211, 0x01F1, 0x0211,
    0x0211, 0x0211, 0x0211, 0x0232, 0x0212, 0x0232, 0x0232, 0x0233, 0x0232, 0x0233, 0x0253, 0x0253, 0x0A53, 0x0A54, 0x0A73, 0x0A74,
    0x0A74, 0x0A94, 0x0A95, 0x0A95, 0x0AB5, 0x0AB5, 0x0AB5, 0x12D6, 0x0AF7, 0x12F8, 0x1318, 0x1338, 0x1339, 0x1339, 0x1359, 0x1359,
    0x135A, 0x137A, 0x137A, 0x139A, 0x1B9B, 0x1B9B, 0x1BBB, 0x1BBB, 0x1BDB, 0x1BDC, 0x1BDC, 0x1BFC, 0x1BFC, 0x1BFC, 0x1BFD, 0x1BFD,
    0x1C1D, 0x1C1D, 0x1C1E, 0x1C3E, 0x1C1E, 0x1C1E, 0x1C3E, 0x3CFF, 0x4D9F, 0x559F, 0x5DDF, 0x55BF, 0x34DE, 0x1C3E, 0x13FD, 0x1BFD,
    0x1C1D, 0x1C1C, 0x1C1C, 0x241C, 0x1BFB, 0x1BFB, 0x1BFB, 0x1BDB, 0x1BDB, 0x1BDB, 0x1BDA, 0x1BDA, 0x1BB9, 0x1BB9, 0x1BB9, 0x239A,
    0x1BBA, 0x1B79, 0x0398, 0x02FA, 0x021E, 0x027D, 0x025C, 0x01DA, 0x005E, 0x001F, 0x001F, 0x001F, 0x001F, 0x001F, 0x001F, 0x001F,
    0x001F, 0x001F, 0x001F, 0x001F, 0x001F, 0x001F, 0x001F, 0x001F, 0x001F, 0x001F, 0x001F, 0x001F, 0x001F, 0x001F, 0x001F, 0x001F,
    0x001F, 0x001F, 0x001F, 0x001F, 0x001F, 0x001F, 0x001F, 0x001F, 0x001F, 0x001F, 0x0017, 0x001F, 0x001F, 0x001F, 0x001F, 0x0018,
    0x00B0, 0x00D7, 0x011D, 0x029B, 0x031A, 0x0B78, 0x0BB9, 0x1398, 0x1379, 0x137A, 0x137A, 0x139B, 0x0B9C, 0x13FD, 0x2C9E, 0x3D1E,
    0x34DE, 0x2CBE, 0x2C7D, 0x1BFC, 0x139B, 0x139B, 0x139A, 0x139A, 0x1B99, 0x1397, 0x0AF9, 0x01FA, 0x017B, 0x00BD, 0x0233, 0x019B,
    0x0015, 0x0001, 0x001A, 0x001F, 0x001F, 0x001E, 0x0015, 0x001E, 0x0009, 0x0010, 0x001E, 0x0093, 0x001E, 0x001F, 0x001F, 0x001F,
    0x0038, 0x0033, 0x0003, 0x0000, 0x0000, 0x0000, 0x0000, 0x0000, 0x0000, 0x0000, 0x0000, 0x0000, 0x0000, 0x0000, 0x0000, 0x0000,
    0x0000, 0x0000, 0x0000, 0x0000, 0x0000, 0x0000, 0x0000, 0x0000, 0x0000, 0x0000, 0x0000, 0x0000, 0x0000, 0x0000, 0x0000, 0x0000,
    0x0000, 0x0000, 0x001F, 0x001F, 0x001F, 0x001F, 0x001F, 0x001F, 0x001F, 0x001F, 0x001F, 0x001F, 0x001F, 0x001F, 0x001F, 0x001F,
    0x001F, 0x001F, 0x001F, 0x0009, 0x0000, 0x0007, 0x0000, 0x0000, 0x0000, 0x0000, 0x0000, 0x0000, 0x0000, 0x0000, 0x0000, 0x0000,
    0x0000, 0x0000, 0x0000, 0x0000, 0x0000, 0x0000, 0x0000, 0x0000, 0x0000, 0x0000, 0x0000, 0x0000, 0x0000, 0x0000, 0x0000, 0x0000,
    0x0000, 0x0000, 0x0000, 0x0000, 0x0000, 0x0000, 0x0000, 0x0000, 0x0000, 0x0000, 0x0000, 0x0000, 0x0000, 0x0000, 0x0000, 0x0000,
    0x0000, 0x0000, 0x0000, 0x0000, 0x0000, 0x0000, 0x0000, 0x0000, 0x0000, 0x0000, 0x0000, 0x0000, 0x0000, 0x0000, 0x0000, 0x0000,
    0x0000, 0x0000, 0x0000, 0x0000, 0x0000, 0x0000, 0x0000, 0x0000, 0x0000, 0x0000, 0x0000, 0x0000, 0x0000, 0x0000, 0x0000, 0x0000,
    0x0000, 0x0000, 0x0000, 0x0000, 0x0000, 0x0000, 0x0000, 0x0000, 0x0000, 0x0000, 0x0000, 0x0000, 0x0000, 0x0000, 0x0000, 0x0000,
    0x0000, 0x0000, 0x0000, 0x0000, 0x0000, 0x0000, 0x0000, 0x0000, 0x0000, 0x0000, 0x0000, 0x0000, 0x0000, 0x0000, 0x0000, 0x0000,
    0x0000, 0x0000, 0x0000, 0x0000, 0x0000, 0x0000, 0x0000, 0x0000, 0x0000, 0x0000, 0x0000, 0x0004, 0x0004, 0x0005, 0x000B, 0x000E,
    0x000D, 0x000D, 0x00ED, 0x010C, 0x01AD, 0x028B, 0x026D, 0x026D, 0x024E, 0x024E, 0x024D, 0x022E, 0x020D, 0x020E, 0x01EE, 0x018E,
    0x016E, 0x016E, 0x016F, 0x014E, 0x014E, 0x012E, 0x012E, 0x014E, 0x014E, 0x014E, 0x016E, 0x014E, 0x014E, 0x018F, 0x01CF, 0x01AF,
    0x01AF, 0x01AF, 0x01AE, 0x01AF, 0x01CF, 0x01AF, 0x01AF, 0x01AF, 0x01AF, 0x018F, 0x01CF, 0x01CF, 0x01CF, 0x01AF, 0x01AF, 0x01F0,
    0x0210, 0x01F0, 0x01F0, 0x01F0, 0x01F0, 0x01F0, 0x01D0, 0x01F1, 0x01F1, 0x01F1, 0x0211, 0x0211, 0x0211, 0x0211, 0x0212, 0x0212,
    0x0232, 0x0232, 0x0232, 0x0232, 0x0232, 0x0233, 0x0253, 0x0A53, 0x0A53, 0x0A73, 0x0A74, 0x0A94, 0x0A94, 0x0A94, 0x0A94, 0x0AB5,
    0x0AB5, 0x0AB5, 0x0AB5, 0x0AD6, 0x0AD6, 0x12F7, 0x1318, 0x1318, 0x1338, 0x1339, 0x1339, 0x1359, 0x1359, 0x1379, 0x137A, 0x137A,
    0x1B9A, 0x1B9A, 0x1BBB, 0x1BBB, 0x1BBB, 0x1BDB, 0x1BDC, 0x1BDC, 0x1BDC, 0x1BDC, 0x1BFC, 0x1BFC, 0x1C1D, 0x1C1D, 0x241D, 0x241D,
    0x1C1D, 0x1BFE, 0x13FE, 0x1C1E, 0x2C9E, 0x455F, 0x661F, 0x661F, 0x455F, 0x34DE, 0x2C7E, 0x1C1D, 0x13FD, 0x1BFD, 0x1BFC, 0x1BFC,
    0x1BFC, 0x1BFC, 0x1BFC, 0x1BFB, 0x1BDB, 0x1BFB, 0x1BDB, 0x1BDB, 0x13DA, 0x1BDA, 0x1B9A, 0x239A, 0x1B99, 0x1377, 0x0B98, 0x0B78,
    0x0399, 0x03BB, 0x021E, 0x005F, 0x001F, 0x001F, 0x001F, 0x001F, 0x001F, 0x001F, 0x001F, 0x001F, 0x001F, 0x001F, 0x001F, 0x001F,
    0x001F, 0x001F, 0x001F, 0x001F, 0x001F, 0x001F, 0x001F, 0x001F, 0x001F, 0x001F, 0x001F, 0x001F, 0x001F, 0x001F, 0x001F, 0x001F,
    0x001F, 0x001F, 0x001F, 0x005F, 0x0099, 0x009D, 0x011E, 0x019C, 0x023A, 0x0299, 0x037A, 0x0B38, 0x0B78, 0x1398, 0x1399, 0x139A,
    0x137A, 0x137B, 0x13BC, 0x1C1D, 0x1C5D, 0x1C5E, 0x2CDE, 0x3D1F, 0x34DF, 0x1C3E, 0x0BBC, 0x0B7C, 0x137A, 0x139A, 0x1B99, 0x1B79,
    0x1B78, 0x1396, 0x0AD9, 0x0279, 0x0237, 0x001F, 0x001F, 0x005E, 0x0252, 0x019B, 0x0015, 0x0002, 0x001A, 0x001F, 0x001F, 0x001E,
    0x0015, 0x001E, 0x0009, 0x0010, 0x001E, 0x0093, 0x001E, 0x001F, 0x001F, 0x001F, 0x0038, 0x0032, 0x0000, 0x0000, 0x0000, 0x0000,
    0x0000, 0x0000, 0x0000, 0x0000, 0x0000, 0x0000, 0x0000, 0x0000, 0x0000, 0x0000, 0x0000, 0x0000, 0x0000, 0x0000, 0x0000, 0x0000,
    0x0000, 0x0000, 0x0000, 0x0000, 0x0000, 0x0000, 0x0000, 0x0000, 0x0000, 0x0000, 0x0000, 0x0000, 0x001F, 0x001F, 0x001F, 0x001F,
    0x001F, 0x001F, 0x001F, 0x001F, 0x001F, 0x001F, 0x001F, 0x001F, 0x001F, 0x001F, 0x001F, 0x001F, 0x001F, 0x0009, 0x0000, 0x0007,
    0x0000, 0x0000, 0x0000, 0x0000, 0x0000, 0x0000, 0x0000, 0x0000, 0x0000, 0x0000, 0x0000, 0x0000, 0x0000, 0x0000, 0x0000, 0x0000,
    0x0000, 0x0000, 0x0000, 0x0000, 0x0000, 0x0000, 0x0000, 0x0000, 0x0000, 0x0000, 0x0000, 0x0000, 0x0000, 0x0000, 0x0000, 0x0000,
    0x0000, 0x0000, 0x0000, 0x0000, 0x0000, 0x0000, 0x0000, 0x0000, 0x0000, 0x0000, 0x0000, 0x0000, 0x0000, 0x0000, 0x0000, 0x0000,
    0x0000, 0x0000, 0x0000, 0x0000, 0x0000, 0x0000, 0x0000, 0x0000, 0x0000, 0x0000, 0x0000, 0x0000, 0x0000, 0x0000, 0x0000, 0x0000,
    0x0000, 0x0000, 0x0000, 0x0000, 0x0000, 0x0000, 0x0000, 0x0000, 0x0000, 0x0000, 0x0000, 0x0000, 0x0000, 0x0000, 0x0000, 0x0000,
    0x0000, 0x0000, 0x0000, 0x0000, 0x0000, 0x0000, 0x0000, 0x0000, 0x0000, 0x0000, 0x0000, 0x0000, 0x0000, 0x0000, 0x0000, 0x0000,
    0x0000, 0x0000, 0x0000, 0x0000, 0x0000, 0x0000, 0x0000, 0x0000, 0x0000, 0x0000, 0x0000, 0x0000, 0x0000, 0x0000, 0x0000, 0x0000,
    0x0000, 0x0000, 0x0000, 0x0000, 0x0000, 0x0000, 0x0000, 0x0000, 0x0005, 0x0003, 0x0001, 0x0001, 0x0003, 0x0003, 0x0008, 0x0069,
    0x00AC, 0x012E, 0x018D, 0x024C, 0x01AD, 0x022C, 0x020C, 0x01ED, 0x022C, 0x024D, 0x022E, 0x022D, 0x022E, 0x020E, 0x01EE, 0x01EE,
    0x01CF, 0x018E, 0x01AE, 0x018E, 0x018D, 0x018E, 0x016E, 0x014E, 0x014E, 0x014E, 0x016E, 0x016E, 0x014E, 0x014E, 0x016E, 0x018F,
    0x018F, 0x01AE, 0x01AE, 0x01AF, 0x01AF, 0x01AF, 0x01AF, 0x01AE, 0x01AF, 0x01AF, 0x01AF, 0x01AF, 0x01B0, 0x01D0, 0x01F0, 0x01F0,
    0x01F0, 0x0210, 0x0210, 0x0210, 0x0210, 0x01F0, 0x01F1, 0x0211, 0x0211, 0x0231, 0x0231, 0x0231, 0x0231, 0x0232, 0x0232, 0x0232,
    0x0232, 0x0232, 0x0252, 0x0252, 0x0273, 0x0273, 0x0A73, 0x0A73, 0x0A93, 0x0A94, 0x0A94, 0x0AB4, 0x0AB5, 0x0AB5, 0x0AB5, 0x0AD5,
    0x0AD5, 0x0AD6, 0x0AF6, 0x0AF7, 0x0B18, 0x1338, 0x1358, 0x1359, 0x1379, 0x1379, 0x1379, 0x1B9A, 0x139A, 0x1B9A, 0x1B9B, 0x1B9B,
    0x1BBB, 0x1BBB, 0x1BBB, 0x1BDC, 0x1BDB, 0x1BDC, 0x1BDC, 0x1BFC, 0x1BFC, 0x1C1D, 0x1C1D, 0x241D, 0x243D, 0x1C3D, 0x1C1D, 0x13FE,
    0x13DE, 0x1C1E, 0x2C7E, 0x3D1F, 0x5DDF, 0x6E3F, 0x55DF, 0x3D1E, 0x2C7E, 0x1C3D, 0x13DD, 0x0BBD, 0x13DD, 0x13DC, 0x1BFC, 0x1BFC,
    0x1C1C, 0x1BFC, 0x1BFC, 0x1BFB, 0x1BDB, 0x1BDA, 0x1BDA, 0x1BBA, 0x1BBA, 0x239A, 0x1B99, 0x13B8, 0x0B58, 0x031B, 0x023D, 0x01DE,
    0x007F, 0x001F, 0x005F, 0x001F, 0x001F, 0x001F, 0x001F, 0x001F, 0x001F, 0x001F, 0x001F, 0x001F, 0x001F, 0x001F, 0x001F, 0x001F,
    0x001F, 0x001F, 0x001F, 0x001F, 0x001F, 0x003F, 0x003F, 0x003F, 0x00BE, 0x017D, 0x01BA, 0x01D9, 0x0A99, 0x0B18, 0x0B39, 0x0B79,
    0x1398, 0x1399, 0x13B9, 0x13B9, 0x139A, 0x0B9A, 0x0B7B, 0x0B9B, 0x13BC, 0x13DC, 0x1C1D, 0x2C9E, 0x3D1F, 0x3D3F, 0x249E, 0x1C1D,
    0x13DD, 0x139C, 0x0B5B, 0x137A, 0x1399, 0x1399, 0x1B99, 0x1BD7, 0x1B77, 0x1376, 0x0315, 0x01F8, 0x003F, 0x00FC, 0x01F8, 0x001F,
    0x001F, 0x007E, 0x0252, 0x019B, 0x0015, 0x0002, 0x001A, 0x001F, 0x001F, 0x001E, 0x0015, 0x001E, 0x0009, 0x0010, 0x001E, 0x0093,
    0x001E, 0x001F, 0x001F, 0x001F, 0x0038, 0x0032, 0x0000, 0x0000, 0x0000, 0x0000, 0x0000, 0x0000, 0x0000, 0x0000, 0x0000, 0x0000,
    0x0000, 0x0000, 0x0000, 0x0000, 0x0000, 0x0000, 0x0000, 0x0000, 0x0000, 0x0000, 0x0000, 0x0000, 0x0000, 0x0000, 0x0000, 0x0000,
    0x0000, 0x0000, 0x0000, 0x0000, 0x0000, 0x0000, 0x001F, 0x001F, 0x001F, 0x001F, 0x001F, 0x001F, 0x001F, 0x001F, 0x001F, 0x001F,
    0x001F, 0x001F, 0x001F, 0x001F, 0x001F, 0x001F, 0x001F, 0x0009, 0x0000, 0x0007, 0x0000, 0x0000, 0x0000, 0x0000, 0x0000, 0x0000,
    0x0000, 0x0000, 0x0000, 0x0000, 0x0000, 0x0000, 0x0000, 0x0000, 0x0000, 0x0000, 0x0000, 0x0000, 0x0000, 0x0000, 0x0000, 0x0000,
    0x0000, 0x0000, 0x0000, 0x0000, 0x0000, 0x0000, 0x0000, 0x0000, 0x0000, 0x0000, 0x0000, 0x0000, 0x0000, 0x0000, 0x0000, 0x0000,
    0x0000, 0x0000, 0x0000, 0x0000, 0x0000, 0x0000, 0x0000, 0x0000, 0x0000, 0x0000, 0x0000, 0x0000, 0x0000, 0x0000, 0x0000, 0x0000,
    0x0000, 0x0000, 0x0000, 0x0000, 0x0000, 0x0000, 0x0000, 0x0000, 0x0000, 0x0000, 0x0000, 0x0000, 0x0000, 0x0000, 0x0000, 0x0000,
    0x0000, 0x0000, 0x0000, 0x0000, 0x0000, 0x0000, 0x0000, 0x0000, 0x0000, 0x0000, 0x0000, 0x0000, 0x0000, 0x0000, 0x0000, 0x0000,
    0x0000, 0x0000, 0x0000, 0x0000, 0x0000, 0x0000, 0x0000, 0x0000, 0x0000, 0x0000, 0x0000, 0x0000, 0x0000, 0x0000, 0x0000, 0x0000,
    0x0000, 0x0000, 0x0000, 0x0000, 0x0000, 0x0000, 0x0000, 0x0000, 0x0000, 0x0000, 0x0000, 0x0000, 0x0000, 0x0000, 0x0000, 0x0000,
    0x0000, 0x0000, 0x0000, 0x0000, 0x0000, 0x0000, 0x0000, 0x0000, 0x0000, 0x0000, 0x0002, 0x0009, 0x0009, 0x000A, 0x000C, 0x000B,
    0x000A, 0x000A, 0x0029, 0x0049, 0x008C, 0x00AC, 0x00AD, 0x00CF, 0x00EF, 0x00CF, 0x020D, 0x026C, 0x026D, 0x028C, 0x026C, 0x026C,
    0x024D, 0x020E, 0x01CE, 0x01AE, 0x018E, 0x018E, 0x01AF, 0x01AE, 0x016E, 0x018E, 0x016D, 0x014E, 0x014F, 0x014F, 0x016F, 0x016E,
    0x018E, 0x01AE, 0x01CF, 0x01CE, 0x01CE, 0x01EF, 0x01EF, 0x01CF, 0x01AE, 0x01CF, 0x01AE, 0x01AF, 0x01AF, 0x01B0, 0x01D1, 0x01D1,
    0x01D1, 0x01F1, 0x01F0, 0x01F1, 0x01F1, 0x0210, 0x0211, 0x0211, 0x0211, 0x0231, 0x0212, 0x0212, 0x0232, 0x0232, 0x0252, 0x0252,
    0x0252, 0x0A53, 0x0A73, 0x0A73, 0x0A94, 0x1294, 0x1294, 0x0A94, 0x0AB4, 0x0AB5, 0x0AD5, 0x0AD5, 0x0AD5, 0x0AF6, 0x0AF6, 0x0AF6,
    0x1317, 0x1338, 0x1359, 0x1359, 0x1359, 0x137A, 0x137A, 0x137A, 0x137A, 0x139A, 0x139A, 0x139A, 0x139A, 0x13BB, 0x1BBB, 0x1BBB,
    0x1BDB, 0x1BDB, 0x1BDC, 0x1BFC, 0x1BFC, 0x1BFC, 0x1BFD, 0x1C1D, 0x1BFD, 0x1C1D, 0x1BFD, 0x1C1D, 0x1C1D, 0x1BFD, 0x141E, 0x245E,
    0x2CBE, 0x34DF, 0x3D1F, 0x55BF, 0x5DFF, 0x55BF, 0x451E, 0x2C7E, 0x1C1E, 0x1BFE, 0x13FD, 0x13DD, 0x13DD, 0x13DC, 0x1BFC, 0x1BFC,
    0x1BFB, 0x1BFB, 0x1BFB, 0x1BBA, 0x1BBA, 0x1BDA, 0x1BDA, 0x13B9, 0x13DA, 0x0BF9, 0x033A, 0x02BA, 0x031A, 0x023B, 0x021C, 0x023C,
    0x017C, 0x00FC, 0x00DC, 0x017C, 0x01FD, 0x013B, 0x00FA, 0x013B, 0x00DC, 0x00DD, 0x00FB, 0x01FC, 0x021C, 0x027B, 0x02BB, 0x02FA,
    0x031A, 0x0B19, 0x1359, 0x13B9, 0x13B8, 0x13B8, 0x13B9, 0x13BA, 0x139A, 0x139A, 0x0B9A, 0x0B9B, 0x0B9B, 0x0BBC, 0x13FD, 0x245E,
    0x2CBE, 0x3D1E, 0x351F, 0x249E, 0x1C5E, 0x243D, 0x13DC, 0x0B7B, 0x0B7B, 0x137A, 0x139A, 0x1B79, 0x1BB9, 0x13D8, 0x0BB8, 0x0B98,
    0x0376, 0x01FA, 0x00FD, 0x00DD, 0x003F, 0x001F, 0x001F, 0x001F, 0x003F, 0x001F, 0x001F, 0x007E, 0x0252, 0x019B, 0x0015, 0x0002,
    0x001A, 0x001F, 0x001F, 0x001E, 0x0015, 0x001E, 0x0009, 0x0010, 0x001E, 0x0093, 0x001E, 0x001F, 0x001F, 0x001F, 0x0038, 0x0032,
    0x0000, 0x0000, 0x0000, 0x0000, 0x0000, 0x0000, 0x0000, 0x0000, 0x0000, 0x0000, 0x0000, 0x0000, 0x0000, 0x0000, 0x0000, 0x0000,
    0x0000, 0x0000, 0x0000, 0x0000, 0x0000, 0x0000, 0x0000, 0x0000, 0x0000, 0x0000, 0x0000, 0x0000, 0x0000, 0x0000, 0x0000, 0x0000,
    0x001F, 0x001F, 0x001F, 0x001F, 0x001F, 0x001F, 0x001F, 0x001F, 0x001F, 0x001F, 0x001F, 0x001F, 0x001F, 0x001F, 0x001F, 0x001F,
    0x001F, 0x0009, 0x0000, 0x0007, 0x0000, 0x0000, 0x0000, 0x0000, 0x0000, 0x0000, 0x0000, 0x0000, 0x0000, 0x0000, 0x0000, 0x0000,
    0x0000, 0x0000, 0x0000, 0x0000, 0x0000, 0x0000, 0x0000, 0x0000, 0x0000, 0x0000, 0x0000, 0x0000, 0x0000, 0x0000, 0x0000, 0x0000,
    0x0000, 0x0000, 0x0000, 0x0000, 0x0000, 0x0000, 0x0000, 0x0000, 0x0000, 0x0000, 0x0000, 0x0000, 0x0000, 0x0000, 0x0000, 0x0000,
    0x0000, 0x0000, 0x0000, 0x0000, 0x0000, 0x0000, 0x0000, 0x0000, 0x0000, 0x0000, 0x0000, 0x0000, 0x0000, 0x0000, 0x0000, 0x0000,
    0x0000, 0x0000, 0x0000, 0x0000, 0x0000, 0x0000, 0x0000, 0x0000, 0x0000, 0x0000, 0x0000, 0x0000, 0x0000, 0x0000, 0x0000, 0x0000,
    0x0000, 0x0000, 0x0000, 0x0000, 0x0000, 0x0000, 0x0000, 0x0000, 0x0000, 0x0000, 0x0000, 0x0000, 0x0000, 0x0000, 0x0000, 0x0000,
    0x0000, 0x0000, 0x0000, 0x0000, 0x0000, 0x0000, 0x0000, 0x0000, 0x0000, 0x0000, 0x0000, 0x0000, 0x0000, 0x0000, 0x0000, 0x0000,
    0x0000, 0x0000, 0x0000, 0x0000, 0x0000, 0x0000, 0x0000, 0x0000, 0x0000, 0x0000, 0x0000, 0x0000, 0x0000, 0x0000, 0x0000, 0x0000,
    0x0000, 0x0000, 0x0000, 0x0000, 0x0000, 0x0000, 0x0000, 0x0000, 0x0002, 0x0000, 0x0001, 0x0001, 0x0000, 0x0000, 0x0001, 0x0001,
    0x0003, 0x0009, 0x000A, 0x000A, 0x004C, 0x00AC, 0x00EC, 0x010D, 0x012E, 0x016D, 0x01EC, 0x026B, 0x024D, 0x022D, 0x024D, 0x026D,
    0x026C, 0x026D, 0x024D, 0x022E, 0x01EE, 0x01AE, 0x018D, 0x016E, 0x016E, 0x014E, 0x014E, 0x014E, 0x012E, 0x012E, 0x012E, 0x014E,
    0x018E, 0x01EE, 0x020F, 0x020E, 0x020F, 0x01EF, 0x01EF, 0x01EF, 0x020F, 0x020F, 0x020F, 0x01F0, 0x01D0, 0x01D0, 0x01D0, 0x01D0,
    0x01D0, 0x01F0, 0x01F0, 0x0210, 0x0211, 0x0231, 0x0211, 0x0231, 0x0232, 0x0252, 0x0252, 0x0232, 0x0232, 0x0252, 0x0253, 0x0273,
    0x0A73, 0x0A93, 0x1293, 0x1294, 0x12B4, 0x0AB5, 0x0AB5, 0x12D5, 0x12D5, 0x0AD5, 0x0AF5, 0x0AF6, 0x12F6, 0x1337, 0x1338, 0x1338,
    0x1359, 0x1359, 0x1359, 0x1359, 0x1379, 0x1379, 0x137A, 0x137A, 0x139A, 0x1BBA, 0x1BBB, 0x1BBB, 0x1BDB, 0x1BDB, 0x1BDB, 0x1BDB,
    0x1BDC, 0x1BFC, 0x1BFC, 0x1BFC, 0x1BFC, 0x1BFD, 0x241D, 0x241D, 0x1C1D, 0x1BFD, 0x13FD, 0x13DD, 0x13DE, 0x13FE, 0x245E, 0x3CFE,
    0x559F, 0x5DBF, 0x4D7F, 0x3D3F, 0x3D1F, 0x453F, 0x34FE, 0x247E, 0x1C1D, 0x13FD, 0x13DD, 0x13DD, 0x13DC, 0x13BC, 0x13BB, 0x13BB,
    0x13BB, 0x13BB, 0x13BB, 0x13BB, 0x13DA, 0x13DA, 0x13BA, 0x13DA, 0x13D9, 0x13F9, 0x13D9, 0x13BA, 0x13D9, 0x13D9, 0x13D9, 0x13B9,
    0x1378, 0x1399, 0x1379, 0x0B99, 0x1399, 0x0BB9, 0x0BB9, 0x1399, 0x1399, 0x139A, 0x139A, 0x139A, 0x139A, 0x139B, 0x139B, 0x0B9C,
    0x0BBC, 0x13DD, 0x1C3D, 0x247D, 0x2C9E, 0x2C9E, 0x249E, 0x2CBE, 0x34DE, 0x34BE, 0x245D, 0x1BFC, 0x139C, 0x0B9B, 0x137B, 0x137A,
    0x137A, 0x1B79, 0x1B79, 0x1BB8, 0x13B6, 0x13B8, 0x039B, 0x023C, 0x015E, 0x005F, 0x001F, 0x001F, 0x001F, 0x001F, 0x001F, 0x001F,
    0x001F, 0x001F, 0x001F, 0x001F, 0x001F, 0x007E, 0x0252, 0x019B, 0x0015, 0x0002, 0x001A, 0x001F, 0x001F, 0x001E, 0x0015, 0x001E,
    0x0009, 0x0010, 0x001E, 0x0093, 0x001E, 0x001F, 0x001F, 0x001F, 0x0038, 0x0032, 0x0000, 0x0000, 0x0000, 0x0000, 0x0000, 0x0000,
    0x0000, 0x0000, 0x0000, 0x0000, 0x0000, 0x0000, 0x0000, 0x0000, 0x0000, 0x0000, 0x0000, 0x0000, 0x0000, 0x0000, 0x0000, 0x0000,
    0x0000, 0x0000, 0x0000, 0x0000, 0x0000, 0x0000, 0x0000, 0x0000, 0x0000, 0x0000, 0x001F, 0x001F, 0x001F, 0x001F, 0x001F, 0x001F,
    0x001F, 0x001F, 0x001F, 0x001F, 0x001F, 0x001F, 0x001F, 0x001F, 0x001F, 0x001F, 0x001F, 0x0009, 0x0000, 0x0007, 0x0000, 0x0000,
    0x0000, 0x0000, 0x0000, 0x0000, 0x0000, 0x0000, 0x0000, 0x0000, 0x0000, 0x0000, 0x0000, 0x0000, 0x0000, 0x0000, 0x0000, 0x0000,
    0x0000, 0x0000, 0x0000, 0x0000, 0x0000, 0x0000, 0x0000, 0x0000, 0x0000, 0x0000, 0x0000, 0x0000, 0x0000, 0x0000, 0x0000, 0x0000,
    0x0000, 0x0000, 0x0000, 0x0000, 0x0000, 0x0000, 0x0000, 0x0000, 0x0000, 0x0000, 0x0000, 0x0000, 0x0000, 0x0000, 0x0000, 0x0000,
    0x0000, 0x0000, 0x0000, 0x0000, 0x0000, 0x0000, 0x0000, 0x0000, 0x0000, 0x0000, 0x0000, 0x0000, 0x0000, 0x0000, 0x0000, 0x0000,
    0x0000, 0x0000, 0x0000, 0x0000, 0x0000, 0x0000, 0x0000, 0x0000, 0x0000, 0x0000, 0x0000, 0x0000, 0x0000, 0x0000, 0x0000, 0x0000,
    0x0000, 0x0000, 0x0000, 0x0000, 0x0000, 0x0000, 0x0000, 0x0000, 0x0000, 0x0000, 0x0000, 0x0000, 0x0000, 0x0000, 0x0000, 0x0000,
    0x0000, 0x0000, 0x0000, 0x0000, 0x0000, 0x0000, 0x0000, 0x0000, 0x0000, 0x0000, 0x0000, 0x0000, 0x0000, 0x0000, 0x0000, 0x0000,
    0x0000, 0x0000, 0x0000, 0x0000, 0x0000, 0x0000, 0x0000, 0x0000, 0x0000, 0x0000, 0x0000, 0x0000, 0x0000, 0x0000, 0x0000, 0x0000,
    0x0000, 0x0000, 0x0000, 0x0000, 0x0000, 0x0000, 0x0000, 0x0000, 0x0000, 0x0000, 0x0000, 0x0000, 0x0000, 0x0000, 0x0001, 0x0003,
    0x0003, 0x0004, 0x0009, 0x000A, 0x000D, 0x004D, 0x006D, 0x008E, 0x00AE, 0x012E, 0x012D, 0x010D, 0x012E, 0x01AD, 0x024D, 0x024D,
    0x020E, 0x020D, 0x020D, 0x01ED, 0x01ED, 0x01ED, 0x01AE, 0x016F, 0x018E, 0x018E, 0x016E, 0x018E, 0x018E, 0x01AE, 0x01AE, 0x01AE,
    0x01CE, 0x01AE, 0x018E, 0x018E, 0x01AE, 0x01EE, 0x01EE, 0x020E, 0x020F, 0x0210, 0x01F0, 0x01F0, 0x01F0, 0x01F0, 0x01F1, 0x0210,
    0x0210, 0x0210, 0x0211, 0x0231, 0x0232, 0x0231, 0x0232, 0x0232, 0x0232, 0x0232, 0x0252, 0x0253, 0x0A73, 0x0A73, 0x1273, 0x1294,
    0x1294, 0x1294, 0x12B4, 0x1295, 0x12B5, 0x12D5, 0x12F5, 0x12F5, 0x0AF6, 0x12F6, 0x12F6, 0x1317, 0x1338, 0x1338, 0x1338, 0x1358,
    0x1379, 0x1379, 0x1379, 0x1399, 0x1B9A, 0x1B9A, 0x1BBA, 0x1BBA, 0x1BBA, 0x1B9A, 0x1BBB, 0x1BDB, 0x1BDB, 0x1BDB, 0x1BDB, 0x1BDB,
    0x1BDC, 0x1BDC, 0x1BFC, 0x1BFC, 0x1BFC, 0x1C1D, 0x1BFC, 0x1BFD, 0x1BFD, 0x13DD, 0x13BD, 0x13BD, 0x13DD, 0x1C1E, 0x247E, 0x3CFF,
    0x4D7F, 0x55BF, 0x55BF, 0x457F, 0x3D1F, 0x2CBF, 0x2C9E, 0x2C9E, 0x2C7E, 0x247E, 0x243D, 0x1C1D, 0x1BFD, 0x13DC, 0x13BC, 0x0BBC,
    0x0B9C, 0x0B9C, 0x0B9B, 0x0B9B, 0x139B, 0x0B9B, 0x0B9C, 0x0B7B, 0x0B7B, 0x0B7C, 0x0B9B, 0x0B7B, 0x0B7B, 0x0B7B, 0x0B9C, 0x139C,
    0x0BBC, 0x13BC, 0x13DC, 0x1BFC, 0x1C1C, 0x1C1D, 0x1C3D, 0x1C3E, 0x245E, 0x2C9E, 0x34FF, 0x3D3F, 0x3D1F, 0x2CBE, 0x247E, 0x1C1D,
    0x13DD, 0x139C, 0x0B7B, 0x0B5A, 0x135A, 0x1359, 0x1B79, 0x1B79, 0x1398, 0x1397, 0x13B7, 0x0BB7, 0x0B58, 0x02F7, 0x01F9, 0x00DD,
    0x003F, 0x001F, 0x001F, 0x001F, 0x001F, 0x001F, 0x001F, 0x001F, 0x001F, 0x001F, 0x001F, 0x001F, 0x001F, 0x001F, 0x001F, 0x007E,
    0x0252, 0x019B, 0x0015, 0x0002, 0x001A, 0x001F, 0x001F, 0x001E, 0x0015, 0x001E, 0x0009, 0x0010, 0x001E, 0x0093, 0x001E, 0x001F,
    0x001F, 0x001F, 0x0038, 0x0032, 0x0000, 0x0000, 0x0000, 0x0000, 0x0000, 0x0000, 0x0000, 0x0000, 0x0000, 0x0000, 0x0000, 0x0000,
    0x0000, 0x0000, 0x0000, 0x0000, 0x0000, 0x0000, 0x0000, 0x0000, 0x0000, 0x0000, 0x0000, 0x0000, 0x0000, 0x0000, 0x0000, 0x0000,
    0x0000, 0x0000, 0x0000, 0x0000, 0x001F, 0x001F, 0x001F, 0x001F, 0x001F, 0x001F, 0x001F, 0x001F, 0x001F, 0x001F, 0x001F, 0x001F,
    0x001F, 0x001F, 0x001F, 0x001F, 0x001F, 0x0009, 0x0000, 0x0007, 0x0000, 0x0000, 0x0000, 0x0000, 0x0000, 0x0000, 0x0000, 0x0000,
    0x0000, 0x0000, 0x0000, 0x0000, 0x0000, 0x0000, 0x0000, 0x0000, 0x0000, 0x0000, 0x0000, 0x0000, 0x0000, 0x0000, 0x0000, 0x0000,
    0x0000, 0x0000, 0x0000, 0x0000, 0x0000, 0x0000, 0x0000, 0x0000, 0x0000, 0x0000, 0x0000, 0x0000, 0x0000, 0x0000, 0x0000, 0x0000,
    0x0000, 0x0000, 0x0000, 0x0000, 0x0000, 0x0000, 0x0000, 0x0000, 0x0000, 0x0000, 0x0000, 0x0000, 0x0000, 0x0000, 0x0000, 0x0000,
    0x0000, 0x0000, 0x0000, 0x0000, 0x0000, 0x0000, 0x0000, 0x0000, 0x0000, 0x0000, 0x0000, 0x0000, 0x0000, 0x0000, 0x0000, 0x0000,
    0x0000, 0x0000, 0x0000, 0x0000, 0x0000, 0x0000, 0x0000, 0x0000, 0x0000, 0x0000, 0x0000, 0x0000, 0x0000, 0x0000, 0x0000, 0x0000,
    0x0000, 0x0000, 0x0000, 0x0000, 0x0000, 0x0000, 0x0000, 0x0000, 0x0000, 0x0000, 0x0000, 0x0000, 0x0000, 0x0000, 0x0000, 0x0000,
    0x0000, 0x0000, 0x0000, 0x0000, 0x0000, 0x0000, 0x0000, 0x0000, 0x0000, 0x0000, 0x0000, 0x0000, 0x0000, 0x0000, 0x0000, 0x0000,
    0x0000, 0x0000, 0x0000, 0x0000, 0x0000, 0x0000, 0x0000, 0x0000, 0x0000, 0x0000, 0x0000, 0x0000, 0x0000, 0x0000, 0x0000, 0x0000,
    0x0000, 0x0000, 0x0000, 0x0000, 0x0000, 0x0000, 0x0000, 0x0000, 0x0000, 0x0000, 0x0000, 0x0000, 0x0000, 0x0000, 0x0000, 0x0000,
    0x0003, 0x0006, 0x0005, 0x0005, 0x0005, 0x0004, 0x0005, 0x000A, 0x004C, 0x008B, 0x00ED, 0x01CD, 0x01CD, 0x01AD, 0x01CD, 0x020D,
    0x020E, 0x024D, 0x026D, 0x024D, 0x026C, 0x024C, 0x022D, 0x024D, 0x022D, 0x01CE, 0x01CE, 0x01CE, 0x01EE, 0x020E, 0x01CE, 0x01AE,
    0x01AE, 0x018E, 0x016E, 0x016E, 0x016E, 0x018F, 0x018F, 0x01CF, 0x01F1, 0x0211, 0x01F1, 0x01F1, 0x01F1, 0x0211, 0x0231, 0x0211,
    0x01F1, 0x0211, 0x01F1, 0x0211, 0x0251, 0x0272, 0x0272, 0x0273, 0x0273, 0x0253, 0x0273, 0x0293, 0x0274, 0x0294, 0x0AB4, 0x12B4,
    0x12B5, 0x1AD5, 0x1AD5, 0x1AD6, 0x1AF5, 0x1AF6, 0x1B16, 0x1317, 0x1317, 0x1317, 0x1317, 0x1B38, 0x1358, 0x1B58, 0x1378, 0x1379,
    0x1379, 0x139A, 0x139A, 0x139A, 0x1BBA, 0x1BBA, 0x1BBA, 0x1BBA, 0x1BBA, 0x1BBA, 0x1BBB, 0x1BDB, 0x1BDB, 0x1BDB, 0x1BDC, 0x1BDC,
    0x1BDC, 0x1BDC, 0x1BDC, 0x1BDC, 0x1BDC, 0x1BDC, 0x1BDC, 0x1BFD, 0x1BFD, 0x13DD, 0x13DD, 0x13FD, 0x13FE, 0x1C1E, 0x1C3E, 0x245E,
    0x247E, 0x2CBF, 0x3D1F, 0x455F, 0x457F, 0x459F, 0x4DBF, 0x4DBF, 0x4D9F, 0x4D9F, 0x4D7F, 0x455F, 0x455E, 0x3D3E, 0x3D1E, 0x3D1E,
    0x3D1E, 0x3D1E, 0x3D1E, 0x3D1E, 0x351E, 0x351E, 0x3D1E, 0x3D3F, 0x3D3F, 0x3D3F, 0x3D3F, 0x351F, 0x351F, 0x3D1F, 0x34FF, 0x249E,
    0x1C5E, 0x1C3E, 0x1BFD, 0x1BFD, 0x13DC, 0x13BC, 0x139B, 0x0B7B, 0x137B, 0x137A, 0x137A, 0x1359, 0x1359, 0x1358, 0x13B8, 0x0BB8,
    0x0B56, 0x0378, 0x02BC, 0x01FB, 0x015C, 0x00BD, 0x003F, 0x001F, 0x001F, 0x001F, 0x001F, 0x001F, 0x001F, 0x001F, 0x001F, 0x001F,
    0x001F, 0x001F, 0x001F, 0x001F, 0x001F, 0x001F, 0x001F, 0x001F, 0x001F, 0x007E, 0x0252, 0x019B, 0x0015, 0x0002, 0x001A, 0x001F,
    0x001F, 0x001E, 0x0015, 0x001E, 0x0009, 0x0010, 0x001E, 0x0093, 0x001E, 0x001F, 0x001F, 0x001F, 0x0038, 0x0032, 0x0000, 0x0000,
    0x0000, 0x0000, 0x0000, 0x0000, 0x0000, 0x0000, 0x0000, 0x0000, 0x0000, 0x0000, 0x0000, 0x0000, 0x0000, 0x0000, 0x0000, 0x0000,
    0x0000, 0x0000, 0x0000, 0x0000, 0x0000, 0x0000, 0x0000, 0x0000, 0x0000, 0x0000, 0x0000, 0x0000, 0x0000, 0x0000, 0x001F, 0x001F,
    0x001F, 0x001F, 0x001F, 0x001F, 0x001F, 0x001F, 0x001F, 0x001F, 0x001F, 0x001F, 0x001F, 0x001F, 0x001F, 0x001F, 0x001F, 0x0009,
    0x0000, 0x0007, 0x0000, 0x0000, 0x0000, 0x0000, 0x0000, 0x0000, 0x0000, 0x0000, 0x0000, 0x0000, 0x0000, 0x0000, 0x0000, 0x0000,
    0x0000, 0x0000, 0x0000, 0x0000, 0x0000, 0x0000, 0x0000, 0x0000, 0x0000, 0x0000, 0x0000, 0x0000, 0x0000, 0x0000, 0x0000, 0x0000,
    0x0000, 0x0000, 0x0000, 0x0000, 0x0000, 0x0000, 0x0000, 0x0000, 0x0000, 0x0000, 0x0000, 0x0000, 0x0000, 0x0000, 0x0000, 0x0000,
    0x0000, 0x0000, 0x0000, 0x0000, 0x0000, 0x0000, 0x0000, 0x0000, 0x0000, 0x0000, 0x0000, 0x0000, 0x0000, 0x0000, 0x0000, 0x0000,
    0x0000, 0x0000, 0x0000, 0x0000, 0x0000, 0x0000, 0x0000, 0x0000, 0x0000, 0x0000, 0x0000, 0x0000, 0x0000, 0x0000, 0x0000, 0x0000,
    0x0000, 0x0000, 0x0000, 0x0000, 0x0000, 0x0000, 0x0000, 0x0000, 0x0000, 0x0000, 0x0000, 0x0000, 0x0000, 0x0000, 0x0000, 0x0000,
    0x0000, 0x0000, 0x0000, 0x0000, 0x0000, 0x0000, 0x0000, 0x0000, 0x0000, 0x0000, 0x0000, 0x0000, 0x0000, 0x0000, 0x0000, 0x0000,
    0x0000, 0x0000, 0x0000, 0x0000, 0x0000, 0x0000, 0x0000, 0x0000, 0x0000, 0x0000, 0x0000, 0x0000, 0x0000, 0x0000, 0x0000, 0x0000,
    0x0000, 0x0000, 0x0000, 0x0000, 0x0000, 0x0000, 0x0000, 0x0000, 0x0000, 0x0000, 0x0000, 0x0000, 0x0000, 0x0000, 0x0000, 0x0000,
    0x0000, 0x0000, 0x0000, 0x0000, 0x0000, 0x0000, 0x0000, 0x0000, 0x0000, 0x0000, 0x0000, 0x0000, 0x0000, 0x0000, 0x0000, 0x0000,
    0x0000, 0x0001, 0x0001, 0x0000, 0x0007, 0x000C, 0x000C, 0x000A, 0x0009, 0x0009, 0x002A, 0x00AD, 0x00CC, 0x00CE, 0x00CF, 0x006E,
    0x004F, 0x00EE, 0x01EC, 0x026C, 0x022C, 0x022C, 0x01EC, 0x020C, 0x026C, 0x026D, 0x024D, 0x022D, 0x01CE, 0x01CE, 0x01CE, 0x018D,
    0x018D, 0x016D, 0x016E, 0x016F, 0x016E, 0x016E, 0x018E, 0x018F, 0x01B1, 0x01B1, 0x0211, 0x0211, 0x0230, 0x0210, 0x0230, 0x0251,
    0x0271, 0x0271, 0x0252, 0x0252, 0x0252, 0x0252, 0x0233, 0x0273, 0x02B4, 0x02B3, 0x0294, 0x0A93, 0x0A95, 0x0A95, 0x0A95, 0x0A96,
    0x12B6, 0x1AD5, 0x1AD6, 0x1AF6, 0x1AF5, 0x1B16, 0x1AF7, 0x1B16, 0x1337, 0x1357, 0x1358, 0x1359, 0x1359, 0x1379, 0x1379, 0x1B79,
    0x1B79, 0x1379, 0x1379, 0x1399, 0x139A, 0x1BBA, 0x1BBA, 0x1BBB, 0x1BDB, 0x1BBB, 0x1BDB, 0x1BBB, 0x1BDB, 0x1BDB, 0x1BDB, 0x1BDC,
    0x1BDC, 0x1BDC, 0x1BDC, 0x1BDC, 0x1BFC, 0x1BFC, 0x1BFD, 0x1BFD, 0x1BFD, 0x1BFD, 0x1BDD, 0x13DD, 0x13DD, 0x13BD, 0x13BD, 0x0BDD,
    0x13FD, 0x141E, 0x1C3E, 0x1C5E, 0x247E, 0x247E, 0x2C9E, 0x2C9E, 0x2C9E, 0x2C9E, 0x2CBE, 0x2C9E, 0x2C9E, 0x2C9E, 0x247E, 0x245D,
    0x1C5D, 0x1C3D, 0x1C1D, 0x13FD, 0x13DD, 0x13BC, 0x0B9C, 0x139C, 0x0B9C, 0x139B, 0x139B, 0x139B, 0x139A, 0x139A, 0x137A, 0x137A,
    0x1379, 0x1379, 0x1B99, 0x1398, 0x1398, 0x0B97, 0x0B55, 0x0B5A, 0x01BC, 0x00FD, 0x005E, 0x021F, 0x017F, 0x001F, 0x001F, 0x001F,
    0x001F, 0x001F, 0x001F, 0x001F, 0x001F, 0x001F, 0x001F, 0x001F, 0x001F, 0x001F, 0x001F, 0x001F, 0x001F, 0x001F, 0x001F, 0x001F,
    0x001F, 0x001F, 0x001F, 0x007E, 0x0252, 0x019B, 0x0015, 0x0002, 0x001A, 0x001F, 0x001F, 0x001E, 0x0015, 0x001E, 0x0009, 0x0010,
    0x001E, 0x0093, 0x001E, 0x001F, 0x001F, 0x001F, 0x0038, 0x0032, 0x0000, 0x0000, 0x0000, 0x0000, 0x0000, 0x0000, 0x0000, 0x0000,
    0x0000, 0x0000, 0x0000, 0x0000, 0x0000, 0x0000, 0x0000, 0x0000, 0x0000, 0x0000, 0x0000, 0x0000, 0x0000, 0x0000, 0x0000, 0x0000,
    0x0000, 0x0000, 0x0000, 0x0000, 0x0000, 0x0000, 0x0000, 0x0000, 0x001F, 0x001F, 0x001F, 0x001F, 0x001F, 0x001F, 0x001F, 0x001F,
    0x001F, 0x001F, 0x001F, 0x001F, 0x001F, 0x001F, 0x001F, 0x001F, 0x001F, 0x0009, 0x0000, 0x0007, 0x0000, 0x0000, 0x0000, 0x0000,
    0x0000, 0x0000, 0x0000, 0x0000, 0x0000, 0x0000, 0x0000, 0x0000, 0x0000, 0x0000, 0x0000, 0x0000, 0x0000, 0x0000, 0x0000, 0x0000,
    0x0000, 0x0000, 0x0000, 0x0000, 0x0000, 0x0000, 0x0000, 0x0000, 0x0000, 0x0000, 0x0000, 0x0000, 0x0000, 0x0000, 0x0000, 0x0000,
    0x0000, 0x0000, 0x0000, 0x0000, 0x0000, 0x0000, 0x0000, 0x0000, 0x0000, 0x0000, 0x0000, 0x0000, 0x0000, 0x0000, 0x0000, 0x0000,
    0x0000, 0x0000, 0x0000, 0x0000, 0x0000, 0x0000, 0x0000, 0x0000, 0x0000, 0x0000, 0x0000, 0x0000, 0x0000, 0x0000, 0x0000, 0x0000,
    0x0000, 0x0000, 0x0000, 0x0000, 0x0000, 0x0000, 0x0000, 0x0000, 0x0000, 0x0000, 0x0000, 0x0000, 0x0000, 0x0000, 0x0000, 0x0000,
    0x0000, 0x0000, 0x0000, 0x0000, 0x0000, 0x0000, 0x0000, 0x0000, 0x0000, 0x0000, 0x0000, 0x0000, 0x0000, 0x0000, 0x0000, 0x0000,
    0x0000, 0x0000, 0x0000, 0x0000, 0x0000, 0x0000, 0x0000, 0x0000, 0x0000, 0x0000, 0x0000, 0x0000, 0x0000, 0x0000, 0x0000, 0x0000,
    0x0000, 0x0000, 0x0000, 0x0000, 0x0000, 0x0000, 0x0000, 0x0000, 0x0000, 0x0000, 0x0000, 0x0000, 0x0000, 0x0000, 0x0000, 0x0000,
    0x0000, 0x0000, 0x0000, 0x0000, 0x0000, 0x0000, 0x0000, 0x0000, 0x0000, 0x0000, 0x0000, 0x0000, 0x0000, 0x0000, 0x0000, 0x0000,
    0x0000, 0x0000, 0x0000, 0x0000, 0x0000, 0x0000, 0x0000, 0x0000, 0x0000, 0x0000, 0x0000, 0x0000, 0x0000, 0x0000, 0x0001, 0x0001,
    0x0001, 0x0000, 0x0000, 0x0000, 0x0000, 0x0004, 0x0005, 0x0007, 0x0008, 0x0006, 0x0008, 0x000B, 0x000E, 0x004E, 0x004F, 0x00AE,
    0x002E, 0x004E, 0x00CD, 0x00ED, 0x00AE, 0x01ED, 0x026D, 0x024E, 0x024E, 0x024D, 0x022E, 0x01EE, 0x01AE, 0x01AD, 0x01CE, 0x01CE,
    0x01CD, 0x01CE, 0x01AE, 0x018F, 0x018F, 0x01D0, 0x01F0, 0x0231, 0x0231, 0x0231, 0x0251, 0x0231, 0x0231, 0x0251, 0x0251, 0x0251,
    0x0233, 0x0254, 0x02B3, 0x02D2, 0x02D3, 0x02D4, 0x02B4, 0x0294, 0x0275, 0x02D5, 0x02B5, 0x02B5, 0x12B5, 0x12D5, 0x12D5, 0x1315,
    0x1335, 0x1AF6, 0x1B16, 0x1B16, 0x1B17, 0x1B17, 0x1B17, 0x1B37, 0x1B38, 0x1B58, 0x1B59, 0x1359, 0x1379, 0x1379, 0x1379, 0x1379,
    0x1B9A, 0x1B9A, 0x1B9A, 0x1B9A, 0x1BB9, 0x1BBA, 0x1BBA, 0x1BBA, 0x1BDB, 0x1BDB, 0x1BDB, 0x1BDB, 0x1BDB, 0x1BDB, 0x1BDB, 0x1BFB,
    0x1BFC, 0x1BFC, 0x1BDB, 0x1BDB, 0x1BDB, 0x1BDB, 0x1BFB, 0x1BDC, 0x1BDC, 0x1BDC, 0x13DC, 0x13DC, 0x13DC, 0x13BC, 0x13BC, 0x13BC,
    0x139C, 0x139B, 0x139B, 0x139B, 0x139B, 0x139B, 0x139B, 0x139B, 0x139B, 0x139B, 0x139B, 0x139B, 0x139B, 0x139A, 0x139A, 0x139A,
    0x139A, 0x137A, 0x1B99, 0x1B99, 0x1B99, 0x1379, 0x13B8, 0x13B8, 0x13B8, 0x13B7, 0x1377, 0x0B77, 0x0B37, 0x02B8, 0x01B9, 0x00FB,
    0x00BC, 0x007E, 0x001F, 0x001F, 0x001F, 0x01FF, 0x019F, 0x001F, 0x001F, 0x001F, 0x001F, 0x001F, 0x001F, 0x001F, 0x001F, 0x001F,
    0x001F, 0x001F, 0x001F, 0x001F, 0x001F, 0x001F, 0x001F, 0x001F, 0x001F, 0x001F, 0x001F, 0x001F, 0x001F, 0x007E, 0x0252, 0x019B,
    0x0015, 0x0002, 0x001A, 0x001F, 0x001F, 0x001E, 0x0015, 0x001E, 0x0009, 0x0010, 0x001E, 0x0093, 0x001E, 0x001F, 0x001F, 0x001F,
    0x0038, 0x0032, 0x0000, 0x0000, 0x0000, 0x0000, 0x0000, 0x0000, 0x0000, 0x0000, 0x0000, 0x0000, 0x0000, 0x0000, 0x0000, 0x0000,
    0x0000, 0x0000, 0x0000, 0x0000, 0x0000, 0x0000, 0x0000, 0x0000, 0x0000, 0x0000, 0x0000, 0x0000, 0x0000, 0x0000, 0x0000, 0x0000,
    0x0000, 0x0000, 0x001F, 0x001F, 0x001F, 0x001F, 0x001F, 0x001F, 0x001F, 0x001F, 0x001F, 0x001F, 0x001F, 0x001F, 0x001F, 0x001F,
    0x001F, 0x001F, 0x001F, 0x0009, 0x0000, 0x0007, 0x0000, 0x0000, 0x0000, 0x0000, 0x0000, 0x0000, 0x0000, 0x0000, 0x0000, 0x0000,
    0x0000, 0x0000, 0x0000, 0x0000, 0x0000, 0x0000, 0x0000, 0x0000, 0x0000, 0x0000, 0x0000, 0x0000, 0x0000, 0x0000, 0x0000, 0x0000,
    0x0000, 0x0000, 0x0000, 0x0000, 0x0000, 0x0000, 0x0000, 0x0000, 0x0000, 0x0000, 0x0000, 0x0000, 0x0000, 0x0000, 0x0000, 0x0000,
    0x0000, 0x0000, 0x0000, 0x0000, 0x0000, 0x0000, 0x0000, 0x0000, 0x0000, 0x0000, 0x0000, 0x0000, 0x0000, 0x0000, 0x0000, 0x0000,
    0x0000, 0x0000, 0x0000, 0x0000, 0x0000, 0x0000, 0x0000, 0x0000, 0x0000, 0x0000, 0x0000, 0x0000, 0x0000, 0x0000, 0x0000, 0x0000,
    0x0000, 0x0000, 0x0000, 0x0000, 0x0000, 0x0000, 0x0000, 0x0000, 0x0000, 0x0000, 0x0000, 0x0000, 0x0000, 0x0000, 0x0000, 0x0000,
    0x0000, 0x0000, 0x0000, 0x0000, 0x0000, 0x0000, 0x0000, 0x0000, 0x0000, 0x0000, 0x0000, 0x0000, 0x0000, 0x0000, 0x0000, 0x0000,
    0x0000, 0x0000, 0x0000, 0x0000, 0x0000, 0x0000, 0x0000, 0x0000, 0x0000, 0x0000, 0x0000, 0x0000, 0x0000, 0x0000, 0x0000, 0x0000,
    0x0000, 0x0000, 0x0000, 0x0000, 0x0000, 0x0000, 0x0000, 0x0000, 0x0000, 0x0000, 0x0000, 0x0000, 0x0000, 0x0000, 0x0000, 0x0000,
    0x0000, 0x0000, 0x0000, 0x0000, 0x0000, 0x0000, 0x0000, 0x0000, 0x0000, 0x0000, 0x0000, 0x0000, 0x0000, 0x0000, 0x0000, 0x0000,
    0x0000, 0x0000, 0x0000, 0x0000, 0x0000, 0x0000, 0x0000, 0x0000, 0x0000, 0x0000, 0x0000, 0x0000, 0x0000, 0x0000, 0x0000, 0x0000,
    0x0000, 0x0000, 0x0000, 0x0000, 0x0000, 0x0000, 0x0003, 0x0006, 0x0005, 0x0004, 0x0003, 0x0002, 0x0004, 0x0004, 0x0006, 0x000D,
    0x00AE, 0x012D, 0x016D, 0x016E, 0x01CD, 0x024C, 0x024C, 0x024C, 0x028C, 0x026C, 0x028B, 0x026D, 0x026D, 0x022E, 0x020E, 0x020E,
    0x022E, 0x024D, 0x024D, 0x022F, 0x0230, 0x0231, 0x0210, 0x0211, 0x01F1, 0x01D1, 0x01D1, 0x01F0, 0x0210, 0x0231, 0x0251, 0x0271,
    0x02F2, 0x02B2, 0x02B2, 0x02D1, 0x0272, 0x0255, 0x0275, 0x0276, 0x0256, 0x0275, 0x0275, 0x0295, 0x0AD5, 0x12F5, 0x1316, 0x1316,
    0x1316, 0x1B16, 0x1B16, 0x1B17, 0x1B37, 0x1B37, 0x1B57, 0x1B57, 0x1B57, 0x1B57, 0x1B78, 0x1B98, 0x1B79, 0x1B79, 0x1B99, 0x1399,
    0x1B99, 0x1B9A, 0x1BBA, 0x1B9A, 0x1B9A, 0x1B9A, 0x1B9A, 0x1BBA, 0x1BBA, 0x1BDA, 0x1BDA, 0x1BDA, 0x1BBA, 0x1BBA, 0x1BBA, 0x1B9A,
    0x1BBA, 0x1BBA, 0x1BBA, 0x1B9A, 0x1BBA, 0x1B9A, 0x1BBA, 0x1BBA, 0x1B9A, 0x139A, 0x139A, 0x139A, 0x139A, 0x139A, 0x139A, 0x139A,
    0x1B9A, 0x1B9A, 0x1B9A, 0x1379, 0x1399, 0x1399, 0x137A, 0x1359, 0x1379, 0x1B78, 0x1397, 0x13B8, 0x0B98, 0x0B58, 0x0B37, 0x02F8,
    0x021C, 0x01DB, 0x01DA, 0x019A, 0x00FC, 0x009D, 0x003E, 0x001F, 0x001F, 0x001F, 0x001F, 0x001F, 0x001F, 0x001F, 0x001F, 0x021F,
    0x019F, 0x001F, 0x001F, 0x001F, 0x001F, 0x001F, 0x001F, 0x001F, 0x001F, 0x001F, 0x001F, 0x001F, 0x001F, 0x001F, 0x001F, 0x001F,
    0x001F, 0x001F, 0x001F, 0x001F, 0x001F, 0x001F, 0x001F, 0x007E, 0x0252, 0x019B, 0x0015, 0x0002, 0x001A, 0x001F, 0x001F, 0x001E,
    0x0015, 0x001E, 0x0009, 0x0010, 0x001E, 0x0093, 0x001E, 0x001F, 0x001F, 0x001F, 0x0038, 0x0032, 0x0000, 0x0000, 0x0000, 0x0000,
    0x0000, 0x0000, 0x0000, 0x0000, 0x0000, 0x0000, 0x0000, 0x0000, 0x0000, 0x0000, 0x0000, 0x0000, 0x0000, 0x0000, 0x0000, 0x0000,
    0x0000, 0x0000, 0x0000, 0x0000, 0x0000, 0x0000, 0x0000, 0x0000, 0x0000, 0x0000, 0x0000, 0x0000, 0x001F, 0x001F, 0x001F, 0x001F,
    0x001F, 0x001F, 0x001F, 0x001F, 0x001F, 0x001F, 0x001F, 0x001F, 0x001F, 0x001F, 0x001F, 0x001F, 0x001F, 0x0009, 0x0000, 0x0007,
    0x0000, 0x0000, 0x0000, 0x0000, 0x0000, 0x0000, 0x0000, 0x0000, 0x0000, 0x0000, 0x0000, 0x0000, 0x0000, 0x0000, 0x0000, 0x0000,
    0x0000, 0x0000, 0x0000, 0x0000, 0x0000, 0x0000, 0x0000, 0x0000, 0x0000, 0x0000, 0x0000, 0x0000, 0x0000, 0x0000, 0x0000, 0x0000,
    0x0000, 0x0000, 0x0000, 0x0000, 0x0000, 0x0000, 0x0000, 0x0000, 0x0000, 0x0000, 0x0000, 0x0000, 0x0000, 0x0000, 0x0000, 0x0000,
    0x0000, 0x0000, 0x0000, 0x0000, 0x0000, 0x0000, 0x0000, 0x0000, 0x0000, 0x0000, 0x0000, 0x0000, 0x0000, 0x0000, 0x0000, 0x0000,
    0x0000, 0x0000, 0x0000, 0x0000, 0x0000, 0x0000, 0x0000, 0x0000, 0x0000, 0x0000, 0x0000, 0x0000, 0x0000, 0x0000, 0x0000, 0x0000,
    0x0000, 0x0000, 0x0000, 0x0000, 0x0000, 0x0000, 0x0000, 0x0000, 0x0000, 0x0000, 0x0000, 0x0000, 0x0000, 0x0000, 0x0000, 0x0000,
    0x0000, 0x0000, 0x0000, 0x0000, 0x0000, 0x0000, 0x0000, 0x0000, 0x0000, 0x0000, 0x0000, 0x0000, 0x0000, 0x0000, 0x0000, 0x0000,
    0x0000, 0x0000, 0x0000, 0x0000, 0x0000, 0x0000, 0x0000, 0x0000, 0x0000, 0x0000, 0x0000, 0x0000, 0x0000, 0x0000, 0x0000, 0x0000,
    0x0000, 0x0000, 0x0000, 0x0000, 0x0000, 0x0000, 0x0000, 0x0000, 0x0000, 0x0000, 0x0000, 0x0000, 0x0000, 0x0000, 0x0000, 0x0000,
    0x0000, 0x0000, 0x0000, 0x0000, 0x0000, 0x0000, 0x0000, 0x0000, 0x0000, 0x0000, 0x0000, 0x0000, 0x0000, 0x0000, 0x0000, 0x0000,
    0x0000, 0x0000, 0x0000, 0x0000, 0x0000, 0x0000, 0x0000, 0x0000, 0x0000, 0x0000, 0x0000, 0x0000, 0x0000, 0x0000, 0x0000, 0x0000,
    0x0000, 0x0000, 0x0000, 0x0000, 0x0000, 0x0000, 0x0000, 0x0000, 0x0000, 0x0000, 0x0003, 0x0005, 0x0006, 0x0007, 0x000B, 0x004D,
    0x004E, 0x008E, 0x00EE, 0x006F, 0x00AF, 0x00CE, 0x016D, 0x020C, 0x024C, 0x018D, 0x014D, 0x00AF, 0x006D, 0x004D, 0x008F, 0x01CE,
    0x0231, 0x0313, 0x0333, 0x02F4, 0x02D3, 0x02B4, 0x02B3, 0x0333, 0x0352, 0x02F2, 0x0273, 0x0273, 0x02B3, 0x0293, 0x02B3, 0x02F3,
    0x0372, 0x03D0, 0x03D0, 0x03B1, 0x0352, 0x0332, 0x0332, 0x02F4, 0x0276, 0x0256, 0x0295, 0x0275, 0x02B5, 0x02D5, 0x02B5, 0x02B7,
    0x02B7, 0x02D7, 0x0397, 0x03D8, 0x03D8, 0x03D7, 0x03B8, 0x0B79, 0x2337, 0x1B58, 0x2357, 0x1B58, 0x1B58, 0x1B79, 0x1378, 0x1B78,
    0x1B78, 0x1B79, 0x1B79, 0x1B9A, 0x1B9A, 0x1B99, 0x1B79, 0x1B59, 0x1B79, 0x1B79, 0x1B79, 0x1B79, 0x1B79, 0x1B9A, 0x1B79, 0x1B59,
    0x1B79, 0x1B99, 0x1B99, 0x1B79, 0x1B79, 0x1B79, 0x1B99, 0x1B99, 0x1B99, 0x1B9A, 0x13BA, 0x0B99, 0x0397, 0x0B76, 0x0396, 0x03B6,
    0x0374, 0x0334, 0x0374, 0x02B6, 0x0277, 0x017B, 0x00DE, 0x005E, 0x005E, 0x001F, 0x001F, 0x001F, 0x001F, 0x001F, 0x001F, 0x001F,
    0x001F, 0x001F, 0x001F, 0x001F, 0x001F, 0x001F, 0x001F, 0x001F, 0x001F, 0x021F, 0x019F, 0x001F, 0x001F, 0x001F, 0x001F, 0x001F,
    0x001F, 0x001F, 0x001F, 0x001F, 0x001F, 0x001F, 0x001F, 0x001F, 0x001F, 0x001F, 0x001F, 0x001F, 0x001F, 0x001F, 0x001F, 0x001F,
    0x001F, 0x007E, 0x0253, 0x01BC, 0x0015, 0x0002, 0x001B, 0x001F, 0x001F, 0x001E, 0x0015, 0x001E, 0x0009, 0x0010, 0x001E, 0x0093,
    0x001E, 0x001F, 0x001F, 0x001F, 0x0038, 0x0032, 0x0000, 0x0000, 0x0000, 0x0000, 0x0000, 0x0000, 0x0000, 0x0000, 0x0000, 0x0000,
    0x0000, 0x0000, 0x0000, 0x0000, 0x0000, 0x0000, 0x0000, 0x0000, 0x0000, 0x0000, 0x0000, 0x0000, 0x0000, 0x0000, 0x0000, 0x0000,
    0x0000, 0x0000, 0x0000, 0x0000, 0x0000, 0x0000, 0x001F, 0x001F, 0x001F, 0x001F, 0x001F, 0x001F, 0x001F, 0x001F, 0x001F, 0x001F,
    0x001F, 0x001F, 0x001F, 0x001F, 0x001F, 0x001F, 0x001F, 0x0009, 0x0000, 0x0007, 0x0000, 0x0000, 0x0000, 0x0000, 0x0000, 0x0000,
    0x0000, 0x0000, 0x0000, 0x0000, 0x0000, 0x0000, 0x0000, 0x0000, 0x0000, 0x0000, 0x0000, 0x0000, 0x0000, 0x0000, 0x0000, 0x0000,
    0x0000, 0x0000, 0x0000, 0x0000, 0x0000, 0x0000, 0x0000, 0x0000, 0x0000, 0x0000, 0x0000, 0x0000, 0x0000, 0x0000, 0x0000, 0x0000,
    0x0000, 0x0000, 0x0000, 0x0000, 0x0000, 0x0000, 0x0000, 0x0000, 0x0000, 0x0000, 0x0000, 0x0000, 0x0000, 0x0000, 0x0000, 0x0000,
    0x0000, 0x0000, 0x0000, 0x0000, 0x0000, 0x0000, 0x0000, 0x0000, 0x0000, 0x0000, 0x0000, 0x0000, 0x0000, 0x0000, 0x0000, 0x0000,
    0x0000, 0x0000, 0x0000, 0x0000, 0x0000, 0x0000, 0x0000, 0x0000, 0x0000, 0x0000, 0x0000, 0x0000, 0x0000, 0x0000, 0x0000, 0x0000,
    0x0000, 0x0000, 0x0000, 0x0000, 0x0000, 0x0000, 0x0000, 0x0000, 0x0000, 0x0000, 0x0000, 0x0000, 0x0000, 0x0000, 0x0000, 0x0000,
    0x0000, 0x0000, 0x0000, 0x0000, 0x0000, 0x0000, 0x0000, 0x0000, 0x0000, 0x0000, 0x0000, 0x0000, 0x0000, 0x0000, 0x0000, 0x0000,
    0x0000, 0x0000, 0x0000, 0x0000, 0x0000, 0x0000, 0x0000, 0x0000, 0x0000, 0x0000, 0x0000, 0x0000, 0x0000, 0x0000, 0x0000, 0x0000,
    0x0000, 0x0000, 0x0000, 0x0000, 0x0000, 0x0000, 0x0000, 0x0000, 0x0000, 0x0000, 0x0000, 0x0000, 0x0000, 0x0000, 0x0000, 0x0000,
    0x0000, 0x0000, 0x0000, 0x0000, 0x0000, 0x0000, 0x0000, 0x0000, 0x0000, 0x0000, 0x0000, 0x0000, 0x0000, 0x0000, 0x0000, 0x0000,
    0x0000, 0x0000, 0x0000, 0x0000, 0x0000, 0x0000, 0x0000, 0x0000, 0x0000, 0x0000, 0x0000, 0x0000, 0x0000, 0x0000, 0x0000, 0x0000,
    0x0000, 0x0000, 0x0000, 0x0000, 0x0000, 0x0000, 0x0000, 0x0000, 0x0000, 0x0002, 0x0003, 0x0007, 0x0006, 0x0006, 0x0007, 0x000C,
    0x000C, 0x004C, 0x004B, 0x000C, 0x000B, 0x000D, 0x000C, 0x000C, 0x000F, 0x002D, 0x000B, 0x008B, 0x0170, 0x02B1, 0x03B1, 0x0393,
    0x0374, 0x0238, 0x02F5, 0x0373, 0x0314, 0x0391, 0x0372, 0x0314, 0x0352, 0x03F0, 0x0352, 0x0256, 0x01F8, 0x0295, 0x0276, 0x0217,
    0x0237, 0x0313, 0x0313, 0x0333, 0x0313, 0x0313, 0x02F4, 0x02F4, 0x02D4, 0x02F4, 0x02D4, 0x0275, 0x02F6, 0x0336, 0x0316, 0x0315,
    0x0315, 0x0376, 0x0B37, 0x1B17, 0x1317, 0x2316, 0x2337, 0x2337, 0x1B17, 0x1B17, 0x1B38, 0x2337, 0x2317, 0x2337, 0x2318, 0x1B38,
    0x1B59, 0x1378, 0x1378, 0x1399, 0x1378, 0x1358, 0x1378, 0x1398, 0x1398, 0x13B8, 0x1398, 0x1398, 0x13B8, 0x0BB7, 0x0B97, 0x1377,
    0x0BD7, 0x03D5, 0x03B5, 0x03D5, 0x03B4, 0x02D5, 0x02B5, 0x0256, 0x0276, 0x0276, 0x01B9, 0x00FB, 0x00BD, 0x003E, 0x001F, 0x001F,
    0x001F, 0x001F, 0x001F, 0x001F, 0x001F, 0x001F, 0x001F, 0x001F, 0x001F, 0x001F, 0x001F, 0x001F, 0x001F, 0x001F, 0x001F, 0x001F,
    0x001F, 0x001F, 0x001F, 0x021F, 0x019F, 0x001F, 0x001F, 0x001F, 0x001F, 0x001F, 0x001F, 0x001F, 0x001F, 0x001F, 0x001F, 0x001F,
    0x001F, 0x001F, 0x001F, 0x001F, 0x001F, 0x001F, 0x001F, 0x001F, 0x001F, 0x001F, 0x001F, 0x007F, 0x0231, 0x010E, 0x0005, 0x0001,
    0x0017, 0x001F, 0x001F, 0x001F, 0x0016, 0x001F, 0x0009, 0x0010, 0x001E, 0x0093, 0x001E, 0x001F, 0x001F, 0x001F, 0x0038, 0x0032,
    0x0000, 0x0000, 0x0000, 0x0000, 0x0000, 0x0000, 0x0000, 0x0000, 0x0000, 0x0000, 0x0000, 0x0000, 0x0000, 0x0000, 0x0000, 0x0000,
    0x0000, 0x0000, 0x0000, 0x0000, 0x0000, 0x0000, 0x0000, 0x0000, 0x0000, 0x0000, 0x0000, 0x0000, 0x0000, 0x0000, 0x0000, 0x0000,
    0x001F, 0x001F, 0x001F, 0x001F, 0x001F, 0x001F, 0x001F, 0x001F, 0x001F, 0x001F, 0x001F, 0x001F, 0x001F, 0x001F, 0x001F, 0x001F,
    0x001F, 0x0009, 0x0000, 0x0007, 0x0000, 0x0000, 0x0000, 0x0000, 0x0000, 0x0000, 0x0000, 0x0000, 0x0000, 0x0000, 0x0000, 0x0000,
    0x0000, 0x0000, 0x0000, 0x0000, 0x0000, 0x0000, 0x0000, 0x0000, 0x0000, 0x0000, 0x0000, 0x0000, 0x0000, 0x0000, 0x0000, 0x0000,
    0x0000, 0x0000, 0x0000, 0x0000, 0x0000, 0x0000, 0x0000, 0x0000, 0x0000, 0x0000, 0x0000, 0x0000, 0x0000, 0x0000, 0x0000, 0x0000,
    0x0000, 0x0000, 0x0000, 0x0000, 0x0000, 0x0000, 0x0000, 0x0000, 0x0000, 0x0000, 0x0000, 0x0000, 0x0000, 0x0000, 0x0000, 0x0000,
    0x0000, 0x0000, 0x0000, 0x0000, 0x0000, 0x0000, 0x0000, 0x0000, 0x0000, 0x0000, 0x0000, 0x0000, 0x0000, 0x0000, 0x0000, 0x0000,
    0x0000, 0x0000, 0x0000, 0x0000, 0x0000, 0x0000, 0x0000, 0x0000, 0x0000, 0x0000, 0x0000, 0x0000, 0x0000, 0x0000, 0x0000, 0x0000,
    0x0000, 0x0000, 0x0000, 0x0000, 0x0000, 0x0000, 0x0000, 0x0000, 0x0000, 0x0000, 0x0000, 0x0000, 0x0000, 0x0000, 0x0000, 0x0000,
    0x0000, 0x0000, 0x0000, 0x0000, 0x0000, 0x0000, 0x0000, 0x0000, 0x0000, 0x0000, 0x0000, 0x0000, 0x0000, 0x0000, 0x0000, 0x0000,
    0x0000, 0x0000, 0x0000, 0x0000, 0x0000, 0x0000, 0x0000, 0x0000, 0x0000, 0x0000, 0x0000, 0x0000, 0x0000, 0x0000, 0x0000, 0x0000,
    0x0000, 0x0000, 0x0000, 0x0000, 0x0000, 0x0000, 0x0000, 0x0000, 0x0000, 0x0000, 0x0000, 0x0000, 0x0000, 0x0000, 0x0000, 0x0000,
    0x0000, 0x0000, 0x0000, 0x0000, 0x0000, 0x0000, 0x0000, 0x0000, 0x0000, 0x0000, 0x0000, 0x0000, 0x0000, 0x0000, 0x0000, 0x0000,
    0x0000, 0x0000, 0x0000, 0x0000, 0x0000, 0x0000, 0x0000, 0x0000, 0x0000, 0x0000, 0x0000, 0x0000, 0x0000, 0x0000, 0x0000, 0x0000,
    0x0000, 0x0000, 0x0000, 0x0000, 0x0000, 0x0000, 0x0000, 0x0000, 0x0000, 0x0000, 0x0000, 0x0000, 0x0000, 0x0000, 0x0002, 0x0003,
    0x0002, 0x0003, 0x0005, 0x0002, 0x0000, 0x0000, 0x0004, 0x0006, 0x00E9, 0x01A9, 0x00CA, 0x0016, 0x00B6, 0x005C, 0x007E, 0x017B,
    0x011C, 0x003F, 0x00DD, 0x019A, 0x003F, 0x001F, 0x001F, 0x001F, 0x001F, 0x001F, 0x001F, 0x001F, 0x007E, 0x01B9, 0x0199, 0x017A,
    0x0256, 0x02F4, 0x0295, 0x0295, 0x0276, 0x02F4, 0x0352, 0x0333, 0x0313, 0x0332, 0x03B0, 0x03B1, 0x0373, 0x0315, 0x0335, 0x0314,
    0x0B36, 0x0B56, 0x0357, 0x0377, 0x0396, 0x0376, 0x0395, 0x0B95, 0x0B95, 0x03B5, 0x0394, 0x0394, 0x0374, 0x0393, 0x0374, 0x0335,
    0x02F4, 0x0352, 0x02F4, 0x0296, 0x02F5, 0x0297, 0x02B6, 0x02B5, 0x02F5, 0x0295, 0x02B5, 0x0199, 0x0179, 0x0179, 0x015A, 0x007E,
    0x001F, 0x001F, 0x001F, 0x001F, 0x001F, 0x001F, 0x001F, 0x001F, 0x001F, 0x001F, 0x001F, 0x001F, 0x001F, 0x001F, 0x001F, 0x001F,
    0x001F, 0x001F, 0x001F, 0x001F, 0x001F, 0x001F, 0x001F, 0x001F, 0x001F, 0x001F, 0x001F, 0x001F, 0x001F, 0x021F, 0x019F, 0x001F,
    0x001F, 0x001F, 0x001F, 0x001F, 0x001F, 0x001F, 0x001F, 0x001F, 0x001F, 0x001F, 0x001F, 0x001F, 0x001F, 0x001F, 0x001F, 0x001F,
    0x001F, 0x001F, 0x001F, 0x001F, 0x001F, 0x0037, 0x0061, 0x0000, 0x0000, 0x0000, 0x0001, 0x0007, 0x0008, 0x000D, 0x000F, 0x001E,
    0x0009, 0x0011, 0x001F, 0x0093, 0x001E, 0x001F, 0x001F, 0x001F, 0x0038, 0x0032, 0x0000, 0x0000, 0x0000, 0x0000, 0x0000, 0x0000,
    0x0000, 0x0000, 0x0000, 0x0000, 0x0000, 0x0000, 0x0000, 0x0000, 0x0000, 0x0000, 0x0000, 0x0000, 0x0000, 0x0000, 0x0000, 0x0000,
    0x0000, 0x0000, 0x0000, 0x0000, 0x0000, 0x0000, 0x0000, 0x0000, 0x0000, 0x0000, 0x001F, 0x001F, 0x001F, 0x001F, 0x001F, 0x001F,
    0x001F, 0x001F, 0x001F, 0x001F, 0x001F, 0x001F, 0x001F, 0x001F, 0x001F, 0x001F, 0x001F, 0x0009, 0x0000, 0x0007, 0x0000, 0x0000,
    0x0000, 0x0000, 0x0000, 0x0000, 0x0000, 0x0000, 0x0000, 0x0000, 0x0000, 0x0000, 0x0000, 0x0000, 0x0000, 0x0000, 0x0000, 0x0000,
    0x0000, 0x0000, 0x0000, 0x0000, 0x0000, 0x0000, 0x0000, 0x0000, 0x0000, 0x0000, 0x0000, 0x0000, 0x0000, 0x0000, 0x0000, 0x0000,
    0x0000, 0x0000, 0x0000, 0x0000, 0x0000, 0x0000, 0x0000, 0x0000, 0x0000, 0x0000, 0x0000, 0x0000, 0x0000, 0x0000, 0x0000, 0x0000,
    0x0000, 0x0000, 0x0000, 0x0000, 0x0000, 0x0000, 0x0000, 0x0000, 0x0000, 0x0000, 0x0000, 0x0000, 0x0000, 0x0000, 0x0000, 0x0000,
    0x0000, 0x0000, 0x0000, 0x0000, 0x0000, 0x0000, 0x0000, 0x0000, 0x0000, 0x0000, 0x0000, 0x0000, 0x0000, 0x0000, 0x0000, 0x0000,
    0x0000, 0x0000, 0x0000, 0x0000, 0x0000, 0x0000, 0x0000, 0x0000, 0x0000, 0x0000, 0x0000, 0x0000, 0x0000, 0x0000, 0x0000, 0x0000,
    0x0000, 0x0000, 0x0000, 0x0000, 0x0000, 0x0000, 0x0000, 0x0000, 0x0000, 0x0000, 0x0000, 0x0000, 0x0000, 0x0000, 0x0000, 0x0000,
    0x0000, 0x0000, 0x0000, 0x0000, 0x0000, 0x0000, 0x0000, 0x0000, 0x0000, 0x0000, 0x0000, 0x0000, 0x0000, 0x0000, 0x0000, 0x0000,
    0x0000, 0x0000, 0x0000, 0x0000, 0x0000, 0x0000, 0x0000, 0x0000, 0x0000, 0x0000, 0x0000, 0x0000, 0x0000, 0x0000, 0x0000, 0x0000,
    0x0000, 0x0000, 0x0000, 0x0000, 0x0000, 0x0000, 0x0000, 0x0000, 0x0000, 0x0000, 0x0000, 0x0000, 0x0000, 0x0000, 0x0000, 0x0000,
    0x0000, 0x0000, 0x0000, 0x0000, 0x0000, 0x0000, 0x0000, 0x0000, 0x0000, 0x0000, 0x0000, 0x0000, 0x0000, 0x0000, 0x0000, 0x0000,
    0x0000, 0x0000, 0x0000, 0x0000, 0x0000, 0x0000, 0x0000, 0x0000, 0x0000, 0x0000, 0x0000, 0x0000, 0x0000, 0x0000, 0x0000, 0x0000,
    0x0000, 0x0000, 0x0000, 0x0000, 0x0000, 0x0000, 0x0000, 0x0000, 0x0000, 0x0000, 0x0000, 0x0000, 0x0000, 0x0000, 0x0000, 0x0000,
    0x0000, 0x0000, 0x0000, 0x0000, 0x0000, 0x0000, 0x0000, 0x0002, 0x000A, 0x0014, 0x0018, 0x001C, 0x001E, 0x001F, 0x001F, 0x001F,
    0x001F, 0x001F, 0x001F, 0x001F, 0x001F, 0x001F, 0x001F, 0x001F, 0x001F, 0x001F, 0x001F, 0x001F, 0x001F, 0x001F, 0x001F, 0x001F,
    0x00BD, 0x00BD, 0x009D, 0x009D, 0x015A, 0x01F8, 0x013A, 0x011B, 0x0179, 0x0237, 0x0295, 0x0276, 0x02F4, 0x03B1, 0x0352, 0x0237,
    0x0217, 0x0218, 0x01D8, 0x01B8, 0x01B8, 0x01B8, 0x01D8, 0x0179, 0x015A, 0x007D, 0x007E, 0x009D, 0x005E, 0x001F, 0x003F, 0x001F,
    0x001F, 0x001F, 0x001F, 0x001F, 0x001F, 0x001F, 0x001F, 0x001F, 0x001F, 0x001F, 0x001F, 0x001F, 0x001F, 0x001F, 0x001F, 0x001F,
    0x001F, 0x001F, 0x001F, 0x001F, 0x001F, 0x001F, 0x001F, 0x001F, 0x001F, 0x001F, 0x001F, 0x001F, 0x001F, 0x001F, 0x001F, 0x001F,
    0x001F, 0x001F, 0x001F, 0x001F, 0x001F, 0x001F, 0x001F, 0x021F, 0x019F, 0x001F, 0x001F, 0x001F, 0x001F, 0x001F, 0x001F, 0x001F,
    0x001F, 0x001F, 0x001F, 0x001F, 0x001F, 0x001F, 0x001F, 0x001F, 0x001F, 0x001F, 0x001F, 0x001F, 0x001F, 0x001F, 0x0010, 0x0000,
    0x0000, 0x0000, 0x0000, 0x0000, 0x0000, 0x0000, 0x0000, 0x0000, 0x0000, 0x0006, 0x0003, 0x000B, 0x0019, 0x0093, 0x001F, 0x001F,
    0x001F, 0x001F, 0x0038, 0x0032, 0x0000, 0x0000, 0x0000, 0x0000, 0x0000, 0x0000, 0x0000, 0x0000, 0x0000, 0x0000, 0x0000, 0x0000,
    0x0000, 0x0000, 0x0000, 0x0000, 0x0000, 0x0000, 0x0000, 0x0000, 0x0000, 0x0000, 0x0000, 0x0000, 0x0000, 0x0000, 0x0000, 0x0000,
    0x0000, 0x0000, 0x0000, 0x0000, 0x001F, 0x001F, 0x001F, 0x001F, 0x001F, 0x001F, 0x001F, 0x001F, 0x001F, 0x001F, 0x001F, 0x001F,
    0x001F, 0x001F, 0x001F, 0x001F, 0x001F, 0x0009, 0x0000, 0x0007, 0x0000, 0x0000, 0x0000, 0x0000, 0x0000, 0x0000, 0x0000, 0x0000,
    0x0000, 0x0000, 0x0000, 0x0000, 0x0000, 0x0000, 0x0000, 0x0000, 0x0000, 0x0000, 0x0000, 0x0000, 0x0000, 0x0000, 0x0000, 0x0000,
    0x0000, 0x0000, 0x0000, 0x0000, 0x0000, 0x0000, 0x0000, 0x0000, 0x0000, 0x0000, 0x0000, 0x0000, 0x0000, 0x0000, 0x0000, 0x0000,
    0x0000, 0x0000, 0x0000, 0x0000, 0x0000, 0x0000, 0x0000, 0x0000, 0x0000, 0x0000, 0x0000, 0x0000, 0x0000, 0x0000, 0x0000, 0x0000,
    0x0000, 0x0000, 0x0000, 0x0000, 0x0000, 0x0000, 0x0000, 0x0000, 0x0000, 0x0000, 0x0000, 0x0000, 0x0000, 0x0000, 0x0000, 0x0000,
    0x0000, 0x0000, 0x0000, 0x0000, 0x0000, 0x0000, 0x0000, 0x0000, 0x0000, 0x0000, 0x0000, 0x0000, 0x0000, 0x0000, 0x0000, 0x0000,
    0x0000, 0x0000, 0x0000, 0x0000, 0x0000, 0x0000, 0x0000, 0x0000, 0x0000, 0x0000, 0x0000, 0x0000, 0x0000, 0x0000, 0x0000, 0x0000,
    0x0000, 0x0000, 0x0000, 0x0000, 0x0000, 0x0000, 0x0000, 0x0000, 0x0000, 0x0000, 0x0000, 0x0000, 0x0000, 0x0000, 0x0000, 0x0000,
    0x0000, 0x0000, 0x0000, 0x0000, 0x0000, 0x0000, 0x0000, 0x0000, 0x0000, 0x0000, 0x0000, 0x0000, 0x0000, 0x0000, 0x0000, 0x0000,
    0x0000, 0x0000, 0x0000, 0x0000, 0x0000, 0x0000, 0x0000, 0x0000, 0x0000, 0x0000, 0x0000, 0x0000, 0x0000, 0x0000, 0x0000, 0x0000,
    0x0000, 0x0000, 0x0000, 0x0000, 0x0000, 0x0000, 0x0000, 0x0000, 0x0000, 0x0000, 0x0000, 0x0000, 0x0000, 0x0000, 0x0000, 0x0000,
    0x0000, 0x0000, 0x0000, 0x0000, 0x0000, 0x0000, 0x0000, 0x0000, 0x0000, 0x0000, 0x0000, 0x0000, 0x0000, 0x0000, 0x0000, 0x0000,
    0x0000, 0x0000, 0x0000, 0x0000, 0x0000, 0x0000, 0x0000, 0x0000, 0x0000, 0x0000, 0x0000, 0x0000, 0x0000, 0x0000, 0x0000, 0x0000,
    0x0000, 0x0000, 0x0000, 0x0000, 0x0000, 0x0000, 0x0000, 0x0000, 0x0000, 0x0000, 0x0000, 0x0000, 0x0000, 0x0000, 0x0000, 0x0000,
    0x0000, 0x0000, 0x0000, 0x0000, 0x0000, 0x0002, 0x0003, 0x0005, 0x000A, 0x0013, 0x001F, 0x001F, 0x001F, 0x001F, 0x001F, 0x001F,
    0x001F, 0x001F, 0x001F, 0x001F, 0x001F, 0x001F, 0x001F, 0x001F, 0x001F, 0x001F, 0x001F, 0x001F, 0x001F, 0x001F, 0x001F, 0x001F,
    0x001F, 0x001F, 0x001F, 0x001F, 0x001F, 0x001F, 0x003F, 0x00BD, 0x007E, 0x001F, 0x001F, 0x001F, 0x001F, 0x001F, 0x001F, 0x001F,
    0x001F, 0x001F, 0x001F, 0x001F, 0x001F, 0x001F, 0x001F, 0x001F, 0x001F, 0x001F, 0x001F, 0x001F, 0x001F, 0x001F, 0x001F, 0x001F,
    0x001F, 0x001F, 0x001F, 0x001F, 0x001F, 0x001F, 0x001F, 0x001F, 0x001F, 0x001F, 0x001F, 0x001F, 0x001F, 0x001F, 0x001F, 0x001F,
    0x001F, 0x001F, 0x001F, 0x001F, 0x001F, 0x001F, 0x001F, 0x001F, 0x001F, 0x001F, 0x001F, 0x001F, 0x001F, 0x001F, 0x001F, 0x001F,
    0x001F, 0x021F, 0x019F, 0x001F, 0x001F, 0x001F, 0x001F, 0x001F, 0x001F, 0x001F, 0x001F, 0x001F, 0x001F, 0x001F, 0x001F, 0x001F,
    0x001F, 0x001F, 0x001F, 0x001F, 0x001F, 0x001F, 0x001F, 0x000D, 0x0000, 0x0000, 0x0000, 0x0000, 0x0000, 0x0000, 0x0000, 0x0000,
    0x0000, 0x0000, 0x0000, 0x0000, 0x0000, 0x0000, 0x0000, 0x0024, 0x001A, 0x001F, 0x001F, 0x001F, 0x0039, 0x0033, 0x0000, 0x0000,
    0x0000, 0x0000, 0x0000, 0x0000, 0x0000, 0x0000, 0x0000, 0x0000, 0x0000, 0x0000, 0x0000, 0x0000, 0x0000, 0x0000, 0x0000, 0x0000,
    0x0000, 0x0000, 0x0000, 0x0000, 0x0000, 0x0000, 0x0000, 0x0000, 0x0000, 0x0000, 0x0000, 0x0000, 0x0000, 0x0000,
};

const uint8_t g_wave_img_alpha[27470] = {
    0, 0, 0, 0, 0, 0, 0, 0, 0, 0, 0, 0, 0, 0, 0, 0, 0, 0, 0, 0, 0, 0, 0, 0,
    0, 0, 0, 0, 0, 0, 0, 0, 0, 0, 0, 0, 0, 0, 0, 0, 0, 0, 0, 0, 0, 0, 0, 0,
    0, 0, 0, 0, 0, 0, 0, 0, 0, 0, 0, 0, 0, 0, 0, 0, 0, 0, 0, 0, 0, 0, 0, 0,
    0, 0, 0, 0, 0, 0, 0, 0, 0, 0, 0, 0, 0, 0, 0, 0, 0, 0, 0, 0, 0, 0, 1, 1,
    1, 1, 0, 1, 1, 1, 1, 1, 1, 1, 2, 2, 2, 2, 2, 2, 2, 2, 2, 2, 2, 3, 3, 3,
    3, 3, 3, 2, 2, 2, 2, 2, 2, 2, 2, 1, 2, 2, 2, 2, 2, 2, 1, 1, 1, 1, 1, 1,
    1, 1, 1, 1, 1, 1, 1, 1, 0, 0, 1, 1, 0, 0, 0, 0, 0, 0, 0, 0, 0, 0, 0, 0,
    0, 0, 0, 0, 0, 0, 0, 0, 0, 0, 0, 0, 0, 0, 0, 0, 0, 0, 0, 0, 0, 0, 0, 0,
    0, 0, 0, 0, 0, 0, 0, 0, 0, 0, 0, 0, 0, 0, 0, 0, 0, 0, 0, 0, 0, 0, 0, 0,
    0, 0, 0, 0, 0, 0, 0, 0, 0, 0, 0, 0, 0, 0, 0, 0, 0, 0, 0, 0, 0, 0, 0, 0,
    0, 0, 0, 0, 0, 0, 0, 0, 0, 0, 0, 0, 0, 0, 0, 0, 0, 0, 0, 0, 0, 0, 0, 0,
    0, 0, 0, 0, 0, 0, 0, 0, 0, 0, 0, 0, 0, 0, 0, 0, 0, 0, 0, 0, 0, 0, 0, 0,
    0, 0, 0, 0, 0, 0, 0, 0, 0, 0, 0, 0, 0, 0, 0, 0, 0, 0, 0, 0, 0, 0, 0, 0,
    0, 0, 0, 0, 0, 0, 0, 0, 0, 0, 0, 0, 0, 0, 0, 0, 0, 0, 0, 0, 0, 0, 0, 0,
    0, 0, 0, 0, 0, 0, 0, 0, 0, 0, 0, 0, 0, 0, 0, 0, 0, 0, 0, 0, 0, 0, 0, 0,
    0, 0, 0, 0, 0, 0, 0, 0, 0, 0, 0, 0, 0, 0, 0, 0, 0, 0, 0, 0, 0, 0, 0, 0,
    0, 0, 0, 0, 0, 0, 0, 0, 0, 0, 0, 0, 0, 0, 0, 0, 0, 0, 0, 0, 0, 0, 0, 0,
    0, 0, 0, 0, 0, 0, 0, 0, 0, 0, 0, 0, 0, 0, 0, 0, 0, 0, 0, 0, 0, 0, 0, 0,
    0, 0, 0, 0, 0, 0, 0, 0, 0, 0, 0, 0, 0, 0, 0, 0, 0, 0, 0, 0, 0, 0, 0, 0,
    0, 0, 0, 0, 0, 0, 0, 0, 0, 0, 0, 0, 0, 0, 0, 0, 0, 0, 0, 0, 0, 0, 0, 0,
    0, 0, 0, 0, 0, 0, 0, 0, 0, 0, 0, 0, 0, 0, 0, 0, 0, 0, 0, 0, 0, 1, 1, 1,
    1, 1, 1, 1, 1, 2, 2, 2, 2, 2, 2, 3, 3, 3, 4, 4, 4, 4, 4, 3, 4, 4, 4, 4,
    5, 4, 4, 4, 4, 4, 4, 4, 4, 4, 4, 3, 3, 3, 3, 3, 3, 3, 3, 3, 3, 3, 3, 3,
    3, 3, 2, 2, 2, 2, 2, 2, 2, 1, 1, 1, 1, 1, 1, 1, 1, 1, 1, 0, 0, 0, 0, 0,
    0, 0, 0, 0, 0, 0, 0, 0, 0, 0, 0, 0, 0, 0, 0, 0, 0, 0, 0, 0, 0, 0, 0, 0,
    0, 0, 0, 0, 0, 0, 0, 0, 0, 0, 0, 0, 0, 0, 0, 0, 0, 0, 0, 0, 0, 0, 0, 0,
    0, 0, 0, 0, 0, 0, 0, 0, 0, 0, 0, 0, 0, 0, 0, 0, 0, 0, 0, 0, 0, 0, 0, 0,
    0, 0, 0, 0, 0, 0, 0, 0, 0, 0, 0, 0, 0, 0, 0, 0, 0, 0, 0, 0, 0, 0, 0, 0,
    0, 0, 0, 0, 0, 0, 0, 0, 0, 0, 0, 0, 0, 0, 0, 0, 0, 0, 0, 0, 0, 0, 0, 0,
    0, 0, 0, 0, 0, 0, 0, 0, 0, 0, 0, 0, 0, 0, 0, 0, 0, 0, 0, 0, 0, 0, 0, 0,
    0, 0, 0, 0, 0, 0, 0, 0, 0, 0, 0, 0, 0, 0, 0, 0, 0, 0, 0, 0, 0, 0, 0, 0,
    0, 0, 0, 0, 0, 0, 0, 0, 0, 0, 0, 0, 0, 0, 0, 0, 0, 0, 0, 0, 0, 0, 0, 0,
    0, 0, 0, 0, 0, 0, 0, 0, 0, 0, 0, 0, 0, 0, 0, 0, 0, 0, 0, 0, 0, 0, 0, 0,
    0, 0, 0, 0, 0, 0, 0, 0, 0, 0, 0, 0, 0, 0, 0, 0, 0, 0, 0, 0, 0, 0, 0, 0,
    0, 0, 0, 0, 0, 0, 0, 0, 0, 0, 0, 0, 0, 0, 0, 0, 0, 0, 0, 0, 0, 0, 0, 0,
    0, 0, 0, 0, 0, 0, 0, 0, 0, 0, 0, 0, 0, 0, 0, 0, 0, 0, 0, 0, 0, 0, 0, 0,
    0, 0, 0, 0, 0, 0, 0, 0, 0, 0, 0, 0, 0, 0, 0, 0, 0, 0, 0, 0, 0, 0, 0, 0,
    0, 0, 0, 0, 0, 0, 0, 0, 0, 0, 0, 0, 0, 0, 0, 0, 0, 0, 0, 0, 1, 1, 1, 1,
    1, 1, 2, 1, 2, 2, 3, 3, 3, 3, 3, 3, 4, 5, 5, 5, 6, 6, 6, 6, 6, 6, 7, 7,
    7, 6, 6, 6, 6, 6, 6, 7, 7, 7, 7, 7, 7, 6, 6, 6, 5, 5, 5, 5, 5, 4, 4, 4,
    4, 4, 4, 4, 4, 4, 4, 3, 3, 3, 3, 2, 2, 2, 2, 1, 1, 1, 1, 1, 1, 1, 1, 1,
    0, 0, 0, 0, 0, 0, 0, 0, 0, 0, 0, 0, 0, 0, 0, 0, 0, 0, 0, 0, 0, 0, 0, 0,
    0, 0, 0, 0, 0, 0, 0, 0, 0, 0, 0, 0, 0, 0, 0, 0, 0, 0, 0, 0, 0, 0, 0, 0,
    0, 0, 0, 0, 0, 0, 0, 0, 0, 0, 0, 0, 0, 0, 0, 0, 0, 0, 0, 0, 0, 0, 0, 0,
    0, 0, 0, 0, 0, 0, 0, 0, 0, 0, 0, 0, 0, 0, 0, 0, 0, 0, 0, 0, 0, 0, 0, 0,
    0, 0, 0, 0, 0, 0, 0, 0, 0, 0, 0, 0, 0, 0, 0, 0, 0, 0, 0, 0, 0, 0, 0, 0,
    0, 0, 0, 0, 0, 0, 0, 0, 0, 0, 0, 0, 0, 0, 0, 0, 0, 0, 0, 0, 0, 0, 0, 0,
    0, 0, 0, 0, 0, 0, 0, 0, 0, 0, 0, 0, 0, 0, 0, 0, 0, 0, 0, 0, 0, 0, 0, 0,
    0, 0, 0, 0, 0, 0, 0, 0, 0, 0, 0, 0, 0, 0, 0, 0, 0, 0, 0, 0, 0, 0, 0, 0,
    0, 0, 0, 0, 0, 0, 0, 0, 0, 0, 0, 0, 0, 0, 0, 0, 0, 0, 0, 0, 0, 0, 0, 0,
    0, 0, 0, 0, 0, 0, 0, 0, 0, 0, 0, 0, 0, 0, 0, 0, 0, 0, 0, 0, 0, 0, 0, 0,
    0, 0, 0, 0, 0, 0, 0, 0, 0, 0, 0, 0, 0, 0, 0, 0, 0, 0, 0, 0, 0, 0, 0, 0,
    0, 0, 0, 0, 0, 0, 0, 0, 0, 0, 0, 0, 0, 0, 0, 0, 0, 0, 0, 0, 0, 0, 0, 0,
    0, 0, 0, 0, 0, 0, 0, 0, 0, 0, 0, 0, 0, 0, 0, 0, 0, 0, 0, 0, 0, 0, 0, 0,
    0, 0, 0, 0, 0, 0, 0, 0, 0, 0, 0, 0, 0, 0, 0, 0, 1, 1, 1, 1, 1, 1, 1, 1,
    2, 2, 2, 3, 3, 3, 3, 4, 4, 4, 5, 5, 5, 6, 6, 7, 7, 8, 8, 9, 9, 9, 9, 9,
    9, 9, 9, 9, 8, 8, 8, 8, 9, 9, 10, 10, 10, 9, 9, 8, 8, 8, 7, 7, 7, 7, 7, 7,
    7, 6, 7, 7, 6, 6, 5, 6, 5, 5, 4, 4, 4, 4, 4, 4, 3, 3, 2, 2, 2, 1, 1, 1,
    1, 1, 1, 1, 1, 1, 0, 0, 0, 0, 0, 0, 0, 0, 0, 0, 0, 0, 0, 0, 0, 0, 0, 0,
    0, 0, 0, 0, 0, 0, 0, 0, 0, 0, 0, 0, 0, 0, 0, 0, 0, 0, 0, 0, 0, 0, 0, 0,
    0, 0, 0, 0, 0, 0, 0, 0, 0, 0, 0, 0, 0, 0, 0, 0, 0, 0, 0, 0, 0, 0, 0, 0,
    0, 0, 0, 0, 0, 0, 0, 0, 0, 0, 0, 0, 0, 0, 0, 0, 0, 0, 0, 0, 0, 0, 0, 0,
    0, 0, 0, 0, 0, 0, 0, 0, 0, 0, 0, 0, 0, 0, 0, 0, 0, 0, 0, 0, 0, 0, 0, 0,
    0, 0, 0, 0, 0, 0, 0, 0, 0, 0, 0, 0, 0, 0, 0, 0, 0, 0, 0, 0, 0, 0, 0, 0,
    0, 0, 0, 0, 0, 0, 0, 0, 0, 0, 0, 0, 0, 0, 0, 0, 0, 0, 0, 0, 0, 0, 0, 0,
    0, 0, 0, 0, 0, 0, 0, 0, 0, 0, 0, 0, 0, 0, 0, 0, 0, 0, 0, 0, 0, 0, 0, 0,
    0, 0, 0, 0, 0, 0, 0, 0, 0, 0, 0, 0, 0, 0, 0, 0, 0, 0, 0, 0, 0, 0, 0, 0,
    0, 0, 0, 0, 0, 0, 0, 0, 0, 0, 0, 0, 0, 0, 0, 0, 0, 0, 0, 0, 0, 0, 0, 0,
    0, 0, 0, 0, 0, 0, 0, 0, 0, 0, 0, 0, 0, 0, 0, 0, 0, 0, 0, 0, 0, 0, 0, 0,
    0, 0, 0, 0, 0, 0, 0, 0, 0, 0, 0, 0, 0, 0, 0, 0, 0, 0, 0, 0, 0, 0, 0, 0,
    0, 0, 0, 0, 0, 0, 0, 0, 0, 0, 0, 0, 0, 0, 0, 0, 0, 0, 0, 0, 0, 0, 0, 0,
    0, 0, 0, 0, 0, 0, 0, 0, 0, 0, 0, 0, 0, 0, 0, 1, 1, 1, 1, 2, 2, 2, 2, 3,
    3, 3, 3, 3, 4, 5, 5, 6, 6, 6, 5, 7, 7, 7, 8, 9, 10, 11, 12, 12, 13, 13, 13, 14,
    14, 13, 13, 13, 13, 12, 12, 12, 13, 13, 13, 13, 14, 14, 13, 12, 12, 12, 13, 12, 11, 11, 10, 11,
    11, 11, 11, 10, 10, 10, 9, 9, 8, 8, 7, 7, 6, 6, 6, 7, 6, 6, 5, 4, 4, 4, 4, 3,
    2, 2, 2, 2, 2, 1, 1, 1, 1, 1, 1, 1, 0, 0, 0, 0, 0, 0, 0, 0, 0, 0, 0, 0,
    0, 0, 0, 0, 0, 0, 0, 0, 0, 0, 0, 0, 0, 0, 0, 0, 0, 0, 0, 0, 0, 0, 0, 0,
    0, 0, 0, 0, 0, 0, 0, 0, 0, 0, 0, 0, 0, 0, 0, 0, 0, 0, 0, 0, 0, 0, 0, 0,
    0, 0, 0, 0, 0, 0, 0, 0, 0, 0, 0, 0, 0, 0, 0, 0, 0, 0, 0, 0, 0, 0, 0, 0,
    0, 0, 0, 0, 0, 0, 0, 0, 0, 0, 0, 0, 0, 0, 0, 0, 0, 0, 0, 0, 0, 0, 0, 0,
    0, 0, 0, 0, 0, 0, 0, 0, 0, 0, 0, 0, 0, 0, 0, 0, 0, 0, 0, 0, 0, 0, 0, 0,
    0, 0, 0, 0, 0, 0, 0, 0, 0, 0, 0, 0, 0, 0, 0, 0, 0, 0, 0, 0, 0, 0, 0, 0,
    0, 0, 0, 0, 0, 0, 0, 0, 0, 0, 0, 0, 0, 0, 0, 0, 0, 0, 0, 0, 0, 0, 0, 0,
    0, 0, 0, 0, 0, 0, 0, 0, 0, 0, 0, 0, 0, 0, 0, 0, 0, 0, 0, 0, 0, 0, 0, 0,
    0, 0, 0, 0, 0, 0, 0, 0, 0, 0, 0, 0, 0, 0, 0, 0, 0, 0, 0, 0, 0, 0, 0, 0,
    0, 0, 0, 0, 0, 0, 0, 0, 0, 0, 0, 0, 0, 0, 0, 0, 0, 0, 0, 0, 0, 0, 0, 0,
    0, 0, 0, 0, 0, 0, 0, 0, 0, 0, 0, 0, 0, 0, 0, 0, 0, 0, 0, 0, 0, 0, 0, 0,
    0, 0, 0, 0, 0, 0, 0, 0, 0, 0, 0, 0, 0, 0, 0, 0, 0, 0, 0, 0, 0, 0, 0, 0,
    0, 0, 0, 0, 0, 0, 0, 0, 0, 0, 0, 0, 0, 0, 0, 1, 1, 1, 1, 2, 3, 3, 3, 4,
    4, 4, 4, 5, 5, 6, 6, 7, 8, 9, 9, 9, 9, 10, 10, 11, 12, 13, 14, 15, 17, 18, 19, 19,
    19, 20, 20, 20, 20, 19, 19, 20, 19, 19, 19, 19, 19, 20, 20, 21, 20, 19, 18, 17, 18, 18, 17, 17,
    17, 17, 17, 16, 16, 16, 15, 15, 14, 13, 12, 12, 11, 10, 10, 9, 9, 9, 8, 8, 7, 6, 5, 6,
    6, 5, 5, 4, 4, 4, 3, 2, 2, 2, 2, 2, 1, 1, 1, 1, 1, 0, 0, 0, 0, 0, 0, 0,
    0, 0, 0, 1, 0, 0, 0, 0, 0, 0, 0, 0, 0, 0, 0, 0, 0, 0, 0, 0, 0, 0, 0, 0,
    0, 0, 0, 0, 0, 0, 0, 0, 0, 0, 0, 0, 0, 0, 0, 0, 0, 0, 0, 0, 0, 0, 0, 0,
    0, 0, 0, 0, 0, 0, 0, 0, 0, 0, 0, 0, 0, 0, 0, 0, 0, 0, 0, 0, 0, 0, 0, 0,
    0, 0, 0, 0, 0, 0, 0, 0, 0, 0, 0, 0, 0, 0, 0, 0, 0, 0, 0, 0, 0, 0, 0, 0,
    0, 0, 0, 0, 0, 0, 0, 0, 0, 0, 0, 0, 0, 0, 0, 0, 0, 0, 0, 0, 0, 0, 0, 0,
    0, 0, 0, 0, 0, 0, 0, 0, 0, 0, 0, 0, 0, 0, 0, 0, 0, 0, 0, 0, 0, 0, 0, 0,
    0, 0, 0, 0, 0, 0, 0, 0, 0, 0, 0, 0, 0, 0, 0, 0, 0, 0, 0, 0, 0, 0, 0, 0,
    0, 0, 0, 0, 0, 0, 0, 0, 0, 0, 0, 0, 0, 0, 0, 0, 0, 0, 0, 0, 0, 0, 0, 0,
    0, 0, 0, 0, 0, 0, 0, 0, 0, 0, 0, 0, 0, 0, 0, 0, 0, 0, 0, 0, 0, 0, 0, 0,
    0, 0, 0, 0, 0, 0, 0, 0, 0, 0, 0, 0, 0, 0, 0, 0, 0, 0, 0, 0, 0, 0, 0, 0,
    0, 0, 0, 0, 0, 0, 0, 0, 0, 0, 0, 0, 0, 0, 0, 0, 0, 0, 0, 0, 0, 0, 0, 0,
    0, 0, 0, 0, 0, 0, 0, 0, 0, 0, 0, 0, 0, 0, 0, 0, 0, 0, 0, 0, 0, 0, 0, 0,
    0, 0, 0, 0, 0, 0, 0, 0, 0, 0, 0, 0, 0, 0, 0, 1, 1, 2, 2, 2, 3, 4, 5, 5,
    5, 6, 6, 6, 7, 8, 9, 9, 10, 11, 12, 13, 14, 13, 14, 14, 16, 16, 17, 18, 19, 21, 23, 25,
    26, 26, 27, 28, 28, 28, 27, 26, 27, 28, 26, 26, 26, 26, 26, 27, 27, 28, 29, 27, 25, 24, 24, 24,
    24, 23, 23, 23, 22, 21, 21, 21, 20, 19, 18, 17, 17, 16, 15, 15, 14, 13, 13, 12, 11, 10, 10, 9,
    8, 8, 8, 8, 7, 7, 6, 6, 4, 4, 3, 3, 3, 2, 2, 2, 2, 2, 1, 1, 1, 0, 0, 0,
    0, 0, 0, 0, 0, 0, 0, 0, 0, 0, 0, 0, 0, 0, 0, 0, 0, 0, 0, 0, 0, 0, 0, 0,
    0, 0, 0, 0, 0, 0, 0, 0, 0, 0, 0, 0, 0, 0, 0, 0, 0, 0, 0, 0, 0, 0, 0, 0,
    0, 0, 0, 0, 0, 0, 0, 0, 0, 0, 0, 0, 0, 0, 0, 0, 0, 0, 0, 0, 0, 0, 0, 0,
    0, 0, 0, 0, 0, 0, 0, 0, 0, 0, 0, 0, 0, 0, 0, 0, 0, 0, 0, 0, 0, 0, 0, 0,
    0, 0, 0, 0, 0, 0, 0, 0, 0, 0, 0, 0, 0, 0, 0, 0, 0, 0, 0, 0, 0, 0, 0, 0,
    0, 0, 0, 0, 0, 0, 0, 0, 0, 0, 0, 0, 0, 0, 0, 0, 0, 0, 0, 0, 0, 0, 0, 0,
    0, 0, 0, 0, 0, 0, 0, 0, 0, 0, 0, 0, 0, 0, 0, 0, 0, 0, 0, 0, 0, 0, 0, 0,
    0, 0, 0, 0, 0, 0, 0, 0, 0, 0, 0, 0, 0, 0, 0, 0, 0, 0, 0, 0, 0, 0, 0, 0,
    0, 0, 0, 0, 0, 0, 0, 0, 0, 0, 0, 0, 0, 0, 0, 0, 0, 0, 0, 0, 0, 0, 0, 0,
    0, 0, 0, 0, 0, 0, 0, 0, 0, 0, 0, 0, 0, 0, 0, 0, 0, 0, 0, 0, 0, 0, 0, 0,
    0, 0, 0, 0, 0, 0, 0, 0, 0, 0, 0, 0, 0, 0, 0, 0, 0, 0, 0, 0, 0, 0, 0, 0,
    0, 0, 0, 0, 0, 0, 0, 0, 0, 0, 0, 0, 0, 0, 0, 0, 0, 0, 0, 0, 0, 0, 0, 0,
    0, 0, 0, 0, 0, 0, 0, 0, 0, 0, 0, 1, 1, 1, 1, 1, 2, 2, 3, 3, 4, 4, 5, 6,
    7, 8, 8, 8, 9, 9, 10, 12, 13, 14, 16, 18, 18, 19, 20, 20, 20, 21, 23, 23, 24, 26, 28, 30,
    31, 33, 37, 38, 38, 38, 38, 37, 36, 35, 35, 36, 35, 35, 35, 36, 36, 36, 36, 37, 37, 37, 35, 33,
    32, 32, 31, 30, 29, 28, 27, 26, 26, 25, 24, 23, 22, 21, 21, 20, 20, 20, 20, 18, 17, 16, 15, 14,
    14, 13, 12, 11, 11, 11, 10, 9, 9, 8, 7, 6, 6, 5, 4, 4, 4, 4, 3, 3, 3, 2, 2, 1,
    1, 1, 1, 1, 0, 0, 0, 0, 0, 0, 0, 0, 0, 0, 0, 0, 0, 0, 0, 0, 0, 0, 0, 0,
    0, 0, 0, 0, 0, 0, 0, 0, 0, 0, 0, 0, 0, 0, 0, 0, 0, 0, 0, 0, 0, 0, 0, 0,
    0, 0, 0, 0, 0, 0, 0, 0, 0, 0, 0, 0, 0, 0, 0, 0, 0, 0, 0, 0, 0, 0, 0, 0,
    0, 0, 0, 0, 0, 0, 0, 0, 0, 0, 0, 0, 0, 0, 0, 0, 0, 0, 0, 0, 0, 0, 0, 0,
    0, 0, 0, 0, 0, 0, 0, 0, 0, 0, 0, 0, 0, 0, 0, 0, 0, 0, 0, 0, 0, 0, 0, 0,
    0, 0, 0, 0, 0, 0, 0, 0, 0, 0, 0, 0, 0, 0, 0, 0, 0, 0, 0, 0, 0, 0, 0, 0,
    0, 0, 0, 0, 0, 0, 0, 0, 0, 0, 0, 0, 0, 0, 0, 0, 0, 0, 0, 0, 0, 0, 0, 0,
    0, 0, 0, 0, 0, 0, 0, 0, 0, 0, 0, 0, 0, 0, 0, 0, 0, 0, 0, 0, 0, 0, 0, 0,
    0, 0, 0, 0, 0, 0, 0, 0, 0, 0, 0, 0, 0, 0, 0, 0, 0, 0, 0, 0, 0, 0, 0, 0,
    0, 0, 0, 0, 0, 0, 0, 0, 0, 0, 0, 0, 0, 0, 0, 0, 0, 0, 0, 0, 0, 0, 0, 0,
    0, 0, 0, 0, 0, 0, 0, 0, 0, 0, 0, 0, 0, 0, 0, 0, 0, 0, 0, 0, 0, 0, 0, 0,
    0, 0, 0, 0, 0, 0, 0, 0, 0, 0, 0, 0, 0, 0, 0, 0, 0, 0, 0, 0, 0, 0, 0, 0,
    0, 0, 0, 0, 0, 0, 0, 0, 0, 1, 1, 1, 1, 1, 1, 2, 2, 3, 4, 4, 5, 5, 6, 7,
    8, 9, 10, 11, 12, 12, 13, 13, 15, 18, 19, 22, 25, 27, 27, 27, 30, 32, 33, 34, 36, 37, 39, 42,
    44, 46, 48, 50, 54, 57, 59, 60, 60, 57, 56, 56, 56, 56, 57, 57, 56, 54, 53, 53, 53, 55, 56, 56,
    53, 50, 49, 46, 43, 41, 40, 40, 38, 37, 36, 35, 33, 31, 30, 29, 28, 27, 27, 26, 26, 24, 22, 21,
    20, 19, 19, 18, 17, 16, 15, 15, 14, 13, 12, 11, 11, 10, 9, 8, 7, 6, 6, 6, 6, 5, 4, 4,
    3, 2, 2, 2, 1, 1, 1, 1, 1, 1, 0, 0, 0, 0, 0, 0, 0, 0, 0, 0, 0, 0, 0, 0,
    0, 0, 0, 0, 0, 0, 0, 0, 0, 0, 0, 0, 0, 0, 0, 0, 0, 0, 0, 0, 0, 0, 0, 0,
    0, 0, 0, 0, 0, 0, 0, 0, 0, 0, 0, 0, 0, 0, 0, 0, 0, 0, 0, 0, 0, 0, 0, 0,
    0, 0, 0, 0, 0, 0, 0, 0, 0, 0, 0, 0, 0, 0, 0, 0, 0, 0, 0, 0, 0, 0, 0, 0,
    0, 0, 0, 0, 0, 0, 0, 0, 0, 0, 0, 0, 0, 0, 0, 0, 0, 0, 0, 0, 0, 0, 0, 0,
    0, 0, 0, 0, 0, 0, 0, 0, 0, 0, 0, 0, 0, 0, 0, 0, 0, 0, 0, 0, 0, 0, 0, 0,
    0, 0, 0, 0, 0, 0, 0, 0, 0, 0, 0, 0, 0, 0, 0, 0, 0, 0, 0, 0, 0, 0, 0, 0,
    0, 0, 0, 0, 0, 0, 0, 0, 0, 0, 0, 0, 0, 0, 0, 0, 0, 0, 0, 0, 0, 0, 0, 0,
    0, 0, 0, 0, 0, 0, 0, 0, 0, 0, 0, 0, 0, 0, 0, 0, 0, 0, 0, 0, 0, 0, 0, 0,
    0, 0, 0, 0, 0, 0, 0, 0, 0, 0, 0, 0, 0, 0, 0, 0, 0, 0, 0, 0, 0, 0, 0, 0,
    0, 0, 0, 0, 0, 0, 0, 0, 0, 0, 0, 0, 0, 0, 0, 0, 0, 0, 0, 0, 0, 0, 0, 0,
    0, 0, 0, 0, 0, 0, 0, 0, 0, 0, 0, 0, 0, 0, 0, 0, 0, 0, 0, 0, 0, 0, 0, 0,
    0, 0, 0, 0, 0, 0, 0, 0, 0, 1, 1, 1, 1, 1, 1, 2, 2, 2, 4, 5, 6, 6, 7, 9,
    9, 11, 11, 13, 15, 17, 17, 18, 19, 21, 22, 26, 31, 36, 41, 43, 42, 43, 50, 55, 58, 61, 64, 70,
    74, 79, 82, 84, 89, 92, 96, 105, 114, 119, 119, 114, 114, 116, 117, 119, 118, 118, 114, 104, 95, 96, 96, 94,
    96, 99, 93, 84, 79, 73, 68, 63, 61, 62, 60, 58, 56, 55, 52, 50, 48, 44, 40, 38, 37, 36, 34, 32,
    30, 29, 28, 27, 26, 24, 22, 21, 20, 20, 18, 18, 16, 15, 15, 14, 13, 12, 10, 9, 8, 9, 7, 6,
    6, 5, 4, 3, 3, 3, 2, 2, 2, 2, 1, 1, 1, 1, 1, 1, 0, 0, 0, 0, 0, 0, 0, 0,
    0, 0, 0, 0, 0, 0, 0, 0, 0, 0, 0, 0, 0, 0, 0, 0, 0, 0, 0, 0, 0, 0, 0, 0,
    0, 0, 0, 0, 0, 0, 0, 0, 0, 0, 0, 0, 0, 0, 0, 0, 0, 0, 0, 0, 0, 0, 0, 0,
    0, 0, 0, 0, 0, 0, 0, 0, 0, 0, 0, 0, 0, 0, 0, 0, 0, 0, 0, 0, 0, 0, 0, 0,
    0, 0, 0, 0, 0, 0, 0, 0, 0, 0, 0, 0, 0, 0, 0, 0, 0, 0, 0, 0, 0, 0, 0, 0,
    0, 0, 0, 0, 0, 0, 0, 0, 0, 0, 0, 0, 0, 0, 0, 0, 0, 0, 0, 0, 0, 0, 0, 0,
    0, 0, 0, 0, 0, 0, 0, 0, 0, 0, 0, 0, 0, 0, 0, 0, 0, 0, 0, 0, 0, 0, 0, 0,
    0, 0, 0, 0, 0, 0, 0, 0, 0, 0, 0, 0, 0, 0, 0, 0, 0, 0, 0, 0, 0, 0, 0, 0,
    0, 0, 0, 0, 0, 0, 0, 0, 0, 0, 0, 0, 0, 0, 0, 0, 0, 0, 0, 0, 0, 0, 0, 0,
    0, 0, 0, 0, 0, 0, 0, 0, 0, 0, 0, 0, 0, 0, 0, 0, 0, 0, 0, 0, 0, 0, 0, 0,
    0, 0, 0, 0, 0, 0, 0, 0, 0, 0, 0, 0, 0, 0, 0, 0, 0, 0, 0, 0, 0, 0, 0, 0,
    0, 0, 0, 0, 0, 0, 0, 0, 0, 0, 0, 0, 0, 0, 0, 0, 0, 0, 0, 0, 0, 0, 0, 0,
    0, 0, 0, 0, 0, 0, 0, 1, 0, 1, 1, 1, 2, 2, 2, 2, 3, 3, 3, 3, 5, 6, 8, 9,
    10, 11, 13, 15, 17, 20, 22, 24, 25, 28, 33, 37, 41, 48, 58, 72, 81, 86, 91, 99, 113, 126, 137, 144,
    152, 165, 174, 182, 189, 194, 199, 203, 208, 214, 220, 224, 225, 225, 226, 226, 228, 227, 226, 226, 225, 220, 213, 213,
    210, 205, 203, 204, 196, 187, 181, 174, 166, 160, 156, 148, 141, 134, 119, 103, 98, 92, 86, 80, 73, 61, 53, 50,
    46, 41, 39, 38, 36, 35, 34, 31, 28, 26, 25, 24, 23, 23, 20, 19, 18, 18, 17, 15, 13, 12, 11, 11,
    9, 8, 8, 7, 6, 5, 4, 4, 3, 3, 3, 2, 2, 1, 1, 1, 1, 1, 1, 1, 0, 0, 0, 1,
    0, 0, 0, 0, 0, 0, 0, 0, 0, 0, 0, 0, 0, 0, 0, 0, 0, 0, 0, 0, 0, 0, 0, 0,
    0, 0, 0, 0, 0, 0, 0, 0, 0, 0, 0, 0, 0, 0, 0, 0, 0, 0, 0, 0, 0, 0, 0, 0,
    0, 0, 0, 0, 0, 0, 0, 0, 0, 0, 0, 0, 0, 0, 0, 0, 0, 0, 0, 0, 0, 0, 0, 0,
    0, 0, 0, 0, 0, 0, 0, 0, 0, 0, 0, 0, 0, 0, 0, 0, 0, 0, 0, 0, 0, 0, 0, 0,
    0, 0, 0, 0, 0, 0, 0, 0, 0, 0, 0, 0, 0, 0, 0, 0, 0, 0, 0, 0, 0, 0, 0, 0,
    0, 0, 0, 0, 0, 0, 0, 0, 0, 0, 0, 0, 0, 0, 0, 0, 0, 0, 0, 0, 0, 0, 0, 0,
    0, 0, 0, 0, 0, 0, 0, 0, 0, 0, 0, 0, 0, 0, 0, 0, 0, 0, 0, 0, 0, 0, 0, 0,
    0, 0, 0, 0, 0, 0, 0, 0, 0, 0, 0, 0, 0, 0, 0, 0, 0, 0, 0, 0, 0, 0, 0, 0,
    0, 0, 0, 0, 0, 0, 0, 0, 0, 0, 0, 0, 0, 0, 0, 0, 0, 0, 0, 0, 0, 0, 0, 0,
    0, 0, 0, 0, 0, 0, 0, 0, 0, 0, 0, 0, 0, 0, 0, 0, 0, 0, 0, 0, 0, 0, 0, 0,
    0, 0, 0, 0, 0, 0, 0, 0, 0, 0, 0, 0, 0, 0, 0, 0, 0, 0, 0, 0, 0, 0, 0, 0,
    0, 0, 0, 0, 0, 0, 0, 0, 1, 1, 2, 2, 3, 3, 3, 3, 4, 4, 4, 5, 5, 6, 8, 9,
    11, 13, 15, 16, 19, 24, 29, 34, 37, 41, 44, 52, 67, 79, 90, 103, 124, 148, 162, 172, 190, 203, 214, 226,
    238, 242, 247, 253, 255, 255, 255, 255, 255, 255, 255, 255, 255, 255, 255, 255, 255, 255, 255, 255, 255, 255, 255, 255,
    255, 255, 255, 255, 255, 255, 255, 255, 255, 255, 253, 251, 249, 242, 236, 231, 214, 190, 178, 165, 150, 139, 127, 103,
    85, 81, 71, 60, 57, 55, 53, 51, 48, 45, 39, 36, 34, 32, 30, 29, 26, 24, 24, 23, 21, 19, 18, 17,
    15, 14, 13, 12, 11, 10, 9, 7, 7, 6, 5, 5, 5, 4, 3, 3, 2, 2, 1, 1, 1, 1, 1, 1,
    1, 1, 0, 0, 0, 0, 0, 0, 0, 0, 0, 0, 0, 0, 0, 0, 0, 0, 0, 0, 0, 0, 0, 0,
    0, 0, 0, 0, 0, 0, 0, 0, 0, 0, 0, 0, 0, 0, 0, 0, 0, 0, 0, 0, 0, 0, 0, 0,
    0, 0, 0, 0, 0, 0, 0, 0, 0, 0, 0, 0, 0, 0, 0, 0, 0, 0, 0, 0, 0, 0, 0, 0,
    0, 0, 0, 0, 0, 0, 0, 0, 0, 0, 0, 0, 0, 0, 0, 0, 0, 0, 0, 0, 0, 0, 0, 0,
    0, 0, 0, 0, 0, 0, 0, 0, 0, 0, 0, 0, 0, 0, 0, 0, 0, 0, 0, 0, 0, 0, 0, 0,
    0, 0, 0, 0, 0, 0, 0, 0, 0, 0, 0, 0, 0, 0, 0, 0, 0, 0, 0, 0, 0, 0, 0, 0,
    0, 0, 0, 0, 0, 0, 0, 0, 0, 0, 0, 0, 0, 0, 0, 0, 0, 0, 0, 0, 0, 0, 0, 0,
    0, 0, 0, 0, 0, 0, 0, 0, 0, 0, 0, 0, 0, 0, 0, 0, 0, 0, 0, 0, 0, 0, 0, 0,
    0, 0, 0, 0, 0, 0, 0, 0, 0, 0, 0, 0, 0, 0, 0, 0, 0, 0, 0, 0, 0, 0, 0, 0,
    0, 0, 0, 0, 0, 0, 0, 0, 0, 0, 0, 0, 0, 0, 0, 0, 0, 0, 0, 0, 0, 0, 0, 0,
    0, 0, 0, 0, 0, 0, 0, 0, 0, 0, 0, 0, 0, 0, 0, 0, 0, 0, 0, 0, 0, 0, 0, 0,
    0, 0, 0, 0, 0, 0, 0, 1, 1, 1, 1, 1, 2, 3, 5, 5, 5, 5, 6, 7, 8, 9, 11, 12,
    14, 16, 19, 22, 26, 32, 41, 51, 58, 66, 79, 96, 115, 135, 161, 182, 199, 212, 227, 238, 244, 248, 252, 253,
    253, 253, 254, 253, 253, 253, 252, 252, 252, 252, 252, 252, 252, 252, 253, 253, 253, 253, 253, 253, 253, 253, 253, 252,
    252, 252, 252, 252, 252, 252, 252, 251, 252, 252, 251, 252, 252, 252, 251, 251, 252, 252, 253, 252, 248, 244, 238, 228,
    213, 189, 165, 148, 130, 109, 100, 94, 83, 76, 73, 68, 62, 56, 51, 44, 41, 40, 37, 35, 34, 32, 29, 27,
    26, 23, 21, 20, 18, 17, 15, 14, 12, 11, 11, 10, 8, 8, 7, 6, 5, 4, 3, 3, 3, 2, 2, 1,
    2, 1, 1, 1, 1, 0, 0, 0, 0, 0, 0, 0, 0, 0, 0, 0, 0, 0, 0, 0, 0, 0, 0, 0,
    0, 0, 0, 0, 0, 0, 0, 0, 0, 0, 0, 0, 0, 0, 0, 0, 0, 0, 0, 0, 0, 0, 0, 0,
    0, 0, 0, 0, 0, 0, 0, 0, 0, 0, 0, 0, 0, 0, 0, 0, 0, 0, 0, 0, 0, 0, 0, 0,
    0, 0, 0, 0, 0, 0, 0, 0, 0, 0, 0, 0, 0, 0, 0, 0, 0, 0, 0, 0, 0, 0, 0, 0,
    0, 0, 0, 0, 0, 0, 0, 0, 0, 0, 0, 0, 0, 0, 0, 0, 0, 0, 0, 0, 0, 0, 0, 0,
    0, 0, 0, 0, 0, 0, 0, 0, 0, 0, 0, 0, 0, 0, 0, 0, 0, 0, 0, 0, 0, 0, 0, 0,
    0, 0, 0, 0, 0, 0, 0, 0, 0, 0, 0, 0, 0, 0, 0, 0, 0, 0, 0, 0, 0, 0, 0, 0,
    0, 0, 0, 0, 0, 0, 0, 0, 0, 0, 0, 0, 0, 0, 0, 0, 0, 0, 0, 0, 0, 0, 0, 0,
    0, 0, 0, 0, 0, 0, 0, 0, 0, 0, 0, 0, 0, 0, 0, 0, 0, 0, 0, 0, 0, 0, 0, 0,
    0, 0, 0, 0, 0, 0, 0, 0, 0, 0, 0, 0, 0, 0, 0, 0, 0, 0, 0, 0, 0, 0, 0, 0,
    0, 0, 0, 0, 0, 0, 0, 0, 0, 0, 0, 0, 0, 0, 0, 0, 0, 0, 0, 0, 0, 0, 0, 0,
    0, 0, 0, 0, 0, 0, 0, 1, 1, 1, 1, 1, 2, 3, 4, 5, 6, 7, 8, 9, 10, 11, 14, 17,
    21, 25, 29, 35, 42, 51, 63, 88, 117, 140, 159, 176, 195, 214, 228, 240, 246, 251, 253, 253, 251, 249, 248, 249,
    249, 250, 249, 250, 250, 250, 250, 250, 250, 250, 251, 251, 251, 252, 252, 252, 252, 251, 251, 252, 252, 251, 251, 251,
    251, 251, 250, 250, 250, 250, 250, 251, 251, 251, 251, 251, 251, 251, 251, 250, 250, 250, 250, 250, 250, 251, 251, 251,
    253, 253, 254, 253, 249, 241, 231, 215, 206, 196, 177, 158, 145, 130, 115, 104, 93, 80, 71, 65, 55, 48, 46, 42,
    38, 36, 33, 30, 28, 26, 24, 22, 21, 20, 18, 16, 15, 14, 12, 11, 10, 8, 7, 6, 5, 4, 4, 3,
    3, 2, 2, 2, 1, 1, 1, 1, 1, 0, 0, 1, 1, 0, 0, 0, 0, 0, 0, 0, 0, 0, 0, 0,
    0, 0, 0, 0, 0, 0, 0, 0, 0, 0, 0, 0, 0, 0, 0, 0, 0, 0, 0, 0, 0, 0, 0, 0,
    0, 0, 0, 0, 0, 0, 0, 0, 0, 0, 0, 0, 0, 0, 0, 0, 0, 0, 0, 0, 0, 0, 0, 0,
    0, 0, 0, 0, 0, 0, 0, 0, 0, 0, 0, 0, 0, 0, 0, 0, 0, 0, 0, 0, 0, 0, 0, 0,
    0, 0, 0, 0, 0, 0, 0, 0, 0, 0, 0, 0, 0, 0, 0, 0, 0, 0, 0, 0, 0, 0, 0, 0,
    0, 0, 0, 0, 0, 0, 0, 0, 0, 0, 0, 0, 0, 0, 0, 0, 0, 0, 0, 0, 0, 0, 0, 0,
    0, 0, 0, 0, 0, 0, 0, 0, 0, 0, 0, 0, 0, 0, 0, 0, 0, 0, 0, 0, 0, 0, 0, 0,
    0, 0, 0, 0, 0, 0, 0, 0, 0, 0, 0, 0, 0, 0, 0, 0, 0, 0, 0, 0, 0, 0, 0, 0,
    0, 0, 0, 0, 0, 0, 0, 0, 0, 0, 0, 0, 0, 0, 0, 0, 0, 0, 0, 0, 0, 0, 0, 0,
    0, 0, 0, 0, 0, 0, 0, 0, 0, 0, 0, 0, 0, 0, 0, 0, 0, 0, 0, 0, 0, 0, 0, 0,
    0, 0, 0, 0, 0, 0, 0, 0, 0, 0, 0, 0, 0, 0, 0, 0, 0, 0, 0, 0, 0, 0, 0, 0,
    0, 0, 0, 0, 0, 0, 0, 1, 1, 1, 1, 1, 2, 2, 3, 5, 6, 7, 9, 9, 10, 13, 16, 20,
    27, 34, 43, 54, 71, 95, 126, 147, 173, 211, 234, 246, 252, 255, 255, 255, 254, 252, 251, 251, 250, 249, 247, 245,
    245, 246, 247, 248, 248, 248, 248, 248, 249, 249, 249, 249, 249, 250, 250, 250, 250, 251, 251, 250, 250, 251, 250, 249,
    249, 248, 249, 249, 248, 248, 248, 248, 248, 249, 249, 250, 250, 250, 249, 249, 249, 250, 250, 249, 249, 249, 250, 251,
    250, 250, 251, 251, 251, 252, 253, 254, 255, 255, 255, 255, 255, 252, 242, 228, 211, 191, 169, 148, 131, 113, 87, 69,
    63, 57, 51, 48, 45, 43, 39, 35, 32, 29, 28, 27, 25, 23, 20, 18, 16, 14, 12, 10, 9, 8, 7, 7,
    7, 6, 5, 4, 3, 3, 3, 2, 1, 1, 1, 1, 0, 1, 1, 1, 1, 1, 0, 0, 0, 0, 0, 0,
    0, 0, 0, 0, 0, 0, 0, 0, 0, 0, 0, 0, 0, 0, 0, 0, 0, 0, 0, 0, 0, 0, 0, 0,
    0, 0, 0, 0, 0, 0, 0, 0, 0, 0, 0, 0, 0, 0, 0, 0, 0, 0, 0, 0, 0, 0, 0, 0,
    0, 0, 0, 0, 0, 0, 0, 0, 0, 0, 0, 0, 0, 0, 0, 0, 0, 0, 0, 0, 0, 0, 0, 0,
    0, 0, 0, 0, 0, 0, 0, 0, 0, 0, 0, 0, 0, 0, 0, 0, 0, 0, 0, 0, 0, 0, 0, 0,
    0, 0, 0, 0, 0, 0, 0, 0, 0, 0, 0, 0, 0, 0, 0, 0, 0, 0, 0, 0, 0, 0, 0, 0,
    0, 0, 0, 0, 0, 0, 0, 0, 0, 0, 0, 0, 0, 0, 0, 0, 0, 0, 0, 0, 0, 0, 0, 0,
    0, 0, 0, 0, 0, 0, 0, 0, 0, 0, 0, 0, 0, 0, 0, 0, 0, 0, 0, 0, 0, 0, 0, 0,
    0, 0, 0, 0, 0, 0, 0, 0, 0, 0, 0, 0, 0, 0, 0, 0, 0, 0, 0, 0, 0, 0, 0, 0,
    0, 0, 0, 0, 0, 0, 0, 0, 0, 0, 0, 0, 0, 0, 0, 0, 0, 0, 0, 0, 0, 0, 0, 0,
    0, 0, 0, 0, 0, 0, 0, 0, 0, 0, 0, 0, 0, 0, 0, 0, 0, 0, 0, 0, 0, 0, 0, 0,
    0, 0, 0, 0, 0, 0, 0, 0, 1, 1, 1, 2, 2, 3, 3, 5, 6, 8, 10, 13, 16, 19, 22, 27,
    34, 50, 70, 92, 118, 148, 179, 212, 240, 250, 254, 255, 255, 253, 251, 250, 250, 250, 249, 249, 249, 249, 248, 248,
    246, 244, 244, 245, 247, 248, 248, 247, 247, 248, 248, 248, 248, 249, 249, 249, 249, 249, 250, 250, 249, 250, 250, 250,
    249, 248, 247, 247, 247, 247, 247, 247, 246, 246, 246, 248, 248, 249, 249, 249, 248, 249, 249, 249, 249, 248, 248, 248,
    249, 250, 250, 250, 251, 251, 251, 251, 252, 252, 253, 253, 252, 253, 253, 253, 254, 253, 253, 248, 239, 221, 197, 171,
    139, 111, 89, 80, 75, 71, 66, 62, 55, 49, 43, 39, 37, 36, 33, 30, 27, 24, 22, 19, 17, 15, 13, 12,
    12, 11, 10, 8, 7, 6, 5, 5, 4, 3, 3, 2, 2, 1, 1, 1, 1, 1, 1, 1, 0, 0, 0, 0,
    0, 0, 0, 0, 0, 0, 0, 0, 0, 0, 0, 0, 0, 0, 0, 0, 0, 0, 0, 0, 0, 0, 0, 0,
    0, 0, 0, 0, 0, 0, 0, 0, 0, 0, 0, 0, 0, 0, 0, 0, 0, 0, 0, 0, 0, 0, 0, 0,
    0, 0, 0, 0, 0, 0, 0, 0, 0, 0, 0, 0, 0, 0, 0, 0, 0, 0, 0, 0, 0, 0, 0, 0,
    0, 0, 0, 0, 0, 0, 0, 0, 0, 0, 0, 0, 0, 0, 0, 0, 0, 0, 0, 0, 0, 0, 0, 0,
    0, 0, 0, 0, 0, 0, 0, 0, 0, 0, 0, 0, 0, 0, 0, 0, 0, 0, 0, 0, 0, 0, 0, 0,
    0, 0, 0, 0, 0, 0, 0, 0, 0, 0, 0, 0, 0, 0, 0, 0, 0, 0, 0, 0, 0, 0, 0, 0,
    0, 0, 0, 0, 0, 0, 0, 0, 0, 0, 0, 0, 0, 0, 0, 0, 0, 0, 0, 0, 0, 0, 0, 0,
    0, 0, 0, 0, 0, 0, 0, 0, 0, 0, 0, 0, 0, 0, 0, 0, 0, 0, 0, 0, 0, 0, 0, 0,
    0, 0, 0, 0, 0, 0, 0, 0, 0, 0, 0, 0, 0, 0, 0, 0, 0, 0, 0, 0, 0, 0, 0, 0,
    0, 0, 0, 0, 0, 0, 0, 0, 0, 0, 0, 0, 0, 0, 0, 0, 0, 0, 0, 0, 0, 0, 0, 0,
    0, 0, 0, 0, 0, 0, 0, 0, 0, 1, 1, 1, 2, 3, 4, 5, 8, 11, 15, 19, 24, 32, 43, 55,
    68, 82, 109, 160, 194, 219, 238, 248, 251, 252, 251, 250, 249, 249, 249, 250, 249, 248, 248, 248, 248, 248, 247, 246,
    245, 244, 241, 239, 238, 240, 242, 242, 242, 242, 241, 242, 243, 242, 242, 244, 245, 246, 246, 247, 248, 248, 248, 249,
    249, 248, 247, 246, 246, 245, 245, 245, 245, 245, 244, 244, 245, 246, 246, 247, 247, 247, 247, 247, 247, 247, 247, 247,
    246, 246, 247, 248, 249, 249, 249, 249, 249, 250, 251, 252, 252, 251, 251, 251, 251, 252, 252, 251, 251, 251, 252, 253,
    250, 243, 233, 214, 175, 144, 129, 118, 109, 96, 85, 77, 66, 57, 52, 48, 43, 39, 36, 33, 30, 27, 24, 22,
    20, 17, 16, 15, 14, 12, 10, 9, 8, 7, 5, 5, 5, 4, 3, 2, 2, 1, 1, 1, 1, 1, 1, 0,
    0, 0, 0, 0, 0, 0, 0, 0, 0, 0, 0, 0, 0, 0, 0, 0, 0, 0, 0, 0, 0, 0, 0, 0,
    0, 0, 0, 0, 0, 0, 0, 0, 0, 0, 0, 0, 0, 0, 0, 0, 0, 0, 0, 0, 0, 0, 0, 0,
    0, 0, 0, 0, 0, 0, 0, 0, 0, 0, 0, 0, 0, 0, 0, 0, 0, 0, 0, 0, 0, 0, 0, 0,
    0, 0, 0, 0, 0, 0, 0, 0, 0, 0, 0, 0, 0, 0, 0, 0, 0, 0, 0, 0, 0, 0, 0, 0,
    0, 0, 0, 0, 0, 0, 0, 0, 0, 0, 0, 0, 0, 0, 0, 0, 0, 0, 0, 0, 0, 0, 0, 0,
    0, 0, 0, 0, 0, 0, 0, 0, 0, 0, 0, 0, 0, 0, 0, 0, 0, 0, 0, 0, 0, 0, 0, 0,
    0, 0, 0, 0, 0, 0, 0, 0, 0, 0, 0, 0, 0, 0, 0, 0, 0, 0, 0, 0, 0, 0, 0, 0,
    0, 0, 0, 0, 0, 0, 0, 0, 0, 0, 0, 0, 0, 0, 0, 0, 0, 0, 0, 0, 0, 0, 0, 0,
    0, 0, 0, 0, 0, 0, 0, 0, 0, 0, 0, 0, 0, 0, 0, 0, 0, 0, 0, 0, 0, 0, 0, 0,
    0, 0, 0, 0, 0, 0, 0, 0, 0, 0, 0, 0, 0, 0, 0, 0, 0, 0, 0, 0, 0, 0, 0, 0,
    0, 0, 0, 0, 0, 1, 0, 0, 1, 1, 1, 1, 1, 2, 3, 4, 7, 10, 17, 29, 40, 51, 72, 98,
    126, 156, 183, 205, 229, 249, 252, 250, 247, 245, 242, 241, 240, 241, 240, 239, 237, 234, 231, 228, 225, 224, 224, 222,
    219, 217, 215, 214, 212, 211, 210, 209, 208, 208, 210, 212, 213, 215, 216, 217, 215, 214, 218, 221, 223, 226, 228, 231,
    233, 238, 241, 241, 239, 237, 237, 236, 238, 239, 241, 240, 239, 240, 240, 241, 242, 242, 243, 243, 242, 243, 243, 243,
    243, 243, 243, 243, 243, 244, 244, 245, 245, 245, 245, 247, 248, 249, 249, 249, 249, 249, 249, 249, 249, 249, 250, 250,
    250, 250, 250, 251, 253, 255, 255, 247, 233, 219, 203, 175, 152, 137, 113, 92, 82, 71, 58, 50, 45, 43, 40, 35,
    31, 28, 26, 24, 22, 20, 19, 17, 15, 13, 12, 10, 8, 7, 6, 5, 5, 3, 3, 3, 2, 2, 1, 1,
    1, 0, 0, 0, 0, 0, 0, 0, 0, 0, 0, 0, 0, 0, 0, 0, 0, 0, 0, 0, 0, 0, 0, 0,
    0, 0, 0, 0, 0, 0, 0, 0, 0, 0, 0, 0, 0, 0, 0, 0, 0, 0, 0, 0, 0, 0, 0, 0,
    0, 0, 0, 0, 0, 0, 0, 0, 0, 0, 0, 0, 0, 0, 0, 0, 0, 0, 0, 0, 0, 0, 0, 0,
    0, 0, 0, 0, 0, 0, 0, 0, 0, 0, 0, 0, 0, 0, 0, 0, 0, 0, 0, 0, 0, 0, 0, 0,
    0, 0, 0, 0, 0, 0, 0, 0, 0, 0, 0, 0, 0, 0, 0, 0, 0, 0, 0, 0, 0, 0, 0, 0,
    0, 0, 0, 0, 0, 0, 0, 0, 0, 0, 0, 0, 0, 0, 0, 0, 0, 0, 0, 0, 0, 0, 0, 0,
    0, 0, 0, 0, 0, 0, 0, 0, 0, 0, 0, 0, 0, 0, 0, 0, 0, 0, 0, 0, 0, 0, 0, 0,
    0, 0, 0, 0, 0, 0, 0, 0, 0, 0, 0, 0, 0, 0, 0, 0, 0, 0, 0, 0, 0, 0, 0, 0,
    0, 0, 0, 0, 0, 0, 0, 0, 0, 0, 0, 0, 0, 0, 0, 0, 0, 0, 0, 0, 0, 0, 0, 0,
    0, 0, 0, 0, 0, 0, 0, 0, 0, 0, 0, 0, 0, 0, 0, 0, 0, 0, 0, 0, 0, 0, 0, 0,
    0, 0, 0, 0, 0, 0, 1, 1, 1, 1, 1, 1, 1, 2, 3, 6, 9, 13, 19, 29, 48, 77, 102, 134,
    181, 217, 239, 250, 253, 251, 248, 243, 241, 240, 238, 235, 231, 227, 222, 219, 217, 212, 205, 200, 196, 191, 189, 189,
    190, 188, 186, 184, 182, 180, 179, 179, 179, 178, 178, 178, 180, 183, 187, 189, 192, 192, 190, 190, 193, 197, 202, 205,
    207, 209, 212, 221, 227, 227, 225, 221, 221, 222, 223, 226, 229, 231, 232, 235, 236, 237, 238, 239, 240, 239, 239, 239,
    239, 239, 239, 239, 239, 239, 239, 239, 240, 241, 241, 241, 241, 243, 245, 246, 247, 246, 246, 247, 246, 246, 246, 248,
    249, 249, 249, 249, 249, 250, 250, 251, 253, 254, 255, 255, 255, 248, 233, 215, 186, 150, 125, 105, 84, 71, 63, 58,
    54, 48, 42, 37, 34, 32, 28, 26, 25, 23, 20, 18, 17, 13, 11, 9, 8, 7, 6, 5, 4, 4, 4, 3,
    2, 2, 2, 1, 1, 0, 0, 0, 0, 0, 0, 0, 0, 0, 0, 0, 0, 0, 0, 0, 0, 0, 0, 0,
    0, 0, 0, 0, 0, 0, 0, 0, 0, 0, 0, 0, 0, 0, 0, 0, 0, 0, 0, 0, 0, 0, 0, 0,
    0, 0, 0, 0, 0, 0, 0, 0, 0, 0, 0, 0, 0, 0, 0, 0, 0, 0, 0, 0, 0, 0, 0, 0,
    0, 0, 0, 0, 0, 0, 0, 0, 0, 0, 0, 0, 0, 0, 0, 0, 0, 0, 0, 0, 0, 0, 0, 0,
    0, 0, 0, 0, 0, 0, 0, 0, 0, 0, 0, 0, 0, 0, 0, 0, 0, 0, 0, 0, 0, 0, 0, 0,
    0, 0, 0, 0, 0, 0, 0, 0, 0, 0, 0, 0, 0, 0, 0, 0, 0, 0, 0, 0, 0, 0, 0, 0,
    0, 0, 0, 0, 0, 0, 0, 0, 0, 0, 0, 0, 0, 0, 0, 0, 0, 0, 0, 0, 0, 0, 0, 0,
    0, 0, 0, 0, 0, 0, 0, 0, 0, 0, 0, 0, 0, 0, 0, 0, 0, 0, 0, 0, 0, 0, 0, 0,
    0, 0, 0, 0, 0, 0, 0, 0, 0, 0, 0, 0, 0, 0, 0, 0, 0, 0, 0, 0, 0, 0, 0, 0,
    0, 0, 0, 0, 0, 0, 0, 0, 0, 0, 0, 0, 0, 0, 0, 0, 0, 0, 0, 0, 0, 0, 0, 0,
    0, 0, 0, 0, 0, 0, 0, 1, 1, 1, 1, 2, 2, 3, 5, 8, 15, 24, 33, 46, 68, 103, 148, 191,
    224, 245, 255, 255, 252, 249, 245, 241, 235, 230, 229, 227, 221, 215, 209, 202, 194, 190, 186, 179, 174, 174, 170, 165,
    164, 165, 165, 166, 166, 164, 161, 158, 157, 157, 157, 160, 162, 164, 165, 166, 168, 171, 174, 174, 173, 174, 178, 184,
    189, 191, 192, 192, 195, 202, 210, 212, 211, 208, 209, 209, 208, 209, 212, 217, 221, 225, 228, 231, 233, 236, 237, 238,
    237, 238, 238, 238, 238, 236, 235, 236, 236, 236, 237, 238, 238, 239, 238, 240, 242, 243, 244, 244, 244, 244, 243, 243,
    244, 246, 247, 247, 248, 248, 248, 249, 250, 251, 252, 252, 252, 252, 252, 252, 253, 253, 250, 237, 208, 170, 133, 110,
    96, 81, 71, 64, 57, 50, 45, 41, 38, 35, 31, 29, 26, 25, 23, 19, 16, 14, 11, 10, 9, 8, 7, 6,
    5, 5, 4, 3, 3, 2, 1, 1, 1, 0, 1, 1, 0, 0, 0, 0, 0, 0, 0, 0, 0, 0, 0, 0,
    0, 0, 0, 0, 0, 0, 0, 0, 0, 0, 0, 0, 0, 0, 0, 0, 0, 0, 0, 0, 0, 0, 0, 0,
    0, 0, 0, 0, 0, 0, 0, 0, 0, 0, 0, 0, 0, 0, 0, 0, 0, 0, 0, 0, 0, 0, 0, 0,
    0, 0, 0, 0, 0, 0, 0, 0, 0, 0, 0, 0, 0, 0, 0, 0, 0, 0, 0, 0, 0, 0, 0, 0,
    0, 0, 0, 0, 0, 0, 0, 0, 0, 0, 0, 0, 0, 0, 0, 0, 0, 0, 0, 0, 0, 0, 0, 0,
    0, 0, 0, 0, 0, 0, 0, 0, 0, 0, 0, 0, 0, 0, 0, 0, 0, 0, 0, 0, 0, 0, 0, 0,
    0, 0, 0, 0, 0, 0, 0, 0, 0, 0, 0, 0, 0, 0, 0, 0, 0, 0, 0, 0, 0, 0, 0, 0,
    0, 0, 0, 0, 0, 0, 0, 0, 0, 0, 0, 0, 0, 0, 0, 0, 0, 0, 0, 0, 0, 0, 0, 0,
    0, 0, 0, 0, 0, 0, 0, 0, 0, 0, 0, 0, 0, 0, 0, 0, 0, 0, 0, 0, 0, 0, 0, 0,
    0, 0, 0, 0, 0, 0, 0, 0, 0, 0, 0, 0, 0, 0, 0, 0, 0, 0, 0, 0, 0, 0, 0, 0,
    0, 0, 0, 0, 0, 1, 1, 1, 1, 1, 2, 3, 4, 6, 10, 15, 21, 33, 55, 81, 115, 156, 195, 222,
    241, 249, 246, 241, 238, 234, 226, 217, 208, 197, 190, 186, 186, 186, 182, 177, 173, 169, 165, 161, 155, 149, 145, 144,
    143, 141, 142, 143, 143, 144, 144, 143, 141, 140, 140, 140, 140, 142, 146, 149, 151, 150, 151, 153, 155, 155, 155, 157,
    160, 165, 169, 171, 172, 173, 174, 179, 186, 190, 189, 186, 187, 188, 186, 186, 189, 192, 196, 200, 206, 209, 211, 212,
    215, 216, 218, 222, 227, 232, 233, 232, 231, 231, 232, 232, 232, 233, 233, 233, 233, 234, 235, 236, 237, 236, 236, 236,
    236, 237, 238, 240, 242, 242, 243, 244, 244, 244, 245, 246, 246, 247, 248, 248, 249, 250, 250, 250, 250, 253, 253, 247,
    231, 213, 191, 157, 127, 106, 90, 78, 69, 60, 50, 44, 40, 37, 33, 30, 28, 24, 20, 19, 16, 14, 12, 11,
    10, 9, 8, 7, 6, 5, 4, 4, 2, 2, 1, 1, 1, 1, 1, 1, 0, 0, 0, 0, 0, 0, 0, 0,
    0, 0, 0, 0, 0, 0, 0, 0, 0, 0, 0, 0, 0, 0, 0, 0, 0, 0, 0, 0, 0, 0, 0, 0,
    0, 0, 0, 0, 0, 0, 0, 0, 0, 0, 0, 0, 0, 0, 0, 0, 0, 0, 0, 0, 0, 0, 0, 0,
    0, 0, 0, 0, 0, 0, 0, 0, 0, 0, 0, 0, 0, 0, 0, 0, 0, 0, 0, 0, 0, 0, 0, 0,
    0, 0, 0, 0, 0, 0, 0, 0, 0, 0, 0, 0, 0, 0, 0, 0, 0, 0, 0, 0, 0, 0, 0, 0,
    0, 0, 0, 0, 0, 0, 0, 0, 0, 0, 0, 0, 0, 0, 0, 0, 0, 0, 0, 0, 0, 0, 0, 0,
    0, 0, 0, 0, 0, 0, 0, 0, 0, 0, 0, 0, 0, 0, 0, 0, 0, 0, 0, 0, 0, 0, 0, 0,
    0, 0, 0, 0, 0, 0, 0, 0, 0, 0, 0, 0, 0, 0, 0, 0, 0, 0, 0, 0, 0, 0, 0, 0,
    0, 0, 0, 0, 0, 0, 0, 0, 0, 0, 0, 0, 0, 0, 0, 0, 0, 1, 0, 0, 0, 0, 0, 0,
    0, 0, 0, 0, 0, 0, 0, 0, 0, 0, 0, 0, 0, 0, 0, 0, 0, 0, 0, 0, 0, 0, 0, 0,
    0, 0, 0, 0, 0, 0, 1, 1, 1, 1, 1, 2, 5, 9, 16, 23, 36, 55, 78, 119, 166, 205, 235, 247,
    244, 233, 224, 221, 212, 203, 193, 184, 176, 167, 159, 151, 146, 144, 144, 145, 144, 141, 139, 140, 141, 138, 133, 129,
    125, 123, 122, 123, 125, 126, 124, 124, 124, 124, 123, 124, 125, 125, 125, 127, 131, 134, 137, 135, 135, 137, 139, 139,
    140, 142, 144, 147, 148, 150, 154, 155, 155, 159, 164, 167, 167, 165, 165, 167, 166, 166, 168, 169, 171, 175, 180, 184,
    186, 188, 191, 192, 193, 199, 207, 212, 216, 217, 218, 223, 226, 228, 228, 228, 228, 227, 227, 227, 227, 228, 228, 227,
    226, 226, 227, 228, 229, 231, 233, 233, 234, 236, 236, 237, 237, 237, 238, 240, 243, 244, 244, 246, 247, 248, 248, 250,
    250, 252, 255, 255, 255, 248, 227, 196, 156, 123, 107, 92, 70, 57, 53, 48, 42, 38, 33, 30, 26, 24, 22, 19,
    17, 15, 14, 12, 10, 9, 8, 7, 6, 5, 4, 3, 2, 2, 2, 1, 1, 1, 1, 0, 0, 0, 0, 0,
    0, 0, 0, 0, 0, 0, 0, 0, 0, 0, 0, 0, 0, 0, 0, 0, 0, 0, 0, 0, 0, 0, 0, 0,
    0, 0, 0, 0, 0, 0, 0, 0, 0, 0, 0, 0, 0, 0, 0, 0, 0, 0, 0, 0, 0, 0, 0, 0,
    0, 0, 0, 0, 0, 0, 0, 0, 0, 0, 0, 0, 0, 0, 0, 0, 0, 0, 0, 0, 0, 0, 0, 0,
    0, 0, 0, 0, 0, 0, 0, 0, 0, 0, 0, 0, 0, 0, 0, 0, 0, 0, 0, 0, 0, 0, 0, 0,
    0, 0, 0, 0, 0, 0, 0, 0, 0, 0, 0, 0, 0, 0, 0, 0, 0, 0, 0, 0, 0, 0, 0, 0,
    0, 0, 0, 0, 0, 0, 0, 0, 0, 0, 0, 0, 0, 0, 0, 0, 0, 0, 0, 0, 0, 0, 0, 0,
    0, 0, 0, 0, 0, 0, 0, 0, 0, 0, 0, 0, 0, 0, 0, 0, 0, 0, 0, 0, 0, 0, 0, 0,
    0, 0, 0, 0, 0, 0, 0, 0, 0, 0, 0, 0, 0, 0, 0, 0, 0, 1, 4, 9, 0, 0, 0, 0,
    0, 0, 0, 0, 0, 0, 0, 0, 0, 0, 0, 0, 0, 0, 0, 0, 0, 0, 0, 0, 0, 0, 0, 0,
    0, 0, 0, 0, 0, 0, 0, 1, 1, 1, 2, 3, 6, 12, 21, 33, 50, 77, 121, 175, 214, 243, 252, 246,
    237, 222, 208, 196, 185, 177, 170, 162, 153, 148, 146, 140, 132, 128, 127, 126, 126, 127, 126, 125, 123, 122, 123, 123,
    120, 116, 112, 111, 109, 109, 111, 113, 111, 110, 109, 109, 111, 112, 113, 113, 115, 118, 120, 123, 127, 126, 125, 127,
    128, 129, 131, 132, 134, 135, 135, 137, 141, 143, 144, 149, 153, 155, 155, 153, 153, 154, 155, 156, 157, 159, 162, 164,
    167, 169, 174, 179, 182, 183, 184, 190, 198, 200, 199, 199, 201, 205, 213, 221, 224, 226, 226, 224, 223, 221, 221, 221,
    221, 220, 220, 219, 219, 220, 221, 223, 224, 225, 226, 228, 229, 229, 230, 231, 231, 234, 239, 241, 242, 244, 245, 246,
    247, 249, 249, 250, 251, 252, 252, 253, 255, 253, 241, 207, 169, 138, 102, 81, 73, 64, 56, 50, 44, 38, 33, 30,
    27, 24, 22, 21, 18, 16, 14, 12, 11, 10, 8, 6, 5, 5, 4, 3, 3, 3, 3, 2, 1, 1, 0, 0,
    0, 0, 0, 0, 0, 0, 0, 0, 0, 0, 0, 0, 0, 0, 0, 0, 0, 0, 0, 0, 0, 0, 0, 0,
    0, 0, 0, 0, 0, 0, 0, 0, 0, 0, 0, 0, 0, 0, 0, 0, 0, 0, 0, 0, 0, 0, 0, 0,
    0, 0, 0, 0, 0, 0, 0, 0, 0, 0, 0, 0, 0, 0, 0, 0, 0, 0, 0, 0, 0, 0, 0, 0,
    0, 0, 0, 0, 0, 0, 0, 0, 0, 0, 0, 0, 0, 0, 0, 0, 0, 0, 0, 0, 0, 0, 0, 0,
    0, 0, 0, 0, 0, 0, 0, 0, 0, 0, 0, 0, 0, 0, 0, 0, 0, 0, 0, 0, 0, 0, 0, 0,
    0, 0, 0, 0, 0, 0, 0, 0, 0, 0, 0, 0, 0, 0, 0, 0, 0, 0, 0, 0, 0, 0, 0, 0,
    0, 0, 0, 0, 0, 0, 0, 0, 0, 0, 0, 0, 0, 0, 0, 0, 0, 0, 0, 0, 0, 0, 0, 0,
    0, 0, 0, 0, 0, 0, 0, 0, 0, 0, 0, 0, 0, 0, 0, 0, 0, 1, 2, 6, 15, 22, 0, 0,
    0, 0, 0, 0, 0, 0, 0, 0, 0, 0, 0, 0, 0, 0, 0, 0, 0, 0, 0, 0, 0, 0, 0, 0,
    0, 0, 0, 0, 0, 0, 0, 1, 1, 2, 4, 8, 12, 18, 30, 47, 79, 124, 175, 216, 240, 251, 247, 232,
    208, 195, 182, 166, 156, 149, 141, 134, 127, 122, 116, 114, 114, 112, 109, 108, 109, 109, 110, 110, 110, 109, 108, 108,
    110, 110, 110, 107, 103, 101, 99, 98, 98, 100, 100, 99, 99, 100, 102, 104, 104, 104, 106, 109, 110, 112, 116, 116,
    115, 116, 118, 119, 121, 122, 123, 123, 123, 125, 130, 132, 133, 137, 141, 143, 142, 142, 142, 142, 143, 144, 145, 147,
    150, 152, 154, 156, 161, 165, 169, 171, 173, 177, 181, 182, 181, 183, 185, 189, 196, 204, 208, 210, 211, 212, 214, 216,
    215, 215, 214, 213, 213, 213, 214, 214, 214, 216, 217, 218, 220, 221, 222, 221, 221, 222, 223, 225, 229, 232, 235, 237,
    239, 240, 241, 243, 244, 245, 247, 247, 248, 249, 250, 249, 250, 252, 246, 232, 199, 154, 122, 99, 83, 72, 62, 53,
    45, 39, 36, 33, 30, 28, 25, 22, 20, 17, 15, 13, 11, 9, 8, 7, 6, 5, 5, 4, 3, 3, 2, 2,
    1, 1, 1, 0, 0, 0, 0, 0, 0, 0, 0, 0, 0, 0, 0, 0, 0, 0, 0, 0, 0, 0, 0, 0,
    0, 0, 0, 0, 0, 0, 0, 0, 0, 0, 0, 0, 0, 0, 0, 0, 0, 0, 0, 0, 0, 0, 0, 0,
    0, 0, 0, 0, 0, 0, 0, 0, 0, 0, 0, 0, 0, 0, 0, 0, 0, 0, 0, 0, 0, 0, 0, 0,
    0, 0, 0, 0, 0, 0, 0, 0, 0, 0, 0, 0, 0, 0, 0, 0, 0, 0, 0, 0, 0, 0, 0, 0,
    0, 0, 0, 0, 0, 0, 0, 0, 0, 0, 0, 0, 0, 0, 0, 0, 0, 0, 0, 0, 0, 0, 0, 0,
    0, 0, 0, 0, 0, 0, 0, 0, 0, 0, 0, 0, 0, 0, 0, 0, 0, 0, 0, 0, 0, 0, 0, 0,
    0, 0, 0, 0, 0, 0, 0, 0, 0, 0, 0, 0, 0, 0, 0, 0, 0, 0, 0, 0, 0, 0, 0, 0,
    0, 0, 0, 0, 0, 0, 0, 0, 0, 0, 0, 0, 0, 0, 0, 0, 0, 1, 2, 6, 11, 17, 43, 91,
    0, 0, 0, 0, 0, 0, 0, 0, 0, 0, 0, 0, 0, 0, 0, 0, 0, 0, 0, 0, 0, 0, 0, 0,
    0, 0, 0, 0, 0, 0, 0, 0, 0, 2, 4, 8, 17, 29, 44, 72, 119, 169, 211, 238, 240, 224, 208, 194,
    180, 159, 140, 133, 128, 120, 112, 104, 97, 92, 88, 87, 87, 86, 85, 87, 88, 88, 90, 92, 93, 92, 91, 92,
    92, 95, 98, 99, 100, 99, 97, 92, 90, 89, 87, 87, 89, 89, 89, 92, 95, 96, 97, 97, 98, 99, 99, 99,
    100, 102, 103, 103, 104, 106, 108, 110, 109, 109, 110, 114, 118, 120, 122, 124, 127, 128, 129, 130, 131, 131, 129, 129,
    130, 132, 134, 136, 137, 139, 141, 145, 149, 154, 156, 157, 158, 159, 159, 162, 167, 172, 176, 180, 182, 183, 184, 186,
    190, 195, 197, 200, 203, 205, 206, 208, 209, 208, 206, 207, 210, 212, 213, 213, 212, 211, 210, 210, 212, 214, 214, 214,
    218, 219, 221, 223, 225, 228, 229, 231, 233, 233, 234, 237, 239, 240, 242, 246, 249, 252, 255, 249, 229, 197, 157, 124,
    101, 77, 63, 56, 51, 46, 41, 37, 34, 30, 27, 23, 21, 18, 16, 14, 12, 10, 9, 7, 6, 6, 4, 4,
    3, 3, 2, 1, 1, 1, 1, 1, 0, 0, 0, 0, 0, 0, 0, 0, 0, 0, 0, 0, 0, 0, 0, 0,
    0, 0, 0, 0, 0, 0, 0, 0, 0, 0, 0, 0, 0, 0, 0, 0, 0, 0, 0, 0, 0, 0, 0, 0,
    0, 0, 0, 0, 0, 0, 0, 0, 0, 0, 0, 0, 0, 0, 0, 0, 0, 0, 0, 0, 0, 0, 0, 0,
    0, 0, 0, 0, 0, 0, 0, 0, 0, 0, 0, 0, 0, 0, 0, 0, 0, 0, 0, 0, 0, 0, 0, 0,
    0, 0, 0, 0, 0, 0, 0, 0, 0, 0, 0, 0, 0, 0, 0, 0, 0, 0, 0, 0, 0, 0, 0, 0,
    0, 0, 0, 0, 0, 0, 0, 0, 0, 0, 0, 0, 0, 0, 0, 0, 0, 0, 0, 0, 0, 0, 0, 0,
    0, 0, 0, 0, 0, 0, 0, 0, 0, 0, 0, 0, 0, 0, 0, 0, 0, 0, 0, 0, 0, 0, 0, 0,
    0, 0, 0, 0, 0, 0, 0, 0, 0, 0, 0, 0, 0, 0, 0, 0, 0, 0, 2, 5, 12, 23, 47, 104,
    124, 89, 0, 0, 0, 0, 0, 0, 0, 0, 0, 0, 0, 0, 0, 0, 0, 0, 0, 0, 0, 0, 0, 0,
    0, 0, 0, 0, 0, 0, 0, 0, 0, 2, 6, 12, 21, 32, 63, 107, 153, 205, 237, 237, 218, 198, 178, 162,
    149, 136, 124, 115, 108, 103, 98, 92, 88, 84, 80, 75, 72, 72, 73, 73, 72, 74, 77, 76, 77, 79, 80, 80,
    80, 79, 81, 83, 86, 88, 89, 90, 87, 83, 81, 79, 78, 78, 79, 80, 81, 84, 87, 88, 89, 90, 90, 90,
    90, 90, 89, 91, 93, 93, 94, 96, 100, 102, 100, 99, 101, 104, 107, 109, 111, 113, 114, 116, 117, 120, 122, 122,
    119, 118, 120, 122, 124, 125, 126, 126, 128, 131, 136, 140, 143, 145, 146, 146, 148, 151, 155, 159, 162, 165, 167, 169,
    169, 172, 176, 180, 182, 183, 185, 188, 194, 199, 202, 202, 200, 201, 203, 204, 204, 202, 201, 202, 201, 201, 202, 203,
    203, 203, 205, 207, 208, 210, 213, 216, 218, 220, 222, 223, 224, 226, 229, 231, 234, 240, 244, 246, 249, 252, 254, 255,
    244, 213, 172, 127, 98, 86, 74, 65, 58, 51, 44, 38, 34, 30, 26, 24, 21, 19, 17, 15, 13, 11, 9, 8,
    7, 6, 5, 4, 3, 2, 2, 2, 1, 1, 1, 1, 1, 1, 0, 0, 0, 0, 0, 0, 0, 0, 0, 0,
    0, 0, 0, 0, 0, 0, 0, 0, 0, 0, 0, 0, 0, 0, 0, 0, 0, 0, 0, 0, 0, 0, 0, 0,
    0, 0, 0, 0, 0, 0, 0, 0, 0, 0, 0, 0, 0, 0, 0, 0, 0, 0, 0, 0, 0, 0, 0, 0,
    0, 0, 0, 0, 0, 0, 0, 0, 0, 0, 0, 0, 0, 0, 0, 0, 0, 0, 0, 0, 0, 0, 0, 0,
    0, 0, 0, 0, 0, 0, 0, 0, 0, 0, 0, 0, 0, 0, 0, 0, 0, 0, 0, 0, 0, 0, 0, 0,
    0, 0, 0, 0, 0, 0, 0, 0, 0, 0, 0, 0, 0, 0, 0, 0, 0, 0, 0, 0, 0, 0, 0, 0,
    0, 0, 0, 0, 0, 0, 0, 0, 0, 0, 0, 0, 0, 0, 0, 0, 0, 0, 0, 0, 0, 0, 0, 0,
    0, 0, 0, 0, 0, 0, 0, 0, 0, 0, 0, 0, 0, 0, 0, 0, 0, 0, 1, 5, 11, 16, 37, 97,
    150, 137, 62, 29, 0, 0, 0, 0, 0, 0, 0, 0, 0, 0, 0, 0, 0, 0, 0, 0, 0, 0, 0, 0,
    0, 0, 0, 0, 0, 0, 1, 2, 4, 6, 11, 17, 26, 53, 90, 143, 214, 245, 239, 217, 189, 161, 140, 130,
    123, 116, 110, 103, 94, 87, 84, 79, 76, 74, 74, 74, 71, 66, 63, 63, 64, 64, 64, 66, 68, 67, 67, 68,
    69, 70, 69, 69, 69, 70, 73, 75, 76, 77, 76, 72, 70, 69, 69, 70, 70, 72, 74, 75, 77, 78, 79, 82,
    82, 83, 82, 81, 81, 81, 82, 82, 84, 87, 90, 93, 92, 90, 92, 94, 97, 99, 101, 102, 103, 104, 106, 109,
    112, 112, 110, 109, 112, 114, 116, 116, 116, 116, 118, 121, 126, 130, 132, 134, 136, 137, 139, 142, 145, 148, 150, 152,
    155, 157, 158, 160, 164, 168, 171, 171, 171, 172, 175, 180, 184, 188, 191, 194, 197, 196, 194, 191, 190, 193, 193, 193,
    193, 193, 194, 195, 196, 199, 200, 199, 202, 206, 209, 211, 213, 214, 215, 218, 220, 222, 225, 230, 234, 238, 244, 247,
    249, 250, 252, 254, 251, 232, 192, 152, 116, 92, 79, 70, 60, 51, 44, 37, 32, 29, 27, 25, 23, 21, 17, 15,
    13, 10, 9, 8, 7, 5, 4, 4, 4, 2, 2, 2, 1, 1, 1, 1, 1, 0, 0, 0, 0, 0, 0, 0,
    0, 0, 0, 0, 0, 0, 0, 0, 0, 0, 0, 0, 0, 0, 0, 0, 0, 0, 0, 0, 0, 0, 0, 0,
    0, 0, 0, 0, 0, 0, 0, 0, 0, 0, 0, 0, 0, 0, 0, 0, 0, 0, 0, 0, 0, 0, 0, 0,
    0, 0, 0, 0, 0, 0, 0, 0, 0, 0, 0, 0, 0, 0, 0, 0, 0, 0, 0, 0, 0, 0, 0, 0,
    0, 0, 0, 0, 0, 0, 0, 0, 0, 0, 0, 0, 0, 0, 0, 0, 0, 0, 0, 0, 0, 0, 0, 0,
    0, 0, 0, 0, 0, 0, 0, 0, 0, 0, 0, 0, 0, 0, 0, 0, 0, 0, 0, 0, 0, 0, 0, 0,
    0, 0, 0, 0, 0, 0, 0, 0, 0, 0, 0, 0, 0, 0, 0, 0, 0, 0, 0, 0, 0, 0, 0, 0,
    0, 0, 0, 0, 0, 0, 0, 0, 0, 0, 0, 0, 0, 0, 0, 0, 0, 0, 1, 3, 7, 15, 31, 78,
    156, 149, 81, 38, 22, 13, 0, 0, 0, 0, 0, 0, 0, 0, 0, 0, 0, 0, 0, 0, 0, 0, 0, 0,
    0, 0, 0, 0, 0, 0, 1, 2, 6, 12, 20, 29, 41, 72, 130, 194, 219, 222, 204, 179, 154, 130, 112, 102,
    96, 91, 84, 79, 76, 74, 69, 65, 63, 60, 59, 59, 60, 62, 61, 58, 57, 56, 56, 57, 57, 57, 57, 58,
    59, 60, 60, 60, 59, 59, 59, 60, 62, 63, 65, 65, 65, 64, 63, 63, 62, 62, 63, 65, 67, 68, 68, 69,
    70, 71, 72, 73, 72, 72, 72, 71, 71, 72, 74, 78, 80, 81, 82, 83, 85, 86, 88, 91, 93, 94, 95, 95,
    96, 98, 99, 100, 100, 101, 104, 107, 109, 109, 108, 107, 109, 112, 116, 119, 122, 123, 124, 127, 129, 131, 133, 134,
    135, 136, 138, 139, 138, 140, 145, 151, 155, 155, 156, 157, 159, 161, 165, 168, 169, 173, 177, 182, 185, 184, 184, 185,
    186, 186, 186, 186, 187, 188, 190, 191, 191, 191, 192, 194, 197, 198, 199, 199, 201, 204, 208, 211, 212, 213, 213, 215,
    220, 224, 227, 233, 240, 243, 246, 251, 252, 240, 216, 184, 145, 113, 92, 77, 65, 51, 43, 39, 35, 31, 29, 26,
    22, 20, 17, 13, 10, 10, 8, 7, 6, 5, 5, 4, 3, 3, 2, 2, 1, 1, 1, 1, 1, 0, 0, 0,
    0, 0, 0, 0, 0, 0, 0, 0, 0, 0, 0, 0, 0, 0, 0, 0, 0, 0, 0, 0, 0, 0, 0, 0,
    0, 0, 0, 0, 0, 0, 0, 0, 0, 0, 0, 0, 0, 0, 0, 0, 0, 0, 0, 0, 0, 0, 0, 0,
    0, 0, 0, 0, 0, 0, 0, 0, 0, 0, 0, 0, 0, 0, 0, 0, 0, 0, 0, 0, 0, 0, 0, 0,
    0, 0, 0, 0, 0, 0, 0, 0, 0, 0, 0, 0, 0, 0, 0, 0, 0, 0, 0, 0, 0, 0, 0, 0,
    0, 0, 0, 0, 0, 0, 0, 0, 0, 0, 0, 0, 0, 0, 0, 0, 0, 0, 0, 0, 0, 0, 0, 0,
    0, 0, 0, 0, 0, 0, 0, 0, 0, 0, 0, 0, 0, 0, 0, 0, 0, 0, 0, 0, 0, 0, 0, 0,
    0, 0, 0, 0, 0, 0, 0, 0, 0, 0, 0, 0, 0, 0, 0, 0, 0, 0, 1, 4, 12, 20, 36, 82,
    141, 145, 101, 45, 24, 13, 6, 2, 0, 0, 0, 0, 0, 0, 0, 0, 0, 0, 0, 0, 0, 0, 0, 0,
    0, 0, 0, 0, 0, 0, 1, 3, 7, 14, 25, 40, 71, 117, 160, 203, 227, 207, 169, 138, 116, 103, 91, 81,
    74, 71, 68, 65, 62, 59, 59, 57, 54, 52, 50, 48, 48, 47, 48, 51, 51, 51, 51, 50, 50, 50, 50, 49,
    48, 50, 52, 52, 52, 52, 51, 51, 51, 52, 53, 54, 55, 56, 56, 56, 57, 57, 56, 56, 57, 59, 60, 60,
    60, 62, 62, 62, 62, 63, 63, 63, 64, 63, 62, 63, 65, 68, 70, 70, 72, 75, 77, 78, 80, 83, 85, 86,
    86, 86, 86, 87, 87, 88, 90, 92, 96, 99, 101, 102, 102, 100, 101, 104, 106, 108, 110, 111, 112, 115, 118, 119,
    121, 121, 121, 122, 123, 123, 122, 124, 128, 135, 139, 140, 141, 144, 145, 147, 151, 154, 155, 158, 161, 164, 168, 170,
    174, 176, 177, 178, 179, 180, 181, 182, 183, 182, 181, 182, 183, 183, 184, 185, 185, 185, 187, 190, 194, 197, 198, 196,
    196, 197, 199, 201, 203, 211, 221, 228, 234, 241, 246, 250, 255, 255, 239, 204, 158, 123, 100, 75, 61, 53, 46, 40,
    36, 33, 28, 25, 22, 18, 13, 12, 11, 9, 8, 8, 6, 6, 5, 4, 3, 3, 3, 2, 2, 2, 1, 0,
    0, 1, 1, 1, 1, 0, 0, 0, 0, 0, 0, 0, 0, 0, 0, 0, 0, 0, 0, 0, 0, 0, 0, 0,
    0, 0, 0, 0, 0, 0, 0, 0, 0, 0, 0, 0, 0, 0, 0, 0, 0, 0, 0, 0, 0, 0, 0, 0,
    0, 0, 0, 0, 0, 0, 0, 0, 0, 0, 0, 0, 0, 0, 0, 0, 0, 0, 0, 0, 0, 0, 0, 0,
    0, 0, 0, 0, 0, 0, 0, 0, 0, 0, 0, 0, 0, 0, 0, 0, 0, 0, 0, 0, 0, 0, 0, 0,
    0, 0, 0, 0, 0, 0, 0, 0, 0, 0, 0, 0, 0, 0, 0, 0, 0, 0, 0, 0, 0, 0, 0, 0,
    0, 0, 0, 0, 0, 0, 0, 0, 0, 0, 0, 0, 0, 0, 0, 0, 0, 0, 0, 0, 0, 0, 0, 0,
    0, 0, 0, 0, 0, 0, 0, 0, 0, 0, 0, 0, 0, 0, 0, 0, 0, 0, 1, 4, 9, 19, 40, 90,
    152, 172, 119, 58, 27, 14, 5, 1, 0, 0, 0, 0, 0, 0, 0, 0, 0, 0, 0, 0, 0, 0, 0, 0,
    0, 0, 0, 0, 0, 0, 2, 5, 9, 19, 29, 49, 93, 153, 210, 228, 205, 158, 122, 104, 94, 86, 78, 71,
    66, 59, 55, 54, 53, 51, 50, 50, 50, 49, 47, 45, 43, 43, 43, 41, 41, 42, 44, 44, 44, 45, 44, 44,
    43, 42, 42, 43, 45, 47, 47, 46, 46, 45, 46, 46, 47, 48, 49, 49, 49, 50, 51, 51, 51, 52, 52, 53,
    53, 53, 54, 56, 56, 56, 57, 57, 58, 58, 58, 57, 56, 57, 59, 62, 64, 64, 64, 66, 68, 70, 71, 74,
    77, 78, 79, 79, 79, 80, 80, 81, 81, 84, 88, 91, 93, 97, 97, 96, 95, 97, 97, 98, 99, 100, 102, 104,
    106, 109, 111, 113, 113, 112, 113, 114, 114, 116, 119, 124, 127, 129, 131, 135, 137, 140, 143, 145, 147, 149, 151, 152,
    154, 156, 159, 160, 163, 168, 172, 175, 176, 175, 174, 174, 174, 174, 174, 174, 174, 174, 174, 175, 177, 181, 185, 187,
    188, 186, 186, 187, 189, 192, 194, 200, 208, 214, 219, 224, 230, 237, 246, 251, 254, 255, 245, 212, 168, 114, 85, 74,
    66, 56, 47, 41, 37, 33, 29, 23, 17, 15, 14, 12, 11, 10, 9, 8, 7, 5, 4, 4, 3, 3, 2, 2,
    1, 1, 1, 1, 1, 1, 1, 0, 0, 0, 0, 0, 0, 0, 0, 0, 0, 0, 0, 0, 0, 0, 0, 0,
    0, 0, 0, 0, 0, 0, 0, 0, 0, 0, 0, 0, 0, 0, 0, 0, 0, 0, 0, 0, 0, 0, 0, 0,
    0, 0, 0, 0, 0, 0, 0, 0, 0, 0, 0, 0, 0, 0, 0, 0, 0, 0, 0, 0, 0, 0, 0, 0,
    0, 0, 0, 0, 0, 0, 0, 0, 0, 0, 0, 0, 0, 0, 0, 0, 0, 0, 0, 0, 0, 0, 0, 0,
    0, 0, 0, 0, 0, 0, 0, 0, 0, 0, 0, 0, 0, 0, 0, 0, 0, 0, 0, 0, 0, 0, 0, 0,
    0, 0, 0, 0, 0, 0, 0, 0, 0, 0, 0, 0, 0, 0, 0, 0, 0, 0, 0, 0, 0, 0, 0, 0,
    0, 0, 0, 0, 0, 0, 0, 0, 0, 0, 0, 0, 0, 0, 0, 0, 0, 0, 2, 4, 8, 16, 33, 79,
    154, 189, 140, 71, 37, 20, 9, 2, 0, 0, 0, 0, 0, 0, 0, 0, 0, 0, 0, 0, 0, 0, 0, 0,
    0, 0, 0, 0, 0, 1, 4, 9, 16, 20, 34, 71, 128, 184, 201, 194, 174, 132, 101, 79, 68, 64, 60, 56,
    51, 48, 45, 42, 40, 41, 41, 41, 40, 40, 40, 39, 38, 37, 37, 38, 38, 37, 37, 37, 38, 39, 39, 39,
    39, 38, 37, 36, 36, 37, 38, 40, 40, 40, 38, 37, 38, 39, 40, 40, 40, 41, 41, 42, 42, 43, 43, 44,
    45, 46, 46, 46, 47, 48, 49, 49, 50, 51, 52, 53, 53, 53, 52, 52, 53, 55, 57, 57, 58, 59, 60, 61,
    62, 65, 69, 71, 72, 72, 73, 73, 73, 74, 74, 75, 79, 82, 85, 89, 89, 87, 87, 88, 88, 89, 90, 91,
    93, 95, 96, 99, 101, 104, 105, 105, 106, 107, 109, 110, 112, 115, 119, 120, 123, 126, 128, 130, 133, 135, 135, 136,
    136, 135, 135, 139, 141, 143, 145, 147, 151, 157, 163, 166, 166, 167, 168, 168, 168, 168, 167, 167, 167, 168, 169, 172,
    175, 176, 177, 176, 176, 177, 178, 180, 183, 189, 195, 200, 203, 205, 208, 212, 224, 237, 241, 244, 249, 252, 247, 221,
    177, 134, 105, 86, 71, 58, 49, 43, 37, 31, 24, 22, 20, 16, 14, 13, 11, 10, 9, 8, 6, 5, 4, 3,
    3, 2, 2, 2, 2, 2, 1, 1, 1, 1, 0, 0, 0, 0, 0, 0, 0, 0, 0, 0, 0, 0, 0, 0,
    0, 0, 0, 0, 0, 0, 0, 0, 0, 0, 0, 0, 0, 0, 0, 0, 0, 0, 0, 0, 0, 0, 0, 0,
    0, 0, 0, 0, 0, 0, 0, 0, 0, 0, 0, 0, 0, 0, 0, 0, 0, 0, 0, 0, 0, 0, 0, 0,
    0, 0, 0, 0, 0, 0, 0, 0, 0, 0, 0, 0, 0, 0, 0, 0, 0, 0, 0, 0, 0, 0, 0, 0,
    0, 0, 0, 0, 0, 0, 0, 0, 0, 0, 0, 0, 0, 0, 0, 0, 0, 0, 0, 0, 0, 0, 0, 0,
    0, 0, 0, 0, 0, 0, 0, 0, 0, 0, 0, 0, 0, 0, 0, 0, 0, 0, 0, 0, 0, 0, 0, 0,
    0, 0, 0, 0, 0, 0, 0, 0, 0, 0, 0, 0, 0, 0, 0, 0, 0, 0, 1, 5, 11, 20, 30, 66,
    150, 191, 137, 76, 41, 22, 10, 4, 1, 0, 0, 0, 0, 0, 0, 0, 0, 0, 0, 0, 0, 0, 0, 0,
    0, 0, 0, 0, 0, 2, 5, 12, 22, 36, 62, 110, 166, 180, 178, 149, 113, 93, 79, 61, 51, 48, 44, 40,
    38, 37, 34, 32, 30, 29, 29, 30, 31, 31, 31, 31, 31, 31, 30, 30, 31, 32, 32, 33, 33, 33, 34, 34,
    34, 33, 33, 32, 31, 31, 31, 31, 32, 33, 33, 32, 31, 30, 30, 31, 32, 33, 33, 34, 34, 35, 34, 34,
    35, 37, 36, 37, 39, 39, 39, 40, 41, 42, 42, 43, 45, 47, 47, 47, 48, 48, 48, 49, 50, 51, 51, 52,
    53, 54, 54, 57, 60, 63, 65, 66, 66, 66, 67, 67, 67, 68, 70, 74, 77, 80, 79, 78, 78, 78, 80, 81,
    82, 84, 85, 86, 87, 89, 91, 94, 96, 97, 99, 101, 103, 104, 104, 107, 110, 112, 114, 116, 117, 119, 120, 120,
    120, 120, 119, 117, 117, 120, 123, 127, 132, 135, 136, 138, 143, 148, 153, 158, 161, 161, 162, 162, 161, 160, 161, 161,
    162, 162, 162, 163, 164, 165, 165, 166, 166, 167, 172, 178, 183, 185, 186, 188, 189, 192, 197, 204, 210, 218, 231, 238,
    244, 254, 255, 238, 204, 159, 123, 96, 73, 60, 51, 44, 36, 31, 27, 23, 20, 17, 15, 14, 12, 11, 9, 8,
    7, 5, 4, 3, 3, 3, 3, 3, 2, 2, 1, 1, 0, 0, 0, 0, 0, 0, 0, 0, 0, 0, 0, 0,
    0, 0, 0, 0, 0, 0, 0, 0, 0, 0, 0, 0, 0, 0, 0, 0, 0, 0, 0, 0, 0, 0, 0, 0,
    0, 0, 0, 0, 0, 0, 0, 0, 0, 0, 0, 0, 0, 0, 0, 0, 0, 0, 0, 0, 0, 0, 0, 0,
    0, 0, 0, 0, 0, 0, 0, 0, 0, 0, 0, 0, 0, 0, 0, 0, 0, 0, 0, 0, 0, 0, 0, 0,
    0, 0, 0, 0, 0, 0, 0, 0, 0, 0, 0, 0, 0, 0, 0, 0, 0, 0, 0, 0, 0, 0, 0, 0,
    0, 0, 0, 0, 0, 0, 0, 0, 0, 0, 0, 0, 0, 0, 0, 0, 0, 0, 0, 0, 0, 0, 0, 0,
    0, 0, 0, 0, 0, 0, 0, 0, 0, 0, 0, 0, 0, 0, 0, 0, 0, 0, 1, 4, 10, 22, 41, 84,
    157, 180, 147, 75, 31, 18, 9, 3, 0, 0, 0, 0, 0, 0, 0, 0, 0, 0, 0, 0, 0, 0, 0, 0,
    0, 0, 0, 0, 1, 3, 6, 13, 23, 42, 84, 136, 190, 208, 169, 121, 92, 74, 62, 52, 46, 38, 33, 31,
    30, 28, 27, 27, 26, 25, 24, 23, 23, 24, 25, 24, 24, 24, 25, 25, 24, 25, 26, 26, 27, 28, 29, 29,
    29, 29, 29, 28, 27, 27, 27, 27, 27, 26, 26, 28, 28, 28, 26, 25, 26, 27, 28, 28, 29, 30, 31, 31,
    30, 30, 30, 31, 32, 33, 33, 34, 34, 34, 36, 37, 38, 38, 41, 42, 42, 42, 42, 43, 44, 44, 44, 45,
    45, 45, 46, 47, 48, 50, 53, 55, 57, 58, 58, 59, 59, 60, 61, 61, 64, 67, 70, 72, 72, 70, 70, 71,
    73, 74, 75, 77, 77, 78, 79, 80, 81, 85, 87, 89, 91, 93, 95, 96, 96, 98, 99, 100, 103, 106, 108, 108,
    109, 110, 109, 109, 108, 108, 109, 111, 114, 118, 123, 126, 129, 131, 134, 137, 140, 145, 148, 150, 151, 153, 153, 152,
    153, 153, 154, 153, 152, 153, 155, 155, 156, 157, 157, 158, 162, 167, 171, 172, 173, 174, 176, 179, 183, 187, 192, 198,
    208, 217, 227, 239, 247, 252, 254, 244, 215, 169, 119, 91, 78, 64, 51, 43, 36, 31, 27, 23, 20, 18, 16, 14,
    13, 11, 10, 7, 6, 5, 5, 5, 4, 4, 3, 3, 2, 1, 1, 1, 0, 0, 0, 0, 0, 0, 1, 1,
    0, 0, 0, 0, 0, 0, 0, 0, 0, 0, 0, 0, 0, 0, 0, 0, 0, 0, 0, 0, 0, 0, 0, 0,
    0, 0, 0, 0, 0, 0, 0, 0, 0, 0, 0, 0, 0, 0, 0, 0, 0, 0, 0, 0, 0, 0, 0, 0,
    0, 0, 0, 0, 0, 0, 0, 0, 0, 0, 0, 0, 0, 0, 0, 0, 0, 0, 0, 0, 0, 0, 0, 0,
    0, 0, 0, 0, 0, 0, 0, 0, 0, 0, 0, 0, 0, 0, 0, 0, 0, 0, 0, 0, 0, 0, 0, 0,
    0, 0, 0, 0, 0, 0, 0, 0, 0, 0, 0, 0, 0, 0, 0, 0, 0, 0, 0, 0, 0, 0, 0, 0,
    0, 0, 0, 0, 0, 0, 0, 0, 0, 0, 0, 0, 0, 0, 0, 0, 0, 0, 2, 4, 9, 16, 34, 83,
    145, 201, 178, 95, 45, 25, 12, 4, 1, 0, 0, 0, 0, 0, 0, 0, 0, 0, 0, 0, 0, 0, 0, 0,
    0, 0, 0, 1, 3, 6, 11, 18, 26, 54, 112, 166, 189, 173, 135, 95, 71, 59, 50, 41, 34, 29, 26, 24,
    22, 22, 21, 20, 20, 20, 20, 20, 20, 19, 18, 18, 19, 19, 19, 19, 20, 21, 20, 20, 21, 22, 22, 23,
    23, 24, 24, 23, 23, 23, 22, 22, 23, 23, 22, 22, 22, 23, 24, 24, 23, 22, 23, 24, 24, 25, 26, 26,
    27, 27, 27, 26, 27, 27, 29, 29, 29, 29, 30, 30, 31, 33, 33, 34, 36, 37, 36, 36, 36, 38, 40, 40,
    40, 39, 39, 40, 41, 41, 41, 43, 45, 46, 48, 49, 50, 51, 52, 52, 53, 54, 56, 59, 62, 64, 63, 62,
    62, 64, 65, 66, 67, 68, 68, 69, 71, 71, 73, 76, 77, 78, 81, 83, 84, 85, 86, 86, 88, 88, 91, 95,
    97, 98, 99, 99, 99, 99, 99, 100, 102, 103, 106, 109, 113, 115, 119, 122, 124, 125, 126, 129, 130, 130, 130, 134,
    138, 142, 145, 146, 145, 145, 145, 146, 147, 147, 149, 150, 150, 151, 155, 158, 160, 160, 160, 161, 163, 166, 171, 175,
    179, 184, 188, 195, 204, 215, 226, 233, 241, 250, 255, 252, 224, 175, 134, 98, 72, 61, 50, 42, 37, 33, 28, 24,
    22, 20, 18, 16, 14, 11, 9, 8, 7, 6, 6, 5, 5, 4, 4, 3, 2, 1, 1, 1, 1, 0, 0, 0,
    1, 1, 0, 0, 0, 0, 0, 0, 0, 0, 0, 0, 0, 0, 0, 0, 0, 0, 0, 0, 0, 0, 0, 0,
    0, 0, 0, 0, 0, 0, 0, 0, 0, 0, 0, 0, 0, 0, 0, 0, 0, 0, 0, 0, 0, 0, 0, 0,
    0, 0, 0, 0, 0, 0, 0, 0, 0, 0, 0, 0, 0, 0, 0, 0, 0, 0, 0, 0, 0, 0, 0, 0,
    0, 0, 0, 0, 0, 0, 0, 0, 0, 0, 0, 0, 0, 0, 0, 0, 0, 0, 0, 0, 0, 0, 0, 0,
    0, 0, 0, 0, 0, 0, 0, 0, 0, 0, 0, 0, 0, 0, 0, 0, 0, 0, 0, 0, 0, 0, 0, 0,
    0, 0, 0, 0, 0, 0, 0, 0, 0, 0, 0, 0, 0, 0, 0, 0, 0, 1, 2, 6, 11, 18, 28, 64,
    148, 216, 177, 108, 52, 27, 16, 8, 2, 0, 0, 0, 0, 0, 0, 0, 0, 0, 0, 0, 0, 0, 0, 0,
    0, 0, 0, 1, 3, 7, 14, 22, 38, 77, 138, 165, 155, 121, 80, 62, 49, 40, 34, 28, 22, 18, 17, 16,
    16, 16, 17, 17, 16, 15, 14, 15, 15, 15, 15, 14, 15, 15, 16, 17, 17, 17, 17, 17, 17, 17, 17, 17,
    18, 18, 18, 19, 19, 17, 17, 17, 17, 17, 17, 18, 18, 17, 17, 17, 19, 19, 19, 19, 20, 20, 21, 21,
    21, 22, 23, 22, 22, 22, 23, 23, 24, 24, 24, 24, 25, 25, 25, 26, 28, 29, 30, 30, 31, 31, 31, 33,
    34, 34, 34, 34, 34, 35, 36, 35, 34, 36, 38, 39, 40, 42, 43, 43, 44, 45, 45, 45, 47, 48, 49, 52,
    53, 53, 54, 56, 56, 57, 59, 58, 58, 61, 63, 64, 65, 66, 68, 70, 71, 72, 73, 74, 75, 76, 77, 77,
    78, 81, 84, 86, 88, 89, 89, 89, 90, 91, 92, 94, 96, 97, 99, 101, 105, 107, 109, 109, 108, 108, 108, 108,
    111, 114, 115, 117, 124, 130, 134, 137, 139, 141, 143, 143, 144, 145, 146, 146, 146, 147, 149, 148, 147, 147, 149, 153,
    157, 161, 164, 166, 168, 172, 179, 186, 192, 196, 204, 219, 229, 240, 252, 251, 230, 194, 146, 115, 92, 70, 56, 46,
    38, 33, 30, 27, 23, 21, 18, 14, 11, 11, 10, 8, 8, 7, 6, 5, 4, 4, 3, 2, 2, 1, 1, 1,
    1, 1, 1, 1, 0, 0, 0, 0, 0, 0, 0, 0, 0, 0, 0, 0, 0, 0, 0, 0, 0, 0, 0, 0,
    0, 0, 0, 0, 0, 0, 0, 0, 0, 0, 0, 0, 0, 0, 0, 0, 0, 0, 0, 0, 0, 0, 0, 0,
    0, 0, 0, 0, 0, 0, 0, 0, 0, 0, 0, 0, 0, 0, 0, 0, 0, 0, 0, 0, 0, 0, 0, 0,
    0, 0, 0, 0, 0, 0, 0, 0, 0, 0, 0, 0, 0, 0, 0, 0, 0, 0, 0, 0, 0, 0, 0, 0,
    0, 0, 0, 0, 0, 0, 0, 0, 0, 0, 0, 0, 0, 0, 0, 0, 0, 0, 0, 0, 0, 0, 0, 0,
    0, 0, 0, 0, 0, 0, 0, 0, 0, 0, 0, 0, 0, 0, 0, 0, 0, 0, 2, 5, 12, 24, 41, 82,
    156, 189, 163, 101, 55, 27, 12, 5, 2, 1, 0, 0, 0, 0, 0, 0, 0, 0, 0, 0, 0, 0, 0, 0,
    0, 0, 0, 2, 4, 7, 12, 23, 54, 111, 142, 162, 145, 90, 51, 34, 28, 23, 20, 17, 15, 13, 11, 11,
    11, 12, 12, 12, 12, 13, 12, 11, 11, 11, 12, 12, 11, 11, 12, 12, 13, 14, 14, 13, 14, 14, 13, 13,
    14, 14, 14, 15, 14, 14, 14, 14, 13, 13, 13, 13, 14, 15, 15, 14, 13, 13, 15, 15, 16, 16, 17, 17,
    17, 17, 17, 18, 18, 18, 18, 18, 19, 19, 20, 20, 20, 20, 21, 20, 21, 22, 23, 24, 25, 26, 26, 27,
    27, 29, 29, 30, 29, 29, 30, 31, 32, 31, 29, 30, 32, 33, 34, 35, 36, 37, 38, 39, 39, 39, 40, 41,
    41, 42, 44, 46, 47, 48, 49, 50, 51, 52, 52, 54, 56, 57, 58, 59, 60, 61, 62, 64, 65, 66, 67, 68,
    69, 69, 70, 71, 72, 75, 77, 78, 79, 79, 80, 81, 82, 84, 86, 87, 89, 91, 93, 95, 96, 96, 96, 96,
    95, 94, 97, 100, 102, 103, 106, 109, 115, 123, 131, 136, 138, 138, 138, 139, 140, 140, 138, 138, 140, 138, 137, 137,
    138, 141, 145, 148, 152, 154, 154, 156, 161, 167, 170, 171, 177, 188, 197, 211, 227, 241, 250, 255, 241, 211, 169, 122,
    89, 68, 54, 45, 41, 36, 31, 28, 25, 19, 16, 15, 13, 11, 10, 10, 8, 6, 6, 5, 4, 4, 2, 2,
    1, 1, 1, 1, 1, 1, 0, 0, 0, 0, 0, 0, 0, 0, 0, 0, 0, 0, 0, 0, 0, 0, 0, 0,
    0, 0, 0, 0, 0, 0, 0, 0, 0, 0, 0, 0, 0, 0, 0, 0, 0, 0, 0, 0, 0, 0, 0, 0,
    0, 0, 0, 0, 0, 0, 0, 0, 0, 0, 0, 0, 0, 0, 0, 0, 0, 0, 0, 0, 0, 0, 0, 0,
    0, 0, 0, 0, 0, 0, 0, 0, 0, 0, 0, 0, 0, 0, 0, 0, 0, 0, 0, 0, 0, 0, 0, 0,
    0, 0, 0, 0, 0, 0, 0, 0, 0, 0, 0, 0, 0, 0, 0, 0, 0, 0, 0, 0, 0, 0, 0, 0,
    0, 0, 0, 0, 0, 0, 0, 0, 0, 0, 0, 0, 0, 0, 0, 0, 0, 1, 3, 7, 13, 23, 49, 99,
    159, 199, 183, 109, 51, 27, 13, 4, 0, 0, 0, 0, 0, 0, 0, 0, 0, 0, 0, 0, 0, 0, 0, 0,
    0, 0, 1, 4, 6, 10, 15, 24, 57, 127, 175, 162, 113, 71, 47, 34, 21, 16, 14, 12, 10, 8, 8, 7,
    8, 8, 8, 9, 10, 9, 9, 9, 9, 8, 8, 9, 9, 9, 9, 9, 10, 10, 11, 10, 10, 11, 11, 11,
    11, 11, 11, 11, 11, 12, 11, 11, 11, 11, 11, 11, 11, 11, 12, 12, 12, 12, 11, 12, 12, 13, 14, 14,
    14, 15, 15, 14, 14, 14, 15, 16, 16, 16, 16, 16, 17, 17, 17, 18, 18, 18, 18, 19, 20, 21, 22, 23,
    24, 25, 25, 26, 26, 26, 25, 25, 26, 27, 28, 28, 27, 26, 27, 27, 29, 31, 32, 33, 35, 35, 35, 35,
    36, 36, 36, 36, 38, 40, 42, 43, 43, 44, 46, 48, 48, 50, 51, 52, 52, 53, 53, 53, 55, 57, 59, 60,
    61, 62, 63, 64, 63, 63, 64, 67, 69, 70, 69, 69, 70, 71, 74, 75, 77, 78, 82, 85, 86, 86, 87, 88,
    88, 89, 88, 88, 88, 89, 91, 94, 96, 98, 101, 106, 112, 118, 124, 129, 131, 132, 131, 131, 131, 131, 132, 131,
    130, 131, 132, 133, 135, 138, 142, 144, 145, 146, 149, 153, 156, 157, 161, 170, 177, 185, 198, 210, 221, 236, 248, 253,
    246, 217, 161, 113, 80, 63, 55, 48, 43, 39, 33, 26, 22, 21, 19, 16, 14, 13, 11, 9, 8, 7, 6, 5,
    4, 3, 2, 2, 2, 2, 1, 1, 1, 0, 0, 0, 0, 0, 0, 0, 0, 0, 0, 0, 0, 0, 0, 0,
    0, 0, 0, 0, 0, 0, 0, 0, 0, 0, 0, 0, 0, 0, 0, 0, 0, 0, 0, 0, 0, 0, 0, 0,
    0, 0, 0, 0, 0, 0, 0, 0, 0, 0, 0, 0, 0, 0, 0, 0, 0, 0, 0, 0, 0, 0, 0, 0,
    0, 0, 0, 0, 0, 0, 0, 0, 0, 0, 0, 0, 0, 0, 0, 0, 0, 0, 0, 0, 0, 0, 0, 0,
    0, 0, 0, 0, 0, 0, 0, 0, 0, 0, 0, 0, 0, 0, 0, 0, 0, 0, 0, 0, 0, 0, 0, 0,
    0, 0, 0, 0, 0, 0, 0, 0, 0, 0, 0, 0, 0, 0, 0, 0, 0, 1, 3, 7, 13, 26, 45, 93,
    183, 226, 186, 114, 64, 35, 17, 5, 1, 0, 0, 0, 0, 0, 0, 0, 0, 0, 0, 0, 0, 0, 0, 0,
    0, 0, 1, 4, 11, 16, 22, 41, 83, 135, 137, 107, 76, 48, 35, 25, 18, 11, 8, 7, 5, 5, 5, 5,
    5, 5, 5, 5, 5, 6, 6, 6, 6, 6, 6, 6, 6, 6, 7, 7, 7, 7, 7, 8, 8, 8, 8, 8,
    8, 8, 8, 8, 8, 8, 8, 8, 9, 8, 8, 9, 9, 8, 9, 9, 9, 9, 10, 10, 9, 9, 10, 11,
    11, 11, 12, 12, 12, 11, 11, 12, 13, 14, 13, 13, 13, 14, 15, 15, 15, 15, 15, 15, 16, 15, 17, 18,
    18, 19, 20, 21, 21, 22, 22, 21, 21, 21, 21, 22, 23, 23, 22, 22, 23, 23, 24, 26, 28, 29, 30, 31,
    31, 31, 31, 31, 31, 31, 33, 34, 36, 37, 38, 38, 40, 41, 42, 43, 44, 45, 46, 47, 47, 48, 50, 51,
    54, 55, 56, 56, 55, 55, 55, 54, 56, 58, 60, 62, 62, 62, 62, 63, 65, 67, 69, 70, 73, 75, 76, 76,
    78, 79, 81, 80, 79, 78, 78, 78, 80, 82, 83, 84, 85, 89, 93, 96, 98, 103, 109, 116, 119, 121, 124, 124,
    125, 125, 125, 126, 128, 128, 128, 129, 131, 132, 132, 133, 136, 139, 141, 142, 145, 150, 155, 159, 166, 173, 180, 193,
    210, 220, 233, 252, 249, 226, 179, 123, 94, 76, 66, 57, 48, 37, 33, 30, 27, 23, 20, 17, 14, 12, 11, 9,
    8, 7, 6, 4, 4, 4, 3, 3, 2, 2, 1, 1, 1, 1, 1, 0, 0, 0, 0, 0, 0, 0, 0, 0,
    0, 0, 0, 0, 0, 0, 0, 0, 0, 0, 0, 0, 0, 0, 0, 0, 0, 0, 0, 0, 0, 0, 0, 0,
    0, 0, 0, 0, 0, 0, 0, 0, 0, 0, 0, 0, 0, 0, 0, 0, 0, 0, 0, 0, 0, 0, 0, 0,
    0, 0, 0, 0, 0, 0, 0, 0, 0, 0, 0, 0, 0, 0, 0, 0, 0, 0, 0, 0, 0, 0, 0, 0,
    0, 0, 0, 0, 0, 0, 0, 0, 0, 0, 0, 0, 0, 0, 0, 0, 0, 0, 0, 0, 0, 0, 0, 0,
    0, 0, 0, 0, 0, 0, 0, 0, 0, 0, 0, 0, 0, 0, 0, 0, 0, 2, 4, 10, 18, 28, 51, 108,
    179, 210, 164, 105, 57, 33, 17, 8, 2, 0, 0, 0, 0, 0, 0, 0, 0, 0, 0, 0, 0, 0, 0, 0,
    0, 0, 0, 0, 8, 14, 33, 69, 110, 117, 112, 92, 50, 25, 19, 16, 10, 6, 4, 3, 3, 3, 2, 2,
    2, 3, 3, 4, 3, 3, 3, 3, 3, 3, 4, 5, 5, 5, 4, 4, 4, 5, 5, 5, 5, 5, 5, 6,
    6, 5, 6, 5, 5, 5, 5, 5, 5, 5, 6, 6, 6, 6, 6, 6, 6, 6, 6, 6, 7, 8, 8, 8,
    8, 9, 9, 9, 9, 9, 9, 8, 9, 10, 11, 11, 11, 11, 11, 11, 11, 12, 12, 12, 12, 12, 12, 12,
    13, 14, 15, 15, 16, 17, 17, 17, 18, 18, 17, 17, 17, 17, 17, 18, 18, 18, 18, 19, 21, 22, 24, 24,
    25, 26, 26, 26, 27, 27, 26, 28, 29, 29, 31, 33, 33, 33, 34, 35, 36, 36, 37, 39, 40, 42, 43, 44,
    45, 46, 48, 49, 50, 49, 47, 47, 48, 48, 49, 51, 54, 55, 56, 56, 55, 55, 57, 59, 61, 62, 63, 65,
    67, 68, 70, 72, 73, 71, 69, 69, 69, 68, 69, 70, 71, 71, 71, 74, 78, 79, 81, 83, 86, 90, 95, 101,
    110, 116, 118, 118, 119, 122, 123, 122, 121, 121, 121, 121, 119, 121, 124, 127, 129, 130, 132, 136, 137, 139, 141, 144,
    148, 155, 166, 176, 187, 210, 231, 250, 255, 236, 201, 152, 108, 90, 75, 57, 48, 43, 37, 31, 27, 23, 19, 16,
    14, 13, 11, 9, 8, 6, 6, 6, 5, 4, 3, 3, 3, 2, 2, 1, 1, 1, 1, 0, 0, 0, 0, 0,
    0, 0, 0, 0, 0, 0, 0, 0, 0, 0, 0, 0, 0, 0, 0, 0, 0, 0, 0, 0, 0, 0, 0, 0,
    0, 0, 0, 0, 0, 0, 0, 0, 0, 0, 0, 0, 0, 0, 0, 0, 0, 0, 0, 0, 0, 0, 0, 0,
    0, 0, 0, 0, 0, 0, 0, 0, 0, 0, 0, 0, 0, 0, 0, 0, 0, 0, 0, 0, 0, 0, 0, 0,
    0, 0, 0, 0, 0, 0, 0, 0, 0, 0, 0, 0, 0, 0, 0, 0, 0, 0, 0, 0, 0, 0, 0, 0,
    0, 0, 0, 0, 0, 0, 0, 0, 0, 0, 0, 0, 0, 0, 0, 0, 0, 2, 5, 10, 20, 39, 68, 122,
    190, 205, 171, 99, 43, 22, 12, 5, 1, 0, 0, 0, 0, 0, 0, 0, 0, 0, 0, 0, 0, 0, 0, 0,
    0, 0, 0, 0, 0, 0, 28, 58, 106, 134, 103, 59, 37, 30, 22, 11, 6, 5, 3, 2, 2, 2, 2, 2,
    2, 2, 2, 2, 2, 2, 3, 2, 2, 2, 2, 3, 3, 3, 3, 3, 3, 3, 3, 3, 4, 4, 4, 4,
    4, 4, 4, 4, 4, 4, 4, 4, 4, 4, 4, 4, 4, 4, 4, 4, 4, 4, 5, 5, 5, 5, 6, 6,
    7, 7, 6, 7, 7, 7, 8, 8, 7, 7, 8, 8, 8, 9, 9, 9, 9, 9, 9, 9, 10, 9, 9, 10,
    10, 11, 11, 11, 12, 12, 13, 13, 14, 15, 15, 15, 14, 14, 15, 15, 15, 15, 16, 16, 16, 17, 18, 19,
    20, 21, 21, 22, 22, 22, 23, 23, 24, 24, 26, 26, 28, 29, 29, 30, 31, 32, 31, 31, 32, 34, 36, 38,
    39, 40, 41, 42, 43, 43, 44, 43, 42, 42, 43, 44, 46, 48, 49, 50, 51, 51, 49, 49, 50, 53, 54, 56,
    57, 59, 62, 63, 65, 66, 66, 63, 62, 63, 63, 62, 61, 62, 63, 63, 64, 66, 68, 70, 72, 73, 75, 78,
    81, 84, 88, 97, 106, 111, 113, 114, 115, 116, 115, 114, 113, 113, 112, 113, 116, 118, 121, 124, 126, 128, 129, 130,
    130, 131, 134, 140, 146, 154, 159, 161, 171, 192, 225, 248, 255, 245, 199, 155, 120, 84, 68, 61, 50, 41, 35, 30,
    25, 21, 20, 17, 15, 13, 11, 9, 8, 8, 6, 5, 5, 4, 4, 3, 3, 2, 2, 2, 1, 1, 1, 1,
    0, 0, 0, 0, 0, 0, 0, 0, 0, 0, 0, 0, 0, 0, 0, 0, 0, 0, 0, 0, 0, 0, 0, 0,
    0, 0, 0, 0, 0, 0, 0, 0, 0, 0, 0, 0, 0, 0, 0, 0, 0, 0, 0, 0, 0, 0, 0, 0,
    0, 0, 0, 0, 0, 0, 0, 0, 0, 0, 0, 0, 0, 0, 0, 0, 0, 0, 0, 0, 0, 0, 0, 0,
    0, 0, 0, 0, 0, 0, 0, 0, 0, 0, 0, 0, 0, 0, 0, 0, 0, 0, 0, 0, 0, 0, 0, 0,
    0, 0, 0, 0, 0, 0, 0, 0, 0, 0, 0, 0, 0, 0, 0, 0, 1, 2, 6, 13, 23, 42, 80, 141,
    197, 219, 172, 105, 60, 31, 13, 5, 2, 0, 0, 0, 0, 0, 0, 0, 0, 0, 0, 0, 0, 0, 0, 0,
    0, 0, 0, 0, 0, 0, 0, 0, 91, 83, 64, 41, 25, 19, 13, 10, 5, 2, 1, 1, 1, 1, 1, 1,
    1, 1, 1, 1, 1, 1, 1, 1, 2, 2, 2, 2, 2, 2, 2, 2, 2, 2, 2, 2, 2, 2, 2, 2,
    2, 2, 3, 2, 2, 2, 2, 3, 3, 3, 2, 2, 3, 3, 3, 3, 3, 3, 3, 3, 3, 3, 3, 4,
    4, 5, 5, 5, 4, 5, 6, 6, 6, 6, 6, 6, 6, 5, 6, 7, 7, 7, 7, 7, 7, 7, 7, 7,
    7, 8, 8, 9, 8, 9, 9, 9, 10, 10, 11, 12, 13, 13, 12, 13, 12, 12, 12, 13, 14, 14, 14, 14,
    15, 16, 17, 17, 18, 18, 18, 18, 19, 19, 20, 21, 22, 23, 24, 25, 25, 26, 28, 28, 27, 27, 28, 30,
    32, 34, 34, 35, 35, 36, 36, 37, 38, 37, 37, 38, 38, 40, 41, 42, 43, 43, 45, 43, 42, 42, 43, 46,
    47, 49, 51, 53, 56, 57, 59, 60, 59, 56, 55, 56, 57, 57, 56, 56, 57, 57, 58, 59, 60, 61, 63, 64,
    65, 67, 70, 72, 75, 78, 84, 90, 96, 101, 105, 108, 109, 109, 109, 109, 109, 109, 110, 112, 114, 117, 119, 121,
    121, 122, 122, 122, 124, 128, 133, 138, 141, 140, 142, 150, 171, 195, 213, 234, 252, 249, 224, 168, 121, 97, 75, 58,
    51, 43, 34, 29, 27, 24, 21, 19, 16, 12, 11, 10, 9, 8, 7, 6, 5, 5, 4, 4, 3, 3, 2, 2,
    2, 1, 0, 0, 0, 0, 0, 0, 0, 0, 0, 0, 0, 0, 0, 0, 0, 0, 0, 0, 0, 0, 0, 0,
    0, 0, 0, 0, 0, 0, 0, 0, 0, 0, 0, 0, 0, 0, 0, 0, 0, 0, 0, 0, 0, 0, 0, 0,
    0, 0, 0, 0, 0, 0, 0, 0, 0, 0, 0, 0, 0, 0, 0, 0, 0, 0, 0, 0, 0, 0, 0, 0,
    0, 0, 0, 0, 0, 0, 0, 0, 0, 0, 0, 0, 0, 0, 0, 0, 0, 0, 0, 0, 0, 0, 0, 0,
    0, 0, 0, 0, 0, 0, 0, 0, 0, 0, 0, 0, 0, 0, 0, 1, 2, 4, 8, 14, 27, 48, 96, 161,
    219, 208, 152, 97, 58, 34, 17, 7, 2, 0, 0, 0, 0, 0, 0, 0, 0, 0, 0, 0, 0, 0, 0, 0,
    0, 0, 0, 0, 0, 0, 0, 0, 0, 0, 41, 24, 14, 9, 6, 3, 1, 0, 0, 0, 0, 0, 0, 1,
    1, 0, 1, 1, 1, 1, 1, 1, 1, 1, 1, 1, 1, 1, 1, 1, 1, 1, 1, 1, 1, 1, 1, 1,
    1, 1, 1, 1, 1, 1, 1, 1, 1, 1, 1, 1, 1, 1, 1, 1, 1, 1, 1, 2, 1, 2, 2, 2,
    2, 2, 2, 3, 3, 3, 2, 3, 3, 3, 3, 3, 3, 3, 3, 4, 4, 4, 4, 5, 5, 5, 5, 5,
    5, 5, 6, 6, 6, 6, 6, 6, 7, 7, 7, 8, 9, 10, 10, 10, 9, 9, 9, 10, 10, 11, 11, 11,
    11, 12, 13, 14, 14, 13, 14, 14, 14, 15, 15, 16, 17, 18, 19, 20, 20, 21, 20, 21, 22, 23, 23, 23,
    24, 26, 28, 29, 29, 29, 29, 29, 29, 30, 32, 32, 33, 33, 33, 34, 34, 34, 35, 36, 37, 36, 35, 36,
    38, 39, 40, 41, 44, 47, 48, 50, 53, 54, 52, 49, 48, 49, 51, 52, 51, 51, 51, 51, 52, 52, 51, 52,
    53, 54, 55, 56, 58, 60, 62, 66, 72, 73, 72, 79, 87, 95, 102, 106, 105, 106, 106, 106, 107, 107, 108, 110,
    111, 111, 112, 113, 112, 113, 115, 119, 123, 125, 128, 132, 135, 138, 144, 150, 155, 172, 208, 229, 245, 253, 237, 202,
    147, 106, 88, 72, 54, 44, 38, 34, 29, 25, 22, 18, 15, 13, 12, 11, 10, 9, 8, 8, 7, 6, 5, 5,
    4, 3, 3, 2, 1, 1, 1, 1, 0, 1, 1, 0, 0, 0, 0, 0, 0, 0, 0, 0, 0, 0, 0, 0,
    0, 0, 0, 0, 0, 0, 0, 0, 0, 0, 0, 0, 0, 0, 0, 0, 0, 0, 0, 0, 0, 0, 0, 0,
    0, 0, 0, 0, 0, 0, 0, 0, 0, 0, 0, 0, 0, 0, 0, 0, 0, 0, 0, 0, 0, 0, 0, 0,
    0, 0, 0, 0, 0, 0, 0, 0, 0, 0, 0, 0, 0, 0, 0, 0, 0, 0, 0, 0, 0, 0, 0, 0,
    0, 0, 0, 0, 0, 0, 0, 0, 0, 0, 0, 0, 0, 0, 0, 0, 2, 5, 11, 22, 41, 66, 111, 177,
    209, 180, 123, 67, 40, 26, 13, 5, 2, 0, 0, 0, 0, 0, 0, 0, 0, 0, 0, 0, 0, 0, 0, 0,
    0, 0, 0, 0, 0, 0, 0, 0, 0, 0, 0, 0, 14, 9, 4, 2, 1, 0, 0, 0, 1, 0, 0, 0,
    0, 0, 0, 0, 0, 1, 1, 1, 0, 1, 1, 1, 1, 1, 1, 1, 1, 1, 1, 1, 1, 1, 1, 1,
    1, 0, 0, 0, 0, 0, 0, 1, 1, 1, 1, 1, 1, 1, 1, 1, 1, 1, 1, 1, 1, 1, 1, 1,
    1, 1, 1, 1, 1, 2, 2, 1, 1, 2, 2, 2, 2, 2, 2, 2, 2, 2, 2, 3, 3, 3, 4, 4,
    4, 4, 4, 4, 5, 5, 5, 5, 5, 5, 5, 5, 6, 6, 7, 7, 8, 7, 7, 7, 7, 8, 9, 9,
    9, 9, 9, 10, 11, 11, 11, 11, 11, 12, 12, 12, 12, 13, 14, 15, 16, 17, 18, 18, 18, 18, 19, 20,
    19, 19, 21, 22, 23, 25, 25, 25, 25, 25, 25, 26, 27, 28, 29, 29, 30, 30, 29, 29, 30, 31, 32, 32,
    31, 32, 33, 34, 34, 35, 37, 39, 40, 43, 45, 46, 46, 43, 42, 43, 45, 47, 47, 47, 46, 46, 47, 46,
    45, 45, 46, 47, 48, 50, 51, 52, 54, 57, 61, 64, 65, 69, 74, 79, 85, 93, 97, 100, 101, 101, 101, 101,
    102, 105, 105, 105, 105, 106, 105, 105, 107, 111, 115, 117, 119, 123, 125, 128, 131, 133, 135, 143, 163, 176, 191, 222,
    244, 252, 241, 203, 166, 126, 87, 69, 60, 49, 40, 33, 28, 23, 20, 18, 16, 15, 14, 13, 12, 11, 10, 8,
    7, 6, 5, 4, 4, 3, 3, 2, 1, 1, 1, 1, 1, 0, 1, 1, 0, 0, 0, 0, 0, 0, 0, 0,
    0, 0, 0, 0, 0, 0, 0, 0, 0, 0, 0, 0, 0, 0, 0, 0, 0, 0, 0, 0, 0, 0, 0, 0,
    0, 0, 0, 0, 0, 0, 0, 0, 0, 0, 0, 0, 0, 0, 0, 0, 0, 0, 0, 0, 0, 0, 0, 0,
    0, 0, 0, 0, 0, 0, 0, 0, 0, 0, 0, 0, 0, 0, 0, 0, 0, 0, 0, 0, 0, 0, 0, 0,
    0, 0, 0, 0, 0, 0, 0, 0, 0, 0, 0, 0, 0, 0, 1, 2, 4, 7, 13, 27, 49, 84, 145, 192,
    206, 176, 111, 67, 39, 21, 11, 6, 2, 0, 0, 0, 0, 0, 0, 0, 0, 0, 0, 0, 0, 0, 0, 0,
    0, 0, 0, 0, 0, 0, 0, 0, 0, 0, 0, 0, 0, 0, 4, 2, 1, 0, 1, 0, 0, 0, 0, 0,
    0, 0, 0, 0, 0, 0, 0, 0, 0, 0, 0, 0, 0, 1, 1, 1, 1, 1, 1, 1, 1, 1, 1, 1,
    1, 1, 0, 0, 0, 0, 0, 0, 0, 0, 1, 0, 1, 1, 0, 1, 1, 1, 1, 1, 0, 1, 1, 1,
    1, 1, 1, 1, 1, 1, 1, 1, 1, 1, 1, 1, 1, 1, 1, 1, 1, 1, 2, 2, 1, 2, 2, 2,
    2, 2, 2, 2, 3, 3, 3, 4, 4, 4, 4, 4, 4, 4, 4, 5, 5, 5, 6, 5, 5, 6, 6, 6,
    7, 7, 7, 7, 8, 8, 9, 9, 9, 8, 9, 9, 10, 10, 10, 11, 12, 13, 13, 14, 15, 15, 16, 16,
    17, 18, 17, 17, 18, 19, 20, 20, 21, 21, 21, 21, 21, 22, 23, 24, 26, 26, 26, 26, 26, 26, 26, 26,
    27, 28, 28, 28, 29, 29, 29, 30, 30, 31, 33, 36, 37, 39, 39, 37, 36, 36, 38, 41, 43, 43, 41, 41,
    41, 41, 40, 39, 40, 42, 43, 44, 45, 46, 48, 50, 53, 55, 58, 61, 65, 66, 69, 72, 76, 83, 91, 95,
    94, 94, 96, 101, 101, 99, 99, 99, 99, 99, 99, 103, 107, 109, 110, 110, 112, 115, 119, 123, 125, 128, 134, 138,
    144, 166, 188, 203, 229, 254, 253, 228, 169, 122, 97, 73, 56, 45, 37, 31, 27, 25, 22, 20, 19, 17, 15, 14,
    13, 11, 9, 9, 8, 6, 5, 5, 4, 3, 3, 2, 1, 1, 1, 1, 1, 1, 0, 0, 0, 0, 0, 0,
    0, 0, 0, 0, 0, 0, 0, 0, 0, 0, 0, 0, 0, 0, 0, 0, 0, 0, 0, 0, 0, 0, 0, 0,
    0, 0, 0, 0, 0, 0, 0, 0, 0, 0, 0, 0, 0, 0, 0, 0, 0, 0, 0, 0, 0, 0, 0, 0,
    0, 0, 0, 0, 0, 0, 0, 0, 0, 0, 0, 0, 0, 0, 0, 0, 0, 0, 0, 0, 0, 0, 0, 0,
    0, 0, 0, 0, 0, 0, 0, 0, 0, 0, 0, 0, 0, 0, 1, 3, 7, 11, 16, 26, 49, 104, 164, 215,
    220, 166, 101, 57, 34, 20, 9, 4, 1, 1, 0, 0, 0, 0, 0, 0, 0, 0, 0, 0, 0, 0, 0, 0,
    0, 0, 0, 0, 0, 0, 0, 0, 0, 0, 0, 0, 0, 0, 0, 0, 0, 0, 0, 0, 0, 0, 0, 0,
    0, 0, 0, 0, 0, 0, 0, 0, 0, 0, 0, 0, 0, 0, 0, 0, 0, 0, 0, 0, 0, 0, 0, 0,
    0, 0, 0, 0, 0, 0, 0, 0, 0, 0, 0, 0, 0, 0, 1, 0, 0, 0, 0, 0, 0, 0, 0, 0,
    0, 0, 0, 0, 0, 0, 0, 0, 0, 0, 0, 0, 1, 1, 1, 1, 0, 0, 0, 0, 1, 1, 1, 1,
    1, 1, 1, 1, 1, 1, 1, 2, 2, 2, 2, 2, 2, 3, 3, 3, 3, 3, 3, 3, 3, 3, 4, 4,
    4, 4, 5, 5, 5, 6, 6, 6, 6, 7, 6, 6, 7, 7, 8, 8, 8, 9, 9, 10, 11, 12, 12, 13,
    14, 14, 14, 15, 15, 15, 15, 16, 16, 17, 17, 17, 17, 18, 19, 20, 21, 22, 22, 22, 22, 22, 21, 21,
    21, 22, 23, 23, 24, 25, 25, 25, 25, 26, 26, 26, 28, 30, 32, 32, 31, 31, 32, 33, 34, 36, 37, 38,
    37, 37, 37, 37, 36, 36, 37, 38, 39, 40, 40, 40, 42, 43, 45, 46, 48, 51, 53, 55, 56, 56, 59, 63,
    71, 77, 81, 85, 89, 93, 93, 92, 93, 94, 93, 93, 95, 96, 97, 97, 99, 99, 100, 104, 108, 111, 112, 114,
    117, 121, 124, 132, 141, 148, 162, 184, 204, 228, 248, 235, 205, 157, 109, 79, 64, 53, 45, 39, 32, 28, 24, 21,
    18, 18, 16, 14, 12, 11, 10, 8, 7, 6, 5, 5, 4, 3, 2, 2, 2, 2, 1, 1, 1, 1, 1, 1,
    1, 0, 0, 0, 0, 0, 0, 0, 0, 0, 0, 0, 0, 0, 0, 0, 0, 0, 0, 0, 0, 0, 0, 0,
    0, 0, 0, 0, 0, 0, 0, 0, 0, 0, 0, 0, 0, 0, 0, 0, 0, 0, 0, 0, 0, 0, 0, 0,
    0, 0, 0, 0, 0, 0, 0, 0, 0, 0, 0, 0, 0, 0, 0, 0, 0, 0, 0, 0, 0, 0, 0, 0,
    0, 0, 0, 0, 0, 0, 0, 0, 0, 0, 0, 0, 0, 0, 2, 4, 11, 21, 29, 44, 71, 120, 190, 210,
    175, 125, 75, 44, 26, 13, 7, 2, 1, 0, 0, 0, 0, 0, 0, 0, 0, 0, 0, 0, 0, 0, 0, 0,
    0, 0, 0, 0, 0, 0, 0, 0, 0, 0, 0, 0, 0, 0, 0, 0, 0, 0, 0, 0, 0, 0, 0, 0,
    0, 0, 0, 0, 0, 0, 0, 0, 0, 0, 0, 0, 0, 0, 0, 0, 0, 0, 0, 0, 0, 0, 0, 0,
    0, 0, 0, 0, 0, 0, 0, 0, 0, 0, 0, 0, 0, 0, 0, 0, 0, 0, 0, 0, 0, 0, 0, 0,
    0, 0, 0, 0, 0, 0, 0, 0, 0, 0, 0, 0, 0, 0, 0, 0, 0, 0, 0, 0, 0, 0, 0, 0,
    0, 0, 0, 0, 0, 0, 0, 0, 0, 1, 1, 1, 1, 1, 1, 1, 1, 1, 1, 1, 1, 1, 1, 2,
    2, 2, 2, 2, 3, 3, 4, 4, 4, 4, 5, 5, 5, 4, 5, 5, 6, 6, 6, 7, 7, 7, 8, 9,
    10, 11, 11, 12, 12, 12, 12, 12, 12, 13, 13, 14, 14, 14, 14, 15, 17, 18, 19, 19, 19, 18, 17, 17,
    17, 18, 18, 18, 19, 19, 20, 21, 22, 21, 21, 22, 23, 23, 23, 25, 26, 26, 26, 26, 27, 29, 30, 32,
    33, 34, 33, 32, 33, 33, 33, 34, 34, 35, 36, 35, 35, 35, 36, 37, 38, 38, 40, 42, 44, 45, 46, 46,
    47, 51, 57, 62, 65, 68, 72, 77, 82, 85, 88, 89, 89, 89, 90, 89, 88, 88, 89, 90, 91, 94, 98, 100,
    101, 103, 106, 108, 111, 115, 118, 120, 126, 133, 144, 161, 194, 224, 245, 251, 228, 185, 138, 101, 81, 65, 51, 41,
    34, 28, 24, 23, 21, 17, 15, 14, 13, 12, 10, 8, 7, 7, 6, 5, 4, 3, 3, 3, 3, 2, 2, 1,
    1, 1, 1, 1, 1, 0, 0, 0, 0, 0, 0, 0, 0, 0, 0, 0, 0, 0, 0, 0, 0, 0, 0, 0,
    0, 0, 0, 0, 0, 0, 0, 0, 0, 0, 0, 0, 0, 0, 0, 0, 0, 0, 0, 0, 0, 0, 0, 0,
    0, 0, 0, 0, 0, 0, 0, 0, 0, 0, 0, 0, 0, 0, 0, 0, 0, 0, 0, 0, 0, 0, 0, 0,
    0, 0, 0, 0, 0, 0, 0, 0, 0, 0, 0, 0, 0, 1, 3, 6, 12, 21, 41, 70, 107, 168, 209, 206,
    167, 96, 54, 32, 17, 9, 3, 0, 0, 0, 0, 0, 0, 0, 0, 0, 0, 0, 0, 0, 0, 0, 0, 0,
    0, 0, 0, 0, 0, 0, 0, 0, 0, 0, 0, 0, 0, 0, 0, 0, 0, 0, 0, 0, 0, 0, 0, 0,
    0, 0, 0, 0, 0, 0, 0, 0, 0, 0, 0, 0, 0, 0, 0, 0, 0, 0, 0, 0, 0, 0, 0, 0,
    0, 0, 0, 0, 0, 0, 0, 0, 0, 0, 0, 0, 0, 0, 0, 0, 0, 0, 0, 0, 0, 0, 0, 0,
    0, 0, 0, 0, 0, 0, 0, 0, 0, 0, 0, 0, 0, 0, 0, 0, 0, 0, 0, 0, 0, 0, 0, 0,
    0, 0, 0, 0, 0, 0, 0, 0, 0, 0, 0, 0, 0, 0, 0, 0, 0, 1, 1, 1, 1, 1, 1, 1,
    1, 1, 1, 2, 2, 2, 2, 3, 3, 3, 3, 3, 4, 4, 4, 4, 4, 4, 5, 5, 5, 5, 5, 6,
    6, 7, 7, 8, 9, 9, 10, 10, 10, 10, 10, 10, 11, 12, 12, 12, 13, 13, 14, 15, 16, 16, 16, 15,
    15, 15, 15, 15, 16, 16, 16, 16, 17, 18, 19, 19, 19, 20, 20, 20, 20, 21, 22, 23, 23, 23, 24, 25,
    27, 29, 30, 31, 29, 29, 30, 29, 30, 30, 31, 30, 31, 32, 32, 32, 31, 32, 32, 34, 34, 36, 37, 38,
    39, 40, 42, 45, 49, 53, 54, 56, 58, 62, 68, 76, 82, 84, 85, 85, 84, 83, 82, 82, 83, 84, 85, 86,
    89, 92, 94, 95, 97, 98, 98, 102, 106, 109, 112, 115, 122, 131, 147, 161, 179, 207, 237, 250, 240, 201, 155, 117,
    79, 60, 51, 43, 36, 31, 27, 22, 20, 20, 18, 15, 13, 11, 10, 9, 8, 7, 6, 5, 5, 4, 4, 3,
    2, 2, 2, 2, 1, 1, 1, 0, 0, 0, 0, 0, 0, 0, 0, 0, 0, 0, 0, 0, 0, 0, 0, 0,
    0, 0, 0, 0, 0, 0, 0, 0, 0, 0, 0, 0, 0, 0, 0, 0, 0, 0, 0, 0, 0, 0, 0, 0,
    0, 0, 0, 0, 0, 0, 0, 0, 0, 0, 0, 0, 0, 0, 0, 0, 0, 0, 0, 0, 0, 0, 0, 0,
    0, 0, 0, 0, 0, 0, 0, 0, 0, 0, 0, 1, 2, 3, 5, 8, 15, 30, 49, 76, 134, 189, 222, 208,
    150, 93, 57, 35, 21, 10, 3, 1, 0, 0, 0, 0, 0, 0, 0, 0, 0, 0, 0, 0, 0, 0, 0, 0,
    0, 0, 0, 0, 0, 0, 0, 0, 0, 0, 0, 0, 0, 0, 0, 0, 0, 0, 0, 0, 0, 0, 0, 0,
    0, 0, 0, 0, 0, 0, 0, 0, 0, 0, 0, 0, 0, 0, 0, 0, 0, 0, 0, 0, 0, 0, 0, 0,
    0, 0, 0, 0, 0, 0, 0, 0, 0, 0, 0, 0, 0, 0, 0, 0, 0, 0, 0, 0, 0, 0, 0, 0,
    0, 0, 0, 0, 0, 0, 0, 0, 0, 0, 0, 0, 0, 0, 0, 0, 0, 0, 0, 0, 0, 0, 0, 0,
    0, 0, 0, 0, 0, 0, 0, 0, 0, 0, 0, 0, 0, 0, 0, 0, 0, 0, 0, 0, 0, 0, 0, 0,
    0, 0, 0, 0, 1, 1, 1, 1, 1, 2, 2, 2, 2, 2, 3, 3, 2, 2, 3, 3, 3, 4, 4, 4,
    4, 4, 5, 5, 5, 6, 6, 7, 7, 8, 8, 9, 8, 8, 9, 10, 10, 11, 11, 11, 11, 12, 13, 13,
    12, 12, 12, 12, 13, 13, 14, 14, 14, 14, 14, 16, 17, 17, 17, 18, 18, 17, 18, 18, 19, 20, 21, 20,
    21, 22, 23, 25, 26, 27, 25, 25, 26, 26, 27, 27, 27, 27, 28, 28, 28, 28, 28, 28, 29, 29, 30, 30,
    31, 32, 33, 35, 37, 39, 41, 42, 44, 46, 48, 51, 53, 57, 61, 65, 71, 75, 76, 76, 76, 76, 77, 78,
    79, 79, 81, 83, 86, 87, 87, 86, 86, 89, 93, 95, 97, 98, 100, 104, 108, 113, 121, 136, 158, 178, 206, 237,
    246, 230, 181, 129, 99, 79, 64, 54, 44, 35, 30, 28, 24, 20, 17, 15, 13, 12, 11, 9, 8, 7, 7, 6,
    5, 5, 4, 3, 3, 3, 2, 2, 1, 1, 1, 1, 0, 0, 0, 0, 0, 0, 0, 0, 0, 0, 0, 0,
    0, 0, 0, 0, 0, 0, 0, 0, 0, 0, 0, 0, 0, 0, 0, 0, 0, 0, 0, 0, 0, 0, 0, 0,
    0, 0, 0, 0, 0, 0, 0, 0, 0, 0, 0, 0, 0, 0, 0, 0, 0, 0, 0, 0, 0, 0, 0, 0,
    0, 0, 0, 0, 0, 0, 0, 0, 0, 0, 1, 1, 3, 6, 13, 20, 30, 41, 70, 127, 177, 211, 197, 150,
    109, 71, 43, 26, 16, 9, 4, 1, 0, 0, 0, 0, 0, 0, 0, 0, 0, 0, 0, 0, 0, 0, 0, 0,
    0, 0, 0, 0, 0, 0, 0, 0, 0, 0, 0, 0, 0, 0, 0, 0, 0, 0, 0, 0, 0, 0, 0, 0,
    0, 0, 0, 0, 0, 0, 0, 0, 0, 0, 0, 0, 0, 0, 0, 0, 0, 0, 0, 0, 0, 0, 0, 0,
    0, 0, 0, 0, 0, 0, 0, 0, 0, 0, 0, 0, 0, 0, 0, 0, 0, 0, 0, 0, 0, 0, 0, 0,
    0, 0, 0, 0, 0, 0, 0, 0, 0, 0, 0, 0, 0, 0, 0, 0, 0, 0, 0, 0, 0, 0, 0, 0,
    0, 0, 0, 0, 0, 0, 0, 0, 0, 0, 0, 0, 0, 0, 0, 0, 0, 0, 0, 0, 0, 0, 0, 0,
    0, 0, 0, 0, 0, 0, 0, 0, 1, 1, 1, 1, 1, 1, 1, 1, 1, 1, 1, 1, 1, 2, 2, 3,
    3, 3, 3, 3, 3, 3, 3, 4, 4, 5, 5, 6, 6, 6, 6, 6, 7, 7, 8, 8, 9, 9, 9, 10,
    10, 10, 9, 10, 10, 10, 10, 11, 11, 12, 12, 12, 12, 13, 14, 15, 15, 15, 15, 15, 16, 16, 17, 18,
    18, 18, 18, 18, 19, 20, 20, 21, 21, 22, 23, 23, 24, 24, 24, 24, 24, 24, 24, 24, 25, 25, 25, 25,
    25, 25, 26, 26, 28, 30, 31, 32, 32, 33, 34, 37, 39, 40, 41, 42, 44, 46, 51, 56, 60, 64, 67, 69,
    71, 73, 73, 73, 73, 75, 77, 78, 75, 73, 75, 77, 79, 79, 80, 81, 81, 81, 80, 81, 88, 97, 107, 118,
    132, 158, 183, 212, 236, 241, 229, 197, 149, 113, 86, 63, 51, 42, 33, 28, 25, 22, 19, 17, 15, 12, 10, 10,
    9, 8, 8, 7, 6, 6, 5, 5, 4, 3, 2, 2, 2, 1, 1, 1, 1, 1, 0, 0, 0, 0, 0, 0,
    0, 0, 0, 0, 0, 0, 0, 0, 0, 0, 0, 0, 0, 0, 0, 0, 0, 0, 0, 0, 0, 0, 0, 0,
    0, 0, 0, 0, 0, 0, 0, 0, 0, 0, 0, 0, 0, 0, 0, 0, 0, 0, 0, 0, 0, 0, 0, 0,
    0, 0, 0, 0, 0, 0, 0, 0, 0, 0, 1, 2, 6, 10, 18, 30, 47, 78, 125, 174, 210, 204, 164, 113,
    59, 34, 24, 14, 8, 3, 1, 0, 0, 0, 0, 0, 0, 0, 0, 0, 0, 0, 0, 0, 0, 0, 0, 0,
    0, 0, 0, 0, 0, 0, 0, 0, 0, 0, 0, 0, 0, 0, 0, 0, 0, 0, 0, 0, 0, 0, 0, 0,
    0, 0, 0, 0, 0, 0, 0, 0, 0, 0, 0, 0, 0, 0, 0, 0, 0, 0, 0, 0, 0, 0, 0, 0,
    0, 0, 0, 0, 0, 0, 0, 0, 0, 0, 0, 0, 0, 0, 0, 0, 0, 0, 0, 0, 0, 0, 0, 0,
    0, 0, 0, 0, 0, 0, 0, 0, 0, 0, 0, 0, 0, 0, 0, 0, 0, 0, 0, 0, 0, 0, 0, 0,
    0, 0, 0, 0, 0, 0, 0, 0, 0, 0, 0, 0, 0, 0, 0, 0, 0, 0, 0, 0, 0, 0, 0, 0,
    0, 0, 0, 0, 0, 0, 0, 0, 1, 1, 0, 0, 0, 1, 0, 0, 1, 1, 1, 1, 1, 1, 1, 1,
    2, 2, 2, 2, 2, 2, 3, 2, 2, 3, 3, 3, 4, 4, 4, 4, 4, 5, 5, 5, 6, 6, 7, 7,
    8, 8, 8, 8, 8, 8, 9, 8, 8, 9, 10, 10, 10, 10, 10, 11, 12, 12, 13, 13, 13, 13, 14, 14,
    14, 15, 16, 16, 15, 15, 16, 17, 17, 17, 18, 19, 19, 20, 21, 21, 21, 21, 21, 22, 21, 21, 21, 21,
    21, 21, 22, 22, 23, 23, 24, 26, 27, 27, 27, 27, 29, 30, 33, 33, 34, 35, 37, 40, 43, 46, 48, 50,
    53, 56, 60, 65, 67, 66, 66, 66, 67, 68, 67, 66, 66, 68, 69, 69, 70, 71, 71, 71, 70, 71, 76, 81,
    87, 94, 102, 115, 127, 141, 164, 193, 218, 236, 241, 216, 179, 135, 96, 72, 52, 42, 39, 34, 28, 24, 21, 17,
    14, 13, 12, 11, 10, 9, 8, 8, 8, 7, 6, 5, 4, 3, 3, 3, 2, 2, 1, 1, 0, 0, 0, 0,
    0, 0, 0, 0, 0, 0, 0, 0, 0, 0, 0, 0, 0, 0, 0, 0, 0, 0, 0, 0, 0, 0, 0, 0,
    0, 0, 0, 0, 0, 0, 0, 0, 0, 0, 0, 0, 0, 0, 0, 0, 0, 0, 0, 0, 0, 0, 0, 0,
    0, 0, 0, 0, 0, 0, 0, 1, 1, 2, 3, 6, 9, 16, 25, 40, 68, 108, 157, 194, 212, 191, 134, 88,
    58, 36, 20, 10, 5, 2, 1, 0, 0, 0, 0, 0, 0, 0, 0, 0, 0, 0, 0, 0, 0, 0, 0, 0,
    0, 0, 0, 0, 0, 0, 0, 0, 0, 0, 0, 0, 0, 0, 0, 0, 0, 0, 0, 0, 0, 0, 0, 0,
    0, 0, 0, 0, 0, 0, 0, 0, 0, 0, 0, 0, 0, 0, 0, 0, 0, 0, 0, 0, 0, 0, 0, 0,
    0, 0, 0, 0, 0, 0, 0, 0, 0, 0, 0, 0, 0, 0, 0, 0, 0, 0, 0, 0, 0, 0, 0, 0,
    0, 0, 0, 0, 0, 0, 0, 0, 0, 0, 0, 0, 0, 0, 0, 0, 0, 0, 0, 0, 0, 0, 0, 0,
    0, 0, 0, 0, 0, 0, 0, 0, 0, 0, 0, 0, 0, 0, 0, 0, 0, 0, 0, 0, 0, 0, 0, 0,
    0, 0, 0, 0, 0, 0, 0, 0, 0, 0, 1, 1, 0, 0, 0, 0, 0, 0, 0, 0, 0, 0, 0, 1,
    1, 1, 1, 1, 1, 1, 2, 2, 2, 2, 2, 2, 2, 3, 3, 3, 3, 3, 3, 4, 4, 4, 4, 4,
    5, 6, 7, 7, 7, 7, 7, 7, 7, 7, 7, 7, 8, 8, 8, 8, 8, 9, 10, 11, 10, 11, 11, 12,
    12, 12, 13, 13, 13, 13, 13, 12, 14, 16, 15, 15, 15, 16, 16, 17, 18, 18, 19, 17, 18, 19, 19, 18,
    18, 18, 17, 18, 19, 20, 20, 21, 22, 22, 22, 22, 22, 23, 24, 26, 27, 28, 30, 29, 31, 33, 35, 37,
    38, 39, 40, 40, 41, 44, 50, 54, 56, 57, 57, 58, 59, 59, 59, 60, 60, 60, 60, 62, 64, 64, 64, 65,
    66, 69, 72, 76, 80, 85, 91, 98, 110, 123, 133, 148, 179, 207, 229, 238, 212, 173, 124, 82, 68, 58, 46, 40,
    35, 28, 24, 21, 18, 16, 14, 14, 12, 10, 10, 9, 8, 7, 6, 5, 4, 4, 4, 3, 2, 1, 1, 1,
    1, 0, 0, 0, 0, 0, 0, 0, 0, 0, 0, 0, 0, 0, 0, 0, 0, 0, 0, 0, 0, 0, 0, 0,
    0, 0, 0, 0, 0, 0, 0, 0, 0, 0, 0, 0, 0, 0, 0, 0, 0, 0, 0, 0, 0, 0, 0, 0,
    0, 0, 0, 0, 0, 1, 1, 3, 5, 8, 11, 16, 21, 28, 43, 79, 117, 155, 197, 212, 187, 143, 98, 60,
    39, 26, 16, 9, 4, 2, 1, 0, 0, 0, 0, 0, 0, 0, 0, 0, 0, 0, 0, 0, 0, 0, 0, 0,
    0, 0, 0, 0, 0, 0, 0, 0, 0, 0, 0, 0, 0, 0, 0, 0, 0, 0, 0, 0, 0, 0, 0, 0,
    0, 0, 0, 0, 0, 0, 0, 0, 0, 0, 0, 0, 0, 0, 0, 0, 0, 0, 0, 0, 0, 0, 0, 0,
    0, 0, 0, 0, 0, 0, 0, 0, 0, 0, 0, 0, 0, 0, 0, 0, 0, 0, 0, 0, 0, 0, 0, 0,
    0, 0, 0, 0, 0, 0, 0, 0, 0, 0, 0, 0, 0, 0, 0, 0, 0, 0, 0, 0, 0, 0, 0, 0,
    0, 0, 0, 0, 0, 0, 0, 0, 0, 0, 0, 0, 0, 0, 0, 0, 0, 0, 0, 0, 0, 0, 0, 0,
    0, 0, 0, 0, 0, 0, 0, 0, 0, 0, 0, 0, 0, 0, 0, 0, 0, 0, 0, 0, 0, 0, 0, 0,
    0, 1, 0, 0, 0, 0, 0, 0, 1, 1, 1, 1, 1, 1, 1, 2, 2, 2, 2, 2, 2, 2, 2, 3,
    3, 3, 3, 3, 4, 5, 5, 5, 5, 6, 6, 6, 6, 6, 6, 7, 7, 7, 8, 8, 9, 9, 9, 9,
    9, 9, 10, 10, 11, 11, 11, 11, 11, 10, 12, 14, 13, 13, 13, 13, 14, 14, 15, 15, 15, 15, 16, 16,
    16, 16, 15, 15, 15, 16, 17, 17, 18, 18, 18, 18, 18, 18, 18, 20, 22, 23, 23, 24, 25, 24, 25, 26,
    26, 26, 27, 28, 30, 31, 31, 31, 32, 34, 38, 43, 47, 49, 51, 51, 51, 52, 52, 51, 52, 53, 56, 58,
    58, 58, 57, 57, 60, 62, 63, 64, 65, 67, 71, 79, 87, 95, 106, 118, 136, 171, 205, 226, 237, 221, 192, 153,
    112, 85, 67, 52, 45, 41, 36, 29, 23, 20, 16, 14, 13, 12, 11, 10, 8, 7, 7, 6, 6, 5, 4, 3,
    2, 1, 1, 1, 1, 1, 1, 1, 0, 0, 0, 0, 0, 0, 0, 0, 0, 0, 0, 0, 0, 0, 0, 0,
    0, 0, 0, 0, 0, 0, 0, 0, 0, 0, 0, 0, 0, 0, 0, 0, 0, 0, 0, 0, 0, 0, 0, 0,
    0, 0, 0, 0, 1, 1, 2, 5, 9, 16, 25, 33, 40, 58, 84, 127, 180, 218, 213, 168, 111, 75, 49, 34,
    21, 13, 7, 3, 1, 0, 0, 0, 0, 0, 0, 0, 0, 0, 0, 0, 0, 0, 0, 0, 0, 0, 0, 0,
    0, 0, 0, 0, 0, 0, 0, 0, 0, 0, 0, 0, 0, 0, 0, 0, 0, 0, 0, 0, 0, 0, 0, 0,
    0, 0, 0, 0, 0, 0, 0, 0, 0, 0, 0, 0, 0, 0, 0, 0, 0, 0, 0, 0, 0, 0, 0, 0,
    0, 0, 0, 0, 0, 0, 0, 0, 0, 0, 0, 0, 0, 0, 0, 0, 0, 0, 0, 0, 0, 0, 0, 0,
    0, 0, 0, 0, 0, 0, 0, 0, 0, 0, 0, 0, 0, 0, 0, 0, 0, 0, 0, 0, 0, 0, 0, 0,
    0, 0, 0, 0, 0, 0, 0, 0, 0, 0, 0, 0, 0, 0, 0, 0, 0, 0, 0, 0, 0, 0, 0, 0,
    0, 0, 0, 0, 0, 0, 0, 0, 0, 0, 0, 0, 0, 0, 0, 0, 0, 0, 0, 0, 0, 0, 0, 0,
    0, 0, 0, 0, 0, 0, 0, 0, 0, 0, 0, 0, 0, 0, 0, 0, 1, 1, 1, 1, 1, 1, 1, 1,
    1, 2, 2, 2, 2, 2, 2, 3, 4, 3, 4, 4, 5, 5, 4, 4, 5, 5, 6, 6, 6, 7, 7, 7,
    7, 7, 7, 7, 8, 8, 8, 9, 9, 9, 9, 9, 10, 11, 12, 11, 11, 11, 12, 12, 12, 12, 13, 13,
    14, 14, 14, 14, 13, 14, 13, 13, 14, 15, 16, 16, 16, 15, 15, 15, 15, 17, 19, 20, 21, 21, 21, 21,
    21, 22, 21, 21, 21, 23, 24, 25, 26, 26, 26, 27, 28, 31, 34, 38, 42, 44, 45, 45, 45, 44, 45, 47,
    50, 52, 51, 50, 49, 49, 50, 52, 53, 54, 53, 54, 56, 61, 66, 72, 77, 85, 97, 113, 126, 137, 166, 203,
    224, 237, 231, 208, 174, 131, 97, 81, 68, 56, 46, 37, 29, 25, 21, 19, 16, 14, 13, 11, 11, 9, 8, 7,
    6, 5, 3, 2, 2, 2, 2, 1, 1, 1, 1, 0, 0, 0, 0, 0, 0, 0, 0, 0, 0, 0, 0, 0,
    0, 0, 0, 0, 0, 0, 0, 0, 0, 0, 0, 0, 0, 0, 0, 0, 0, 0, 0, 0, 0, 0, 0, 0,
    0, 0, 0, 1, 3, 5, 8, 10, 18, 30, 43, 59, 83, 114, 156, 192, 204, 199, 173, 127, 87, 57, 34, 22,
    13, 7, 3, 1, 0, 0, 0, 0, 0, 0, 0, 0, 0, 0, 0, 0, 0, 0, 0, 0, 0, 0, 0, 0,
    0, 0, 0, 0, 0, 0, 0, 0, 0, 0, 0, 0, 0, 0, 0, 0, 0, 0, 0, 0, 0, 0, 0, 0,
    0, 0, 0, 0, 0, 0, 0, 0, 0, 0, 0, 0, 0, 0, 0, 0, 0, 0, 0, 0, 0, 0, 0, 0,
    0, 0, 0, 0, 0, 0, 0, 0, 0, 0, 0, 0, 0, 0, 0, 0, 0, 0, 0, 0, 0, 0, 0, 0,
    0, 0, 0, 0, 0, 0, 0, 0, 0, 0, 0, 0, 0, 0, 0, 0, 0, 0, 0, 0, 0, 0, 0, 0,
    0, 0, 0, 0, 0, 0, 0, 0, 0, 0, 0, 0, 0, 0, 0, 0, 0, 0, 0, 0, 0, 0, 0, 0,
    0, 0, 0, 0, 0, 0, 0, 0, 0, 0, 0, 0, 0, 0, 0, 0, 0, 0, 0, 0, 0, 0, 0, 0,
    0, 0, 0, 0, 0, 0, 0, 0, 0, 0, 0, 0, 0, 0, 0, 0, 0, 1, 0, 0, 1, 1, 0, 0,
    1, 1, 1, 1, 1, 1, 2, 2, 2, 2, 2, 2, 3, 3, 3, 3, 4, 4, 4, 4, 4, 4, 5, 5,
    5, 5, 6, 6, 6, 7, 7, 7, 7, 7, 7, 7, 7, 7, 8, 9, 10, 9, 9, 9, 9, 10, 10, 10,
    11, 11, 12, 12, 12, 11, 11, 11, 12, 11, 12, 12, 13, 14, 13, 13, 13, 13, 13, 14, 17, 18, 18, 18,
    18, 18, 19, 18, 18, 18, 18, 20, 21, 21, 22, 22, 22, 23, 24, 24, 26, 28, 31, 33, 34, 36, 37, 38,
    41, 43, 44, 44, 42, 42, 42, 43, 44, 45, 46, 47, 47, 47, 48, 50, 53, 58, 62, 66, 72, 84, 92, 97,
    107, 124, 137, 161, 196, 223, 238, 241, 220, 183, 147, 118, 100, 84, 62, 48, 41, 36, 31, 27, 23, 21, 18, 16,
    13, 10, 9, 8, 5, 4, 4, 3, 3, 2, 1, 1, 1, 1, 1, 0, 0, 0, 0, 0, 0, 0, 0, 0,
    0, 0, 0, 0, 0, 0, 0, 0, 0, 0, 0, 0, 0, 0, 0, 0, 0, 0, 0, 0, 0, 0, 0, 1,
    2, 4, 6, 7, 10, 12, 15, 21, 30, 42, 73, 114, 150, 179, 204, 218, 206, 165, 120, 83, 58, 40, 30, 20,
    12, 7, 3, 0, 0, 0, 0, 0, 0, 0, 0, 0, 0, 0, 0, 0, 0, 0, 0, 0, 0, 0, 0, 0,
    0, 0, 0, 0, 0, 0, 0, 0, 0, 0, 0, 0, 0, 0, 0, 0, 0, 0, 0, 0, 0, 0, 0, 0,
    0, 0, 0, 0, 0, 0, 0, 0, 0, 0, 0, 0, 0, 0, 0, 0, 0, 0, 0, 0, 0, 0, 0, 0,
    0, 0, 0, 0, 0, 0, 0, 0, 0, 0, 0, 0, 0, 0, 0, 0, 0, 0, 0, 0, 0, 0, 0, 0,
    0, 0, 0, 0, 0, 0, 0, 0, 0, 0, 0, 0, 0, 0, 0, 0, 0, 0, 0, 0, 0, 0, 0, 0,
    0, 0, 0, 0, 0, 0, 0, 0, 0, 0, 0, 0, 0, 0, 0, 0, 0, 0, 0, 0, 0, 0, 0, 0,
    0, 0, 0, 0, 0, 0, 0, 0, 0, 0, 0, 0, 0, 0, 0, 0, 0, 0, 0, 0, 0, 0, 0, 0,
    0, 0, 0, 0, 0, 0, 0, 0, 0, 0, 0, 0, 0, 0, 0, 0, 0, 0, 0, 0, 0, 0, 0, 1,
    0, 0, 1, 0, 0, 0, 1, 1, 1, 1, 1, 1, 1, 1, 2, 2, 2, 2, 3, 3, 3, 3, 3, 3,
    3, 3, 4, 4, 4, 4, 5, 5, 5, 5, 5, 5, 5, 5, 5, 6, 6, 7, 7, 7, 7, 7, 7, 7,
    8, 8, 8, 9, 9, 10, 10, 10, 10, 10, 10, 10, 10, 11, 11, 11, 11, 11, 11, 11, 11, 12, 14, 14,
    15, 14, 15, 15, 15, 15, 15, 15, 15, 16, 17, 17, 18, 18, 19, 20, 20, 19, 20, 21, 22, 24, 24, 26,
    28, 29, 31, 34, 35, 36, 37, 37, 37, 37, 37, 38, 39, 41, 41, 40, 39, 40, 43, 45, 48, 50, 55, 62,
    67, 69, 74, 80, 86, 95, 110, 121, 130, 157, 188, 203, 222, 234, 225, 205, 163, 122, 98, 81, 69, 59, 52, 46,
    40, 35, 28, 22, 20, 17, 14, 11, 9, 7, 6, 4, 3, 2, 1, 1, 1, 1, 1, 0, 0, 0, 0, 0,
    0, 0, 0, 0, 0, 0, 0, 0, 0, 0, 0, 0, 0, 0, 0, 0, 0, 1, 2, 2, 3, 5, 7, 9,
    11, 15, 19, 23, 27, 34, 42, 55, 77, 108, 137, 170, 203, 206, 184, 150, 116, 91, 69, 46, 32, 24, 16, 10,
    6, 3, 2, 1, 0, 0, 0, 0, 0, 0, 0, 0, 0, 0, 0, 0, 0, 0, 0, 0, 0, 0, 0, 0,
    0, 0, 0, 0, 0, 0, 0, 0, 0, 0, 0, 0, 0, 0, 0, 0, 0, 0, 0, 0, 0, 0, 0, 0,
    0, 0, 0, 0, 0, 0, 0, 0, 0, 0, 0, 0, 0, 0, 0, 0, 0, 0, 0, 0, 0, 0, 0, 0,
    0, 0, 0, 0, 0, 0, 0, 0, 0, 0, 0, 0, 0, 0, 0, 0, 0, 0, 0, 0, 0, 0, 0, 0,
    0, 0, 0, 0, 0, 0, 0, 0, 0, 0, 0, 0, 0, 0, 0, 0, 0, 0, 0, 0, 0, 0, 0, 0,
    0, 0, 0, 0, 0, 0, 0, 0, 0, 0, 0, 0, 0, 0, 0, 0, 0, 0, 0, 0, 0, 0, 0, 0,
    0, 0, 0, 0, 0, 0, 0, 0, 0, 0, 0, 0, 0, 0, 0, 0, 0, 0, 0, 0, 0, 0, 0, 0,
    0, 0, 0, 0, 0, 0, 0, 0, 0, 0, 0, 0, 0, 0, 0, 0, 0, 0, 0, 0, 0, 0, 0, 0,
    0, 0, 0, 0, 0, 0, 0, 0, 1, 1, 1, 1, 1, 0, 0, 1, 1, 1, 1, 2, 2, 2, 2, 2,
    2, 2, 2, 2, 2, 2, 2, 2, 3, 2, 3, 3, 3, 3, 4, 4, 4, 4, 5, 5, 5, 5, 5, 5,
    5, 5, 6, 6, 7, 7, 7, 8, 8, 8, 8, 8, 8, 8, 8, 9, 9, 9, 9, 9, 10, 9, 9, 9,
    10, 11, 11, 11, 11, 12, 12, 12, 12, 12, 12, 13, 13, 14, 14, 15, 15, 16, 16, 16, 17, 16, 16, 17,
    18, 20, 21, 21, 21, 21, 21, 24, 29, 32, 33, 32, 32, 32, 33, 35, 35, 34, 33, 33, 34, 36, 39, 40,
    42, 47, 51, 52, 56, 58, 58, 60, 64, 65, 67, 77, 92, 101, 121, 156, 186, 210, 228, 232, 226, 213, 192, 167,
    140, 111, 91, 78, 65, 55, 49, 44, 39, 34, 28, 21, 17, 15, 12, 8, 7, 5, 3, 3, 3, 2, 2, 2,
    1, 0, 0, 1, 1, 1, 1, 1, 0, 0, 0, 1, 1, 2, 3, 3, 5, 6, 9, 11, 14, 18, 23, 25,
    30, 40, 52, 64, 78, 93, 116, 149, 178, 198, 200, 188, 168, 144, 114, 83, 58, 39, 28, 21, 14, 8, 4, 3,
    2, 1, 1, 1, 1, 0, 0, 0, 0, 0, 0, 0, 0, 0, 0, 0, 0, 0, 0, 0, 0, 0, 0, 0,
    0, 0, 0, 0, 0, 0, 0, 0, 0, 0, 0, 0, 0, 0, 0, 0, 0, 0, 0, 0, 0, 0, 0, 0,
    0, 0, 0, 0, 0, 0, 0, 0, 0, 0, 0, 0, 0, 0, 0, 0, 0, 0, 0, 0, 0, 0, 0, 0,
    0, 0, 0, 0, 0, 0, 0, 0, 0, 0, 0, 0, 0, 0, 0, 0, 0, 0, 0, 0, 0, 0, 0, 0,
    0, 0, 0, 0, 0, 0, 0, 0, 0, 0, 0, 0, 0, 0, 0, 0, 0, 0, 0, 0, 0, 0, 0, 0,
    0, 0, 0, 0, 0, 0, 0, 0, 0, 0, 0, 0, 0, 0, 0, 0, 0, 0, 0, 0, 0, 0, 0, 0,
    0, 0, 0, 0, 0, 0, 0, 0, 0, 0, 0, 0, 0, 0, 0, 0, 0, 0, 0, 0, 0, 0, 0, 0,
    0, 0, 0, 0, 0, 0, 0, 0, 0, 0, 0, 0, 0, 0, 0, 0, 0, 0, 0, 0, 0, 0, 0, 0,
    0, 0, 0, 0, 0, 0, 0, 0, 0, 0, 0, 0, 1, 1, 0, 0, 0, 0, 1, 1, 1, 1, 1, 1,
    1, 1, 1, 1, 1, 1, 1, 1, 1, 1, 2, 1, 2, 2, 2, 2, 2, 2, 3, 3, 3, 3, 3, 3,
    3, 3, 4, 4, 4, 5, 5, 5, 5, 6, 6, 6, 7, 7, 7, 7, 7, 8, 8, 8, 8, 9, 9, 8,
    8, 8, 8, 8, 9, 9, 9, 9, 9, 10, 10, 10, 10, 10, 11, 11, 11, 12, 12, 13, 13, 13, 14, 14,
    14, 14, 14, 15, 16, 17, 17, 16, 16, 16, 18, 21, 24, 25, 26, 28, 29, 31, 31, 30, 28, 28, 29, 30,
    31, 32, 34, 37, 40, 43, 45, 46, 46, 47, 48, 49, 51, 55, 62, 66, 76, 91, 105, 121, 139, 154, 170, 194,
    217, 227, 224, 213, 201, 188, 171, 148, 124, 105, 93, 81, 70, 56, 47, 45, 38, 31, 26, 23, 18, 15, 15, 15,
    15, 14, 12, 11, 11, 11, 11, 11, 11, 11, 11, 11, 12, 14, 16, 18, 21, 25, 30, 36, 45, 53, 64, 78,
    93, 105, 126, 153, 170, 183, 193, 194, 190, 180, 159, 129, 101, 79, 64, 53, 37, 27, 20, 13, 8, 4, 2, 1,
    1, 0, 0, 0, 0, 0, 1, 0, 0, 0, 0, 0, 0, 0, 0, 0, 0, 0, 0, 0, 0, 0, 0, 0,
    0, 0, 0, 0, 0, 0, 0, 0, 0, 0, 0, 0, 0, 0, 0, 0, 0, 0, 0, 0, 0, 0, 0, 0,
    0, 0, 0, 0, 0, 0, 0, 0, 0, 0, 0, 0, 0, 0, 0, 0, 0, 0, 0, 0, 0, 0, 0, 0,
    0, 0, 0, 0, 0, 0, 0, 0, 0, 0, 0, 0, 0, 0, 0, 0, 0, 0, 0, 0, 0, 0, 0, 0,
    0, 0, 0, 0, 0, 0, 0, 0, 0, 0, 0, 0, 0, 0, 0, 0, 0, 0, 0, 0, 0, 0, 0, 0,
    0, 0, 0, 0, 0, 0, 0, 0, 0, 0, 0, 0, 0, 0, 0, 0, 0, 0, 0, 0, 0, 0, 0, 0,
    0, 0, 0, 0, 0, 0, 0, 0, 0, 0, 0, 0, 0, 0, 0, 0, 0, 0, 0, 0, 0, 0, 0, 0,
    0, 0, 0, 0, 0, 0, 0, 0, 0, 0, 0, 0, 0, 0, 0, 0, 0, 0, 0, 0, 0, 0, 0, 0,
    0, 0, 0, 0, 0, 0, 0, 0, 0, 0, 0, 0, 0, 0, 0, 0, 0, 0, 0, 0, 0, 1, 1, 1,
    1, 1, 1, 1, 1, 1, 1, 1, 1, 1, 1, 1, 1, 1, 1, 1, 1, 1, 2, 1, 2, 2, 2, 2,
    2, 2, 2, 2, 2, 3, 3, 4, 4, 4, 4, 5, 5, 4, 5, 5, 5, 5, 5, 5, 6, 6, 7, 7,
    7, 7, 6, 6, 6, 7, 7, 7, 7, 7, 8, 8, 8, 8, 8, 8, 9, 9, 9, 9, 10, 11, 11, 12,
    12, 12, 11, 11, 12, 12, 13, 13, 13, 12, 12, 12, 13, 14, 15, 16, 17, 17, 19, 22, 23, 23, 23, 23,
    23, 23, 24, 26, 27, 29, 32, 34, 36, 36, 37, 36, 37, 38, 39, 41, 43, 46, 50, 58, 65, 71, 77, 82,
    87, 99, 114, 127, 139, 153, 173, 196, 213, 223, 219, 212, 207, 197, 185, 166, 150, 141, 127, 109, 96, 86, 75, 66,
    61, 58, 55, 52, 50, 49, 48, 47, 47, 47, 49, 52, 55, 58, 62, 72, 80, 89, 100, 114, 130, 145, 160, 174,
    183, 198, 207, 211, 209, 197, 177, 153, 126, 97, 73, 56, 44, 36, 29, 24, 19, 13, 7, 4, 3, 2, 1, 0,
    0, 0, 0, 0, 0, 0, 0, 0, 0, 0, 0, 0, 0, 0, 0, 0, 0, 0, 0, 0, 0, 0, 0, 0,
    0, 0, 0, 0, 0, 0, 0, 0, 0, 0, 0, 0, 0, 0, 0, 0, 0, 0, 0, 0, 0, 0, 0, 0,
    0, 0, 0, 0, 0, 0, 0, 0, 0, 0, 0, 0, 0, 0, 0, 0, 0, 0, 0, 0, 0, 0, 0, 0,
    0, 0, 0, 0, 0, 0, 0, 0, 0, 0, 0, 0, 0, 0, 0, 0, 0, 0, 0, 0, 0, 0, 0, 0,
    0, 0, 0, 0, 0, 0, 0, 0, 0, 0, 0, 0, 0, 0, 0, 0, 0, 0, 0, 0, 0, 0, 0, 0,
    0, 0, 0, 0, 0, 0, 0, 0, 0, 0, 0, 0, 0, 0, 0, 0, 0, 0, 0, 0, 0, 0, 0, 0,
    0, 0, 0, 0, 0, 0, 0, 0, 0, 0, 0, 0, 0, 0, 0, 0, 0, 0, 0, 0, 0, 0, 0, 0,
    0, 0, 0, 0, 0, 0, 0, 0, 0, 0, 0, 0, 0, 0, 0, 0, 0, 0, 0, 0, 0, 0, 0, 0,
    0, 0, 0, 0, 0, 0, 0, 0, 0, 0, 0, 0, 0, 0, 0, 0, 0, 0, 0, 0, 0, 0, 0, 0,
    0, 0, 0, 0, 1, 0, 0, 0, 0, 0, 0, 0, 0, 0, 0, 1, 0, 1, 1, 1, 1, 1, 1, 1,
    1, 2, 1, 1, 1, 1, 1, 1, 2, 2, 2, 3, 3, 3, 3, 3, 3, 4, 4, 3, 3, 3, 3, 4,
    4, 4, 5, 4, 4, 4, 4, 5, 5, 6, 6, 6, 6, 6, 6, 7, 7, 7, 7, 7, 7, 7, 7, 8,
    9, 9, 9, 10, 9, 10, 10, 11, 11, 11, 10, 10, 9, 9, 9, 9, 9, 10, 11, 10, 10, 10, 11, 12,
    14, 15, 16, 17, 19, 21, 23, 24, 26, 28, 28, 28, 28, 28, 28, 29, 31, 32, 33, 35, 37, 40, 42, 45,
    49, 53, 55, 57, 58, 62, 67, 73, 78, 82, 90, 103, 118, 132, 147, 166, 186, 203, 214, 221, 224, 222, 221, 219,
    217, 211, 203, 195, 187, 183, 181, 180, 180, 180, 178, 177, 182, 188, 195, 196, 201, 213, 219, 219, 217, 213, 205, 190,
    174, 157, 137, 117, 98, 84, 73, 62, 52, 44, 36, 30, 23, 15, 9, 6, 4, 2, 1, 1, 1, 0, 0, 0,
    0, 0, 0, 0, 0, 0, 0, 0, 0, 0, 0, 0, 0, 0, 0, 0, 0, 0, 0, 0, 0, 0, 0, 0,
    0, 0, 0, 0, 0, 0, 0, 0, 0, 0, 0, 0, 0, 0, 0, 0, 0, 0, 0, 0, 0, 0, 0, 0,
    0, 0, 0, 0, 0, 0, 0, 0, 0, 0, 0, 0, 0, 0, 0, 0, 0, 0, 0, 0, 0, 0, 0, 0,
    0, 0, 0, 0, 0, 0, 0, 0, 0, 0, 0, 0, 0, 0, 0, 0, 0, 0, 0, 0, 0, 0, 0, 0,
    0, 0, 0, 0, 0, 0, 0, 0, 0, 0, 0, 0, 0, 0, 0, 0, 0, 0, 0, 0, 0, 0, 0, 0,
    0, 0, 0, 0, 0, 0, 0, 0, 0, 0, 0, 0, 0, 0, 0, 0, 0, 0, 0, 0, 0, 0, 0, 0,
    0, 0, 0, 0, 0, 0, 0, 0, 0, 0, 0, 0, 0, 0, 0, 0, 0, 0, 0, 0, 0, 0, 0, 0,
    0, 0, 0, 0, 0, 0, 0, 0, 0, 0, 0, 0, 0, 0, 0, 0, 0, 0, 0, 0, 0, 0, 0, 0,
    0, 0, 0, 0, 0, 0, 0, 0, 0, 0, 0, 0, 0, 0, 0, 0, 0, 0, 0, 0, 0, 0, 0, 0,
    0, 0, 0, 0, 0, 0, 0, 0, 0, 0, 0, 0, 0, 0, 0, 0, 0, 0, 0, 0, 0, 0, 0, 0,
    0, 1, 1, 1, 1, 1, 1, 1, 1, 1, 1, 1, 2, 2, 2, 2, 1, 2, 2, 2, 2, 2, 2, 2,
    2, 2, 3, 3, 3, 3, 3, 3, 3, 3, 3, 4, 4, 4, 5, 5, 5, 5, 6, 6, 6, 5, 5, 6,
    6, 6, 7, 8, 7, 8, 8, 8, 8, 8, 8, 8, 8, 8, 7, 7, 7, 7, 6, 7, 8, 8, 7, 7,
    8, 9, 9, 9, 9, 9, 10, 13, 15, 17, 20, 23, 24, 23, 23, 23, 23, 24, 25, 26, 26, 28, 29, 30,
    31, 32, 35, 38, 39, 40, 41, 41, 42, 46, 49, 52, 57, 61, 66, 73, 80, 90, 101, 114, 124, 129, 137, 145,
    153, 163, 174, 176, 172, 174, 176, 175, 177, 180, 180, 177, 173, 168, 165, 162, 156, 147, 141, 141, 138, 127, 118, 106,
    93, 80, 69, 60, 51, 42, 34, 29, 26, 21, 16, 13, 10, 7, 4, 3, 1, 0, 0, 0, 0, 0, 0, 0,
    0, 0, 0, 0, 0, 0, 0, 0, 0, 0, 0, 0, 0, 0, 0, 0, 0, 0, 0, 0, 0, 0, 0, 0,
    0, 0, 0, 0, 0, 0, 0, 0, 0, 0, 0, 0, 0, 0, 0, 0, 0, 0, 0, 0, 0, 0, 0, 0,
    0, 0, 0, 0, 0, 0, 0, 0, 0, 0, 0, 0, 0, 0, 0, 0, 0, 0, 0, 0, 0, 0, 0, 0,
    0, 0, 0, 0, 0, 0, 0, 0, 0, 0, 0, 0, 0, 0, 0, 0, 0, 0, 0, 0, 0, 0, 0, 0,
    0, 0, 0, 0, 0, 0, 0, 0, 0, 0, 0, 0, 0, 0, 0, 0, 0, 0, 0, 0, 0, 0, 0, 0,
    0, 0, 0, 0, 0, 0, 0, 0, 0, 0, 0, 0, 0, 0, 0, 0, 0, 0, 0, 0, 0, 0, 0, 0,
    0, 0, 0, 0, 0, 0, 0, 0, 0, 0, 0, 0, 0, 0, 0, 0, 0, 0, 0, 0, 0, 0, 0, 0,
    0, 0, 0, 0, 0, 0, 0, 0, 0, 0, 0, 0, 0, 0, 0, 0, 0, 0, 0, 0, 0, 0, 0, 0,
    0, 0, 0, 0, 0, 0, 0, 0, 0, 0, 0, 0, 0, 0, 0, 0, 0, 0, 0, 0, 0, 0, 0, 0,
    0, 0, 0, 0, 0, 0, 0, 0, 0, 0, 0, 0, 0, 0, 0, 0, 0, 0, 0, 0, 0, 0, 0, 0,
    0, 0, 0, 0, 1, 1, 0, 1, 0, 0, 1, 1, 1, 1, 1, 1, 1, 1, 1, 1, 1, 1, 1, 2,
    2, 1, 2, 2, 2, 2, 2, 2, 2, 2, 2, 2, 2, 3, 3, 4, 4, 4, 4, 4, 5, 5, 5, 4,
    4, 5, 5, 5, 5, 6, 6, 6, 5, 6, 6, 6, 6, 6, 6, 6, 6, 5, 5, 5, 5, 6, 6, 6,
    6, 6, 6, 6, 6, 6, 7, 7, 7, 8, 9, 9, 11, 13, 14, 14, 16, 16, 17, 18, 19, 20, 20, 23,
    23, 23, 25, 25, 26, 28, 29, 31, 32, 32, 33, 33, 35, 39, 41, 43, 44, 45, 49, 56, 63, 70, 74, 74,
    76, 80, 85, 89, 92, 90, 89, 91, 92, 88, 86, 84, 82, 81, 79, 76, 73, 70, 66, 64, 61, 55, 51, 48,
    45, 39, 33, 27, 21, 18, 15, 12, 9, 7, 6, 4, 3, 2, 1, 0, 0, 0, 0, 0, 0, 0, 0, 0,
    0, 0, 0, 0, 0, 0, 0, 0, 0, 0, 0, 0, 0, 0, 0, 0, 0, 0, 0, 0, 0, 0, 0, 0,
    0, 0, 0, 0, 0, 0, 0, 0, 0, 0, 0, 0, 0, 0, 0, 0, 0, 0, 0, 0, 0, 0, 0, 0,
    0, 0, 0, 0, 0, 0, 0, 0, 0, 0, 0, 0, 0, 0, 0, 0, 0, 0, 0, 0, 0, 0, 0, 0,
    0, 0, 0, 0, 0, 0, 0, 0, 0, 0, 0, 0, 0, 0, 0, 0, 0, 0, 0, 0, 0, 0, 0, 0,
    0, 0, 0, 0, 0, 0, 0, 0, 0, 0, 0, 0, 0, 0, 0, 0, 0, 0, 0, 0, 0, 0, 0, 0,
    0, 0, 0, 0, 0, 0, 0, 0, 0, 0, 0, 0, 0, 0, 0, 0, 0, 0, 0, 0, 0, 0, 0, 0,
    0, 0, 0, 0, 0, 0, 0, 0, 0, 0, 0, 0, 0, 0, 0, 0, 0, 0, 0, 0, 0, 0, 0, 0,
    0, 0, 0, 0, 0, 0, 0, 0, 0, 0, 0, 0, 0, 0, 0, 0, 0, 0, 0, 0, 0, 0, 0, 0,
    0, 0, 0, 0, 0, 0, 0, 0, 0, 0, 0, 0, 0, 0, 0, 0, 0, 0, 0, 0, 0, 0, 0, 0,
    0, 0, 0, 0, 0, 0, 0, 0, 0, 0, 0, 0, 0, 0, 0, 0, 0, 0, 0, 0, 0, 0, 0, 0,
    0, 0, 0, 0, 0, 0, 0, 0, 0, 0, 0, 0, 0, 0, 0, 0, 0, 0, 1, 0, 0, 0, 0, 0,
    0, 1, 1, 1, 1, 1, 1, 2, 1, 1, 1, 1, 1, 1, 2, 2, 2, 3, 3, 3, 3, 3, 3, 3,
    3, 3, 3, 3, 4, 4, 4, 4, 4, 3, 3, 3, 4, 4, 4, 4, 4, 4, 4, 4, 4, 4, 4, 4,
    5, 5, 5, 4, 4, 4, 4, 4, 4, 4, 4, 5, 6, 6, 7, 7, 7, 7, 7, 8, 8, 9, 9, 10,
    10, 12, 12, 12, 14, 16, 19, 21, 20, 21, 23, 25, 25, 27, 28, 28, 29, 29, 31, 32, 32, 32, 32, 32,
    32, 31, 31, 32, 32, 32, 33, 34, 35, 36, 36, 35, 34, 32, 31, 29, 28, 26, 25, 22, 21, 19, 17, 15,
    13, 11, 10, 8, 6, 4, 3, 2, 1, 1, 1, 1, 1, 1, 1, 0, 0, 0, 0, 0, 0, 0, 0, 0,
    0, 0, 0, 0, 0, 0, 0, 0, 0, 0, 0, 0, 0, 0, 0, 0, 0, 0, 0, 0, 0, 0, 0, 0,
    0, 0, 0, 0, 0, 0, 0, 0, 0, 0, 0, 0, 0, 0, 0, 0, 0, 0, 0, 0, 0, 0, 0, 0,
    0, 0, 0, 0, 0, 0, 0, 0, 0, 0, 0, 0, 0, 0, 0, 0, 0, 0, 0, 0, 0, 0, 0, 0,
    0, 0, 0, 0, 0, 0, 0, 0, 0, 0, 0, 0, 0, 0, 0, 0, 0, 0, 0, 0, 0, 0, 0, 0,
    0, 0, 0, 0, 0, 0, 0, 0, 0, 0, 0, 0, 0, 0, 0, 0, 0, 0, 0, 0, 0, 0, 0, 0,
    0, 0, 0, 0, 0, 0, 0, 0, 0, 0, 0, 0, 0, 0, 0, 0, 0, 0, 0, 0, 0, 0, 0, 0,
    0, 0, 0, 0, 0, 0, 0, 0, 0, 0, 0, 0, 0, 0, 0, 0, 0, 0, 0, 0, 0, 0, 0, 0,
    0, 0, 0, 0, 0, 0, 0, 0, 0, 0, 0, 0, 0, 0, 0, 0, 0, 0, 0, 0, 0, 0, 0, 0,
    0, 0, 0, 0, 0, 0, 0, 0, 0, 0, 0, 0, 0, 0, 0, 0, 0, 0, 0, 0, 0, 0, 0, 0,
    0, 0, 0, 0, 0, 0, 0, 0, 0, 0, 0, 0, 0, 0, 0, 0, 0, 0, 0, 0, 0, 0, 0, 0,
    0, 0, 0, 0, 0, 0, 0, 0, 0, 0, 0, 0, 0, 0, 0, 0, 0, 0, 0, 0, 0, 0, 0, 0,
    0, 0, 0, 0, 0, 1, 1, 1, 1, 1, 1, 1, 0, 0, 0, 1, 1, 1, 1, 1, 1, 1, 2, 2,
    2, 2, 2, 2, 2, 2, 3, 3, 3, 3, 3, 2, 2, 2, 2, 3, 3, 3, 3, 3, 3, 3, 3, 3,
    3, 3, 4, 3, 3, 3, 3, 3, 2, 2, 2, 2, 3, 3, 3, 3, 4, 4, 4, 5, 5, 5, 5, 5,
    5, 5, 4, 4, 4, 4, 4, 5, 8, 10, 9, 9, 10, 12, 13, 14, 13, 12, 12, 13, 13, 14, 13, 12,
    11, 11, 11, 12, 12, 12, 11, 11, 11, 11, 11, 11, 10, 10, 9, 9, 9, 7, 6, 5, 4, 4, 4, 3,
    3, 2, 2, 2, 2, 1, 0, 0, 0, 0, 0, 0, 0, 0, 0, 0, 0, 0, 0, 0, 0, 0, 0, 0,
    0, 0, 0, 0, 0, 0, 0, 0, 0, 0, 0, 0, 0, 0, 0, 0, 0, 0, 0, 0, 0, 0, 0, 0,
    0, 0, 0, 0, 0, 0, 0, 0, 0, 0, 0, 0, 0, 0, 0, 0, 0, 0, 0, 0, 0, 0, 0, 0,
    0, 0, 0, 0, 0, 0, 0, 0, 0, 0, 0, 0, 0, 0, 0, 0, 0, 0, 0, 0, 0, 0, 0, 0,
    0, 0, 0, 0, 0, 0, 0, 0, 0, 0, 0, 0, 0, 0, 0, 0, 0, 0, 0, 0, 0, 0, 0, 0,
    0, 0, 0, 0, 0, 0, 0, 0, 0, 0, 0, 0, 0, 0, 0, 0, 0, 0, 0, 0, 0, 0, 0, 0,
    0, 0, 0, 0, 0, 0, 0, 0, 0, 0, 0, 0, 0, 0, 0, 0, 0, 0, 0, 0, 0, 0, 0, 0,
    0, 0, 0, 0, 0, 0, 0, 0, 0, 0, 0, 0, 0, 0, 0, 0, 0, 0, 0, 0, 0, 0, 0, 0,
    0, 0, 0, 0, 0, 0, 0, 0, 0, 0, 0, 0, 0, 0, 0, 0, 0, 0, 0, 0, 0, 0, 0, 0,
    0, 0, 0, 0, 0, 0, 0, 0, 0, 0, 0, 0, 0, 0, 0, 0, 0, 0, 0, 0, 0, 0, 0, 0,
    0, 0, 0, 0, 0, 0, 0, 0, 0, 0, 0, 0, 0, 0, 0, 0, 0, 0, 0, 0, 0, 0, 0, 0,
    0, 0, 0, 0, 0, 0, 0, 0, 0, 0, 0, 0, 0, 0, 0, 0, 0, 0, 0, 0, 0, 0, 0, 0,
    0, 0, 0, 0, 0, 0, 0, 0, 0, 1, 0, 0, 0, 1, 0, 0, 0, 0, 0, 0, 1, 1, 1, 1,
    1, 1, 1, 1, 1, 1, 2, 2, 2, 2, 2, 2, 2, 2, 2, 2, 2, 2, 2, 2, 2, 2, 2, 3,
    2, 2, 2, 2, 2, 2, 2, 2, 2, 2, 2, 2, 1, 2, 2, 2, 2, 2, 2, 3, 3, 3, 3, 3,
    3, 3, 3, 4, 4, 4, 3, 3, 3, 4, 5, 6, 6, 7, 7, 8, 7, 7, 7, 7, 7, 7, 8, 7,
    6, 5, 5, 5, 6, 6, 6, 5, 5, 5, 6, 6, 6, 5, 5, 5, 4, 4, 3, 3, 3, 2, 2, 2,
    2, 1, 2, 1, 1, 1, 1, 0, 0, 0, 0, 0, 0, 0, 0, 0, 0, 0, 0, 0, 0, 0, 0, 0,
    0, 0, 0, 0, 0, 0, 0, 0, 0, 0, 0, 0, 0, 0, 0, 0, 0, 0, 0, 0, 0, 0, 0, 0,
    0, 0, 0, 0, 0, 0, 0, 0, 0, 0, 0, 0, 0, 0, 0, 0, 0, 0, 0, 0, 0, 0, 0, 0,
    0, 0, 0, 0, 0, 0, 0, 0, 0, 0, 0, 0, 0, 0, 0, 0, 0, 0, 0, 0, 0, 0, 0, 0,
    0, 0, 0, 0, 0, 0, 0, 0, 0, 0, 0, 0, 0, 0, 0, 0, 0, 0, 0, 0, 0, 0, 0, 0,
    0, 0, 0, 0, 0, 0, 0, 0, 0, 0, 0, 0, 0, 0, 0, 0, 0, 0, 0, 0, 0, 0, 0, 0,
    0, 0, 0, 0, 0, 0, 0, 0, 0, 0, 0, 0, 0, 0, 0, 0, 0, 0, 0, 0, 0, 0, 0, 0,
    0, 0, 0, 0, 0, 0, 0, 0, 0, 0, 0, 0, 0, 0, 0, 0, 0, 0, 0, 0, 0, 0, 0, 0,
    0, 0, 0, 0, 0, 0, 0, 0, 0, 0, 0, 0, 0, 0, 0, 0, 0, 0, 0, 0, 0, 0, 0, 0,
    0, 0, 0, 0, 0, 0, 0, 0, 0, 0, 0, 0, 0, 0, 0, 0, 0, 0, 0, 0, 0, 0, 0, 0,
    0, 0, 0, 0, 0, 0, 0, 0, 0, 0, 0, 0, 0, 0, 0, 0, 0, 0, 0, 0, 0, 0, 0, 0,
    0, 0, 0, 0, 0, 0, 0, 0, 0, 0, 0, 0, 0, 0, 0, 0, 0, 0, 0, 0, 0, 0, 0, 0,
    0, 0, 0, 0, 0, 0, 0, 0, 0, 0, 0, 0, 0, 0, 0, 0, 0, 0, 0, 0, 0, 0, 0, 0,
    0, 1, 0, 1, 1, 1, 1, 1, 1, 1, 1, 1, 1, 1, 1, 1, 1, 1, 2, 1, 1, 1, 2, 1,
    2, 1, 1, 1, 1, 1, 1, 2, 1, 1, 1, 1, 1, 1, 1, 1, 1, 1, 1, 1, 1, 1, 1, 1,
    1, 2, 2, 2, 2, 2, 2, 3, 2, 2, 2, 2, 3, 3, 4, 4, 5, 5, 5, 4, 4, 4, 4, 4,
    4, 4, 3, 3, 3, 3, 3, 3, 3, 2, 2, 2, 3, 3, 2, 2, 2, 2, 2, 1, 1, 1, 1, 1,
    1, 1, 0, 0, 0, 0, 0, 0, 0, 0, 0, 0, 0, 0, 0, 0, 0, 0, 0, 0, 0, 0, 0, 0,
    0, 0, 0, 0, 0, 0, 0, 0, 0, 0, 0, 0, 0, 0, 0, 0, 0, 0, 0, 0, 0, 0, 0, 0,
    0, 0, 0, 0, 0, 0, 0, 0, 0, 0, 0, 0, 0, 0, 0, 0, 0, 0, 0, 0, 0, 0, 0, 0,
    0, 0, 0, 0, 0, 0, 0, 0, 0, 0, 0, 0, 0, 0, 0, 0, 0, 0, 0, 0, 0, 0, 0, 0,
    0, 0, 0, 0, 0, 0, 0, 0, 0, 0, 0, 0, 0, 0, 0, 0, 0, 0, 0, 0, 0, 0, 0, 0,
    0, 0, 0, 0, 0, 0, 0, 0, 0, 0, 0, 0, 0, 0, 0, 0, 0, 0, 0, 0, 0, 0, 0, 0,
    0, 0, 0, 0, 0, 0, 0, 0, 0, 0, 0, 0, 0, 0, 0, 0, 0, 0, 0, 0, 0, 0, 0, 0,
    0, 0, 0, 0, 0, 0, 0, 0, 0, 0, 0, 0, 0, 0, 0, 0, 0, 0, 0, 0, 0, 0, 0, 0,
    0, 0, 0, 0, 0, 0, 0, 0, 0, 0, 0, 0, 0, 0, 0, 0, 0, 0, 0, 0, 0, 0, 0, 0,
    0, 0, 0, 0, 0, 0, 0, 0, 0, 0, 0, 0, 0, 0, 0, 0, 0, 0, 0, 0, 0, 0, 0, 0,
    0, 0, 0, 0, 0, 0, 0, 0, 0, 0, 0, 0, 0, 0, 0, 0, 0, 0, 0, 0, 0, 0, 0, 0,
    0, 0, 0, 0, 0, 0, 0, 0, 0, 0, 0, 0, 0, 0, 0, 0, 0, 0, 0, 0, 0, 0, 0, 0,
    0, 0, 0, 0, 0, 0, 0, 0, 0, 0, 0, 0, 0, 0, 0, 0, 0, 0, 0, 0, 0, 0, 0, 0,
    0, 0, 0, 0, 0, 0, 0, 0, 0, 1, 0, 1, 0, 0, 0, 0, 1, 0, 1, 1, 1, 1, 0, 0,
    1, 1, 1, 1, 1, 1, 1, 1, 1, 1, 1, 1, 1, 1, 1, 0, 0, 0, 0, 0, 0, 0, 0, 0,
    0, 0, 0, 1, 1, 1, 1, 1, 1, 1, 1, 1, 1, 1, 1, 1, 1, 1, 2, 2, 2, 2, 2, 2,
    1, 1, 1, 1, 1, 2, 1, 1, 1, 1, 1, 1, 1, 1, 1, 0, 1, 0, 0, 1, 1, 0, 0, 0,
    0, 0, 0, 0, 0, 0, 0, 0, 0, 0, 0, 0, 0, 0, 0, 0, 0, 0, 0, 0, 0, 0, 0, 0,
    0, 0, 0, 0, 0, 0, 0, 0, 0, 0, 0, 0, 0, 0, 0, 0, 0, 0, 0, 0, 0, 0, 0, 0,
    0, 0, 0, 0, 0, 0, 0, 0, 0, 0, 0, 0, 0, 0, 0, 0, 0, 0, 0, 0, 0, 0, 0, 0,
    0, 0, 0, 0, 0, 0, 0, 0, 0, 0, 0, 0, 0, 0, 0, 0, 0, 0, 0, 0, 0, 0, 0, 0,
    0, 0, 0, 0, 0, 0, 0, 0, 0, 0, 0, 0, 0, 0, 0, 0, 0, 0, 0, 0, 0, 0, 0, 0,
    0, 0, 0, 0, 0, 0, 0, 0, 0, 0, 0, 0, 0, 0, 0, 0, 0, 0, 0, 0, 0, 0, 0, 0,
    0, 0, 0, 0, 0, 0, 0, 0, 0, 0, 0, 0, 0, 0, 0, 0, 0, 0, 0, 0, 0, 0, 0, 0,
    0, 0, 0, 0, 0, 0, 0, 0, 0, 0, 0, 0, 0, 0, 0, 0, 0, 0, 0, 0, 0, 0, 0, 0,
    0, 0, 0, 0, 0, 0, 0, 0, 0, 0, 0, 0, 0, 0, 0, 0, 0, 0, 0, 0, 0, 0, 0, 0,
    0, 0, 0, 0, 0, 0, 0, 0, 0, 0, 0, 0, 0, 0, 0, 0, 0, 0, 0, 0, 0, 0, 0, 0,
    0, 0, 0, 0, 0, 0, 0, 0, 0, 0, 0, 0, 0, 0, 0, 0, 0, 0, 0, 0, 0, 0, 0, 0,
    0, 0, 0, 0, 0, 0, 0, 0, 0, 0, 0, 0, 0, 0, 0, 0, 0, 0, 0, 0, 0, 0, 0, 0,
    0, 0, 0, 0, 0, 0, 0, 0, 0, 0, 0, 0, 0, 0, 0, 0, 0, 0, 0, 0, 0, 0, 0, 0,
    0, 0, 0, 0, 0, 0, 0, 0, 0, 0, 0, 0, 0, 0, 0, 0, 0, 0, 0, 0, 0, 0, 0, 0,
    0, 0, 0, 0, 0, 0, 0, 0, 0, 0, 0, 0, 1, 1, 1, 1, 0, 0, 0, 0, 0, 0, 0, 0,
    0, 0, 0, 0, 0, 0, 0, 1, 1, 1, 1, 1, 1, 1, 1, 1, 1, 0, 1, 1, 1, 1, 1, 1,
    1, 1, 1, 1, 1, 1, 1, 1, 1, 1, 1, 1, 0, 0, 0, 0, 0, 0, 0, 0, 0, 0, 0, 0,
    0, 0, 0, 0, 0, 0, 0, 0, 0, 0, 0, 0, 0, 0, 0, 0, 0, 0, 0, 0, 0, 0, 0, 0,
    0, 0, 0, 0, 0, 0, 0, 0, 0, 0, 0, 0, 0, 0, 0, 0, 0, 0, 0, 0, 0, 0, 0, 0,
    0, 0, 0, 0, 0, 0, 0, 0, 0, 0, 0, 0, 0, 0, 0, 0, 0, 0, 0, 0, 0, 0, 0, 0,
    0, 0, 0, 0, 0, 0, 0, 0, 0, 0, 0, 0, 0, 0, 0, 0, 0, 0, 0, 0, 0, 0, 0, 0,
    0, 0, 0, 0, 0, 0, 0, 0, 0, 0, 0, 0, 0, 0,
};

const uint16_t g_wave_white_rgb565[27470] = {
    0x8C51, 0x8C51, 0x8C51, 0x8C51, 0x8C51, 0x8C51, 0x8C51, 0x8C51, 0x8C51, 0x8C51, 0x8C51, 0x8C51, 0x8C51, 0x8C51, 0x8C51, 0x8C51,
    0x8C51, 0x8C51, 0x8C51, 0x8C51, 0x8C52, 0x8C5B, 0x8C5F, 0x8C5F, 0x8C5F, 0x8C5F, 0x8C5F, 0x8C5F, 0x8C5F, 0x8C5F, 0x8C5F, 0x8C5F,
    0x8C5F, 0x8C5F, 0x8C5F, 0x8C5F, 0x8C5F, 0x8C5F, 0x8C5F, 0x8C5F, 0x8C5F, 0x8C5F, 0x8C5F, 0x8C5F, 0x8C5F, 0x8C5F, 0x8C5F, 0x8C5F,
    0x8C5F, 0x8C5F, 0x8C5F, 0x8C5F, 0x8C5F, 0x8C5F, 0x8C5F, 0x8C5F, 0x8C5F, 0x8C5F, 0x8C5F, 0x8C5F, 0x8C5F, 0x8C5F, 0x8C5D, 0x8C5B,
    0x8C55, 0x8C53, 0x8C51, 0x8C51, 0x8C51, 0x8C51, 0x8C51, 0x8C51, 0x8C51, 0x8C53, 0x8C59, 0x8C5F, 0x8C5F, 0x8C5F, 0x8C5F, 0x8C5F,
    0x8C5F, 0x8C5F, 0x8C5F, 0x8C5F, 0x8C5F, 0x8C5F, 0x8C5F, 0x8C5F, 0x8C5F, 0x8C5F, 0x8C5F, 0x8C5F, 0x8C5F, 0x8C5F, 0x8C5F, 0x8C5F,
    0x8C5F, 0x8C5F, 0x8C5F, 0x8C5F, 0x8C5F, 0x8C5F, 0x8C5F, 0x8C5F, 0x8C9E, 0x8CFD, 0x8D1C, 0x8D9A, 0x8DD9, 0x8DBA, 0x8DF9, 0x8DF9,
    0x8DBA, 0x8D9A, 0x8DD9, 0x8DD9, 0x8DD9, 0x8DF9, 0x8DF9, 0x8DDA, 0x8DD9, 0x8DF9, 0x8DF9, 0x8DF9, 0x8DD9, 0x8DBA, 0x8D9A, 0x8D7B,
    0x8D9A, 0x8D7A, 0x8D3C, 0x8D1C, 0x8D3C, 0x8D7B, 0x8DD9, 0x8D9A, 0x8D7B, 0x8D7B, 0x8D3C, 0x8CDD, 0x8CBE, 0x8CBE, 0x8CBE, 0x8CBE,
    0x8C9E, 0x8C9F, 0x8C7F, 0x8CBE, 0x8C9E, 0x8C5F, 0x8C5F, 0x8C5F, 0x8C5F, 0x8C5F, 0x8C5F, 0x8C5F, 0x8C5F, 0x8C5F, 0x8C5F, 0x8C5F,
    0x8C5F, 0x8C5F, 0x8C5E, 0x8C5F, 0x8C5F, 0x8C57, 0x8C59, 0x8C5F, 0x8C5F, 0x8C5F, 0x8C5F, 0x8C5F, 0x8C5F, 0x8C5F, 0x8C5F, 0x8C5F,
    0x8C5F, 0x8C5F, 0x8C5F, 0x8C5F, 0x8C5F, 0x8C5F, 0x8C5F, 0x8C5F, 0x8C5F, 0x8C52, 0x8C5B, 0x8C5F, 0x8C5F, 0x8C5F, 0x8C5F, 0x8C5F,
    0x8C5F, 0x8C5F, 0x8C5F, 0x8C5F, 0x8C5F, 0x8C5F, 0x8C5F, 0x8C5F, 0x8C5F, 0x8C5F, 0x8C5F, 0x8C5F, 0x8C5F, 0x8C5F, 0x8C5F, 0x8C5F,
    0x8C59, 0x8C51, 0x8C51, 0x8C51, 0x8C51, 0x8C51, 0x8C51, 0x8C51, 0x8C51, 0x8C51, 0x8C51, 0x8C51, 0x8C51, 0x8C51, 0x8C51, 0x8C51,
    0x8C51, 0x8C51, 0x8C51, 0x8C51, 0x8C51, 0x8C51, 0x8C51, 0x8C51, 0x8C51, 0x8C51, 0x8C51, 0x8C51, 0x8C51, 0x8C51, 0x8C51, 0x8C51,
    0x8C51, 0x8C51, 0x8C51, 0x8C51, 0x8C51, 0x8C51, 0x8C51, 0x8C51, 0x8C51, 0x8C51, 0x8C51, 0x8C51, 0x8C51, 0x8C51, 0x8C51, 0x8C51,
    0x8C51, 0x8C51, 0x8C51, 0x8C51, 0x8C51, 0x8C51, 0x8C51, 0x8C51, 0x8C51, 0x8C51, 0x8C51, 0x8C51, 0x8C51, 0x8C51, 0x8C51, 0x8C51,
    0x8C51, 0x8C51, 0x8C51, 0x8C51, 0x8C51, 0x8C51, 0x8C51, 0x8C51, 0x8C51, 0x8C51, 0x8C51, 0x8C51, 0x8C51, 0x8C51, 0x8C51, 0x8C51,
    0x8C51, 0x8C51, 0x8C51, 0x8C51, 0x8C51, 0x8C51, 0x8C51, 0x8C51, 0x8C51, 0x8C51, 0x8C51, 0x8C51, 0x8C51, 0x8C51, 0x8C51, 0x8C51,
    0x8C51, 0x8C51, 0x8C51, 0x8C51, 0x8C51, 0x8C51, 0x8C51, 0x8C51, 0x8C51, 0x8C51, 0x8C51, 0x8C51, 0x8C51, 0x8C51, 0x8C51, 0x8C51,
    0x8C51, 0x8C51, 0x8C51, 0x8C51, 0x8C51, 0x8C51, 0x8C56, 0x8C5B, 0x8C55, 0x8C52, 0x8C51, 0x8C51, 0x8C51, 0x8C51, 0x8C51, 0x8C51,
    0x8C51, 0x8C51, 0x8C51, 0x8C51, 0x8C51, 0x8C51, 0x8C51, 0x8C51, 0x8C51, 0x8C51, 0x8C51, 0x8C51, 0x8C51, 0x8C51, 0x8C51, 0x8C51,
    0x8C51, 0x8C51, 0x8C51, 0x8C51, 0x8C51, 0x8C51, 0x8C51, 0x8C51, 0x8C51, 0x8C51, 0x8C51, 0x8C51, 0x8C51, 0x8C51, 0x8C51, 0x8C51,
    0x8C51, 0x8C51, 0x8C51, 0x8C51, 0x8C51, 0x8C51, 0x8C51, 0x8C51, 0x8C51, 0x8C51, 0x8C51, 0x8C51, 0x8C51, 0x8C51, 0x8C51, 0x8C51,
    0x8C51, 0x8C51, 0x8C51, 0x8C51, 0x8C51, 0x8C51, 0x8C51, 0x8C51, 0x8C51, 0x8C51, 0x8C51, 0x8C51, 0x8C51, 0x8C51, 0x8C51, 0x8C51,
    0x8C51, 0x8C51, 0x8C58, 0x8C9F, 0x8C9E, 0x8C5F, 0x8C5F, 0x8C5F, 0x8C5F, 0x8C5D, 0x8C51, 0x8C51, 0x8C51, 0x8C51, 0x8C51, 0x8C51,
    0x8C51, 0x8C51, 0x8C51, 0x8C51, 0x8C51, 0x8C51, 0x8C51, 0x8C51, 0x8C51, 0x8C51, 0x8C51, 0x8C51, 0x8C51, 0x8C75, 0x8C7E, 0x8C5F,
    0x8C5F, 0x8C5F, 0x8C5F, 0x8C5F, 0x8C5F, 0x8C5F, 0x8C5F, 0x8C5F, 0x8C5F, 0x8C5F, 0x8C5F, 0x8C5F, 0x8C5F, 0x8C5F, 0x8C5F, 0x8C5F,
    0x8C5F, 0x8C5F, 0x8C5F, 0x8C5F, 0x8C5F, 0x8C5F, 0x8C5F, 0x8C5F, 0x8C5F, 0x8C5F, 0x8C5F, 0x8C5F, 0x8C5F, 0x8C5F, 0x8C5F, 0x8C5F,
    0x8C5F, 0x8C5F, 0x8C5F, 0x8C5F, 0x8C5F, 0x8C5F, 0x8C5F, 0x8C5F, 0x8C5F, 0x8C5F, 0x8C5F, 0x8C5F, 0x8C59, 0x8C54, 0x8C52, 0x8C51,
    0x8C51, 0x8C52, 0x8C59, 0x8C5F, 0x8C5F, 0x8C5F, 0x8C5F, 0x8C5F, 0x8C5F, 0x8C5F, 0x8C5F, 0x8C5F, 0x8C5F, 0x8C5F, 0x8C5F, 0x8C5F,
    0x8C5F, 0x8C5F, 0x8C5F, 0x8C5F, 0x8C5F, 0x8C5F, 0x8C5F, 0x8C5F, 0x8C5F, 0x8C5F, 0x8C7F, 0x8CBE, 0x8CDD, 0x8D7B, 0x8D9A, 0x8D9A,
    0x8D9A, 0x8D7A, 0x8DD9, 0x8DDA, 0x8DDA, 0x8DDB, 0x8DDB, 0x8DDB, 0x8DFB, 0x8DDB, 0x8DFB, 0x95FA, 0x95FB, 0x95DB, 0x9DDB, 0x9DDC,
    0xA5FC, 0xA5FC, 0x9DFB, 0x9DFC, 0x9DDC, 0x9DDC, 0x95DB, 0x95DB, 0x95DB, 0x95FB, 0x95FB, 0x95DB, 0x8DFA, 0x95FA, 0x8DDA, 0x8DBA,
    0x8DBA, 0x8DDA, 0x8DDA, 0x8DBA, 0x8DDA, 0x8DF9, 0x8DD9, 0x8DDA, 0x8DBA, 0x8DD9, 0x8DD9, 0x8DD9, 0x8DD9, 0x8E18, 0x8E18, 0x8D9A,
    0x8D7B, 0x8D5B, 0x8CDE, 0x8C7F, 0x8C5F, 0x8C5F, 0x8C5F, 0x8C5F, 0x8C5F, 0x8C5F, 0x8C5F, 0x8C5F, 0x8C5F, 0x8C5F, 0x8C5F, 0x8C5F,
    0x8C5F, 0x8C5F, 0x8C5F, 0x8C5F, 0x8C5F, 0x8C5F, 0x8C5F, 0x8C5F, 0x8C5F, 0x8C5F, 0x8C5F, 0x8C5F, 0x8C5F, 0x8C5F, 0x8C5F, 0x8C5F,
    0x8C5F, 0x8C5F, 0x8C5F, 0x8C52, 0x8C5B, 0x8C5F, 0x8C5F, 0x8C5F, 0x8C5F, 0x8C5F, 0x8C5F, 0x8C5F, 0x8C5F, 0x8C5F, 0x8C5F, 0x8C5F,
    0x8C5F, 0x8C5F, 0x8C5F, 0x8C5F, 0x8C5F, 0x8C5F, 0x8C5F, 0x8C5F, 0x8C5F, 0x8C5F, 0x8C59, 0x8C51, 0x8C51, 0x8C51, 0x8C51, 0x8C51,
    0x8C51, 0x8C51, 0x8C51, 0x8C51, 0x8C51, 0x8C51, 0x8C51, 0x8C51, 0x8C51, 0x8C51, 0x8C51, 0x8C51, 0x8C51, 0x8C51, 0x8C51, 0x8C51,
    0x8C51, 0x8C51, 0x8C51, 0x8C51, 0x8C51, 0x8C51, 0x8C51, 0x8C51, 0x8C51, 0x8C51, 0x8C51, 0x8C51, 0x8C51, 0x8C51, 0x8C51, 0x8C51,
    0x8C51, 0x8C51, 0x8C51, 0x8C51, 0x8C51, 0x8C51, 0x8C51, 0x8C51, 0x8C51, 0x8C51, 0x8C51, 0x8C51, 0x8C51, 0x8C51, 0x8C51, 0x8C51,
    0x8C51, 0x8C51, 0x8C51, 0x8C51, 0x8C51, 0x8C51, 0x8C51, 0x8C51, 0x8C51, 0x8C51, 0x8C51, 0x8C51, 0x8C51, 0x8C51, 0x8C51, 0x8C51,
    0x8C51, 0x8C51, 0x8C51, 0x8C51, 0x8C51, 0x8C51, 0x8C51, 0x8C51, 0x8C51, 0x8C51, 0x8C51, 0x8C51, 0x8C51, 0x8C51, 0x8C51, 0x8C51,
    0x8C51, 0x8C51, 0x8C51, 0x8C51, 0x8C51, 0x8C51, 0x8C51, 0x8C51, 0x8C51, 0x8C51, 0x8C51, 0x8C51, 0x8C51, 0x8C51, 0x8C51, 0x8C51,
    0x8C51, 0x8C51, 0x8C51, 0x8C51, 0x8C51, 0x8C51, 0x8C51, 0x8C51, 0x8C51, 0x8C51, 0x8C51, 0x8C51, 0x8C51, 0x8C51, 0x8C51, 0x8C51,
    0x8C56, 0x8C5C, 0x8C57, 0x8C5B, 0x8C5C, 0x8C75, 0x8C73, 0x8C51, 0x8C51, 0x8C51, 0x8C51, 0x8C51, 0x8C51, 0x8C51, 0x8C51, 0x8C51,
    0x8C51, 0x8C51, 0x8C51, 0x8C51, 0x8C51, 0x8C51, 0x8C51, 0x8C51, 0x8C51, 0x8C51, 0x8C51, 0x8C51, 0x8C51, 0x8C51, 0x8C51, 0x8C51,
    0x8C51, 0x8C51, 0x8C51, 0x8C51, 0x8C51, 0x8C51, 0x8C51, 0x8C51, 0x8C51, 0x8C51, 0x8C51, 0x8C51, 0x8C51, 0x8C51, 0x8C51, 0x8C51,
    0x8C51, 0x8C51, 0x8C51, 0x8C51, 0x8C51, 0x8C51, 0x8C51, 0x8C51, 0x8C51, 0x8C51, 0x8C51, 0x8C51, 0x8C51, 0x8C51, 0x8C51, 0x8C51,
    0x8C51, 0x8C51, 0x8C51, 0x8C51, 0x8C51, 0x8C51, 0x8C51, 0x8C51, 0x8C51, 0x8C51, 0x8C52, 0x8C5D, 0x8C5F, 0x8C9E, 0x8C9E, 0x8C5F,
    0x8C5F, 0x8C5F, 0x8C5F, 0x8C5D, 0x8C51, 0x8C51, 0x8C51, 0x8C51, 0x8C51, 0x8C51, 0x8C51, 0x8C51, 0x8C51, 0x8C51, 0x8C51, 0x8C51,
    0x8C51, 0x8C51, 0x8C51, 0x8C51, 0x8C51, 0x8C51, 0x8C5A, 0x8CDE, 0x8C9F, 0x8C5F, 0x8C5F, 0x8C5F, 0x8C5F, 0x8C5F, 0x8C5F, 0x8C5F,
    0x8C5F, 0x8C5F, 0x8C5F, 0x8C5F, 0x8C5F, 0x8C5F, 0x8C5F, 0x8C5F, 0x8C5F, 0x8C5F, 0x8C5F, 0x8C5F, 0x8C5F, 0x8C5F, 0x8C5F, 0x8C5F,
    0x8C5F, 0x8C5F, 0x8C5F, 0x8C5F, 0x8C5F, 0x8C5F, 0x8C5F, 0x8C5F, 0x8C5F, 0x8C5F, 0x8C5F, 0x8C5F, 0x8C5F, 0x8C5F, 0x8C5F, 0x8C5F,
    0x8C5F, 0x8C5F, 0x8C5F, 0x8C5F, 0x8C5F, 0x8C5F, 0x8C5F, 0x8C5F, 0x8C5E, 0x8C5C, 0x8C5B, 0x8C5E, 0x8C5F, 0x8C5F, 0x8C5F, 0x8C5F,
    0x8C5F, 0x8C5F, 0x8C5F, 0x8C5F, 0x8C5F, 0x8C5F, 0x8C5F, 0x8C5F, 0x8C5F, 0x8C5F, 0x8C5F, 0x8C5F, 0x8C5F, 0x8C5F, 0x8C5F, 0x8C7F,
    0x8CDD, 0x8D1C, 0x8D9A, 0x8D5B, 0x8DBA, 0x8DD9, 0x8DD9, 0x8DDA, 0x8DDA, 0x8DFA, 0x8DFA, 0x8DFA, 0x95DC, 0x9DDC, 0x9DFC, 0x9DFC,
    0x9DFC, 0x9DFD, 0x9E1D, 0x9E1D, 0x9E1D, 0x9E1D, 0x9E1C, 0x9E1C, 0x9DFC, 0x9DFD, 0x9DFD, 0x9DFD, 0x9E1D, 0x9E1D, 0x9E1D, 0x9E1C,
    0x9E1C, 0x9E1C, 0x9E1C, 0x9E1C, 0x9E1C, 0x9E1D, 0x9DFD, 0x9DFC, 0xA5FD, 0x9DFC, 0xA5FC, 0xA5FD, 0xA5FC, 0xA5FC, 0xA5FC, 0xA5FC,
    0x9DDC, 0x9DDC, 0x9DFC, 0x9DFC, 0x9DFB, 0x9DFB, 0x95DB, 0x95BB, 0x8DBA, 0x8DDA, 0x8DD9, 0x8DF9, 0x8DD9, 0x8DD9, 0x8DBA, 0x8D1C,
    0x8CBE, 0x8C7F, 0x8C7F, 0x8C5F, 0x8C5F, 0x8C5F, 0x8C5F, 0x8C5F, 0x8C5F, 0x8C5F, 0x8C5F, 0x8C5F, 0x8C5F, 0x8C5F, 0x8C5F, 0x8C5F,
    0x8C5F, 0x8C5F, 0x8C5F, 0x8C5F, 0x8C5F, 0x8C5F, 0x8C5F, 0x8C5F, 0x8C5F, 0x8C5F, 0x8C5F, 0x8C5F, 0x8C5F, 0x8C52, 0x8C5B, 0x8C5F,
    0x8C5F, 0x8C5F, 0x8C5F, 0x8C5F, 0x8C5F, 0x8C5F, 0x8C5F, 0x8C5F, 0x8C5F, 0x8C5F, 0x8C5F, 0x8C5F, 0x8C5F, 0x8C5F, 0x8C5F, 0x8C5F,
    0x8C5F, 0x8C5F, 0x8C5F, 0x8C5F, 0x8C59, 0x8C51, 0x8C51, 0x8C51, 0x8C51, 0x8C51, 0x8C51, 0x8C51, 0x8C51, 0x8C51, 0x8C51, 0x8C51,
    0x8C51, 0x8C51, 0x8C51, 0x8C51, 0x8C51, 0x8C51, 0x8C51, 0x8C51, 0x8C51, 0x8C51, 0x8C51, 0x8C51, 0x8C51, 0x8C51, 0x8C51, 0x8C51,
    0x8C51, 0x8C51, 0x8C51, 0x8C51, 0x8C51, 0x8C51, 0x8C51, 0x8C51, 0x8C51, 0x8C51, 0x8C51, 0x8C51, 0x8C51, 0x8C51, 0x8C51, 0x8C51,
    0x8C51, 0x8C51, 0x8C51, 0x8C51, 0x8C51, 0x8C51, 0x8C51, 0x8C51, 0x8C51, 0x8C51, 0x8C51, 0x8C51, 0x8C51, 0x8C51, 0x8C51, 0x8C51,
    0x8C51, 0x8C51, 0x8C51, 0x8C51, 0x8C51, 0x8C51, 0x8C51, 0x8C51, 0x8C51, 0x8C51, 0x8C51, 0x8C51, 0x8C51, 0x8C51, 0x8C51, 0x8C51,
    0x8C51, 0x8C51, 0x8C51, 0x8C51, 0x8C51, 0x8C51, 0x8C51, 0x8C51, 0x8C51, 0x8C51, 0x8C51, 0x8C51, 0x8C51, 0x8C51, 0x8C51, 0x8C51,
    0x8C51, 0x8C51, 0x8C51, 0x8C51, 0x8C51, 0x8C51, 0x8C51, 0x8C51, 0x8C51, 0x8C51, 0x8C51, 0x8C51, 0x8C51, 0x8C51, 0x8C51, 0x8C51,
    0x8C51, 0x8C51, 0x8C51, 0x8C51, 0x8C51, 0x8C51, 0x8C51, 0x8C51, 0x8C51, 0x8C51, 0x8C56, 0x8C5C, 0x8C57, 0x8C5B, 0x8C5F, 0x8D1F,
    0x8CBF, 0x8C5D, 0x8C58, 0x8C52, 0x8C51, 0x8C51, 0x8C51, 0x8C51, 0x8C51, 0x8C51, 0x8C51, 0x8C51, 0x8C51, 0x8C51, 0x8C51, 0x8C51,
    0x8C51, 0x8C51, 0x8C51, 0x8C51, 0x8C51, 0x8C51, 0x8C51, 0x8C51, 0x8C51, 0x8C51, 0x8C51, 0x8C51, 0x8C51, 0x8C51, 0x8C51, 0x8C51,
    0x8C51, 0x8C51, 0x8C51, 0x8C51, 0x8C51, 0x8C51, 0x8C51, 0x8C51, 0x8C51, 0x8C51, 0x8C51, 0x8C51, 0x8C51, 0x8C51, 0x8C51, 0x8C51,
    0x8C51, 0x8C51, 0x8C51, 0x8C51, 0x8C51, 0x8C51, 0x8C51, 0x8C51, 0x8C51, 0x8C51, 0x8C51, 0x8C51, 0x8C51, 0x8C51, 0x8C51, 0x8C51,
    0x8C51, 0x8C51, 0x8C51, 0x8C75, 0x8CFB, 0x8C5F, 0x8C5F, 0x8C9E, 0x8C9E, 0x8C5F, 0x8C5F, 0x8C5F, 0x8C5F, 0x8C5D, 0x8C51, 0x8C51,
    0x8C51, 0x8C51, 0x8C51, 0x8C51, 0x8C51, 0x8C51, 0x8C51, 0x8C51, 0x8C51, 0x8C51, 0x8C51, 0x8C51, 0x8C51, 0x8C51, 0x8C55, 0x8C5C,
    0x8C5F, 0x8CDE, 0x8C7F, 0x8C5F, 0x8C5F, 0x8C5F, 0x8C5F, 0x8C5F, 0x8C5F, 0x8C5F, 0x8C5F, 0x8C5F, 0x8C5F, 0x8C5F, 0x8C5F, 0x8C5F,
    0x8C5F, 0x8C5F, 0x8C5F, 0x8C5F, 0x8C5F, 0x8C5F, 0x8C5F, 0x8C5F, 0x8C5F, 0x8C5F, 0x8C5F, 0x8C5F, 0x8C5F, 0x8C5F, 0x8C5F, 0x8C5F,
    0x8C5F, 0x8C5F, 0x8C5F, 0x8C5F, 0x8C5F, 0x8C5F, 0x8C5F, 0x8C5F, 0x8C5F, 0x8C5F, 0x8C5F, 0x8C5F, 0x8C5F, 0x8C5F, 0x8C5F, 0x8C5F,
    0x8C5F, 0x8C5F, 0x8C5F, 0x8C5F, 0x8C5F, 0x8C5F, 0x8C5F, 0x8C5F, 0x8C5F, 0x8C5F, 0x8C5F, 0x8C5F, 0x8C5F, 0x8C5F, 0x8C5F, 0x8C5F,
    0x8C5F, 0x8C5F, 0x8C5F, 0x8CBE, 0x8CBE, 0x8CBE, 0x8CFD, 0x8D3C, 0x8D7B, 0x8DBA, 0x8DD9, 0x8DF9, 0x8E1A, 0x8E1A, 0x8DFA, 0x8DDB,
    0x8DDB, 0x95FC, 0x95FC, 0x95FC, 0x961D, 0x9DFC, 0x9DFD, 0x9DFC, 0x9E1C, 0x9E1C, 0x9E1C, 0x961C, 0x961C, 0x9E1C, 0x961C, 0x961C,
    0x961C, 0x961C, 0x961C, 0x961C, 0x961D, 0x961D, 0x9E1D, 0x961C, 0x961C, 0x9E1C, 0x9E1C, 0x9E1C, 0x9E1C, 0x9E1C, 0x95FC, 0x9E1C,
    0x9E1C, 0x9E1C, 0x9E1C, 0x9E1D, 0x9E1D, 0x9E1D, 0x9E1D, 0x9E1C, 0x9E1D, 0x9E1D, 0x9DFD, 0x9E1C, 0x9E1C, 0x9DFC, 0x9E1C, 0xA5FC,
    0xA5FC, 0xA5FC, 0xA5FC, 0x9DFC, 0x9DDC, 0x9DDC, 0x9DDC, 0x9DFB, 0x95FA, 0x8DF9, 0x8DD9, 0x8DBA, 0x8D7B, 0x8D5B, 0x8D3C, 0x8CDE,
    0x8C9E, 0x8C5F, 0x8C5F, 0x8C5F, 0x8C5F, 0x8C5F, 0x8C5F, 0x8C5F, 0x8C5F, 0x8C5F, 0x8C5F, 0x8C5F, 0x8C5F, 0x8C5F, 0x8C5F, 0x8C5F,
    0x8C5F, 0x8C5F, 0x8C5F, 0x8C5F, 0x8C5F, 0x8C5F, 0x8C5F, 0x8C52, 0x8C5B, 0x8C5F, 0x8C5F, 0x8C5F, 0x8C5F, 0x8C5F, 0x8C5F, 0x8C5F,
    0x8C5F, 0x8C5F, 0x8C5F, 0x8C5F, 0x8C5F, 0x8C5F, 0x8C5F, 0x8C5F, 0x8C5F, 0x8C5F, 0x8C5F, 0x8C5F, 0x8C5F, 0x8C5F, 0x8C59, 0x8C51,
    0x8C51, 0x8C51, 0x8C51, 0x8C51, 0x8C51, 0x8C51, 0x8C51, 0x8C51, 0x8C51, 0x8C51, 0x8C51, 0x8C51, 0x8C51, 0x8C51, 0x8C51, 0x8C51,
    0x8C51, 0x8C51, 0x8C51, 0x8C51, 0x8C51, 0x8C51, 0x8C51, 0x8C51, 0x8C51, 0x8C51, 0x8C51, 0x8C51, 0x8C51, 0x8C51, 0x8C51, 0x8C51,
    0x8C51, 0x8C51, 0x8C51, 0x8C51, 0x8C51, 0x8C51, 0x8C51, 0x8C51, 0x8C51, 0x8C51, 0x8C51, 0x8C51, 0x8C51, 0x8C51, 0x8C51, 0x8C51,
    0x8C51, 0x8C51, 0x8C51, 0x8C51, 0x8C51, 0x8C51, 0x8C51, 0x8C51, 0x8C51, 0x8C51, 0x8C51, 0x8C51, 0x8C51, 0x8C51, 0x8C51, 0x8C51,
    0x8C51, 0x8C51, 0x8C51, 0x8C51, 0x8C51, 0x8C51, 0x8C51, 0x8C51, 0x8C51, 0x8C51, 0x8C51, 0x8C51, 0x8C51, 0x8C51, 0x8C51, 0x8C51,
    0x8C51, 0x8C51, 0x8C51, 0x8C51, 0x8C51, 0x8C51, 0x8C51, 0x8C51, 0x8C51, 0x8C51, 0x8C51, 0x8C51, 0x8C51, 0x8C51, 0x8C51, 0x8C51,
    0x8C51, 0x8C51, 0x8C51, 0x8C51, 0x8C51, 0x8C51, 0x8C51, 0x8C51, 0x8C51, 0x8C51, 0x8C51, 0x8C51, 0x8C51, 0x8C51, 0x8C51, 0x8C51,
    0x8C51, 0x8C51, 0x8C51, 0x8C51, 0x8C56, 0x8C5C, 0x8C57, 0x8C5B, 0x8C5F, 0x8D1F, 0x8C9F, 0x8C5F, 0x8C5F, 0x8C5E, 0x8C5A, 0x8C58,
    0x8C54, 0x8C51, 0x8C51, 0x8C51, 0x8C51, 0x8C51, 0x8C51, 0x8C51, 0x8C51, 0x8C51, 0x8C51, 0x8C51, 0x8C51, 0x8C51, 0x8C51, 0x8C51,
    0x8C51, 0x8C51, 0x8C51, 0x8C51, 0x8C51, 0x8C51, 0x8C51, 0x8C51, 0x8C51, 0x8C51, 0x8C51, 0x8C51, 0x8C51, 0x8C51, 0x8C51, 0x8C51,
    0x8C51, 0x8C51, 0x8C51, 0x8C51, 0x8C51, 0x8C51, 0x8C51, 0x8C51, 0x8C51, 0x8C51, 0x8C51, 0x8C51, 0x8C51, 0x8C51, 0x8C51, 0x8C51,
    0x8C51, 0x8C51, 0x8C51, 0x8C51, 0x8C51, 0x8C51, 0x8C51, 0x8C51, 0x8C51, 0x8C51, 0x8C51, 0x8C51, 0x8C57, 0x8C7F, 0x8D3C, 0x8C5F,
    0x8C5F, 0x8C9E, 0x8C9E, 0x8C5F, 0x8C5F, 0x8C5F, 0x8C5F, 0x8C5D, 0x8C51, 0x8C51, 0x8C51, 0x8C51, 0x8C51, 0x8C51, 0x8C51, 0x8C51,
    0x8C51, 0x8C51, 0x8C51, 0x8C51, 0x8C51, 0x8C51, 0x8C51, 0x8C58, 0x8C5F, 0x8C5F, 0x8C5F, 0x8CDD, 0x8C7F, 0x8C5F, 0x8C5F, 0x8C5F,
    0x8C5F, 0x8C5F, 0x8C5F, 0x8C5F, 0x8C5F, 0x8C5F, 0x8C5F, 0x8C5F, 0x8C5F, 0x8C5F, 0x8C5F, 0x8C5F, 0x8C5F, 0x8C5F, 0x8C5F, 0x8C5F,
    0x8C5F, 0x8C5F, 0x8C5F, 0x8C5F, 0x8C5F, 0x8C5F, 0x8C5F, 0x8C5F, 0x8C5F, 0x8C5F, 0x8C5F, 0x8C5F, 0x8C5F, 0x8C5F, 0x8C5F, 0x8C5F,
    0x8C5F, 0x8C5F, 0x8C5F, 0x8C5F, 0x8C5F, 0x8C5F, 0x8C5F, 0x8C5F, 0x8C5F, 0x8C5F, 0x8C5F, 0x8C5F, 0x8C5F, 0x8C5F, 0x8C5F, 0x8C5F,
    0x8C5F, 0x8C5F, 0x8C5F, 0x8C5F, 0x8C5F, 0x8C5F, 0x8C5F, 0x8C5F, 0x8C5F, 0x8C5F, 0x8CDD, 0x8D7B, 0x8DBA, 0x8DD9, 0x8DF9, 0x8DF9,
    0x8DF9, 0x8E19, 0x8DF9, 0x8DDA, 0x8DDB, 0x95FC, 0x9DFD, 0x9DFD, 0x9DFD, 0x9DFD, 0x9DFD, 0x9DFD, 0x9DFD, 0x9E1D, 0x9E1C, 0x961C,
    0x961C, 0x961D, 0x961D, 0x9E1D, 0x9E1D, 0x9E1D, 0x9E1D, 0x9E1D, 0x9E1D, 0x9E1D, 0x9E1D, 0x9E1D, 0x9E1D, 0x9E1D, 0x9E1D, 0x9E1D,
    0x9E1D, 0x9E1D, 0x9E1D, 0x9E1D, 0x9E1D, 0x9E1D, 0x9E1D, 0x9E1D, 0x9E1D, 0x9E1D, 0x9E1D, 0x9E1D, 0x9E1D, 0x9E1C, 0x9E3C, 0x9E1D,
    0x9E1D, 0x9E1D, 0x9E1D, 0x9E1C, 0x9E1D, 0x9E1C, 0x9E1C, 0x9E1C, 0x9E1C, 0x9E1C, 0x9DFC, 0x9E1C, 0x9E1C, 0x9DFC, 0x9E1C, 0x9E1B,
    0x9E1B, 0x9E1B, 0xA5FC, 0xA5FC, 0x9DFC, 0x9DDB, 0x9DDB, 0x95FA, 0x8E19, 0x8DF9, 0x8DBA, 0x8D9A, 0x8D7B, 0x8D1D, 0x8CDE, 0x8C7F,
    0x8C7F, 0x8C5F, 0x8C5F, 0x8C5F, 0x8C5F, 0x8C5F, 0x8C5F, 0x8C5F, 0x8C5F, 0x8C5F, 0x8C5F, 0x8C5F, 0x8C5F, 0x8C5F, 0x8C5F, 0x8C5F,
    0x8C5F, 0x8C55, 0x8C5C, 0x8C5F, 0x8C5F, 0x8C5F, 0x8C5F, 0x8C5F, 0x8C5F, 0x8C5F, 0x8C5F, 0x8C5F, 0x8C5F, 0x8C5F, 0x8C5F, 0x8C5F,
    0x8C5F, 0x8C5F, 0x8C5F, 0x8C5F, 0x8C5F, 0x8C5F, 0x8C5F, 0x8C5F, 0x8C5A, 0x8C51, 0x8C51, 0x8C51, 0x8C51, 0x8C51, 0x8C51, 0x8C51,
    0x8C51, 0x8C51, 0x8C51, 0x8C51, 0x8C51, 0x8C51, 0x8C51, 0x8C51, 0x8C51, 0x8C51, 0x8C51, 0x8C51, 0x8C51, 0x8C51, 0x8C51, 0x8C51,
    0x8C51, 0x8C51, 0x8C51, 0x8C51, 0x8C51, 0x8C51, 0x8C51, 0x8C51, 0x8C51, 0x8C51, 0x8C51, 0x8C51, 0x8C51, 0x8C51, 0x8C51, 0x8C51,
    0x8C51, 0x8C51, 0x8C51, 0x8C51, 0x8C51, 0x8C51, 0x8C51, 0x8C51, 0x8C51, 0x8C51, 0x8C51, 0x8C51, 0x8C51, 0x8C51, 0x8C51, 0x8C51,
    0x8C51, 0x8C51, 0x8C51, 0x8C51, 0x8C51, 0x8C51, 0x8C51, 0x8C51, 0x8C51, 0x8C51, 0x8C51, 0x8C51, 0x8C51, 0x8C51, 0x8C51, 0x8C51,
    0x8C51, 0x8C51, 0x8C51, 0x8C51, 0x8C51, 0x8C51, 0x8C51, 0x8C51, 0x8C51, 0x8C51, 0x8C51, 0x8C51, 0x8C51, 0x8C51, 0x8C51, 0x8C51,
    0x8C51, 0x8C51, 0x8C51, 0x8C51, 0x8C51, 0x8C51, 0x8C51, 0x8C51, 0x8C51, 0x8C51, 0x8C51, 0x8C51, 0x8C51, 0x8C51, 0x8C51, 0x8C51,
    0x8C51, 0x8C51, 0x8C51, 0x8C51, 0x8C51, 0x8C51, 0x8C51, 0x8C51, 0x8C51, 0x8C51, 0x8C51, 0x8C51, 0x8C51, 0x8C51, 0x8C56, 0x8C5C,
    0x8C57, 0x8C5B, 0x8C5F, 0x8D1F, 0x8C9F, 0x8C5F, 0x8C5F, 0x8C5F, 0x8C5F, 0x8C5F, 0x8C5F, 0x8C5A, 0x8C54, 0x8C51, 0x8C51, 0x8C51,
    0x8C51, 0x8C51, 0x8C51, 0x8C51, 0x8C51, 0x8C51, 0x8C51, 0x8C51, 0x8C51, 0x8C51, 0x8C51, 0x8C51, 0x8C51, 0x8C51, 0x8C51, 0x8C51,
    0x8C51, 0x8C51, 0x8C51, 0x8C51, 0x8C51, 0x8C51, 0x8C51, 0x8C51, 0x8C51, 0x8C51, 0x8C51, 0x8C51, 0x8C51, 0x8C51, 0x8C51, 0x8C51,
    0x8C51, 0x8C51, 0x8C51, 0x8C51, 0x8C51, 0x8C51, 0x8C51, 0x8C51, 0x8C51, 0x8C51, 0x8C51, 0x8C51, 0x8C51, 0x8C51, 0x8C51, 0x8C51,
    0x8C51, 0x8C51, 0x8C51, 0x8C51, 0x8C52, 0x8C5A, 0x8C5F, 0x8C7F, 0x8D3C, 0x8C5F, 0x8C5F, 0x8C9E, 0x8C9E, 0x8C5F, 0x8C5F, 0x8C5F,
    0x8C5F, 0x8C5D, 0x8C51, 0x8C51, 0x8C51, 0x8C51, 0x8C51, 0x8C51, 0x8C51, 0x8C51, 0x8C51, 0x8C51, 0x8C51, 0x8C51, 0x8C51, 0x8C53,
    0x8C5C, 0x8C5F, 0x8C5F, 0x8C5F, 0x8C5F, 0x8CDD, 0x8C7F, 0x8C5F, 0x8C5F, 0x8C5F, 0x8C5F, 0x8C5F, 0x8C5F, 0x8C5F, 0x8C5F, 0x8C5F,
    0x8C5F, 0x8C5F, 0x8C5F, 0x8C5F, 0x8C5F, 0x8C5F, 0x8C5F, 0x8C5F, 0x8C5F, 0x8C5F, 0x8C5F, 0x8C5F, 0x8C5F, 0x8C5F, 0x8C5F, 0x8C5F,
    0x8C5F, 0x8C5F, 0x8C5F, 0x8C5F, 0x8C5F, 0x8C5F, 0x8C5F, 0x8C5F, 0x8C5F, 0x8C5F, 0x8C5F, 0x8C5F, 0x8C5F, 0x8C5F, 0x8C5F, 0x8C5F,
    0x8C5F, 0x8C5F, 0x8C5F, 0x8C5F, 0x8C5F, 0x8C5F, 0x8C5F, 0x8C5F, 0x8C5F, 0x8C5F, 0x8C5F, 0x8C5F, 0x8C5F, 0x8C5F, 0x8C5F, 0x8C5F,
    0x8C7F, 0x8CFD, 0x8D1C, 0x8D9A, 0x8DBA, 0x8DDA, 0x8DDB, 0x8DDB, 0x8DFC, 0x95FC, 0x95FC, 0x95FC, 0x9DFC, 0x9DFD, 0x9E1D, 0x9DFD,
    0x9E1C, 0x961C, 0x961C, 0x961D, 0x961D, 0x961C, 0x961C, 0x961D, 0x9E1D, 0x9E1D, 0x9E1D, 0x9E1E, 0x9E1D, 0x9E3D, 0x9E1D, 0x9E3D,
    0x9E3D, 0x9E3E, 0x9E3D, 0x9E3D, 0x9E1D, 0x9E3E, 0x9E3E, 0x9E3E, 0x9E3E, 0x9E3E, 0x9E3E, 0x9E3E, 0x9E3D, 0x9E3D, 0x9E3D, 0x9E3D,
    0x9E3E, 0x9E3E, 0x9E3E, 0x9E3E, 0x9E3E, 0x9E3D, 0x9E3E, 0x9E3E, 0x9E5E, 0x9E3E, 0x9E3D, 0x9E3D, 0x9E3D, 0x9E3D, 0x9E3D, 0x9E3D,
    0x9E3D, 0x9E1D, 0x9E1D, 0x9E1D, 0x9E1D, 0x9E1C, 0x9E1C, 0x9E1C, 0x9E1C, 0x9E1C, 0x9E1C, 0x9DFC, 0x9E1C, 0x9E1C, 0x9DFC, 0x9DFC,
    0x9E1C, 0xA5FC, 0xA5FC, 0xA5FC, 0x9DFB, 0x95FB, 0x8DD9, 0x8DF9, 0x8DF9, 0x8DD9, 0x8DF9, 0x8D5C, 0x8C5F, 0x8C5F, 0x8C5F, 0x8C5F,
    0x8C5F, 0x8C5F, 0x8C5F, 0x8C5F, 0x8C5F, 0x8C5F, 0x8C5F, 0x8C5F, 0x8C5F, 0x8C5F, 0x8C5F, 0x8C5F, 0x8C5F, 0x8C5F, 0x8C5F, 0x8C5F,
    0x8C5F, 0x8C5F, 0x8C5F, 0x8C5F, 0x8C5F, 0x8C5F, 0x8C5F, 0x8C5F, 0x8C5F, 0x8C5F, 0x8C5F, 0x8C5F, 0x8C5F, 0x8C5F, 0x8C5F, 0x8C5F,
    0x8C5F, 0x8C5F, 0x8C5E, 0x8C55, 0x8C51, 0x8C51, 0x8C51, 0x8C51, 0x8C51, 0x8C51, 0x8C51, 0x8C51, 0x8C51, 0x8C51, 0x8C51, 0x8C51,
    0x8C51, 0x8C51, 0x8C51, 0x8C51, 0x8C51, 0x8C51, 0x8C51, 0x8C51, 0x8C51, 0x8C51, 0x8C51, 0x8C51, 0x8C51, 0x8C51, 0x8C51, 0x8C51,
    0x8C51, 0x8C51, 0x8C51, 0x8C51, 0x8C51, 0x8C51, 0x8C51, 0x8C51, 0x8C51, 0x8C51, 0x8C51, 0x8C51, 0x8C51, 0x8C51, 0x8C51, 0x8C51,
    0x8C51, 0x8C51, 0x8C51, 0x8C51, 0x8C51, 0x8C51, 0x8C51, 0x8C51, 0x8C51, 0x8C51, 0x8C51, 0x8C51, 0x8C51, 0x8C51, 0x8C51, 0x8C51,
    0x8C51, 0x8C51, 0x8C51, 0x8C51, 0x8C51, 0x8C51, 0x8C51, 0x8C51, 0x8C51, 0x8C51, 0x8C51, 0x8C51, 0x8C51, 0x8C51, 0x8C51, 0x8C51,
    0x8C51, 0x8C51, 0x8C51, 0x8C51, 0x8C51, 0x8C51, 0x8C51, 0x8C51, 0x8C51, 0x8C51, 0x8C51, 0x8C51, 0x8C51, 0x8C51, 0x8C51, 0x8C51,
    0x8C51, 0x8C51, 0x8C51, 0x8C51, 0x8C51, 0x8C51, 0x8C51, 0x8C51, 0x8C51, 0x8C51, 0x8C51, 0x8C51, 0x8C51, 0x8C51, 0x8C51, 0x8C51,
    0x8C51, 0x8C51, 0x8C51, 0x8C51, 0x8C51, 0x8C51, 0x8C51, 0x8C51, 0x8C56, 0x8C5C, 0x8C57, 0x8C5B, 0x8C5F, 0x8D1F, 0x8C9F, 0x8C5F,
    0x8C5F, 0x8C5F, 0x8C5F, 0x8C5F, 0x8C5F, 0x8C5F, 0x8C5F, 0x8C7D, 0x8CB5, 0x8C51, 0x8C51, 0x8C51, 0x8C51, 0x8C51, 0x8C51, 0x8C51,
    0x8C51, 0x8C51, 0x8C51, 0x8C51, 0x8C51, 0x8C51, 0x8C51, 0x8C51, 0x8C51, 0x8C51, 0x8C51, 0x8C51, 0x8C51, 0x8C51, 0x8C51, 0x8C51,
    0x8C51, 0x8C51, 0x8C51, 0x8C51, 0x8C51, 0x8C51, 0x8C51, 0x8C51, 0x8C51, 0x8C51, 0x8C51, 0x8C51, 0x8C51, 0x8C51, 0x8C51, 0x8C51,
    0x8C51, 0x8C51, 0x8C51, 0x8C51, 0x8C51, 0x8C51, 0x8C51, 0x8C51, 0x8C51, 0x8C51, 0x8C51, 0x8C51, 0x8C51, 0x8C55, 0x8C5E, 0x8C5F,
    0x8C5F, 0x8C7F, 0x8D3C, 0x8C5F, 0x8C5F, 0x8C9E, 0x8C9E, 0x8C5F, 0x8C5F, 0x8C5F, 0x8C5F, 0x8C5D, 0x8C51, 0x8C51, 0x8C51, 0x8C51,
    0x8C51, 0x8C51, 0x8C51, 0x8C51, 0x8C51, 0x8C51, 0x8C51, 0x8C51, 0x8CB6, 0x8C7D, 0x8C5F, 0x8C5F, 0x8C5F, 0x8C5F, 0x8C5F, 0x8CDD,
    0x8C7F, 0x8C5F, 0x8C5F, 0x8C5F, 0x8C5F, 0x8C5F, 0x8C5F, 0x8C5F, 0x8C5F, 0x8C5F, 0x8C5F, 0x8C5F, 0x8C5F, 0x8C5F, 0x8C5F, 0x8C5F,
    0x8C5F, 0x8C5F, 0x8C5F, 0x8C5F, 0x8C5F, 0x8C5F, 0x8C5F, 0x8C5F, 0x8C5F, 0x8C5F, 0x8C5F, 0x8C5F, 0x8C5F, 0x8C5F, 0x8C5F, 0x8C5F,
    0x8C5F, 0x8C5F, 0x8C5F, 0x8C5F, 0x8C5F, 0x8C5F, 0x8C5F, 0x8C5F, 0x8C5F, 0x8C5F, 0x8C5F, 0x8C5F, 0x8C5F, 0x8C5F, 0x8C5F, 0x8C5F,
    0x8C5F, 0x8C5F, 0x8C5F, 0x8C5F, 0x8C5F, 0x8C5F, 0x8C5F, 0x8C7F, 0x8CFD, 0x8D5B, 0x8DBA, 0x8DD9, 0x8DFA, 0x8DDB, 0x8DDC, 0x961C,
    0x961C, 0x95FD, 0x9DFD, 0x9DFD, 0x9E1C, 0x9E1C, 0x961C, 0x961C, 0x961D, 0x961D, 0x961D, 0x9E1D, 0x961D, 0x961D, 0x9E1D, 0x9E3D,
    0x9E1E, 0x9E3E, 0x9E3E, 0x9E3E, 0x9E3D, 0x9E3E, 0x9E3E, 0x9E3E, 0x9E3E, 0x9E3E, 0x9E3E, 0x9E3E, 0x9E3E, 0x9E3E, 0x9E3E, 0x9E3E,
    0x9E3E, 0x9E5E, 0x9E3E, 0x9E5E, 0x9E5E, 0x9E3E, 0x9E3E, 0x9E3E, 0x9E3E, 0x9E5E, 0x9E5E, 0x9E5E, 0x9E5E, 0x9E5E, 0x9E5E, 0x9E5E,
    0x9E5E, 0x9E5E, 0x9E5E, 0x9E5D, 0x9E3D, 0x9E3D, 0x9E5D, 0x9E3D, 0x9E3D, 0x9E3D, 0x9E3D, 0x9E3D, 0x9E3D, 0x9E3D, 0x9E3D, 0x9E3D,
    0x9E3D, 0x9E3D, 0x9E1D, 0x9E1D, 0x9E1D, 0x9E1D, 0x9E1C, 0x9E1C, 0x9E1C, 0x9E1C, 0x9DFC, 0x9E1C, 0x9E1C, 0x9E1C, 0x9DFC, 0xA5FC,
    0x9DFC, 0x9DDC, 0x9DFB, 0x95DA, 0x8DDA, 0x8DD9, 0x8D9A, 0x8D9A, 0x8D9A, 0x8D9A, 0x8CFD, 0x8C5F, 0x8C5F, 0x8C5F, 0x8C5F, 0x8C5F,
    0x8C5F, 0x8C5F, 0x8C5F, 0x8C5F, 0x8C5F, 0x8C5F, 0x8C5F, 0x8C5F, 0x8C5F, 0x8C5F, 0x8C5F, 0x8C5F, 0x8C5F, 0x8C5F, 0x8C5F, 0x8C5F,
    0x8C5F, 0x8C5F, 0x8C5F, 0x8C5F, 0x8C5F, 0x8C5F, 0x8C5F, 0x8C5F, 0x8C5F, 0x8C5F, 0x8C5F, 0x8C5F, 0x8C5F, 0x8C5F, 0x8C53, 0x8C51,
    0x8C51, 0x8C51, 0x8C51, 0x8C51, 0x8C51, 0x8C51, 0x8C51, 0x8C51, 0x8C51, 0x8C51, 0x8C51, 0x8C51, 0x8C51, 0x8C51, 0x8C51, 0x8C51,
    0x8C51, 0x8C51, 0x8C51, 0x8C51, 0x8C51, 0x8C51, 0x8C51, 0x8C51, 0x8C51, 0x8C51, 0x8C51, 0x8C51, 0x8C51, 0x8C51, 0x8C51, 0x8C51,
    0x8C51, 0x8C51, 0x8C51, 0x8C51, 0x8C51, 0x8C51, 0x8C51, 0x8C51, 0x8C51, 0x8C51, 0x8C51, 0x8C51, 0x8C51, 0x8C51, 0x8C51, 0x8C51,
    0x8C51, 0x8C51, 0x8C51, 0x8C51, 0x8C51, 0x8C51, 0x8C51, 0x8C51, 0x8C51, 0x8C51, 0x8C51, 0x8C51, 0x8C51, 0x8C51, 0x8C51, 0x8C51,
    0x8C51, 0x8C51, 0x8C51, 0x8C51, 0x8C51, 0x8C51, 0x8C51, 0x8C51, 0x8C51, 0x8C51, 0x8C51, 0x8C51, 0x8C51, 0x8C51, 0x8C51, 0x8C51,
    0x8C51, 0x8C51, 0x8C51, 0x8C51, 0x8C51, 0x8C51, 0x8C51, 0x8C51, 0x8C51, 0x8C51, 0x8C51, 0x8C51, 0x8C51, 0x8C51, 0x8C51, 0x8C51,
    0x8C51, 0x8C51, 0x8C51, 0x8C51, 0x8C51, 0x8C51, 0x8C51, 0x8C51, 0x8C51, 0x8C51, 0x8C51, 0x8C51, 0x8C51, 0x8C51, 0x8C51, 0x8C51,
    0x8C51, 0x8C51, 0x8C56, 0x8C5C, 0x8C57, 0x8C5B, 0x8C5F, 0x8D1F, 0x8C9F, 0x8C5F, 0x8C5F, 0x8C5F, 0x8C5F, 0x8C5F, 0x8C5F, 0x8C5F,
    0x8C5F, 0x8C7F, 0x8D5D, 0x8CFD, 0x8C98, 0x8C95, 0x8C52, 0x8C51, 0x8C51, 0x8C51, 0x8C51, 0x8C51, 0x8C51, 0x8C51, 0x8C51, 0x8C51,
    0x8C51, 0x8C51, 0x8C51, 0x8C51, 0x8C51, 0x8C51, 0x8C51, 0x8C51, 0x8C51, 0x8C51, 0x8C51, 0x8C51, 0x8C51, 0x8C51, 0x8C51, 0x8C51,
    0x8C51, 0x8C51, 0x8C51, 0x8C51, 0x8C51, 0x8C51, 0x8C51, 0x8C51, 0x8C51, 0x8C51, 0x8C51, 0x8C51, 0x8C51, 0x8C51, 0x8C51, 0x8C51,
    0x8C51, 0x8C51, 0x8C51, 0x8C51, 0x8C51, 0x8C51, 0x8C59, 0x8C5F, 0x8C5F, 0x8C5F, 0x8C5F, 0x8C7F, 0x8D3C, 0x8C5F, 0x8C5F, 0x8C9E,
    0x8C9E, 0x8C5F, 0x8C5F, 0x8C5F, 0x8C5F, 0x8C5D, 0x8C51, 0x8C51, 0x8C51, 0x8C51, 0x8C51, 0x8C51, 0x8C51, 0x8C51, 0x8C51, 0x8C51,
    0x8C54, 0x8C5B, 0x8D1D, 0x8C9F, 0x8C5F, 0x8C5F, 0x8C5F, 0x8C5F, 0x8C5F, 0x8CDD, 0x8C7F, 0x8C5F, 0x8C5F, 0x8C5F, 0x8C5F, 0x8C5F,
    0x8C5F, 0x8C5F, 0x8C5F, 0x8C5F, 0x8C5F, 0x8C5F, 0x8C5F, 0x8C5F, 0x8C5F, 0x8C5F, 0x8C5F, 0x8C5F, 0x8C5F, 0x8C5F, 0x8C5F, 0x8C5F,
    0x8C5F, 0x8C5F, 0x8C5F, 0x8C5F, 0x8C5F, 0x8C5F, 0x8C5F, 0x8C5F, 0x8C5F, 0x8C5F, 0x8C5F, 0x8C5F, 0x8C5F, 0x8C5F, 0x8C5F, 0x8C5F,
    0x8C5F, 0x8C5F, 0x8C5F, 0x8C5F, 0x8C5F, 0x8C5F, 0x8C5F, 0x8C5F, 0x8C5F, 0x8C5F, 0x8C5F, 0x8C5F, 0x8C5F, 0x8C5F, 0x8C9E, 0x8D1C,
    0x8D7B, 0x8DBA, 0x8DF9, 0x8DDA, 0x8DDB, 0x8DFC, 0x8DDC, 0x95BD, 0x9DDC, 0x9DDC, 0x9DFC, 0x9E1C, 0x961C, 0x961C, 0x961C, 0x961D,
    0x961D, 0x961D, 0x961D, 0x9E3D, 0x9E3D, 0x9E1D, 0x9E3D, 0x9E3E, 0x9E3E, 0x9E3E, 0x9E3E, 0x9E3E, 0x9E3E, 0x9E3E, 0x9E3E, 0x9E3E,
    0x9E3E, 0x9E3E, 0x9E3E, 0x9E3E, 0x9E3E, 0x9E3E, 0x9E3E, 0x9E3E, 0x9E3E, 0x9E5E, 0x9E5E, 0x9E5E, 0x9E5E, 0x9E5E, 0x9E5E, 0x9E5E,
    0x9E5E, 0x9E5E, 0x9E5E, 0x9E5E, 0x9E5E, 0x9E5E, 0x9E5E, 0x9E5E, 0x9E5E, 0x9E5E, 0x9E5E, 0x9E5E, 0x9E5E, 0xA65E, 0xA65E, 0xA65E,
    0xA65E, 0xA65E, 0x9E5E, 0x9E5D, 0xA63D, 0x9E3D, 0x9E3D, 0x9E5D, 0x9E3D, 0x9E3D, 0x9E5D, 0x9E3D, 0x9E3D, 0x9E3D, 0x9E3D, 0x9E3D,
    0x9E3D, 0x9E3D, 0x9E3D, 0xA61D, 0xA61D, 0xA61D, 0x9E1C, 0x9E1C, 0x9E1C, 0x9E1C, 0x9E1C, 0x9E1C, 0xA61C, 0xA5FC, 0xA5FC, 0x9DDB,
    0x95DB, 0x9DFB, 0x95FB, 0x8DFA, 0x8DF9, 0x8DBA, 0x8D7B, 0x8CFD, 0x8CFD, 0x8C5F, 0x8C5F, 0x8C5F, 0x8C5F, 0x8C5F, 0x8C5F, 0x8C5F,
    0x8C5F, 0x8C5F, 0x8C5F, 0x8C5F, 0x8C5F, 0x8C5F, 0x8C5F, 0x8C5F, 0x8C5F, 0x8C5F, 0x8C5F, 0x8C5F, 0x8C5F, 0x8C5F, 0x8C5F, 0x8C5F,
    0x8C5F, 0x8C5F, 0x8C5F, 0x8C5F, 0x8C5F, 0x8C5F, 0x8C5F, 0x8C5F, 0x8C5E, 0x8C55, 0x8C51, 0x8C51, 0x8C51, 0x8C51, 0x8C51, 0x8C51,
    0x8C51, 0x8C51, 0x8C51, 0x8C51, 0x8C51, 0x8C51, 0x8C51, 0x8C51, 0x8C51, 0x8C51, 0x8C51, 0x8C51, 0x8C51, 0x8C51, 0x8C51, 0x8C51,
    0x8C51, 0x8C51, 0x8C51, 0x8C51, 0x8C51, 0x8C51, 0x8C51, 0x8C51, 0x8C51, 0x8C51, 0x8C51, 0x8C51, 0x8C51, 0x8C51, 0x8C51, 0x8C51,
    0x8C51, 0x8C51, 0x8C51, 0x8C51, 0x8C51, 0x8C51, 0x8C51, 0x8C51, 0x8C51, 0x8C51, 0x8C51, 0x8C51, 0x8C51, 0x8C51, 0x8C51, 0x8C51,
    0x8C51, 0x8C51, 0x8C51, 0x8C51, 0x8C51, 0x8C51, 0x8C51, 0x8C51, 0x8C51, 0x8C51, 0x8C51, 0x8C51, 0x8C51, 0x8C51, 0x8C51, 0x8C51,
    0x8C51, 0x8C51, 0x8C51, 0x8C51, 0x8C51, 0x8C51, 0x8C51, 0x8C51, 0x8C51, 0x8C51, 0x8C51, 0x8C51, 0x8C51, 0x8C51, 0x8C51, 0x8C51,
    0x8C51, 0x8C51, 0x8C51, 0x8C51, 0x8C51, 0x8C51, 0x8C51, 0x8C51, 0x8C51, 0x8C51, 0x8C51, 0x8C51, 0x8C51, 0x8C51, 0x8C51, 0x8C51,
    0x8C51, 0x8C51, 0x8C51, 0x8C51, 0x8C51, 0x8C51, 0x8C51, 0x8C51, 0x8C51, 0x8C51, 0x8C51, 0x8C51, 0x8C56, 0x8C5C, 0x8C57, 0x8C5B,
    0x8C5F, 0x8D1F, 0x8C9F, 0x8C5F, 0x8C5F, 0x8C5F, 0x8C5F, 0x8C5F, 0x8C5F, 0x8C5F, 0x8C5F, 0x8C7F, 0x8D3C, 0x8D1F, 0x8CDD, 0x8D5F,
    0x8C5E, 0x8C5B, 0x8C55, 0x8C53, 0x8C51, 0x8C51, 0x8C51, 0x8C51, 0x8C51, 0x8C51, 0x8C51, 0x8C51, 0x8C51, 0x8C51, 0x8C51, 0x8C51,
    0x8C51, 0x8C51, 0x8C51, 0x8C51, 0x8C51, 0x8C51, 0x8C51, 0x8C51, 0x8C51, 0x8C51, 0x8C51, 0x8C51, 0x8C51, 0x8C51, 0x8C51, 0x8C51,
    0x8C51, 0x8C51, 0x8C51, 0x8C51, 0x8C51, 0x8C51, 0x8C51, 0x8C51, 0x8C51, 0x8C51, 0x8C51, 0x8C51, 0x8C51, 0x8C51, 0x8C52, 0x8C5A,
    0x8C5F, 0x8C5F, 0x8C5F, 0x8C5F, 0x8C5F, 0x8C7F, 0x8D3C, 0x8C5F, 0x8C5F, 0x8C9E, 0x8C9E, 0x8C5F, 0x8C5F, 0x8C5F, 0x8C5F, 0x8C5D,
    0x8C51, 0x8C51, 0x8C51, 0x8C51, 0x8C51, 0x8C51, 0x8C51, 0x8C51, 0x8C51, 0x8C56, 0x8C5F, 0x8C5F, 0x8D1C, 0x8C9E, 0x8C5F, 0x8C5F,
    0x8C5F, 0x8C5F, 0x8C5F, 0x8CDD, 0x8C7F, 0x8C5F, 0x8C5F, 0x8C5F, 0x8C5F, 0x8C5F, 0x8C5F, 0x8C5F, 0x8C5F, 0x8C5F, 0x8C5F, 0x8C5F,
    0x8C5F, 0x8C5F, 0x8C5F, 0x8C5F, 0x8C5F, 0x8C5F, 0x8C5F, 0x8C5F, 0x8C5F, 0x8C5F, 0x8C5F, 0x8C5F, 0x8C5F, 0x8C5F, 0x8C5F, 0x8C5F,
    0x8C5F, 0x8C5F, 0x8C5F, 0x8C5F, 0x8C5F, 0x8C5F, 0x8C5F, 0x8C5F, 0x8C5F, 0x8C5F, 0x8C5F, 0x8C5F, 0x8C5F, 0x8C5F, 0x8C5F, 0x8C5F,
    0x8C5F, 0x8C5F, 0x8C5F, 0x8C5F, 0x8C7F, 0x8C7F, 0x8D1C, 0x8D7B, 0x8DD9, 0x8DDA, 0x8DFB, 0x8DFB, 0x8DFC, 0x95FD, 0x961D, 0x9DFC,
    0x9DDC, 0x95DC, 0x95DC, 0x95FD, 0x961D, 0x961D, 0x9E1D, 0x9E1D, 0x9E1D, 0x963D, 0x9E3D, 0x9E1D, 0x9E3D, 0x9E1E, 0x9E3E, 0x9E3E,
    0x9E3E, 0x9E3E, 0x9E3E, 0x9E3E, 0x9E3E, 0x9E3E, 0x9E3E, 0x9E3E, 0x9E3E, 0x9E3E, 0x9E3E, 0x9E3E, 0x9E3E, 0x9E3E, 0x9E5E, 0x9E5E,
    0x9E5E, 0x9E5E, 0x9E5E, 0x9E5E, 0x9E5F, 0x9E5F, 0x9E5F, 0x9E5E, 0x9E5E, 0x9E5E, 0x9E5F, 0x9E5E, 0x9E5E, 0x9E5E, 0x9E5E, 0x9E5E,
    0x9E5E, 0x9E5E, 0xA65E, 0x9E5E, 0x9E5E, 0x9E5E, 0xA65E, 0xA65E, 0xA65E, 0xA65E, 0xA65E, 0xA65E, 0xA65E, 0xA65E, 0xA65E, 0xA65E,
    0xA65E, 0xA65E, 0xA65E, 0xA65E, 0xA65E, 0x9E5E, 0x9E5D, 0xA65D, 0xA65D, 0xA65D, 0xA65D, 0xA63E, 0x9E3E, 0x9E3E, 0x9E3D, 0x9E3D,
    0x9E3D, 0x9E1D, 0x9E1D, 0x9E1D, 0x9E1C, 0x9E1C, 0x9E1C, 0x9E1C, 0x9E1C, 0x9E1C, 0x9E1C, 0x9E1C, 0xA5FC, 0xA5FC, 0xA5FC, 0x95DB,
    0x8DDA, 0x8DF8, 0x8E18, 0x8D7B, 0x8CFD, 0x8C7F, 0x8C5F, 0x8C5F, 0x8C5F, 0x8C5F, 0x8C5F, 0x8C5F, 0x8C5F, 0x8C5F, 0x8C5F, 0x8C5F,
    0x8C5F, 0x8C5F, 0x8C5F, 0x8C5F, 0x8C5F, 0x8C5F, 0x8C5F, 0x8C5F, 0x8C5F, 0x8C5F, 0x8C5F, 0x8C5F, 0x8C5F, 0x8C5F, 0x8C5F, 0x8C5F,
    0x8C5F, 0x8C5F, 0x8C5F, 0x8C5A, 0x8C51, 0x8C51, 0x8C51, 0x8C51, 0x8C51, 0x8C51, 0x8C51, 0x8C51, 0x8C51, 0x8C51, 0x8C51, 0x8C51,
    0x8C51, 0x8C51, 0x8C51, 0x8C51, 0x8C51, 0x8C51, 0x8C51, 0x8C51, 0x8C51, 0x8C51, 0x8C51, 0x8C51, 0x8C51, 0x8C51, 0x8C51, 0x8C51,
    0x8C51, 0x8C51, 0x8C51, 0x8C51, 0x8C51, 0x8C51, 0x8C51, 0x8C51, 0x8C51, 0x8C51, 0x8C51, 0x8C51, 0x8C51, 0x8C51, 0x8C51, 0x8C51,
    0x8C51, 0x8C51, 0x8C51, 0x8C51, 0x8C51, 0x8C51, 0x8C51, 0x8C51, 0x8C51, 0x8C51, 0x8C51, 0x8C51, 0x8C51, 0x8C51, 0x8C51, 0x8C51,
    0x8C51, 0x8C51, 0x8C51, 0x8C51, 0x8C51, 0x8C51, 0x8C51, 0x8C51, 0x8C51, 0x8C51, 0x8C51, 0x8C51, 0x8C51, 0x8C51, 0x8C51, 0x8C51,
    0x8C51, 0x8C51, 0x8C51, 0x8C51, 0x8C51, 0x8C51, 0x8C51, 0x8C51, 0x8C51, 0x8C51, 0x8C51, 0x8C51, 0x8C51, 0x8C51, 0x8C51, 0x8C51,
    0x8C51, 0x8C51, 0x8C51, 0x8C51, 0x8C51, 0x8C51, 0x8C51, 0x8C51, 0x8C51, 0x8C51, 0x8C51, 0x8C51, 0x8C51, 0x8C51, 0x8C51, 0x8C51,
    0x8C51, 0x8C51, 0x8C51, 0x8C51, 0x8C51, 0x8C51, 0x8C56, 0x8C5C, 0x8C57, 0x8C5B, 0x8C5F, 0x8D1F, 0x8C9F, 0x8C5F, 0x8C5F, 0x8C5F,
    0x8C5F, 0x8C5F, 0x8C5F, 0x8C5F, 0x8C5F, 0x8C7F, 0x8D3C, 0x8D1F, 0x8CDC, 0x8D5F, 0x8C5F, 0x8C5F, 0x8C5F, 0x8C5F, 0x8C5A, 0x8C57,
    0x8C53, 0x8C51, 0x8C51, 0x8C51, 0x8C51, 0x8C51, 0x8C51, 0x8C51, 0x8C51, 0x8C51, 0x8C51, 0x8C51, 0x8C51, 0x8C51, 0x8C51, 0x8C51,
    0x8C51, 0x8C51, 0x8C51, 0x8C51, 0x8C51, 0x8C51, 0x8C51, 0x8C51, 0x8C51, 0x8C51, 0x8C51, 0x8C51, 0x8C51, 0x8C51, 0x8C51, 0x8C51,
    0x8C51, 0x8C51, 0x8C51, 0x8C51, 0x8C51, 0x8C51, 0x8C51, 0x8C55, 0x8C5E, 0x8C5F, 0x8C5F, 0x8C5F, 0x8C5F, 0x8C5F, 0x8C5F, 0x8C7F,
    0x8D3C, 0x8C5F, 0x8C5F, 0x8C9E, 0x8C9E, 0x8C5F, 0x8C5F, 0x8C5F, 0x8C5F, 0x8C5D, 0x8C51, 0x8C51, 0x8C51, 0x8C51, 0x8C51, 0x8C51,
    0x8C51, 0x8C51, 0x8C5A, 0x8C5F, 0x8C5F, 0x8C5F, 0x8D1C, 0x8C9E, 0x8C5F, 0x8C5F, 0x8C5F, 0x8C5F, 0x8C5F, 0x8CDD, 0x8C7F, 0x8C5F,
    0x8C5F, 0x8C5F, 0x8C5F, 0x8C5F, 0x8C5F, 0x8C5F, 0x8C5F, 0x8C5F, 0x8C5F, 0x8C5F, 0x8C5F, 0x8C5F, 0x8C5F, 0x8C5F, 0x8C5F, 0x8C5F,
    0x8C5F, 0x8C5F, 0x8C5F, 0x8C5F, 0x8C5F, 0x8C5F, 0x8C5F, 0x8C5F, 0x8C5F, 0x8C5F, 0x8C5F, 0x8C5F, 0x8C5F, 0x8C5F, 0x8C5F, 0x8C5F,
    0x8C5F, 0x8C5F, 0x8C5F, 0x8C5F, 0x8C5F, 0x8C5F, 0x8C5F, 0x8C5F, 0x8C5F, 0x8C5F, 0x8C5F, 0x8C7F, 0x8C9E, 0x8CFD, 0x8D3C, 0x8DD9,
    0x8DF9, 0x8E19, 0x8DDB, 0x8DDC, 0x95BD, 0x9DDC, 0x9DFC, 0x9DFC, 0x95DD, 0x95FD, 0x95FD, 0x95FD, 0x95FD, 0x961D, 0x961D, 0x961D,
    0x9E1D, 0x9E1D, 0x9E1D, 0x9E1D, 0x9E1E, 0x9E3E, 0x9E3E, 0x9E3E, 0x9E3E, 0x9E3E, 0x963E, 0x963E, 0x9E3E, 0x9E3E, 0x9E3E, 0x9E3E,
    0x963E, 0x963E, 0x963F, 0x963F, 0x963F, 0x963F, 0x963F, 0x963F, 0x963F, 0x963F, 0x963F, 0x963F, 0x963F, 0x963F, 0x963F, 0x963F,
    0x963F, 0x963F, 0x963F, 0x963F, 0x963F, 0x9E3F, 0x9E3F, 0x9E3F, 0x9E5F, 0x9E5F, 0x9E5F, 0x9E5F, 0x9E5F, 0x9E5F, 0x9E5F, 0x9E5F,
    0x9E5F, 0x9E5F, 0x9E5E, 0x9E5E, 0xA67F, 0xA67E, 0xA67E, 0xA67E, 0xA67E, 0xA65E, 0xA65E, 0xA65E, 0xA65E, 0xA65E, 0xA65E, 0xA65E,
    0xA65E, 0xA65E, 0xA65E, 0xA65E, 0xA65E, 0xA65E, 0xA65D, 0xA65E, 0xA63D, 0xA65D, 0xA63D, 0xA63D, 0x9E3D, 0x9E3D, 0x9E1D, 0x9E1D,
    0x9E1D, 0x9E1D, 0x9E1C, 0x9E1C, 0x9E1C, 0x9E1C, 0x9E1C, 0x9DFC, 0x9E1C, 0xA5FC, 0xA5FC, 0x95DB, 0x8D9A, 0x8DD9, 0x8DF9, 0x8DD9,
    0x8DF9, 0x8D5B, 0x8C7F, 0x8C5F, 0x8C5F, 0x8C5F, 0x8C5F, 0x8C5F, 0x8C5F, 0x8C5F, 0x8C5F, 0x8C5F, 0x8C5F, 0x8C5F, 0x8C5F, 0x8C5F,
    0x8C5F, 0x8C5F, 0x8C5F, 0x8C5F, 0x8C5F, 0x8C5F, 0x8C5F, 0x8C5F, 0x8C5F, 0x8C5F, 0x8C5F, 0x8C5F, 0x8C5F, 0x8C5F, 0x8C58, 0x8C51,
    0x8C51, 0x8C51, 0x8C51, 0x8C51, 0x8C51, 0x8C51, 0x8C51, 0x8C51, 0x8C51, 0x8C51, 0x8C51, 0x8C51, 0x8C51, 0x8C51, 0x8C51, 0x8C51,
    0x8C51, 0x8C51, 0x8C51, 0x8C51, 0x8C51, 0x8C51, 0x8C51, 0x8C51, 0x8C51, 0x8C51, 0x8C51, 0x8C51, 0x8C51, 0x8C51, 0x8C51, 0x8C51,
    0x8C51, 0x8C51, 0x8C51, 0x8C51, 0x8C51, 0x8C51, 0x8C51, 0x8C51, 0x8C51, 0x8C51, 0x8C51, 0x8C51, 0x8C51, 0x8C51, 0x8C51, 0x8C51,
    0x8C51, 0x8C51, 0x8C51, 0x8C51, 0x8C51, 0x8C51, 0x8C51, 0x8C51, 0x8C51, 0x8C51, 0x8C51, 0x8C51, 0x8C51, 0x8C51, 0x8C51, 0x8C51,
    0x8C51, 0x8C51, 0x8C51, 0x8C51, 0x8C51, 0x8C51, 0x8C51, 0x8C51, 0x8C51, 0x8C51, 0x8C51, 0x8C51, 0x8C51, 0x8C51, 0x8C51, 0x8C51,
    0x8C51, 0x8C51, 0x8C51, 0x8C51, 0x8C51, 0x8C51, 0x8C51, 0x8C51, 0x8C51, 0x8C51, 0x8C51, 0x8C51, 0x8C51, 0x8C51, 0x8C51, 0x8C51,
    0x8C51, 0x8C51, 0x8C51, 0x8C51, 0x8C51, 0x8C51, 0x8C51, 0x8C51, 0x8C51, 0x8C51, 0x8C51, 0x8C51, 0x8C51, 0x8C51, 0x8C51, 0x8C51,
    0x8C55, 0x8C5C, 0x8C57, 0x8C5B, 0x8C5F, 0x8D1F, 0x8C9F, 0x8C5F, 0x8C5F, 0x8C5F, 0x8C5F, 0x8C5F, 0x8C5F, 0x8C5F, 0x8C5F, 0x8C7F,
    0x8D3C, 0x8D1F, 0x8CDC, 0x8D5F, 0x8C5F, 0x8C5F, 0x8C5F, 0x8C5F, 0x8C5F, 0x8C5F, 0x8C5F, 0x8C5A, 0x8C52, 0x8C51, 0x8C51, 0x8C51,
    0x8C51, 0x8C51, 0x8C51, 0x8C51, 0x8C51, 0x8C51, 0x8C51, 0x8C51, 0x8C51, 0x8C51, 0x8C51, 0x8C51, 0x8C51, 0x8C51, 0x8C51, 0x8C51,
    0x8C51, 0x8C51, 0x8C51, 0x8C51, 0x8C51, 0x8C51, 0x8C51, 0x8C51, 0x8C51, 0x8C51, 0x8C51, 0x8C51, 0x8C51, 0x8C51, 0x8C51, 0x8C51,
    0x8C58, 0x8C5F, 0x8C5F, 0x8C5F, 0x8C5F, 0x8C5F, 0x8C5F, 0x8C5F, 0x8C5F, 0x8C7F, 0x8D3C, 0x8C5F, 0x8C5F, 0x8C9E, 0x8C9E, 0x8C5F,
    0x8C5F, 0x8C5F, 0x8C5F, 0x8C5D, 0x8C51, 0x8C51, 0x8C51, 0x8C51, 0x8C51, 0x8C51, 0x8C54, 0x8C5B, 0x8C5F, 0x8C5F, 0x8C5F, 0x8C5F,
    0x8D1C, 0x8C9E, 0x8C5F, 0x8C5F, 0x8C5F, 0x8C5F, 0x8C5F, 0x8CDD, 0x8C7F, 0x8C5F, 0x8C5F, 0x8C5F, 0x8C5F, 0x8C5F, 0x8C5F, 0x8C5F,
    0x8C5F, 0x8C5F, 0x8C5F, 0x8C5F, 0x8C5F, 0x8C5F, 0x8C5F, 0x8C5F, 0x8C5F, 0x8C5F, 0x8C5F, 0x8C5F, 0x8C5F, 0x8C5F, 0x8C5F, 0x8C5F,
    0x8C5F, 0x8C5F, 0x8C5F, 0x8C5F, 0x8C5F, 0x8C5F, 0x8C5F, 0x8C5F, 0x8C5F, 0x8C5F, 0x8C5F, 0x8C5F, 0x8C5F, 0x8C5F, 0x8C5F, 0x8C5F,
    0x8C5F, 0x8C5F, 0x8CFC, 0x8D5B, 0x8D1D, 0x8D7A, 0x8DD9, 0x8DD9, 0x8DDA, 0x8DDA, 0x8DDB, 0x8DFB, 0x8DFD, 0x9DBC, 0x9DDC, 0x95DC,
    0x95FC, 0x95FD, 0x95FD, 0x95FD, 0x95FD, 0x961D, 0x961D, 0x9E1D, 0x961E, 0x961E, 0x961E, 0x9E1E, 0x961E, 0x961E, 0x961E, 0x963E,
    0x963E, 0x963E, 0x963E, 0x963F, 0x963F, 0x961F, 0x961F, 0x961F, 0x961F, 0x961F, 0x963F, 0x963F, 0x965F, 0x965F, 0x9E7F, 0x9E7F,
    0x9E9F, 0x9E9F, 0xA6BF, 0xA6BF, 0xAEDF, 0xAEDF, 0xAEDF, 0xAEFF, 0xAEFF, 0xB6FF, 0xB6FF, 0xAEFF, 0xAEFF, 0xAEDF, 0xAEDF, 0xA6DF,
    0xA6BF, 0xA6BF, 0xA6BF, 0xA6BF, 0xA69F, 0x9E7F, 0x9E7F, 0x965F, 0x963F, 0x963F, 0x963F, 0x963F, 0x9E5F, 0x9E5F, 0x9E5F, 0x9E7F,
    0xA67F, 0xA67F, 0xA67F, 0xA67F, 0xA67F, 0xA67E, 0xA67E, 0xA67E, 0xA67E, 0xA67E, 0xA67E, 0xA67E, 0xA67E, 0xA65E, 0xA65E, 0xA65E,
    0xA65E, 0xA65E, 0xA65E, 0xA65E, 0xA65D, 0xA63D, 0xA63D, 0x9E3D, 0x9E3D, 0x9E3D, 0x9E3D, 0x9E3D, 0x9E3D, 0x9E1D, 0x9E1D, 0x9E1D,
    0x9E1C, 0x9E1C, 0x9E1C, 0x9E1C, 0x9E1C, 0xA61C, 0xA5FC, 0x9DBC, 0x8DBA, 0x8DDA, 0x8DD9, 0x8DF8, 0x8D7B, 0x8D1C, 0x8CDD, 0x8C7F,
    0x8C5F, 0x8C5F, 0x8C5F, 0x8C5F, 0x8C5F, 0x8C5F, 0x8C5F, 0x8C5F, 0x8C5F, 0x8C5F, 0x8C5F, 0x8C5F, 0x8C5F, 0x8C5F, 0x8C5F, 0x8C5F,
    0x8C5F, 0x8C5F, 0x8C5F, 0x8C5F, 0x8C5F, 0x8C5F, 0x8C5F, 0x8C5F, 0x8C5D, 0x8C55, 0x8C51, 0x8C51, 0x8C51, 0x8C51, 0x8C51, 0x8C51,
    0x8C51, 0x8C51, 0x8C51, 0x8C51, 0x8C51, 0x8C51, 0x8C51, 0x8C51, 0x8C51, 0x8C51, 0x8C51, 0x8C51, 0x8C51, 0x8C51, 0x8C51, 0x8C51,
    0x8C51, 0x8C51, 0x8C51, 0x8C51, 0x8C51, 0x8C54, 0x8C5B, 0x8C5C, 0x8C57, 0x8C51, 0x8C51, 0x8C51, 0x8C51, 0x8C51, 0x8C51, 0x8C51,
    0x8C51, 0x8C51, 0x8C51, 0x8C51, 0x8C51, 0x8C51, 0x8C51, 0x8C51, 0x8C51, 0x8C51, 0x8C51, 0x8C51, 0x8C51, 0x8C51, 0x8C51, 0x8C51,
    0x8C51, 0x8C51, 0x8C51, 0x8C51, 0x8C51, 0x8C51, 0x8C51, 0x8C51, 0x8C51, 0x8C51, 0x8C51, 0x8C51, 0x8C51, 0x8C51, 0x8C51, 0x8C51,
    0x8C51, 0x8C51, 0x8C51, 0x8C51, 0x8C51, 0x8C51, 0x8C51, 0x8C51, 0x8C51, 0x8C51, 0x8C51, 0x8C51, 0x8C51, 0x8C51, 0x8C51, 0x8C51,
    0x8C51, 0x8C51, 0x8C51, 0x8C51, 0x8C51, 0x8C51, 0x8C51, 0x8C51, 0x8C51, 0x8C51, 0x8C51, 0x8C51, 0x8C51, 0x8C51, 0x8C51, 0x8C51,
    0x8C51, 0x8C51, 0x8C51, 0x8C51, 0x8C51, 0x8C51, 0x8C51, 0x8C51, 0x8C51, 0x8C54, 0x8C5B, 0x8C5B, 0x8C57, 0x8C5B, 0x8C5F, 0x8D1F,
    0x8C9F, 0x8C5F, 0x8C5F, 0x8C5F, 0x8C5F, 0x8C5F, 0x8C5F, 0x8C5F, 0x8C5F, 0x8C7F, 0x8D3C, 0x8D1F, 0x8CDC, 0x8D5F, 0x8C5F, 0x8C5F,
    0x8C5F, 0x8C5F, 0x8C5F, 0x8C5F, 0x8C5F, 0x8C7F, 0x8CBF, 0x8C5D, 0x8C58, 0x8C56, 0x8C52, 0x8C51, 0x8C51, 0x8C51, 0x8C51, 0x8C51,
    0x8C51, 0x8C51, 0x8C51, 0x8C51, 0x8C51, 0x8C51, 0x8C51, 0x8C51, 0x8C51, 0x8C51, 0x8C51, 0x8C51, 0x8C51, 0x8C51, 0x8C51, 0x8C51,
    0x8C51, 0x8C51, 0x8C51, 0x8C51, 0x8C51, 0x8C51, 0x8C51, 0x8C51, 0x8C52, 0x8C5A, 0x8C5F, 0x8C5F, 0x8C5F, 0x8C5F, 0x8C5F, 0x8C5F,
    0x8C5F, 0x8C5F, 0x8C5F, 0x8C7F, 0x8D3C, 0x8C5F, 0x8C5F, 0x8C9E, 0x8C9E, 0x8C5F, 0x8C5F, 0x8C5F, 0x8C5F, 0x8C5D, 0x8C51, 0x8C51,
    0x8C51, 0x8C51, 0x8C51, 0x8C57, 0x8C5F, 0x8C5F, 0x8C5F, 0x8C5F, 0x8C5F, 0x8C5F, 0x8D1C, 0x8C9E, 0x8C5F, 0x8C5F, 0x8C5F, 0x8C5F,
    0x8C5F, 0x8CDD, 0x8C7F, 0x8C5F, 0x8C5F, 0x8C5F, 0x8C5F, 0x8C5F, 0x8C5F, 0x8C5F, 0x8C5F, 0x8C5F, 0x8C5F, 0x8C5F, 0x8C5F, 0x8C5F,
    0x8C5F, 0x8C5F, 0x8C5F, 0x8C5F, 0x8C5F, 0x8C5F, 0x8C5F, 0x8C5F, 0x8C5F, 0x8C5F, 0x8C5F, 0x8C5F, 0x8C5F, 0x8C5F, 0x8C5F, 0x8C5F,
    0x8C5F, 0x8C5F, 0x8C5F, 0x8C5F, 0x8C5F, 0x8C5F, 0x8C5F, 0x8C5F, 0x8C5F, 0x8C5F, 0x8CDD, 0x8D9A, 0x8DF9, 0x8DDA, 0x8DFA, 0x8DDA,
    0x8DFA, 0x8DFB, 0x8DFC, 0x95DC, 0x961C, 0x961D, 0x9DFC, 0x95DC, 0x95FD, 0x95FD, 0x95FD, 0x95FD, 0x961D, 0x961D, 0x961E, 0x961E,
    0x961E, 0x961E, 0x961E, 0x963E, 0x963E, 0x963E, 0x961E, 0x961E, 0x961E, 0x961F, 0x961F, 0x963F, 0x965F, 0x9E7F, 0x9E7F, 0xA69F,
    0xA6BF, 0xAEDF, 0xB6FF, 0xB71F, 0xBF3F, 0xBF5F, 0xC77F, 0xC77F, 0xCF9F, 0xCF9F, 0xCF9F, 0xCF9F, 0xCF9F, 0xCF9F, 0xCF9F, 0xCF9F,
    0xCF9F, 0xD79F, 0xD79F, 0xD79F, 0xD79F, 0xD79F, 0xD7BF, 0xD7BF, 0xDFBF, 0xDFBF, 0xDFBF, 0xDFDF, 0xE7DF, 0xDFDF, 0xDFDF, 0xD7BF,
    0xCF9F, 0xCF9F, 0xC75F, 0xBF3F, 0xBF1F, 0xB6FF, 0xAEDF, 0xAEDF, 0xA6BF, 0x9E7F, 0x9E7F, 0x9E5F, 0x9E5F, 0x9E5F, 0x9E5F, 0x9E7F,
    0xA67F, 0xA67F, 0xA67F, 0xA67F, 0xA67F, 0xA67F, 0xA67F, 0xA67F, 0xA67E, 0xA67E, 0xA67E, 0xA67E, 0xA67E, 0xA65E, 0xA65E, 0xA65E,
    0xA65E, 0xA65E, 0xA65E, 0xA65D, 0xA65E, 0x9E3D, 0x9E3D, 0x9E3E, 0x9E3D, 0x9E1D, 0x9E1D, 0x9E1D, 0x9E1D, 0x9E1C, 0x9E1C, 0x9E1C,
    0x9E1D, 0x9E1D, 0x9DFC, 0xA5FC, 0x9DFC, 0x9DFB, 0x95DA, 0x8DF9, 0x8DF9, 0x8D9A, 0x8D5B, 0x8D1C, 0x8C7F, 0x8C5F, 0x8C5F, 0x8C5F,
    0x8C5F, 0x8C5F, 0x8C5F, 0x8C5F, 0x8C5F, 0x8C5F, 0x8C5F, 0x8C5F, 0x8C5F, 0x8C5F, 0x8C5F, 0x8C5F, 0x8C5F, 0x8C5F, 0x8C5F, 0x8C5F,
    0x8C5F, 0x8C5F, 0x8C5F, 0x8C5F, 0x8C54, 0x8C51, 0x8C51, 0x8C51, 0x8C51, 0x8C51, 0x8C51, 0x8C51, 0x8C51, 0x8C51, 0x8C51, 0x8C51,
    0x8C51, 0x8C51, 0x8C51, 0x8C51, 0x8C51, 0x8C51, 0x8C51, 0x8C51, 0x8C51, 0x8C51, 0x8C51, 0x8C51, 0x8C51, 0x8C51, 0x8C51, 0x8C59,
    0x8C5F, 0x8C5F, 0x8C5F, 0x8C5C, 0x8C59, 0x8C52, 0x8C51, 0x8C51, 0x8C51, 0x8C51, 0x8C51, 0x8C51, 0x8C51, 0x8C51, 0x8C51, 0x8C51,
    0x8C51, 0x8C51, 0x8C51, 0x8C51, 0x8C51, 0x8C51, 0x8C51, 0x8C51, 0x8C51, 0x8C51, 0x8C51, 0x8C51, 0x8C51, 0x8C51, 0x8C51, 0x8C51,
    0x8C51, 0x8C51, 0x8C51, 0x8C51, 0x8C51, 0x8C51, 0x8C51, 0x8C51, 0x8C51, 0x8C51, 0x8C51, 0x8C51, 0x8C51, 0x8C51, 0x8C51, 0x8C51,
    0x8C51, 0x8C51, 0x8C51, 0x8C51, 0x8C51, 0x8C51, 0x8C51, 0x8C51, 0x8C51, 0x8C51, 0x8C51, 0x8C51, 0x8C51, 0x8C51, 0x8C51, 0x8C51,
    0x8C51, 0x8C51, 0x8C51, 0x8C51, 0x8C51, 0x8C51, 0x8C51, 0x8C51, 0x8C51, 0x8C51, 0x8C51, 0x8C51, 0x8C51, 0x8C51, 0x8C51, 0x8C51,
    0x8C51, 0x8C52, 0x8C58, 0x8C5F, 0x8C5F, 0x8C5B, 0x8C57, 0x8C5B, 0x8C5F, 0x8D1F, 0x8C9F, 0x8C5F, 0x8C5F, 0x8C5F, 0x8C5F, 0x8C5F,
    0x8C5F, 0x8C5F, 0x8C5F, 0x8C7F, 0x8D3C, 0x8D1F, 0x8CDC, 0x8D5F, 0x8C5F, 0x8C5F, 0x8C5F, 0x8C5F, 0x8C5F, 0x8C5F, 0x8C5F, 0x8C7F,
    0x8CBF, 0x8C5F, 0x8C5F, 0x8C5F, 0x8C5E, 0x8C5A, 0x8C56, 0x8C73, 0x8C51, 0x8C51, 0x8C51, 0x8C51, 0x8C51, 0x8C51, 0x8C51, 0x8C51,
    0x8C51, 0x8C51, 0x8C51, 0x8C51, 0x8C51, 0x8C51, 0x8C51, 0x8C51, 0x8C51, 0x8C51, 0x8C51, 0x8C51, 0x8C51, 0x8C51, 0x8C51, 0x8C51,
    0x8C51, 0x8C54, 0x8C7D, 0x8C5F, 0x8C5F, 0x8C5F, 0x8C5F, 0x8C5F, 0x8C5F, 0x8C5F, 0x8C5F, 0x8C5F, 0x8C5F, 0x8C7F, 0x8D3C, 0x8C5F,
    0x8C5F, 0x8C9E, 0x8C9E, 0x8C5F, 0x8C5F, 0x8C5F, 0x8C5F, 0x8C5D, 0x8C51, 0x8C51, 0x8C51, 0x8C52, 0x8C9A, 0x8C5F, 0x8C5F, 0x8C5F,
    0x8C5F, 0x8C5F, 0x8C5F, 0x8C5F, 0x8D1C, 0x8C9E, 0x8C5F, 0x8C5F, 0x8C5F, 0x8C5F, 0x8C5F, 0x8CDD, 0x8C7F, 0x8C5F, 0x8C5F, 0x8C5F,
    0x8C5F, 0x8C5F, 0x8C5F, 0x8C5F, 0x8C5F, 0x8C5F, 0x8C5F, 0x8C5F, 0x8C5F, 0x8C5F, 0x8C5F, 0x8C5F, 0x8C5F, 0x8C5F, 0x8C5F, 0x8C5F,
    0x8C5F, 0x8C5F, 0x8C5F, 0x8C5F, 0x8C5F, 0x8C5F, 0x8C5F, 0x8C5F, 0x8C5F, 0x8C5F, 0x8C5F, 0x8C5F, 0x8C5F, 0x8C5F, 0x8C5F, 0x8C5F,
    0x8C5F, 0x8C5F, 0x8C9F, 0x8D5C, 0x8DDA, 0x8DDB, 0x8DFC, 0x8DDC, 0x8DFC, 0x8DDC, 0x95DD, 0x9DDC, 0x9DDC, 0x95DC, 0x95FD, 0x95FD,
    0x95FD, 0x95FD, 0x95FD, 0x95FD, 0x95FD, 0x95FD, 0x961E, 0x961E, 0x961E, 0x961E, 0x961E, 0x961E, 0x961E, 0x8E1F, 0x961F, 0x963F,
    0x965F, 0x9E9F, 0xAEDF, 0xAEFF, 0xB73F, 0xBF5F, 0xC77F, 0xC77F, 0xBF5F, 0xBF3F, 0xB71F, 0xB71F, 0xAEFF, 0xAEDF, 0xA69F, 0xA69F,
    0x9E7F, 0x9E5F, 0x9E3F, 0x963F, 0x963F, 0x963F, 0x963F, 0x961F, 0x961E, 0x961E, 0x961E, 0x961E, 0x961E, 0x95FE, 0x961E, 0x961E,
    0x961F, 0x963F, 0x963F, 0x9E5F, 0x9E7F, 0x9E7F, 0xA67F, 0xA69F, 0xA6BF, 0xAEDF, 0xAEFF, 0xBF3F, 0xC77F, 0xCF9F, 0xDFBF, 0xE7FF,
    0xE7FF, 0xEFFF, 0xEFFF, 0xE7DF, 0xDFBF, 0xCF9F, 0xBF3F, 0xB6FF, 0xAEDF, 0x9E9F, 0x9E7F, 0x965F, 0x9E5F, 0x9E5F, 0x9E7F, 0xA67F,
    0xA67F, 0xA67F, 0xA67F, 0xA67F, 0xA67F, 0xA67F, 0xA67F, 0xA67F, 0xA67E, 0xA65E, 0xA65E, 0xA65E, 0xA65E, 0xA65E, 0xA65E, 0xA65E,
    0xA63E, 0xA63E, 0xA63D, 0xA63D, 0x9E3D, 0x9E3D, 0x9E3D, 0x9E1D, 0x9E1D, 0x9E1D, 0x9E1C, 0x9E1C, 0x9E1C, 0x9E1C, 0x9E1C, 0x9E1C,
    0xA61C, 0xA61C, 0x9DFB, 0x8DBA, 0x8DDA, 0x8DD9, 0x8D3C, 0x8D1C, 0x8D1D, 0x8C5F, 0x8C5F, 0x8C5F, 0x8C5F, 0x8C5F, 0x8C5F, 0x8C5F,
    0x8C5F, 0x8C5F, 0x8C5F, 0x8C5F, 0x8C5F, 0x8C5F, 0x8C5F, 0x8C5F, 0x8C5F, 0x8C5F, 0x8C5F, 0x8C5F, 0x8C5F, 0x8C5F, 0x8C5D, 0x8C55,
    0x8C51, 0x8C51, 0x8C51, 0x8C51, 0x8C51, 0x8C51, 0x8C51, 0x8C51, 0x8C51, 0x8C51, 0x8C51, 0x8C51, 0x8C51, 0x8C51, 0x8C51, 0x8C51,
    0x8C51, 0x8C51, 0x8C51, 0x8C51, 0x8C51, 0x8C51, 0x8C51, 0x8C51, 0x8C54, 0x8C5F, 0x8C5F, 0x8C5F, 0x8C5F, 0x8C5F, 0x8C5F, 0x8C5E,
    0x8C56, 0x8C51, 0x8C51, 0x8C51, 0x8C51, 0x8C51, 0x8C51, 0x8C51, 0x8C51, 0x8C51, 0x8C51, 0x8C51, 0x8C51, 0x8C51, 0x8C51, 0x8C51,
    0x8C51, 0x8C51, 0x8C51, 0x8C51, 0x8C51, 0x8C51, 0x8C51, 0x8C51, 0x8C51, 0x8C51, 0x8C51, 0x8C51, 0x8C51, 0x8C51, 0x8C51, 0x8C51,
    0x8C51, 0x8C51, 0x8C51, 0x8C51, 0x8C51, 0x8C51, 0x8C51, 0x8C51, 0x8C51, 0x8C51, 0x8C51, 0x8C51, 0x8C51, 0x8C51, 0x8C51, 0x8C51,
    0x8C51, 0x8C51, 0x8C51, 0x8C51, 0x8C51, 0x8C51, 0x8C51, 0x8C51, 0x8C51, 0x8C51, 0x8C51, 0x8C51, 0x8C51, 0x8C51, 0x8C51, 0x8C51,
    0x8C51, 0x8C51, 0x8C51, 0x8C51, 0x8C51, 0x8C51, 0x8C51, 0x8C51, 0x8C51, 0x8C51, 0x8C55, 0x8C5E, 0x8C5F, 0x8C5F, 0x8C5F, 0x8C5B,
    0x8C57, 0x8C5B, 0x8C5F, 0x8D1F, 0x8C9F, 0x8C5F, 0x8C5F, 0x8C5F, 0x8C5F, 0x8C5F, 0x8C5F, 0x8C5F, 0x8C5F, 0x8C7F, 0x8D3C, 0x8D1F,
    0x8CDC, 0x8D5F, 0x8C5F, 0x8C5F, 0x8C5F, 0x8C5F, 0x8C5F, 0x8C5F, 0x8C5F, 0x8C7F, 0x8CBF, 0x8C5F, 0x8C5F, 0x8C5F, 0x8C5F, 0x8C5F,
    0x8C7F, 0x8D5F, 0x8C5D, 0x8C57, 0x8C51, 0x8C51, 0x8C51, 0x8C51, 0x8C51, 0x8C51, 0x8C51, 0x8C51, 0x8C51, 0x8C51, 0x8C51, 0x8C51,
    0x8C51, 0x8C51, 0x8C51, 0x8C51, 0x8C51, 0x8C51, 0x8C51, 0x8C51, 0x8C51, 0x8C51, 0x8C58, 0x8C5F, 0x8C9F, 0x8C5F, 0x8C5F, 0x8C5F,
    0x8C5F, 0x8C5F, 0x8C5F, 0x8C5F, 0x8C5F, 0x8C5F, 0x8C5F, 0x8C7F, 0x8D3C, 0x8C5F, 0x8C5F, 0x8C9E, 0x8C9E, 0x8C5F, 0x8C5F, 0x8C5F,
    0x8C5F, 0x8C5D, 0x8C51, 0x8C51, 0x8C57, 0x8C7D, 0x8CDE, 0x8C7F, 0x8C5F, 0x8C5F, 0x8C5F, 0x8C5F, 0x8C5F, 0x8C5F, 0x8D1C, 0x8C9E,
    0x8C5F, 0x8C5F, 0x8C5F, 0x8C5F, 0x8C5F, 0x8CDD, 0x8C7F, 0x8C5F, 0x8C5F, 0x8C5F, 0x8C5F, 0x8C5F, 0x8C5F, 0x8C5F, 0x8C5F, 0x8C5F,
    0x8C5F, 0x8C5F, 0x8C5F, 0x8C5F, 0x8C5F, 0x8C5F, 0x8C5F, 0x8C5F, 0x8C5F, 0x8C5F, 0x8C5F, 0x8C5F, 0x8C5F, 0x8C5F, 0x8C5F, 0x8C5F,
    0x8C5F, 0x8C5F, 0x8C5F, 0x8C5F, 0x8C5F, 0x8C5F, 0x8C5F, 0x8C5F, 0x8C7F, 0x8C9E, 0x8C9E, 0x8CFD, 0x8DBA, 0x8DF9, 0x8DFC, 0x8DBC,
    0x8DBC, 0x95BC, 0x9DDC, 0x95DC, 0x95FC, 0x95FC, 0x95DC, 0x95FD, 0x95FD, 0x95FD, 0x95FD, 0x95FD, 0x95FD, 0x95FE, 0x95FE, 0x8DFE,
    0x8DFE, 0x8DFF, 0x8E1F, 0x963F, 0x9E7F, 0xA69F, 0xAEDF, 0xAF1F, 0xB71F, 0xB71F, 0xB71F, 0xB71F, 0xB71F, 0xAEFF, 0xA6BF, 0xA67F,
    0x9E5F, 0x963F, 0x961E, 0x8DFE, 0x8DDE, 0x8DDE, 0x8DDE, 0x8DDE, 0x8DDE, 0x95DE, 0x95DD, 0x95DD, 0x95DD, 0x95DD, 0x95DD, 0x95DD,
    0x95DD, 0x95DD, 0x95DD, 0x95DD, 0x95DD, 0x95DD, 0x8DDD, 0x8DDD, 0x95DD, 0x95DD, 0x95DD, 0x95DD, 0x95DD, 0x95DD, 0x95DD, 0x95FE,
    0x95FE, 0x95FE, 0x95FE, 0x95FE, 0x95FE, 0x961E, 0x961F, 0x963F, 0x963F, 0x9E7F, 0x9E9F, 0xA6BF, 0xAEDF, 0xB71F, 0xC73F, 0xD79F,
    0xDFBF, 0xDFDF, 0xE7FF, 0xE7DF, 0xDFBF, 0xD79F, 0xC75F, 0xB71F, 0xAEDF, 0x9E9F, 0x9E7F, 0x9E5F, 0x9E5F, 0x9E5F, 0x9E7F, 0xA67F,
    0xA67F, 0xA67F, 0xA67F, 0xA67F, 0xA67E, 0xA67E, 0xA67E, 0xA67E, 0xA67E, 0xA65E, 0xA65E, 0xA65E, 0xA65E, 0xA65E, 0xA65E, 0x9E3D,
    0x9E3D, 0x9E3D, 0x9E3D, 0x9E1D, 0x9E1D, 0x9E1D, 0x9E1D, 0x9E1D, 0x9E1C, 0x9E1C, 0x9DFC, 0x9DFC, 0xA61C, 0xA5FC, 0xA5FC, 0x9DDB,
    0x8DBA, 0x8DF9, 0x8E18, 0x8DBA, 0x8CFD, 0x8C7F, 0x8C5F, 0x8C5F, 0x8C5F, 0x8C5F, 0x8C5F, 0x8C5F, 0x8C5F, 0x8C5F, 0x8C5F, 0x8C5F,
    0x8C5F, 0x8C5F, 0x8C5F, 0x8C5F, 0x8C5F, 0x8C5F, 0x8C5F, 0x8C5F, 0x8C5F, 0x8C5F, 0x8C59, 0x8C51, 0x8C51, 0x8C51, 0x8C51, 0x8C51,
    0x8C51, 0x8C51, 0x8C51, 0x8C51, 0x8C51, 0x8C51, 0x8C51, 0x8C51, 0x8C51, 0x8C51, 0x8C51, 0x8C51, 0x8C53, 0x8C58, 0x8C5B, 0x8C5C,
    0x8C5C, 0x8C5D, 0x8C5F, 0x8C5F, 0x8C5F, 0x8C5F, 0x8C5F, 0x8C5F, 0x8C5F, 0x8C5F, 0x8C5F, 0x8C57, 0x8C51, 0x8C51, 0x8C51, 0x8C51,
    0x8C51, 0x8C51, 0x8C51, 0x8C51, 0x8C51, 0x8C51, 0x8C51, 0x8C51, 0x8C51, 0x8C51, 0x8C51, 0x8C51, 0x8C51, 0x8C51, 0x8C51, 0x8C51,
    0x8C51, 0x8C51, 0x8C51, 0x8C51, 0x8C51, 0x8C51, 0x8C51, 0x8C51, 0x8C51, 0x8C51, 0x8C51, 0x8C51, 0x8C51, 0x8C51, 0x8C51, 0x8C51,
    0x8C51, 0x8C51, 0x8C51, 0x8C51, 0x8C51, 0x8C51, 0x8C51, 0x8C51, 0x8C51, 0x8C51, 0x8C51, 0x8C51, 0x8C51, 0x8C51, 0x8C51, 0x8C51,
    0x8C51, 0x8C51, 0x8C51, 0x8C51, 0x8C51, 0x8C51, 0x8C51, 0x8C51, 0x8C51, 0x8C51, 0x8C51, 0x8C51, 0x8C51, 0x8C52, 0x8C55, 0x8C55,
    0x8C55, 0x8C55, 0x8C56, 0x8C5C, 0x8C5C, 0x8C5F, 0x8C5F, 0x8C5F, 0x8C5F, 0x8C5B, 0x8C57, 0x8C5B, 0x8C5F, 0x8D1F, 0x8C9F, 0x8C5F,
    0x8C5F, 0x8C5F, 0x8C5F, 0x8C5F, 0x8C5F, 0x8C5F, 0x8C5F, 0x8C7F, 0x8D3C, 0x8D1F, 0x8CDC, 0x8D5F, 0x8C5F, 0x8C5F, 0x8C5F, 0x8C5F,
    0x8C5F, 0x8C5F, 0x8C5F, 0x8C7F, 0x8CBF, 0x8C5F, 0x8C5F, 0x8C5F, 0x8C5F, 0x8C5F, 0x8C7F, 0x8D7F, 0x8C5F, 0x8C9F, 0x8CBD, 0x8C9B,
    0x8C59, 0x8C56, 0x8C52, 0x8C51, 0x8C51, 0x8C51, 0x8C51, 0x8C51, 0x8C51, 0x8C51, 0x8C51, 0x8C51, 0x8C51, 0x8C51, 0x8C51, 0x8C51,
    0x8C51, 0x8C51, 0x8C55, 0x8C5C, 0x8C5F, 0x8C5F, 0x8C7F, 0x8C5F, 0x8C5F, 0x8C5F, 0x8C5F, 0x8C5F, 0x8C5F, 0x8C5F, 0x8C5F, 0x8C5F,
    0x8C5F, 0x8C7F, 0x8D3C, 0x8C5F, 0x8C5F, 0x8C9E, 0x8C9E, 0x8C5F, 0x8C5F, 0x8C5F, 0x8C5F, 0x8C5D, 0x8C52, 0x8C98, 0x8C5F, 0x8C7F,
    0x8CDD, 0x8C7F, 0x8C5F, 0x8C5F, 0x8C5F, 0x8C5F, 0x8C5F, 0x8C5F, 0x8D1C, 0x8C9E, 0x8C5F, 0x8C5F, 0x8C5F, 0x8C5F, 0x8C5F, 0x8CDD,
    0x8C7F, 0x8C5F, 0x8C5F, 0x8C5F, 0x8C5F, 0x8C5F, 0x8C5F, 0x8C5F, 0x8C5F, 0x8C5F, 0x8C5F, 0x8C5F, 0x8C5F, 0x8C5F, 0x8C5F, 0x8C5F,
    0x8C5F, 0x8C5F, 0x8C5F, 0x8C5F, 0x8C5F, 0x8C5F, 0x8C5F, 0x8C5F, 0x8C5F, 0x8C5F, 0x8C5F, 0x8C5F, 0x8C5F, 0x8C5F, 0x8C5F, 0x8C5F,
    0x8C7F, 0x8CBE, 0x8CDE, 0x8CFD, 0x8D9A, 0x8DF9, 0x8DFA, 0x8DDC, 0x8DBC, 0x95BC, 0x95DC, 0x95DC, 0x95DD, 0x95FD, 0x95FD, 0x95FD,
    0x95FD, 0x95FD, 0x95FD, 0x95FE, 0x95FE, 0x8DFE, 0x8DFE, 0x8E1F, 0x963F, 0x9E7F, 0xA6BF, 0xAEDF, 0xAEFF, 0xAF1F, 0xB73F, 0xB71F,
    0xAEDF, 0xA69F, 0x9E5F, 0x963F, 0x95FE, 0x8DDE, 0x8DDE, 0x8DDE, 0x8DDE, 0x8DDD, 0x8DDD, 0x95DD, 0x95DD, 0x95DD, 0x95DD, 0x95DD,
    0x95DD, 0x95DD, 0x95DD, 0x95DD, 0x95DD, 0x95DD, 0x95DD, 0x95DD, 0x95DD, 0x95DD, 0x95DD, 0x95DD, 0x95DD, 0x95DD, 0x95DD, 0x95BD,
    0x8DBD, 0x95BD, 0x95DD, 0x95DD, 0x95DD, 0x95DD, 0x95DD, 0x95DD, 0x95DD, 0x95DD, 0x95DD, 0x95DD, 0x95DD, 0x95DD, 0x95FD, 0x95DD,
    0x95DD, 0x95DD, 0x95DD, 0x95DE, 0x95FE, 0x95FE, 0x95FE, 0x95FE, 0x961E, 0x961E, 0x965F, 0x9E7F, 0xA6BF, 0xB6FF, 0xC73F, 0xCF7F,
    0xDFBF, 0xE7DF, 0xE7FF, 0xDFDF, 0xD79F, 0xC75F, 0xB71F, 0xAEDF, 0x9EBF, 0x9E7F, 0x9E5F, 0x9E7F, 0xA67F, 0xA67F, 0xA67F, 0xA67F,
    0xA67F, 0xA67F, 0xA67F, 0xA67E, 0xA67E, 0xA65E, 0xA65E, 0xA65E, 0xA65E, 0x9E5E, 0x9E5E, 0x9E3E, 0x9E3E, 0x9E3D, 0x9E3D, 0x9E3D,
    0x9E1D, 0x9E1D, 0x9E1D, 0x9DFD, 0x9E1C, 0x9DFC, 0x9E1C, 0x9E1C, 0x9DFC, 0x9DFC, 0x9DFC, 0x9DDB, 0x95DB, 0x8DF9, 0x8DF9, 0x8DBA,
    0x8D1C, 0x8CBE, 0x8C5F, 0x8C5F, 0x8C5F, 0x8C5F, 0x8C5F, 0x8C5F, 0x8C5F, 0x8C5F, 0x8C5F, 0x8C5F, 0x8C5F, 0x8C5F, 0x8C5F, 0x8C5F,
    0x8C5F, 0x8C5F, 0x8C5F, 0x8C5F, 0x8C5F, 0x8C5B, 0x8C52, 0x8C51, 0x8C51, 0x8C51, 0x8C51, 0x8C51, 0x8C51, 0x8C51, 0x8C51, 0x8C51,
    0x8C51, 0x8C51, 0x8C51, 0x8C51, 0x8C51, 0x8C55, 0x8C5F, 0x8C5F, 0x8C5F, 0x8C5F, 0x8C5F, 0x8C5F, 0x8C5F, 0x8C5F, 0x8C5F, 0x8C5F,
    0x8C5F, 0x8C5F, 0x8C5F, 0x8C5F, 0x8C5F, 0x8C5F, 0x8C57, 0x8C51, 0x8C51, 0x8C51, 0x8C51, 0x8C51, 0x8C51, 0x8C51, 0x8C51, 0x8C51,
    0x8C51, 0x8C51, 0x8C51, 0x8C51, 0x8C51, 0x8C51, 0x8C51, 0x8C51, 0x8C51, 0x8C51, 0x8C51, 0x8C51, 0x8C51, 0x8C51, 0x8C51, 0x8C51,
    0x8C51, 0x8C51, 0x8C51, 0x8C51, 0x8C51, 0x8C51, 0x8C51, 0x8C51, 0x8C51, 0x8C51, 0x8C51, 0x8C51, 0x8C51, 0x8C51, 0x8C51, 0x8C51,
    0x8C51, 0x8C51, 0x8C51, 0x8C51, 0x8C51, 0x8C51, 0x8C51, 0x8C51, 0x8C51, 0x8C51, 0x8C51, 0x8C51, 0x8C51, 0x8C51, 0x8C51, 0x8C51,
    0x8C51, 0x8C51, 0x8C51, 0x8C51, 0x8C51, 0x8C51, 0x8C52, 0x8C5C, 0x8C5F, 0x8C5F, 0x8C5F, 0x8C5F, 0x8C5F, 0x8C5F, 0x8C5C, 0x8C5F,
    0x8C5F, 0x8C5F, 0x8C5F, 0x8C5B, 0x8C57, 0x8C5B, 0x8C5F, 0x8D1F, 0x8C9F, 0x8C5F, 0x8C5F, 0x8C5F, 0x8C5F, 0x8C5F, 0x8C5F, 0x8C5F,
    0x8C5F, 0x8C7F, 0x8D3C, 0x8D1F, 0x8CDC, 0x8D5F, 0x8C5F, 0x8C5F, 0x8C5F, 0x8C5F, 0x8C5F, 0x8C5F, 0x8C5F, 0x8C7F, 0x8CBF, 0x8C5F,
    0x8C5F, 0x8C5F, 0x8C5F, 0x8C5F, 0x8C7F, 0x8D5F, 0x8C5F, 0x8C9E, 0x8CBF, 0x8CBF, 0x8C5F, 0x8C5F, 0x8C5F, 0x8C5B, 0x8C56, 0x8C53,
    0x8C51, 0x8C51, 0x8C51, 0x8C51, 0x8C51, 0x8C51, 0x8C51, 0x8C51, 0x8C51, 0x8C51, 0x8C51, 0x8C57, 0x8C5F, 0x8C5F, 0x8C5F, 0x8C5F,
    0x8C7F, 0x8C5F, 0x8C5F, 0x8C5F, 0x8C5F, 0x8C5F, 0x8C5F, 0x8C5F, 0x8C5F, 0x8C5F, 0x8C5F, 0x8C7F, 0x8D3C, 0x8C5F, 0x8C5F, 0x8C9E,
    0x8C9E, 0x8C5F, 0x8C5F, 0x8C5F, 0x8C5F, 0x8C5D, 0x8C5C, 0x8CBF, 0x8C5F, 0x8C7F, 0x8CDE, 0x8C7F, 0x8C5F, 0x8C5F, 0x8C5F, 0x8C5F,
    0x8C5F, 0x8C5F, 0x8D1C, 0x8C9E, 0x8C5F, 0x8C5F, 0x8C5F, 0x8C5F, 0x8C5F, 0x8CDD, 0x8C7F, 0x8C5F, 0x8C5F, 0x8C5F, 0x8C5F, 0x8C5F,
    0x8C5F, 0x8C5F, 0x8C5F, 0x8C5F, 0x8C5F, 0x8C5F, 0x8C5F, 0x8C5F, 0x8C5F, 0x8C5F, 0x8C5F, 0x8C5F, 0x8C5F, 0x8C5F, 0x8C5F, 0x8C5F,
    0x8C5F, 0x8C5F, 0x8C5F, 0x8C5F, 0x8C5F, 0x8C5F, 0x8C5F, 0x8C5F, 0x8C5F, 0x8C5F, 0x8D1C, 0x8DF8, 0x8DD9, 0x8DBA, 0x8DDB, 0x8DBC,
    0x8DDD, 0x95BC, 0x95DC, 0x95DC, 0x95FD, 0x95FD, 0x95FD, 0x95FD, 0x95FD, 0x95FD, 0x95FE, 0x95FE, 0x8DFE, 0x961E, 0x963F, 0x9E7F,
    0xA6BF, 0xAF1F, 0xB73F, 0xB71F, 0xAEDF, 0xA69F, 0x9E3F, 0x961E, 0x8DFE, 0x8DDE, 0x8DDE, 0x8DDE, 0x8DDD, 0x95DD, 0x95DD, 0x95DD,
    0x95DD, 0x95DD, 0x95DD, 0x95DD, 0x95DD, 0x95DD, 0x95DD, 0x95DD, 0x95DD, 0x95DD, 0x95DD, 0x95DD, 0x95DD, 0x95DD, 0x95DD, 0x95DD,
    0x95DD, 0x95DD, 0x95DD, 0x95DD, 0x95DD, 0x95DD, 0x95DD, 0x95DD, 0x95BC, 0x8DBC, 0x8DBC, 0x8DBC, 0x8DBC, 0x95BC, 0x95BC, 0x95BC,
    0x95BC, 0x95BC, 0x95BD, 0x95DD, 0x95DD, 0x95DD, 0x95DD, 0x95DD, 0x95DD, 0x95DD, 0x95DD, 0x95DD, 0x95DD, 0x95DD, 0x95DD, 0x95DD,
    0x95DD, 0x95DD, 0x95FD, 0x95FD, 0x95FE, 0x95FE, 0x95FE, 0x95FE, 0x95FE, 0x961F, 0x963F, 0x9E7F, 0xAEDF, 0xBF3F, 0xCF7F, 0xE7DF,
    0xEFFF, 0xEFFF, 0xE7FF, 0xD7BF, 0xBF3F, 0xAEDF, 0x9E9F, 0x9E7F, 0x9E5F, 0x9E5F, 0xA67F, 0xA67F, 0xA67F, 0xA67F, 0xA67F, 0xA67E,
    0xA67E, 0xA67E, 0xA67E, 0xA65E, 0xA65E, 0xA65E, 0xA65E, 0x9E5E, 0x9E5E, 0x9E3E, 0x9E3D, 0x9E3D, 0x9E3D, 0x9E3D, 0x9E1D, 0x9E1D,
    0x9E1D, 0x9E1D, 0x9E1C, 0x9E1C, 0x9DFC, 0x9DFC, 0xA5FC, 0xA5FC, 0x9DDB, 0x95DA, 0x8DF9, 0x8DD9, 0x8D9A, 0x8CBE, 0x8C5F, 0x8C5F,
    0x8C5F, 0x8C5F, 0x8C5F, 0x8C5F, 0x8C5F, 0x8C5F, 0x8C5F, 0x8C5F, 0x8C5F, 0x8C5F, 0x8C5F, 0x8C5F, 0x8C5F, 0x8C5F, 0x8C5F, 0x8C5F,
    0x8C5B, 0x8C52, 0x8C51, 0x8C51, 0x8C51, 0x8C51, 0x8C51, 0x8C51, 0x8C51, 0x8C51, 0x8C51, 0x8C51, 0x8C52, 0x8C55, 0x8C59, 0x8C5F,
    0x8C5F, 0x8C5F, 0x8C5F, 0x8C5F, 0x8C5F, 0x8C5F, 0x8C5F, 0x8C5F, 0x8C5F, 0x8C5F, 0x8C5F, 0x8C5F, 0x8C5F, 0x8C5F, 0x8C5F, 0x8C5F,
    0x8C5D, 0x8C51, 0x8C51, 0x8C51, 0x8C51, 0x8C51, 0x8C51, 0x8C51, 0x8C51, 0x8C51, 0x8C51, 0x8C51, 0x8C51, 0x8C51, 0x8C51, 0x8C51,
    0x8C51, 0x8C51, 0x8C51, 0x8C51, 0x8C51, 0x8C51, 0x8C51, 0x8C51, 0x8C51, 0x8C51, 0x8C51, 0x8C51, 0x8C51, 0x8C51, 0x8C51, 0x8C51,
    0x8C51, 0x8C51, 0x8C51, 0x8C51, 0x8C51, 0x8C51, 0x8C51, 0x8C51, 0x8C51, 0x8C51, 0x8C51, 0x8C51, 0x8C51, 0x8C51, 0x8C51, 0x8C51,
    0x8C51, 0x8C51, 0x8C51, 0x8C51, 0x8C51, 0x8C51, 0x8C51, 0x8C51, 0x8C51, 0x8C51, 0x8C51, 0x8C51, 0x8C51, 0x8C51, 0x8C51, 0x8C52,
    0x8C5D, 0x8C5F, 0x8C5F, 0x8C5F, 0x8C5F, 0x8C5F, 0x8C5F, 0x8C5F, 0x8C5C, 0x8C5F, 0x8C5F, 0x8C5F, 0x8C5F, 0x8C5B, 0x8C57, 0x8C5B,
    0x8C5F, 0x8D1F, 0x8C9F, 0x8C5F, 0x8C5F, 0x8C5F, 0x8C5F, 0x8C5F, 0x8C5F, 0x8C5F, 0x8C5F, 0x8C7F, 0x8D3C, 0x8D1F, 0x8CDC, 0x8D5F,
    0x8C5F, 0x8C5F, 0x8C5F, 0x8C5F, 0x8C5F, 0x8C5F, 0x8C5F, 0x8C7F, 0x8CBF, 0x8C5F, 0x8C5F, 0x8C5F, 0x8C5F, 0x8C5F, 0x8C7F, 0x8D5F,
    0x8C5F, 0x8C9E, 0x8CBE, 0x8CBF, 0x8C5F, 0x8C5F, 0x8C5F, 0x8C5F, 0x8C5F, 0x8C5F, 0x8C5E, 0x8C58, 0x8C52, 0x8C52, 0x8C51, 0x8C51,
    0x8C51, 0x8C51, 0x8C51, 0x8C51, 0x8C99, 0x8C5F, 0x8C5F, 0x8C5F, 0x8C5F, 0x8C5F, 0x8C7F, 0x8C5F, 0x8C5F, 0x8C5F, 0x8C5F, 0x8C5F,
    0x8C5F, 0x8C5F, 0x8C5F, 0x8C5F, 0x8C5F, 0x8C7F, 0x8D3C, 0x8C5F, 0x8C5F, 0x8C9E, 0x8C9E, 0x8C5F, 0x8C5F, 0x8C5F, 0x8C5F, 0x8C5D,
    0x8C5F, 0x8CBE, 0x8C5F, 0x8C7F, 0x8CDE, 0x8C7F, 0x8C5F, 0x8C5F, 0x8C5F, 0x8C5F, 0x8C5F, 0x8C5F, 0x8D1C, 0x8C9E, 0x8C5F, 0x8C5F,
    0x8C5F, 0x8C5F, 0x8C5F, 0x8CDD, 0x8C7F, 0x8C5F, 0x8C5F, 0x8C5F, 0x8C5F, 0x8C5F, 0x8C5F, 0x8C5F, 0x8C5F, 0x8C5F, 0x8C5F, 0x8C5F,
    0x8C5F, 0x8C5F, 0x8C5F, 0x8C5F, 0x8C5F, 0x8C5F, 0x8C5F, 0x8C5F, 0x8C5F, 0x8C5F, 0x8C5F, 0x8C5F, 0x8C5F, 0x8C5F, 0x8C5F, 0x8C5F,
    0x8C5F, 0x8C5F, 0x8C7F, 0x8D5B, 0x8DF9, 0x8DDA, 0x8DDB, 0x8DBC, 0x95BC, 0x95DC, 0x95DC, 0x95FD, 0x95FD, 0x95FD, 0x95FD, 0x95FD,
    0x95FE, 0x8DFE, 0x8DFE, 0x961F, 0x9E5F, 0xA6BF, 0xAEFF, 0xAEFF, 0xAEFF, 0xA6BF, 0x9E7F, 0x963E, 0x95FE, 0x8DDE, 0x8DDE, 0x8DDD,
    0x8DDD, 0x95DD, 0x95DD, 0x95DD, 0x95DD, 0x95DD, 0x95DD, 0x95BC, 0x8DBC, 0x8DBC, 0x8DBC, 0x8DBC, 0x8DBC, 0x8D9C, 0x8D9C, 0x8D9C,
    0x8D9C, 0x8D9C, 0x8D9C, 0x8D9C, 0x8DBC, 0x8DBC, 0x8DBC, 0x95BC, 0x8DBC, 0x95BC, 0x95DD, 0x95DD, 0x95DD, 0x95DD, 0x95DD, 0x95DD,
    0x95DD, 0x95DD, 0x95DC, 0x95BC, 0x8DBC, 0x8DBC, 0x8DBC, 0x8DBC, 0x8DBC, 0x8DBC, 0x8DBC, 0x8DBC, 0x8DBC, 0x8DBC, 0x95BC, 0x95BC,
    0x95BC, 0x8DBC, 0x95BC, 0x95BC, 0x95BD, 0x95BC, 0x95DD, 0x95DD, 0x95DD, 0x95DD, 0x95DD, 0x95DD, 0x95DD, 0x95DD, 0x95DD, 0x95DD,
    0x95DD, 0x95DD, 0x95FD, 0x95FD, 0x95FE, 0x95FE, 0x95FE, 0x961E, 0x961E, 0x963F, 0xA69F, 0xAEDF, 0xBF3F, 0xCF9F, 0xE7DF, 0xEFFF,
    0xEFFF, 0xDFBF, 0xC75F, 0xAEFF, 0xA69F, 0x9E7F, 0x9E5F, 0x9E5F, 0x9E5F, 0xA67F, 0xA67F, 0xA67F, 0xA67F, 0xA67F, 0xA67E, 0xA67F,
    0xA65E, 0xA65E, 0xA65E, 0xA65E, 0x9E5E, 0x9E3E, 0x9E3D, 0x9E3D, 0x9E3D, 0x9E3D, 0x9E3D, 0x9E1D, 0x9E1D, 0x9E1D, 0x9E1C, 0x9DFC,
    0x95FC, 0x9DFC, 0xA5FC, 0xA5FC, 0xA5FC, 0x9DDC, 0x95FA, 0x8DD9, 0x8DD9, 0x8CFD, 0x8CBE, 0x8C5F, 0x8C7F, 0x8C7F, 0x8C5F, 0x8C5F,
    0x8C5F, 0x8C5F, 0x8C5F, 0x8C5F, 0x8C5F, 0x8C5F, 0x8C5F, 0x8C5F, 0x8C5F, 0x8C5F, 0x8C5F, 0x8C5E, 0x8C55, 0x8C51, 0x8C51, 0x8C51,
    0x8C51, 0x8C51, 0x8C52, 0x8C59, 0x8C5D, 0x8C5D, 0x8C5F, 0x8C5F, 0x8C5F, 0x8C5F, 0x8C5F, 0x8C5F, 0x8C5F, 0x8C5F, 0x8C5F, 0x8C5F,
    0x8C5F, 0x8C5F, 0x8C5F, 0x8C5F, 0x8C5F, 0x8C5F, 0x8C5F, 0x8C5F, 0x8C5F, 0x8C5F, 0x8C5C, 0x8C51, 0x8C51, 0x8C51, 0x8C51, 0x8C51,
    0x8C51, 0x8C51, 0x8C51, 0x8C51, 0x8C51, 0x8C51, 0x8C51, 0x8C51, 0x8C51, 0x8C51, 0x8C51, 0x8C51, 0x8C51, 0x8C51, 0x8C51, 0x8C51,
    0x8C51, 0x8C51, 0x8C51, 0x8C51, 0x8C51, 0x8C51, 0x8C51, 0x8C51, 0x8C51, 0x8C51, 0x8C51, 0x8C51, 0x8C51, 0x8C51, 0x8C51, 0x8C51,
    0x8C51, 0x8C51, 0x8C51, 0x8C51, 0x8C51, 0x8C51, 0x8C51, 0x8C51, 0x8C51, 0x8C51, 0x8C51, 0x8C51, 0x8C51, 0x8C51, 0x8C51, 0x8C51,
    0x8C51, 0x8C51, 0x8C51, 0x8C51, 0x8C51, 0x8C51, 0x8C51, 0x8C51, 0x8C52, 0x8C5C, 0x8C5F, 0x8C5F, 0x8C5F, 0x8C5F, 0x8C5F, 0x8C5F,
    0x8C5F, 0x8C5F, 0x8C5C, 0x8C5F, 0x8C5F, 0x8C5F, 0x8C5F, 0x8C5B, 0x8C57, 0x8C5B, 0x8C5F, 0x8D1F, 0x8C9F, 0x8C5F, 0x8C5F, 0x8C5F,
    0x8C5F, 0x8C5F, 0x8C5F, 0x8C5F, 0x8C5F, 0x8C7F, 0x8D3C, 0x8D1F, 0x8CDC, 0x8D5F, 0x8C5F, 0x8C5F, 0x8C5F, 0x8C5F, 0x8C5F, 0x8C5F,
    0x8C5F, 0x8C7F, 0x8CBF, 0x8C5F, 0x8C5F, 0x8C5F, 0x8C5F, 0x8C5F, 0x8C7F, 0x8D5F, 0x8C5F, 0x8C9E, 0x8CBE, 0x8CBF, 0x8C5F, 0x8C5F,
    0x8C5F, 0x8C5F, 0x8C5F, 0x8C5F, 0x8C5F, 0x8C5F, 0x8C9B, 0x8C5E, 0x8C5C, 0x8C58, 0x8C52, 0x8C51, 0x8C53, 0x8C5D, 0x8CDE, 0x8C5F,
    0x8C5F, 0x8C5F, 0x8C5F, 0x8C5F, 0x8C7F, 0x8C5F, 0x8C5F, 0x8C5F, 0x8C5F, 0x8C5F, 0x8C5F, 0x8C5F, 0x8C5F, 0x8C5F, 0x8C5F, 0x8C7F,
    0x8D3C, 0x8C5F, 0x8C5F, 0x8C9E, 0x8C9E, 0x8C5F, 0x8C5F, 0x8C5F, 0x8C5F, 0x8C5D, 0x8C5F, 0x8CBE, 0x8C5F, 0x8C7F, 0x8CDE, 0x8C7F,
    0x8C5F, 0x8C5F, 0x8C5F, 0x8C5F, 0x8C5F, 0x8C5F, 0x8D1C, 0x8C9E, 0x8C5F, 0x8C5F, 0x8C5F, 0x8C5F, 0x8C5F, 0x8CDD, 0x8C7F, 0x8C5F,
    0x8C5F, 0x8C5F, 0x8C5F, 0x8C5F, 0x8C5F, 0x8C5F, 0x8C5F, 0x8C5F, 0x8C5F, 0x8C5F, 0x8C5F, 0x8C5F, 0x8C5F, 0x8C5F, 0x8C5F, 0x8C5F,
    0x8C5F, 0x8C5F, 0x8C5F, 0x8C5F, 0x8C5F, 0x8C5F, 0x8C5F, 0x8C5F, 0x8C5F, 0x8C5F, 0x8C5F, 0x8C9E, 0x8D5C, 0x8DF9, 0x8DBB, 0x8DDC,
    0x8DBC, 0x95DC, 0x95FD, 0x95FD, 0x95FD, 0x95FD, 0x8DFE, 0x8DFE, 0x8DFE, 0x961F, 0x9E7F, 0xA6BF, 0xA6BF, 0xA6BF, 0xA6DF, 0xA6BF,
    0x9E5F, 0x961E, 0x95FE, 0x8DDE, 0x8DDD, 0x8DDD, 0x8DDD, 0x8DBC, 0x8DBC, 0x8DBC, 0x8DBC, 0x8D9C, 0x8D9B, 0x8D7B, 0x8D7B, 0x8D7B,
    0x8D5A, 0x8D5A, 0x8D5A, 0x8D5A, 0x8D5A, 0x8D5A, 0x8D5A, 0x8D5A, 0x8D5A, 0x8D5A, 0x8D5A, 0x8D5A, 0x8D5A, 0x8D5A, 0x8D5A, 0x8D5A,
    0x8D5A, 0x8D5A, 0x8D5A, 0x8D5A, 0x8D5A, 0x8D7A, 0x8D7B, 0x8D7B, 0x8D9B, 0x8D9B, 0x8D9C, 0x8D9C, 0x8DBC, 0x8DBC, 0x8DBC, 0x95BC,
    0x95BC, 0x95BC, 0x95BC, 0x95BC, 0x95BC, 0x95BC, 0x95BC, 0x95BC, 0x95BC, 0x95BC, 0x8DBC, 0x8DBC, 0x95BC, 0x8DBC, 0x8DBC, 0x8DBC,
    0x8DBC, 0x8DBC, 0x95BC, 0x95BC, 0x95DD, 0x95DD, 0x95DD, 0x95DD, 0x95DD, 0x95DD, 0x95DD, 0x95DD, 0x95DD, 0x95DD, 0x95DD, 0x95DD,
    0x95DD, 0x95FD, 0x95FD, 0x95FE, 0x95FE, 0x95FE, 0x961E, 0x963F, 0x9E7F, 0xAEDF, 0xBF3F, 0xD79F, 0xE7DF, 0xEFFF, 0xE7FF, 0xD79F,
    0xC73F, 0xAEDF, 0x9E9F, 0x9E5F, 0x9E5F, 0x9E7F, 0xA67F, 0xA67F, 0xA67F, 0xA67F, 0xA67F, 0xA67F, 0xA67E, 0xA65E, 0xA65E, 0xA65E,
    0xA65E, 0xA65E, 0x9E5E, 0x9E3D, 0x9E3D, 0x9E3D, 0x9E3D, 0x9E1D, 0x9E1D, 0x9E1D, 0x9E1D, 0x9E1C, 0x9E1C, 0x9E1C, 0x9DFC, 0xA5FD,
    0xA5FC, 0x9DDB, 0x95FA, 0x8DD9, 0x8DD9, 0x8D5B, 0x8D3C, 0x8D3C, 0x8C9F, 0x8C5F, 0x8C5F, 0x8C5F, 0x8C5F, 0x8C5F, 0x8C5F, 0x8C5F,
    0x8C5F, 0x8C5F, 0x8C5F, 0x8C5F, 0x8C5F, 0x8C5F, 0x8C5F, 0x8C57, 0x8C54, 0x8C54, 0x8C56, 0x8C5A, 0x8C5F, 0x8C5F, 0x8C5F, 0x8C5F,
    0x8C5F, 0x8C5F, 0x8C5F, 0x8C5F, 0x8C5F, 0x8C5F, 0x8C5F, 0x8C5F, 0x8C5F, 0x8C5F, 0x8C5F, 0x8C5F, 0x8C5F, 0x8C5F, 0x8C5F, 0x8C5F,
    0x8C5F, 0x8C5F, 0x8C5F, 0x8C5F, 0x8C5C, 0x8C51, 0x8C51, 0x8C51, 0x8C51, 0x8C51, 0x8C51, 0x8C51, 0x8C51, 0x8C51, 0x8C51, 0x8C51,
    0x8C51, 0x8C51, 0x8C51, 0x8C51, 0x8C51, 0x8C51, 0x8C51, 0x8C51, 0x8C51, 0x8C51, 0x8C51, 0x8C51, 0x8C51, 0x8C51, 0x8C51, 0x8C51,
    0x8C51, 0x8C51, 0x8C51, 0x8C51, 0x8C51, 0x8C51, 0x8C51, 0x8C51, 0x8C51, 0x8C51, 0x8C51, 0x8C51, 0x8C51, 0x8C51, 0x8C51, 0x8C51,
    0x8C51, 0x8C51, 0x8C51, 0x8C51, 0x8C51, 0x8C51, 0x8C51, 0x8C51, 0x8C51, 0x8C51, 0x8C51, 0x8C51, 0x8C51, 0x8C51, 0x8C51, 0x8C51,
    0x8C51, 0x8C52, 0x8C5B, 0x8C5F, 0x8C5F, 0x8C5F, 0x8C5F, 0x8C5F, 0x8C5F, 0x8C5F, 0x8C5F, 0x8C5F, 0x8C5C, 0x8C5F, 0x8C5F, 0x8C5F,
    0x8C5F, 0x8C5B, 0x8C57, 0x8C5B, 0x8C5F, 0x8D1F, 0x8C9F, 0x8C5F, 0x8C5F, 0x8C5F, 0x8C5F, 0x8C5F, 0x8C5F, 0x8C5F, 0x8C5F, 0x8C7F,
    0x8D3C, 0x8D1F, 0x8CDC, 0x8D5F, 0x8C5F, 0x8C5F, 0x8C5F, 0x8C5F, 0x8C5F, 0x8C5F, 0x8C5F, 0x8C7F, 0x8CBF, 0x8C5F, 0x8C5F, 0x8C5F,
    0x8C5F, 0x8C5F, 0x8C7F, 0x8D5F, 0x8C5F, 0x8C9E, 0x8CBE, 0x8CBF, 0x8C5F, 0x8C5F, 0x8C5F, 0x8C5F, 0x8C5F, 0x8C5F, 0x8C5F, 0x8C5F,
    0x8C7B, 0x8C5F, 0x8C5F, 0x8C5F, 0x8C5E, 0x8C5B, 0x8C5E, 0x8C5F, 0x8CDE, 0x8C5F, 0x8C5F, 0x8C5F, 0x8C5F, 0x8C5F, 0x8C7F, 0x8C5F,
    0x8C5F, 0x8C5F, 0x8C5F, 0x8C5F, 0x8C5F, 0x8C5F, 0x8C5F, 0x8C5F, 0x8C5F, 0x8C7F, 0x8D3C, 0x8C5F, 0x8C5F, 0x8C9E, 0x8C9E, 0x8C5F,
    0x8C5F, 0x8C5F, 0x8C5F, 0x8C5D, 0x8C5F, 0x8CBE, 0x8C5F, 0x8C7F, 0x8CDE, 0x8C7F, 0x8C5F, 0x8C5F, 0x8C5F, 0x8C5F, 0x8C5F, 0x8C5F,
    0x8D1C, 0x8C9E, 0x8C5F, 0x8C5F, 0x8C5F, 0x8C5F, 0x8C5F, 0x8CDD, 0x8C7F, 0x8C5F, 0x8C5F, 0x8C5F, 0x8C5F, 0x8C5F, 0x8C5F, 0x8C5F,
    0x8C5F, 0x8C5F, 0x8C5F, 0x8C5F, 0x8C5F, 0x8C5F, 0x8C5F, 0x8C5F, 0x8C5F, 0x8C5F, 0x8C5F, 0x8C5F, 0x8C5F, 0x8C5F, 0x8C5F, 0x8C5F,
    0x8C5F, 0x8C5F, 0x8C7F, 0x8CBE, 0x8D1C, 0x8DDA, 0x8DDB, 0x8DBC, 0x8DDC, 0x95DC, 0x95FD, 0x95FD, 0x95FD, 0x8DDD, 0x8DFE, 0x961E,
    0x963F, 0x9E7F, 0xA6BF, 0xAEFF, 0xAEDF, 0xA69F, 0x963F, 0x95FE, 0x95DD, 0x8DDD, 0x8DBD, 0x8DBC, 0x8DBC, 0x8D9C, 0x8D9B, 0x8D7B,
    0x8D5A, 0x8D5A, 0x8D5A, 0x8D5A, 0x8D5A, 0x8D5A, 0x8D5A, 0x8D5A, 0x8D5A, 0x8D5A, 0x8D5A, 0x8D5A, 0x8D5A, 0x8D5A, 0x8D5A, 0x8D5A,
    0x8D5A, 0x8D5A, 0x8D5A, 0x8D5A, 0x8D5A, 0x8D5A, 0x8D5A, 0x8D5A, 0x8D5A, 0x8D5A, 0x8D5A, 0x8D5A, 0x8D5A, 0x8D5A, 0x8D5A, 0x8D5A,
    0x8D5A, 0x8D5A, 0x8D5A, 0x8D5A, 0x8D5A, 0x8D5A, 0x8D5A, 0x8D5A, 0x8D5A, 0x8D5A, 0x8D7A, 0x8D7B, 0x8D9B, 0x95BC, 0x95BC, 0x95BC,
    0x95BC, 0x95DC, 0x95DC, 0x95BC, 0x95BC, 0x95BC, 0x95BC, 0x95BC, 0x95BC, 0x95BC, 0x95BC, 0x95BC, 0x95BC, 0x95BC, 0x95BC, 0x95BC,
    0x95BC, 0x95BC, 0x8DBC, 0x95BC, 0x8DBC, 0x8DBC, 0x8DBC, 0x95BC, 0x95DD, 0x95DD, 0x95DD, 0x95DD, 0x95DD, 0x95DD, 0x95DD, 0x95DD,
    0x95DD, 0x95FD, 0x95FE, 0x95FE, 0x961E, 0x961F, 0x9E5F, 0xA6BF, 0xBF3F, 0xDF9F, 0xEFDF, 0xEFFF, 0xDFDF, 0xCF7F, 0xB71F, 0xA6BF,
    0x9E7F, 0x9E5F, 0x9E5F, 0xA67F, 0xA67F, 0xA67F, 0xA67F, 0xA67F, 0xA67F, 0xA67E, 0xA67E, 0xA67E, 0xA67E, 0xA65E, 0x9E5E, 0xA63E,
    0x9E3E, 0x9E3D, 0x9E3D, 0x9E1D, 0x9E1D, 0x9E1D, 0x9E1D, 0x9E1C, 0x9E1C, 0x9E1C, 0x9E1C, 0xA5FC, 0xA61C, 0xA5FC, 0x9DDB, 0x8DDA,
    0x8E18, 0x8DF9, 0x8DF9, 0x8CDD, 0x8C5F, 0x8C5F, 0x8C5F, 0x8C5F, 0x8C5F, 0x8C5F, 0x8C5F, 0x8C5F, 0x8C5F, 0x8C5F, 0x8C5F, 0x8C5F,
    0x8C5F, 0x8C5F, 0x8C5F, 0x8C5F, 0x8C5F, 0x8C5F, 0x8C5F, 0x8C5F, 0x8C5F, 0x8C5F, 0x8C5F, 0x8C5F, 0x8C5F, 0x8C5F, 0x8C5F, 0x8C5F,
    0x8C5F, 0x8C5F, 0x8C5F, 0x8C5F, 0x8C5F, 0x8C5F, 0x8C5F, 0x8C5F, 0x8C5F, 0x8C5F, 0x8C5F, 0x8C5F, 0x8C5F, 0x8C5F, 0x8C5C, 0x8C51,
    0x8C51, 0x8C51, 0x8C51, 0x8C51, 0x8C51, 0x8C51, 0x8C51, 0x8C51, 0x8C51, 0x8C51, 0x8C51, 0x8C51, 0x8C51, 0x8C51, 0x8C51, 0x8C51,
    0x8C51, 0x8C51, 0x8C51, 0x8C51, 0x8C51, 0x8C51, 0x8C51, 0x8C51, 0x8C51, 0x8C51, 0x8C51, 0x8C51, 0x8C51, 0x8C51, 0x8C51, 0x8C51,
    0x8C51, 0x8C51, 0x8C51, 0x8C51, 0x8C51, 0x8C51, 0x8C51, 0x8C51, 0x8C51, 0x8C51, 0x8C51, 0x8C51, 0x8C51, 0x8C51, 0x8C51, 0x8C51,
    0x8C51, 0x8C51, 0x8C51, 0x8C51, 0x8C51, 0x8C51, 0x8C51, 0x8C51, 0x8C51, 0x8C51, 0x8C52, 0x8C5C, 0x8C5F, 0x8C5F, 0x8C5F, 0x8C5F,
    0x8C5F, 0x8C5F, 0x8C5F, 0x8C5F, 0x8C5F, 0x8C5F, 0x8C5C, 0x8C5F, 0x8C5F, 0x8C5F, 0x8C5F, 0x8C5B, 0x8C57, 0x8C5B, 0x8C5F, 0x8D1F,
    0x8C9F, 0x8C5F, 0x8C5F, 0x8C5F, 0x8C5F, 0x8C5F, 0x8C5F, 0x8C5F, 0x8C5F, 0x8C7F, 0x8D3C, 0x8D1F, 0x8CDC, 0x8D5F, 0x8C5F, 0x8C5F,
    0x8C5F, 0x8C5F, 0x8C5F, 0x8C5F, 0x8C5F, 0x8C7F, 0x8CBF, 0x8C5F, 0x8C5F, 0x8C5F, 0x8C5F, 0x8C5F, 0x8C7F, 0x8D5F, 0x8C5F, 0x8C9E,
    0x8CBE, 0x8CBF, 0x8C5F, 0x8C5F, 0x8C5F, 0x8C5F, 0x8C5F, 0x8C5F, 0x8C5F, 0x8C5F, 0x8C7B, 0x8C5F, 0x8C5F, 0x8C5F, 0x8C5F, 0x8C5F,
    0x8C5F, 0x8C5F, 0x8CDE, 0x8C5F, 0x8C5F, 0x8C5F, 0x8C5F, 0x8C5F, 0x8C7F, 0x8C5F, 0x8C5F, 0x8C5F, 0x8C5F, 0x8C5F, 0x8C5F, 0x8C5F,
    0x8C5F, 0x8C5F, 0x8C5F, 0x8C7F, 0x8D3C, 0x8C5F, 0x8C5F, 0x8C9E, 0x8C9E, 0x8C5F, 0x8C5F, 0x8C5F, 0x8C5F, 0x8C5D, 0x8C5F, 0x8CBE,
    0x8C5F, 0x8C7F, 0x8CDE, 0x8C7F, 0x8C5F, 0x8C5F, 0x8C5F, 0x8C5F, 0x8C5F, 0x8C5F, 0x8D1C, 0x8C9E, 0x8C5F, 0x8C5F, 0x8C5F, 0x8C5F,
    0x8C5F, 0x8CDD, 0x8C7F, 0x8C5F, 0x8C5F, 0x8C5F, 0x8C5F, 0x8C5F, 0x8C5F, 0x8C5F, 0x8C5F, 0x8C5F, 0x8C5F, 0x8C5F, 0x8C5F, 0x8C5F,
    0x8C5F, 0x8C5F, 0x8C5F, 0x8C5F, 0x8C5F, 0x8C5F, 0x8C5F, 0x8C5F, 0x8C5F, 0x8C9E, 0x8D1C, 0x8D7A, 0x8DBA, 0x8DBB, 0x8DDB, 0x8DDC,
    0x95DC, 0x8DDD, 0x8DDD, 0x8DDD, 0x8DDD, 0x8DDE, 0x95FE, 0x965F, 0xA6BF, 0xAEFF, 0xA6DF, 0x9E7F, 0x963F, 0x95FE, 0x8DDD, 0x8DBD,
    0x8D9C, 0x8D9B, 0x8D7B, 0x8D7B, 0x8D7A, 0x8D5A, 0x8D5A, 0x8D5A, 0x8D5A, 0x8D5A, 0x8D5A, 0x8D5A, 0x8D5A, 0x8D5A, 0x8D5A, 0x8D5A,
    0x8D5A, 0x8D5A, 0x8D5A, 0x8D5A, 0x8D5A, 0x8D5A, 0x8D5A, 0x8D5A, 0x8D5A, 0x8D5A, 0x8D5A, 0x8D5A, 0x8D5A, 0x8D5A, 0x8D5A, 0x8D5A,
    0x8D5A, 0x8D5A, 0x8D5A, 0x8D5A, 0x8D5A, 0x8D5A, 0x8D5A, 0x8D5A, 0x8D5A, 0x8D5A, 0x8D5A, 0x8D5A, 0x8D5A, 0x8D5A, 0x8D5A, 0x8D5A,
    0x8D5A, 0x8D5A, 0x8D5A, 0x8D5A, 0x8D5A, 0x8D5A, 0x8D5A, 0x8D5A, 0x8D5A, 0x8D5A, 0x8D7A, 0x8D7B, 0x8D9B, 0x95BC, 0x95BC, 0x95DC,
    0x95BC, 0x95BC, 0x95BC, 0x95BC, 0x95BC, 0x95BC, 0x95BC, 0x95BC, 0x95BC, 0x95BC, 0x95BC, 0x95BC, 0x8DBC, 0x8DBC, 0x8DBC, 0x8DBC,
    0x8DBC, 0x8DBC, 0x8DBC, 0x8DBC, 0x8DBC, 0x8DBC, 0x95BC, 0x95DD, 0x95DD, 0x95DD, 0x95DD, 0x95DD, 0x95DD, 0x95DD, 0x95FD, 0x95FE,
    0x95FE, 0x95FE, 0x961E, 0x963F, 0x9E5F, 0xA6BF, 0xBF3F, 0xDFBF, 0xEFFF, 0xF7FF, 0xDFBF, 0xBF3F, 0xA6BF, 0x9E7F, 0x9E5F, 0x9E5F,
    0xA67F, 0xA67F, 0xA67F, 0xA67F, 0xA67F, 0xA67F, 0xA67E, 0xA67E, 0xA65E, 0xA65E, 0x9E5E, 0x9E3E, 0x9E3E, 0x9E3E, 0x9E3D, 0x9E3D,
    0x9E1D, 0x9E1D, 0x9E1D, 0x9E1C, 0x9DFC, 0x9DFC, 0x9E1C, 0x9DFC, 0xA5FC, 0xA5FC, 0x8DFC, 0x8DDB, 0x8DDA, 0x8E18, 0x8D3C, 0x8C5F,
    0x8C5F, 0x8C5F, 0x8C5F, 0x8C5F, 0x8C5F, 0x8C5F, 0x8C5F, 0x8C5F, 0x8C5F, 0x8C5F, 0x8C5F, 0x8C5F, 0x8C5F, 0x8C5F, 0x8C5F, 0x8C5F,
    0x8C5F, 0x8C5F, 0x8C5F, 0x8C5F, 0x8C5F, 0x8C5F, 0x8C5F, 0x8C5F, 0x8C5F, 0x8C5F, 0x8C5F, 0x8C5F, 0x8C5F, 0x8C5F, 0x8C5F, 0x8C5F,
    0x8C5F, 0x8C5F, 0x8C5F, 0x8C5F, 0x8C5F, 0x8C5F, 0x8C5F, 0x8C5F, 0x8C5C, 0x8C51, 0x8C51, 0x8C51, 0x8C51, 0x8C51, 0x8C51, 0x8C51,
    0x8C51, 0x8C51, 0x8C51, 0x8C51, 0x8C51, 0x8C51, 0x8C51, 0x8C51, 0x8C51, 0x8C51, 0x8C51, 0x8C51, 0x8C51, 0x8C51, 0x8C51, 0x8C51,
    0x8C51, 0x8C51, 0x8C51, 0x8C51, 0x8C51, 0x8C51, 0x8C51, 0x8C51, 0x8C51, 0x8C51, 0x8C51, 0x8C51, 0x8C51, 0x8C51, 0x8C51, 0x8C51,
    0x8C51, 0x8C51, 0x8C51, 0x8C51, 0x8C51, 0x8C51, 0x8C51, 0x8C51, 0x8C51, 0x8C51, 0x8C51, 0x8C51, 0x8C51, 0x8C51, 0x8C51, 0x8C51,
    0x8C51, 0x8C51, 0x8C51, 0x8C55, 0x8C5D, 0x8C5F, 0x8C5F, 0x8C5F, 0x8C5F, 0x8C5F, 0x8C5F, 0x8C5F, 0x8C5F, 0x8C5F, 0x8C5F, 0x8C5F,
    0x8C5C, 0x8C5F, 0x8C5F, 0x8C5F, 0x8C5F, 0x8C5B, 0x8C57, 0x8C5B, 0x8C5F, 0x8D1F, 0x8C9F, 0x8C5F, 0x8C5F, 0x8C5F, 0x8C5F, 0x8C5F,
    0x8C5F, 0x8C5F, 0x8C5F, 0x8C7F, 0x8D3C, 0x8D1F, 0x8CDC, 0x8D5F, 0x8C5F, 0x8C5F, 0x8C5F, 0x8C5F, 0x8C5F, 0x8C5F, 0x8C5F, 0x8C7F,
    0x8CBF, 0x8C5F, 0x8C5F, 0x8C5F, 0x8C5F, 0x8C5F, 0x8C7F, 0x8D5F, 0x8C5F, 0x8C9E, 0x8CBE, 0x8CBF, 0x8C5F, 0x8C5F, 0x8C5F, 0x8C5F,
    0x8C5F, 0x8C5F, 0x8C5F, 0x8C5F, 0x8C7B, 0x8C5F, 0x8C5F, 0x8C5F, 0x8C5F, 0x8C5F, 0x8C5F, 0x8C5F, 0x8CDE, 0x8C5F, 0x8C5F, 0x8C5F,
    0x8C5F, 0x8C5F, 0x8C7F, 0x8C5F, 0x8C5F, 0x8C5F, 0x8C5F, 0x8C5F, 0x8C5F, 0x8C5F, 0x8C5F, 0x8C5F, 0x8C5F, 0x8C7F, 0x8D3C, 0x8C5F,
    0x8C5F, 0x8C9E, 0x8C9E, 0x8C5F, 0x8C5F, 0x8C5F, 0x8C5F, 0x8C5D, 0x8C5F, 0x8CBE, 0x8C5F, 0x8C7F, 0x8CDE, 0x8C7F, 0x8C5F, 0x8C5F,
    0x8C5F, 0x8C5F, 0x8C5F, 0x8C5F, 0x8D1C, 0x8C9E, 0x8C5F, 0x8C5F, 0x8C5F, 0x8C5F, 0x8C5F, 0x8CDD, 0x8C7F, 0x8C5F, 0x8C5F, 0x8C5F,
    0x8C5F, 0x8C5F, 0x8C5F, 0x8C5F, 0x8C5F, 0x8C5F, 0x8C5F, 0x8C5F, 0x8C5F, 0x8C5F, 0x8C5F, 0x8C5F, 0x8C5F, 0x8C5F, 0x8C5F, 0x8C5F,
    0x8C5F, 0x8C9E, 0x8D7B, 0x8DDB, 0x8DDB, 0x8DDC, 0x8DDC, 0x8DDC, 0x95DD, 0x8DDD, 0x8DDD, 0x8DDE, 0x8DFE, 0x963E, 0x9E7F, 0xA69F,
    0x9E9F, 0x9E9F, 0x9E5F, 0x961E, 0x8DDD, 0x8DBD, 0x8D9C, 0x8D9C, 0x8D7B, 0x8D7A, 0x8D5A, 0x8D5A, 0x8D5A, 0x8D5A, 0x8D5A, 0x8D5A,
    0x8D5A, 0x8D5A, 0x8D5A, 0x8D5A, 0x8D5A, 0x8D5A, 0x8D5A, 0x8D5A, 0x8D5A, 0x8D5A, 0x8D5A, 0x8D5A, 0x8D5A, 0x8D5A, 0x8D5A, 0x8D5A,
    0x8D5A, 0x8D5A, 0x8D5A, 0x8D5A, 0x8D5A, 0x8D5A, 0x8D5A, 0x8D5A, 0x8D5A, 0x8D5A, 0x8D5A, 0x8D5A, 0x8D5A, 0x8D5A, 0x8D5A, 0x8D5A,
    0x8D5A, 0x8D5A, 0x8D5A, 0x8D5A, 0x8D5A, 0x8D5A, 0x8D5A, 0x8D5A, 0x8D5A, 0x8D5A, 0x8D5A, 0x8D5A, 0x8D5A, 0x8D5A, 0x8D5A, 0x8D5A,
    0x8D5A, 0x8D5A, 0x8D5A, 0x8D5A, 0x8D5A, 0x8D5A, 0x8D5A, 0x8D5A, 0x8D5A, 0x8D7A, 0x8D7B, 0x8D9B, 0x8DBC, 0x95BC, 0x95DC, 0x95DC,
    0x95DC, 0x95BC, 0x95BC, 0x95BC, 0x95BC, 0x95BC, 0x95BC, 0x8DBC, 0x8DBC, 0x8DBC, 0x8DBC, 0x8DBC, 0x8DBC, 0x95BC, 0x8DBC, 0x95BC,
    0x95BC, 0x95BC, 0x95BC, 0x95BC, 0x8DBC, 0x8DBC, 0x95DC, 0x95DD, 0x95DD, 0x95DD, 0x95DD, 0x95FD, 0x95FD, 0x95FE, 0x95FE, 0x961E,
    0x961F, 0x9E5F, 0xA6BF, 0xBF1F, 0xD77F, 0xE7FF, 0xEFFF, 0xE7BF, 0xCF5F, 0xAEFF, 0x9E7F, 0x9E5F, 0x9E5F, 0xA67F, 0xA67F, 0xA67F,
    0xA67F, 0xA67F, 0xA67F, 0xA67E, 0xA65E, 0x9E5E, 0x9E5E, 0x9E3E, 0x9E3E, 0x9E3D, 0x9E3E, 0x9E3D, 0x9E3D, 0x9E1D, 0x9E1D, 0x9E1D,
    0x9E1C, 0x961C, 0x961B, 0x9DFB, 0x9DFC, 0x9DFC, 0x9DFC, 0x95DB, 0x8DD9, 0x8D7B, 0x8CDD, 0x8C7F, 0x8C9E, 0x8C5F, 0x8C5F, 0x8C5F,
    0x8C5F, 0x8C5F, 0x8C5F, 0x8C5F, 0x8C5F, 0x8C5F, 0x8C5F, 0x8C5F, 0x8C5F, 0x8C5F, 0x8C5F, 0x8C5F, 0x8C5F, 0x8C5F, 0x8C5F, 0x8C5F,
    0x8C5F, 0x8C5F, 0x8C5F, 0x8C5F, 0x8C5F, 0x8C5F, 0x8C5F, 0x8C5F, 0x8C5F, 0x8C5F, 0x8C5F, 0x8C5F, 0x8C5F, 0x8C5F, 0x8C5F, 0x8C5F,
    0x8C5F, 0x8C5F, 0x8C5C, 0x8C51, 0x8C51, 0x8C51, 0x8C51, 0x8C51, 0x8C51, 0x8C51, 0x8C51, 0x8C51, 0x8C51, 0x8C51, 0x8C51, 0x8C51,
    0x8C51, 0x8C51, 0x8C51, 0x8C51, 0x8C51, 0x8C51, 0x8C51, 0x8C51, 0x8C51, 0x8C51, 0x8C51, 0x8C51, 0x8C51, 0x8C51, 0x8C51, 0x8C51,
    0x8C51, 0x8C51, 0x8C51, 0x8C51, 0x8C51, 0x8C51, 0x8C51, 0x8C51, 0x8C51, 0x8C51, 0x8C51, 0x8C51, 0x8C51, 0x8C51, 0x8C51, 0x8C51,
    0x8C51, 0x8C51, 0x8C51, 0x8C51, 0x8C51, 0x8C51, 0x8C51, 0x8C51, 0x8C51, 0x8C51, 0x8C51, 0x8C53, 0x8C5A, 0x8C5F, 0x8C5F, 0x8C5F,
    0x8C5F, 0x8C5F, 0x8C5F, 0x8C5F, 0x8C5F, 0x8C5F, 0x8C5F, 0x8C5F, 0x8C5F, 0x8C5F, 0x8C5C, 0x8C5F, 0x8C5F, 0x8C5F, 0x8C5F, 0x8C5B,
    0x8C57, 0x8C5B, 0x8C5F, 0x8D1F, 0x8C9F, 0x8C5F, 0x8C5F, 0x8C5F, 0x8C5F, 0x8C5F, 0x8C5F, 0x8C5F, 0x8C5F, 0x8C7F, 0x8D3C, 0x8D1F,
    0x8CDC, 0x8D5F, 0x8C5F, 0x8C5F, 0x8C5F, 0x8C5F, 0x8C5F, 0x8C5F, 0x8C5F, 0x8C7F, 0x8CBF, 0x8C5F, 0x8C5F, 0x8C5F, 0x8C5F, 0x8C5F,
    0x8C7F, 0x8D5F, 0x8C5F, 0x8C9E, 0x8CBE, 0x8CBF, 0x8C5F, 0x8C5F, 0x8C5F, 0x8C5F, 0x8C5F, 0x8C5F, 0x8C5F, 0x8C5F, 0x8C7B, 0x8C5F,
    0x8C5F, 0x8C5F, 0x8C5F, 0x8C5F, 0x8C5F, 0x8C5F, 0x8CDE, 0x8C5F, 0x8C5F, 0x8C5F, 0x8C5F, 0x8C5F, 0x8C7F, 0x8C5F, 0x8C5F, 0x8C5F,
    0x8C5F, 0x8C5F, 0x8C5F, 0x8C5F, 0x8C5F, 0x8C5F, 0x8C5F, 0x8C7F, 0x8D3C, 0x8C5F, 0x8C5F, 0x8C9E, 0x8C9E, 0x8C5F, 0x8C5F, 0x8C5F,
    0x8C7F, 0x8D1C, 0x8C5F, 0x8CBE, 0x8C5F, 0x8C7F, 0x8CDE, 0x8C7F, 0x8C5F, 0x8C5F, 0x8C5F, 0x8C5F, 0x8C5F, 0x8C5F, 0x8D1C, 0x8C9E,
    0x8C5F, 0x8C5F, 0x8C5F, 0x8C5F, 0x8C5F, 0x8CDD, 0x8C7F, 0x8C5F, 0x8C5F, 0x8C5F, 0x8C5F, 0x8C5F, 0x8C5F, 0x8C5F, 0x8C5F, 0x8C5F,
    0x8C5F, 0x8C5F, 0x8C5F, 0x8C5F, 0x8C5F, 0x8C5F, 0x8C5F, 0x8C5F, 0x8C7F, 0x8C9E, 0x8CFD, 0x8D9B, 0x8DDB, 0x8DDC, 0x8DDC, 0x95DC,
    0x95FD, 0x8DDD, 0x8DDD, 0x95FE, 0x9E5F, 0x9E9F, 0x9EBF, 0xA6BF, 0x9E7F, 0x961E, 0x8DDD, 0x8DBD, 0x8D9C, 0x8D7B, 0x8D7B, 0x8D7B,
    0x8D7B, 0x8D7A, 0x8D7A, 0x8D5A, 0x8D5A, 0x8D5A, 0x8D5A, 0x8D5A, 0x8D5A, 0x8D5A, 0x8D5A, 0x8D5A, 0x8D5A, 0x8D5A, 0x8D5A, 0x8D5A,
    0x8D5A, 0x8D5A, 0x8D5A, 0x8D5A, 0x8D5A, 0x8D5A, 0x8D5A, 0x8D5A, 0x8D5A, 0x8D5A, 0x8D5A, 0x8D5A, 0x8D5A, 0x8D5A, 0x8D5A, 0x8D5A,
    0x8D5A, 0x8D5A, 0x8D5A, 0x8D5A, 0x8D5A, 0x8D5A, 0x8D5A, 0x8D5A, 0x8D5A, 0x8D5A, 0x8D5A, 0x8D5A, 0x8D5A, 0x8D5A, 0x8D5A, 0x8D5A,
    0x8D5A, 0x8D5A, 0x8D5A, 0x8D5A, 0x8D5A, 0x8D5A, 0x8D5A, 0x8D5A, 0x8D5A, 0x8D5A, 0x8D5A, 0x8D5A, 0x8D5A, 0x8D5A, 0x8D5A, 0x8D5A,
    0x8D5A, 0x8D5A, 0x8D5A, 0x8D5A, 0x8D5A, 0x8D5A, 0x8D5A, 0x8D7A, 0x8D7B, 0x8D9B, 0x95BB, 0x95BC, 0x95DC, 0x95DC, 0x95BC, 0x95BC,
    0x95BC, 0x95BC, 0x8DBC, 0x8DBC, 0x8DBC, 0x8DBC, 0x8DBC, 0x8DBC, 0x8DBC, 0x8DBC, 0x8DBC, 0x95BC, 0x95BC, 0x95BC, 0x95BC, 0x95BC,
    0x95BC, 0x95BC, 0x95BC, 0x95DD, 0x95DD, 0x95DD, 0x95DD, 0x95FD, 0x95FD, 0x95FD, 0x95FD, 0x95FE, 0x95FE, 0x95FE, 0x963F, 0x9E9F,
    0xAEFF, 0xCF5F, 0xE7DF, 0xEFFF, 0xE7DF, 0xCF5F, 0xB6FF, 0xA69F, 0x9E5F, 0x9E7F, 0xA67F, 0xA67F, 0xA67F, 0xA67F, 0xA67F, 0xA67F,
    0xA65E, 0xA65E, 0x9E5E, 0x9E5E, 0x9E3E, 0x9E3E, 0x9E3D, 0x9E3E, 0x9E3D, 0x9E1D, 0x9E1D, 0x9E1D, 0x9E1D, 0x95FC, 0x95DC, 0x9DDB,
    0x9DFB, 0xA5FC, 0x9DDB, 0x8DFA, 0x8DD9, 0x8DB9, 0x8DBA, 0x8D3C, 0x8CDD, 0x8C7F, 0x8C5F, 0x8C5F, 0x8C5F, 0x8C5F, 0x8C5F, 0x8C5F,
    0x8C5F, 0x8C5F, 0x8C5F, 0x8C5F, 0x8C5F, 0x8C5F, 0x8C5F, 0x8C5F, 0x8C5F, 0x8C5F, 0x8C5F, 0x8C5F, 0x8C5F, 0x8C5F, 0x8C5F, 0x8C5F,
    0x8C5F, 0x8C5F, 0x8C5F, 0x8C5F, 0x8C5F, 0x8C5F, 0x8C5F, 0x8C5F, 0x8C5F, 0x8C5F, 0x8C5F, 0x8C5F, 0x8C5C, 0x8C51, 0x8C51, 0x8C51,
    0x8C51, 0x8C51, 0x8C51, 0x8C51, 0x8C51, 0x8C51, 0x8C51, 0x8C51, 0x8C51, 0x8C51, 0x8C51, 0x8C51, 0x8C51, 0x8C51, 0x8C51, 0x8C51,
    0x8C51, 0x8C51, 0x8C51, 0x8C51, 0x8C51, 0x8C51, 0x8C51, 0x8C51, 0x8C51, 0x8C51, 0x8C51, 0x8C51, 0x8C51, 0x8C51, 0x8C51, 0x8C51,
    0x8C51, 0x8C51, 0x8C51, 0x8C51, 0x8C51, 0x8C51, 0x8C51, 0x8C51, 0x8C51, 0x8C51, 0x8C51, 0x8C51, 0x8C51, 0x8C51, 0x8C51, 0x8C51,
    0x8C51, 0x8C51, 0x8C53, 0x8C55, 0x8C5A, 0x8C5F, 0x8C5F, 0x8C5F, 0x8C5F, 0x8C5F, 0x8C5F, 0x8C5F, 0x8C5F, 0x8C5F, 0x8C5F, 0x8C5F,
    0x8C5F, 0x8C5F, 0x8C5F, 0x8C5F, 0x8C5C, 0x8C5F, 0x8C5F, 0x8C5F, 0x8C5F, 0x8C5B, 0x8C57, 0x8C5B, 0x8C5F, 0x8D1F, 0x8C9F, 0x8C5F,
    0x8C5F, 0x8C5F, 0x8C5F, 0x8C5F, 0x8C5F, 0x8C5F, 0x8C5F, 0x8C7F, 0x8D3C, 0x8D1F, 0x8CDC, 0x8D5F, 0x8C5F, 0x8C5F, 0x8C5F, 0x8C5F,
    0x8C5F, 0x8C5F, 0x8C5F, 0x8C7F, 0x8CBF, 0x8C5F, 0x8C5F, 0x8C5F, 0x8C5F, 0x8C5F, 0x8C7F, 0x8D5F, 0x8C5F, 0x8C9E, 0x8CBE, 0x8CBF,
    0x8C5F, 0x8C5F, 0x8C5F, 0x8C5F, 0x8C5F, 0x8C5F, 0x8C5F, 0x8C5F, 0x8C7B, 0x8C5F, 0x8C5F, 0x8C5F, 0x8C5F, 0x8C5F, 0x8C5F, 0x8C5F,
    0x8CDE, 0x8C5F, 0x8C5F, 0x8C5F, 0x8C5F, 0x8C5F, 0x8C7F, 0x8C5F, 0x8C5F, 0x8C5F, 0x8C5F, 0x8C5F, 0x8C5F, 0x8C5F, 0x8C5F, 0x8C5F,
    0x8C5F, 0x8C7F, 0x8D3C, 0x8C5F, 0x8C5F, 0x8C9E, 0x8C9F, 0x8C5F, 0x8C5F, 0x8CDD, 0x8D9B, 0x8DBA, 0x8C5F, 0x8CBE, 0x8C5F, 0x8C7F,
    0x8CDE, 0x8C7F, 0x8C5F, 0x8C5F, 0x8C5F, 0x8C5F, 0x8C5F, 0x8C5F, 0x8D1C, 0x8C9E, 0x8C5F, 0x8C5F, 0x8C5F, 0x8C5F, 0x8C5F, 0x8CDD,
    0x8C7F, 0x8C5F, 0x8C5F, 0x8C5F, 0x8C5F, 0x8C5F, 0x8C5F, 0x8C5F, 0x8C5F, 0x8C5F, 0x8C5F, 0x8C5F, 0x8C5F, 0x8C5F, 0x8C5F, 0x8C5F,
    0x8C9E, 0x8D3C, 0x8D9A, 0x8DBB, 0x8DDB, 0x8DBC, 0x8DBC, 0x8DDC, 0x8DDD, 0x8DDE, 0x95FE, 0x963F, 0x9E9F, 0xA6BF, 0xA69F, 0x963E,
    0x8DDE, 0x8DBD, 0x8D9C, 0x8D7B, 0x8D7B, 0x8D7B, 0x8D7B, 0x8D7B, 0x8D7B, 0x8D7B, 0x8D7A, 0x8D7A, 0x8D7A, 0x8D7A, 0x8D5A, 0x8D5A,
    0x8D5A, 0x8D5A, 0x8D5A, 0x8D5A, 0x8D5A, 0x8D5A, 0x8D5A, 0x8D5A, 0x8D5A, 0x8D5A, 0x8D5A, 0x8D5A, 0x8D5A, 0x8D5A, 0x8D5A, 0x8D5A,
    0x8D5A, 0x8D5A, 0x8D5A, 0x8D5A, 0x8D5A, 0x8D5A, 0x8D5A, 0x8D5A, 0x8D5A, 0x8D5A, 0x8D5A, 0x8D5A, 0x8D5A, 0x8D5A, 0x8D5A, 0x8D5A,
    0x8D5A, 0x8D5A, 0x8D5A, 0x8D5A, 0x8D5A, 0x8D5A, 0x8D5A, 0x8D5A, 0x8D5A, 0x8D5A, 0x8D5A, 0x8D5A, 0x8D5A, 0x8D5A, 0x8D5A, 0x8D5A,
    0x8D5A, 0x8D5A, 0x8D5A, 0x8D5A, 0x8D5A, 0x8D5A, 0x8D5A, 0x8D5A, 0x8D5A, 0x8D5A, 0x8D5A, 0x8D5A, 0x8D5A, 0x8D5A, 0x8D5A, 0x8D5A,
    0x8D5A, 0x8D5A, 0x8D5A, 0x8D5A, 0x8D5A, 0x8D5A, 0x8D7A, 0x8D9B, 0x95BC, 0x95BC, 0x95DC, 0x95DC, 0x95BC, 0x95BC, 0x8DBC, 0x8DBC,
    0x8DBC, 0x8DBC, 0x8DBC, 0x8DBC, 0x8DBC, 0x8DBC, 0x8DBC, 0x8DBC, 0x8DBC, 0x95BC, 0x8DBC, 0x8DBC, 0x95BC, 0x95BC, 0x95BC, 0x95BC,
    0x95DD, 0x95DD, 0x95DD, 0x95DD, 0x95DD, 0x95DD, 0x95DD, 0x95FD, 0x95FE, 0x95FE, 0x961E, 0x961F, 0x9E5F, 0xAEDF, 0xC75F, 0xE7DF,
    0xF7FF, 0xE7DF, 0xC75F, 0xAEBF, 0x9E7F, 0x9E5F, 0x9E5F, 0xA67F, 0xA67F, 0xA67F, 0xA67F, 0xA67F, 0x9E5E, 0x9E5E, 0x9E5E, 0x9E5E,
    0x9E5E, 0x9E3E, 0x9E3D, 0x9E3D, 0x9E1D, 0x9E1D, 0x9E1D, 0x9E1D, 0x9DFD, 0x95DC, 0x961C, 0x9E1B, 0xA5FC, 0xA5FC, 0x9DDB, 0x95DB,
    0x8DDA, 0x8DD9, 0x8DF9, 0x8D9A, 0x8CFD, 0x8C5F, 0x8C5F, 0x8C5F, 0x8C5F, 0x8C5F, 0x8C5F, 0x8C5F, 0x8C5F, 0x8C5F, 0x8C5F, 0x8C5F,
    0x8C5F, 0x8C5F, 0x8C5F, 0x8C5F, 0x8C5F, 0x8C5F, 0x8C5F, 0x8C5F, 0x8C5F, 0x8C5F, 0x8C5F, 0x8C5F, 0x8C5F, 0x8C5F, 0x8C5F, 0x8C5F,
    0x8C5F, 0x8C5F, 0x8C5F, 0x8C5F, 0x8C5F, 0x8C5F, 0x8C5C, 0x8C51, 0x8C51, 0x8C51, 0x8C51, 0x8C51, 0x8C51, 0x8C51, 0x8C51, 0x8C51,
    0x8C51, 0x8C51, 0x8C51, 0x8C51, 0x8C51, 0x8C51, 0x8C51, 0x8C51, 0x8C51, 0x8C51, 0x8C51, 0x8C51, 0x8C51, 0x8C51, 0x8C51, 0x8C51,
    0x8C51, 0x8C51, 0x8C51, 0x8C51, 0x8C51, 0x8C51, 0x8C51, 0x8C51, 0x8C51, 0x8C51, 0x8C51, 0x8C51, 0x8C51, 0x8C51, 0x8C51, 0x8C51,
    0x8C51, 0x8C51, 0x8C51, 0x8C51, 0x8C51, 0x8C51, 0x8C51, 0x8C51, 0x8C51, 0x8C51, 0x8C52, 0x8C56, 0x8C5E, 0x8C5F, 0x8C5F, 0x8C5F,
    0x8C5F, 0x8C5F, 0x8C5F, 0x8C5F, 0x8C5F, 0x8C5F, 0x8C5F, 0x8C5F, 0x8C5F, 0x8C5F, 0x8C5F, 0x8C5F, 0x8C5F, 0x8C5F, 0x8C5C, 0x8C5F,
    0x8C5F, 0x8C5F, 0x8C5F, 0x8C5B, 0x8C57, 0x8C5B, 0x8C5F, 0x8D1F, 0x8C9F, 0x8C5F, 0x8C5F, 0x8C5F, 0x8C5F, 0x8C5F, 0x8C5F, 0x8C5F,
    0x8C5F, 0x8C7F, 0x8D3C, 0x8D1F, 0x8CDC, 0x8D5F, 0x8C5F, 0x8C5F, 0x8C5F, 0x8C5F, 0x8C5F, 0x8C5F, 0x8C5F, 0x8C7F, 0x8CBF, 0x8C5F,
    0x8C5F, 0x8C5F, 0x8C5F, 0x8C5F, 0x8C7F, 0x8D5F, 0x8C5F, 0x8C9E, 0x8CBE, 0x8CBF, 0x8C5F, 0x8C5F, 0x8C5F, 0x8C5F, 0x8C5F, 0x8C5F,
    0x8C5F, 0x8C5F, 0x8C7B, 0x8C5F, 0x8C5F, 0x8C5F, 0x8C5F, 0x8C5F, 0x8C5F, 0x8C5F, 0x8CDE, 0x8C5F, 0x8C5F, 0x8C5F, 0x8C5F, 0x8C5F,
    0x8C7F, 0x8C5F, 0x8C5F, 0x8C5F, 0x8C5F, 0x8C5F, 0x8C5F, 0x8C5F, 0x8C5F, 0x8C5F, 0x8C5F, 0x8C7F, 0x8D3C, 0x8C5F, 0x8C5F, 0x8C9F,
    0x8CBE, 0x8CDD, 0x8D7B, 0x8D9A, 0x8D9A, 0x8D7B, 0x8C5F, 0x8CBE, 0x8C5F, 0x8C7F, 0x8CDE, 0x8C7F, 0x8C5F, 0x8C5F, 0x8C5F, 0x8C5F,
    0x8C5F, 0x8C5F, 0x8D1C, 0x8C9E, 0x8C5F, 0x8C5F, 0x8C5F, 0x8C5F, 0x8C5F, 0x8CDD, 0x8C7F, 0x8C5F, 0x8C5F, 0x8C5F, 0x8C5F, 0x8C5F,
    0x8C5F, 0x8C5F, 0x8C5F, 0x8C5F, 0x8C5F, 0x8C5F, 0x8C5F, 0x8C7F, 0x8D1C, 0x8D9A, 0x8D9B, 0x8DBB, 0x8DBC, 0x8DBC, 0x8DBD, 0x8DBD,
    0x8DDD, 0x8DFE, 0x963F, 0x9E9F, 0xA69F, 0x9E7F, 0x963E, 0x8DDD, 0x8D9C, 0x8D9C, 0x8D7B, 0x8D7B, 0x8D7B, 0x8D7B, 0x8D7B, 0x8D7B,
    0x8D7B, 0x8D7B, 0x8D7B, 0x8D7A, 0x8D7A, 0x8D7A, 0x8D7A, 0x8D5A, 0x8D5A, 0x8D5A, 0x8D5A, 0x8D5A, 0x8D5A, 0x8D5A, 0x8D5A, 0x8D5A,
    0x8D5A, 0x8D5A, 0x8D5A, 0x8D5A, 0x8D5A, 0x8D5A, 0x8D59, 0x8D59, 0x8D5A, 0x8D5A, 0x8D59, 0x8D5A, 0x8D5A, 0x8D5A, 0x8D5A, 0x8D5A,
    0x8D5A, 0x8D5A, 0x8D5A, 0x8D5A, 0x8D5A, 0x8D5A, 0x8D5A, 0x8D5A, 0x8D5A, 0x8D5A, 0x8D5A, 0x8D5A, 0x8D5A, 0x8D5A, 0x8D5A, 0x8D5A,
    0x8D5A, 0x8D5A, 0x8D5A, 0x8D5A, 0x8D5A, 0x8D5A, 0x8D5A, 0x8D5A, 0x8D5A, 0x8D5A, 0x8D5A, 0x8D5A, 0x8D5A, 0x8D5A, 0x8D5A, 0x8D5A,
    0x8D5A, 0x8D5A, 0x8D5A, 0x8D5A, 0x8D5A, 0x8D5A, 0x8D5A, 0x8D5A, 0x8D5A, 0x8D5A, 0x8D5A, 0x8D5A, 0x8D5A, 0x8D5A, 0x8D5A, 0x8D5A,
    0x8D5A, 0x8D5A, 0x8D5A, 0x8D7A, 0x8D7B, 0x8D9B, 0x95BC, 0x95BC, 0x95BC, 0x95BC, 0x95BC, 0x95BC, 0x8DBC, 0x8DBC, 0x8DBC, 0x8DBC,
    0x8DBC, 0x8DBC, 0x8DBC, 0x8DBC, 0x8DBC, 0x8DBC, 0x8DBC, 0x8DBC, 0x8DBC, 0x8DBC, 0x95BC, 0x95BC, 0x95BC, 0x95DC, 0x95DD, 0x95DD,
    0x95DD, 0x95DD, 0x95FD, 0x95FD, 0x95FE, 0x95FE, 0x95FE, 0x961E, 0x961F, 0x9E5F, 0xA6BF, 0xBF3F, 0xDFBF, 0xEFFF, 0xE7DF, 0xC75F,
    0xAEDF, 0x9E7F, 0x9E5F, 0x9E5F, 0xA67F, 0xA67F, 0xA67F, 0xA67F, 0xA65E, 0xA65E, 0xA65E, 0x9E5E, 0x9E3E, 0x9E3E, 0x9E3E, 0x9E1D,
    0x9E1D, 0x9E1D, 0x9E1D, 0x9E1C, 0x9E1D, 0x9E1C, 0x9E1C, 0x9DFC, 0x9DFC, 0xA5FC, 0xA5FC, 0x9DDC, 0x95DB, 0x8DDA, 0x8DF9, 0x8D5B,
    0x8CBE, 0x8C5F, 0x8C5F, 0x8C5F, 0x8C5F, 0x8C5F, 0x8C5F, 0x8C5F, 0x8C5F, 0x8C5F, 0x8C5F, 0x8C5F, 0x8C5F, 0x8C5F, 0x8C5F, 0x8C5F,
    0x8C5F, 0x8C5F, 0x8C5F, 0x8C5F, 0x8C5F, 0x8C5F, 0x8C5F, 0x8C5F, 0x8C5F, 0x8C5F, 0x8C5F, 0x8C5F, 0x8C5F, 0x8C5F, 0x8C5F, 0x8C5F,
    0x8C5C, 0x8C51, 0x8C51, 0x8C51, 0x8C51, 0x8C51, 0x8C51, 0x8C51, 0x8C51, 0x8C51, 0x8C51, 0x8C51, 0x8C51, 0x8C51, 0x8C51, 0x8C51,
    0x8C51, 0x8C51, 0x8C51, 0x8C51, 0x8C51, 0x8C51, 0x8C51, 0x8C51, 0x8C51, 0x8C51, 0x8C51, 0x8C51, 0x8C51, 0x8C51, 0x8C51, 0x8C51,
    0x8C51, 0x8C51, 0x8C51, 0x8C51, 0x8C51, 0x8C51, 0x8C51, 0x8C51, 0x8C51, 0x8C51, 0x8C51, 0x8C51, 0x8C51, 0x8C51, 0x8C51, 0x8C51,
    0x8C51, 0x8C51, 0x8C52, 0x8C59, 0x8C5E, 0x8C5F, 0x8C5F, 0x8C5F, 0x8C5F, 0x8C5F, 0x8C5F, 0x8C5F, 0x8C5F, 0x8C5F, 0x8C5F, 0x8C5F,
    0x8C5F, 0x8C5F, 0x8C5F, 0x8C5F, 0x8C5F, 0x8C5F, 0x8C5F, 0x8C5F, 0x8C5C, 0x8C5F, 0x8C5F, 0x8C5F, 0x8C5F, 0x8C5B, 0x8C57, 0x8C5B,
    0x8C5F, 0x8D1F, 0x8C9F, 0x8C5F, 0x8C5F, 0x8C5F, 0x8C5F, 0x8C5F, 0x8C5F, 0x8C5F, 0x8C5F, 0x8C7F, 0x8D3C, 0x8D1F, 0x8CDC, 0x8D5F,
    0x8C5F, 0x8C5F, 0x8C5F, 0x8C5F, 0x8C5F, 0x8C5F, 0x8C5F, 0x8C7F, 0x8CBF, 0x8C5F, 0x8C5F, 0x8C5F, 0x8C5F, 0x8C5F, 0x8C7F, 0x8D5F,
    0x8C5F, 0x8C9E, 0x8CBE, 0x8CBF, 0x8C5F, 0x8C5F, 0x8C5F, 0x8C5F, 0x8C5F, 0x8C5F, 0x8C5F, 0x8C5F, 0x8C7B, 0x8C5F, 0x8C5F, 0x8C5F,
    0x8C5F, 0x8C5F, 0x8C5F, 0x8C5F, 0x8CDE, 0x8C5F, 0x8C5F, 0x8C5F, 0x8C5F, 0x8C5F, 0x8C7F, 0x8C5F, 0x8C5F, 0x8C5F, 0x8C5F, 0x8C5F,
    0x8C5F, 0x8C5F, 0x8C5F, 0x8C5F, 0x8C5F, 0x8C7F, 0x8D3C, 0x8C5F, 0x8C5F, 0x8CDD, 0x8D9A, 0x8D9A, 0x8D9B, 0x8D9B, 0x8D9B, 0x95DD,
    0x8C5F, 0x8CBE, 0x8C5F, 0x8C7F, 0x8CDE, 0x8C7F, 0x8C5F, 0x8C5F, 0x8C5F, 0x8C5F, 0x8C5F, 0x8C5F, 0x8D1C, 0x8C9E, 0x8C5F, 0x8C5F,
    0x8C5F, 0x8C5F, 0x8C5F, 0x8CDD, 0x8C7F, 0x8C5F, 0x8C5F, 0x8C5F, 0x8C5F, 0x8C5F, 0x8C5F, 0x8C5F, 0x8C5F, 0x8C5F, 0x8C5F, 0x8C5F,
    0x8C9D, 0x8D9B, 0x8DDB, 0x8DBB, 0x8DBC, 0x8DBC, 0x8DDD, 0x8DDD, 0x8DFE, 0x9E5F, 0xA69F, 0x9E7F, 0x9E5F, 0x961E, 0x8DBD, 0x8D9C,
    0x8D9B, 0x8D7B, 0x8D9B, 0x8D7B, 0x8D7B, 0x8D7B, 0x8D7B, 0x8D7A, 0x8D7A, 0x8D7A, 0x8D7A, 0x8D7A, 0x8D7A, 0x8D7A, 0x8D7A, 0x8D5A,
    0x8D5A, 0x8D5A, 0x8D5A, 0x8D5A, 0x8D5A, 0x8D5A, 0x8D5A, 0x8D5A, 0x8D5A, 0x8D59, 0x8D59, 0x8D59, 0x8D59, 0x8D59, 0x8D39, 0x8D59,
    0x8D59, 0x8D59, 0x8D5A, 0x8D5A, 0x8D5A, 0x8D5A, 0x8D5A, 0x8D5A, 0x8D5A, 0x8D5A, 0x8D5A, 0x8D5A, 0x8D5A, 0x8D5A, 0x8D5A, 0x8D5A,
    0x8D5A, 0x8D5A, 0x8D5A, 0x8D5A, 0x8D5A, 0x8D5A, 0x8D5A, 0x8D5A, 0x8D59, 0x8D5A, 0x8D5A, 0x8D5A, 0x8D5A, 0x8D5A, 0x8D5A, 0x8D5A,
    0x8D5A, 0x8D5A, 0x8D5A, 0x8D5A, 0x8D5A, 0x8D5A, 0x8D5A, 0x8D5A, 0x8D5A, 0x8D5A, 0x8D5A, 0x8D5A, 0x8D5A, 0x8D5A, 0x8D5A, 0x8D5A,
    0x8D5A, 0x8D5A, 0x8D5A, 0x8D5A, 0x8D5A, 0x8D5A, 0x8D5A, 0x8D5A, 0x8D5A, 0x8D5A, 0x8D5A, 0x8D5A, 0x8D5A, 0x8D5A, 0x8D5A, 0x8D5A,
    0x8D5A, 0x8D7B, 0x8D9B, 0x959B, 0x95BC, 0x95BC, 0x95BC, 0x95BC, 0x8DBC, 0x8DBC, 0x8DBC, 0x8DBC, 0x8DBC, 0x8DBC, 0x8DBC, 0x8DBC,
    0x8DBC, 0x8DBC, 0x8DBC, 0x8DBC, 0x95BC, 0x95BC, 0x95BC, 0x95BC, 0x95BC, 0x95DC, 0x95DD, 0x95DD, 0x95DD, 0x95DD, 0x95DD, 0x95DD,
    0x95FD, 0x95FD, 0x95FE, 0x95FE, 0x95FE, 0x961E, 0x9E5F, 0xAEDF, 0xC75F, 0xDFDF, 0xEFFF, 0xDFBF, 0xBF3F, 0xA6BF, 0x965F, 0x9E5F,
    0x9E5F, 0xA67F, 0xA67F, 0xA67F, 0xA65F, 0xA65E, 0x9E5E, 0x9E5E, 0x9E3E, 0x9E3E, 0x9E3E, 0x9E3E, 0x9E1D, 0x9E1D, 0x9E1D, 0x9E1D,
    0x9E1D, 0x9E1C, 0x9E1C, 0x9E1C, 0x9DFB, 0xA5FC, 0xA5FC, 0x9DDC, 0x95DB, 0x8DD9, 0x8DD9, 0x8D1C, 0x8C7F, 0x8C5F, 0x8C5F, 0x8C5F,
    0x8C5F, 0x8C5F, 0x8C5F, 0x8C5F, 0x8C5F, 0x8C5F, 0x8C5F, 0x8C5F, 0x8C5F, 0x8C5F, 0x8C5F, 0x8C5F, 0x8C5F, 0x8C5F, 0x8C5F, 0x8C5F,
    0x8C5F, 0x8C5F, 0x8C5F, 0x8C5F, 0x8C5F, 0x8C5F, 0x8C5F, 0x8C5F, 0x8C5F, 0x8C5F, 0x8C5C, 0x8C51, 0x8C51, 0x8C51, 0x8C51, 0x8C51,
    0x8C51, 0x8C51, 0x8C51, 0x8C51, 0x8C51, 0x8C51, 0x8C51, 0x8C51, 0x8C51, 0x8C51, 0x8C51, 0x8C51, 0x8C51, 0x8C51, 0x8C51, 0x8C51,
    0x8C51, 0x8C51, 0x8C51, 0x8C51, 0x8C51, 0x8C51, 0x8C51, 0x8C51, 0x8C51, 0x8C51, 0x8C51, 0x8C51, 0x8C51, 0x8C51, 0x8C51, 0x8C51,
    0x8C51, 0x8C51, 0x8C51, 0x8C51, 0x8C51, 0x8C51, 0x8C51, 0x8C51, 0x8C51, 0x8C51, 0x8C51, 0x8C55, 0x8C5E, 0x8C5F, 0x8C5F, 0x8C5F,
    0x8C5F, 0x8C5F, 0x8C5F, 0x8C5F, 0x8C5F, 0x8C5F, 0x8C5F, 0x8C5F, 0x8C5F, 0x8C5F, 0x8C5F, 0x8C5F, 0x8C5F, 0x8C5F, 0x8C5F, 0x8C5F,
    0x8C5F, 0x8C5F, 0x8C5C, 0x8C5F, 0x8C5F, 0x8C5F, 0x8C5F, 0x8C5B, 0x8C57, 0x8C5B, 0x8C5F, 0x8D1F, 0x8C9F, 0x8C5F, 0x8C5F, 0x8C5F,
    0x8C5F, 0x8C5F, 0x8C5F, 0x8C5F, 0x8C5F, 0x8C7F, 0x8D3C, 0x8D1F, 0x8CDC, 0x8D5F, 0x8C5F, 0x8C5F, 0x8C5F, 0x8C5F, 0x8C5F, 0x8C5F,
    0x8C5F, 0x8C7F, 0x8CBF, 0x8C5F, 0x8C5F, 0x8C5F, 0x8C5F, 0x8C5F, 0x8C7F, 0x8D5F, 0x8C5F, 0x8C9E, 0x8CBE, 0x8CBF, 0x8C5F, 0x8C5F,
    0x8C5F, 0x8C5F, 0x8C5F, 0x8C5F, 0x8C5F, 0x8C5F, 0x8C7B, 0x8C5F, 0x8C5F, 0x8C5F, 0x8C5F, 0x8C5F, 0x8C5F, 0x8C5F, 0x8CDE, 0x8C5F,
    0x8C5F, 0x8C5F, 0x8C5F, 0x8C5F, 0x8C7F, 0x8C5F, 0x8C5F, 0x8C5F, 0x8C5F, 0x8C5F, 0x8C5F, 0x8C5F, 0x8C5F, 0x8C5F, 0x8C5F, 0x8C7F,
    0x8D1C, 0x8C7F, 0x8D3C, 0x8DBA, 0x8D9A, 0x8D9B, 0x8DBC, 0x95FD, 0x95FD, 0x8DDD, 0x8C5F, 0x8CBE, 0x8C5F, 0x8C7F, 0x8CDE, 0x8C7F,
    0x8C5F, 0x8C5F, 0x8C5F, 0x8C5F, 0x8C5F, 0x8C5F, 0x8D1C, 0x8C9E, 0x8C5F, 0x8C5F, 0x8C5F, 0x8C5F, 0x8C5F, 0x8CDD, 0x8C7F, 0x8C5F,
    0x8C5F, 0x8C5F, 0x8C5F, 0x8C5F, 0x8C5F, 0x8C5F, 0x8C9E, 0x8C9F, 0x8CBE, 0x8D3C, 0x8D7B, 0x8DBC, 0x8DBC, 0x8DDD, 0x8DDD, 0x8DFE,
    0x963F, 0x9E7F, 0xA6BF, 0x9E7F, 0x961E, 0x8DBD, 0x8D9C, 0x8D9B, 0x8D9B, 0x8D9B, 0x8D9B, 0x8D7B, 0x8D7B, 0x8D7B, 0x8D7B, 0x8D7B,
    0x8D7A, 0x8D7A, 0x8D7A, 0x8D7A, 0x8D5A, 0x8D5A, 0x8D5A, 0x8D5A, 0x8D5A, 0x8D5A, 0x8D5A, 0x8D5A, 0x8D5A, 0x8D5A, 0x8D5A, 0x8D5A,
    0x8D59, 0x8D59, 0x8D59, 0x8D59, 0x8D59, 0x8D59, 0x8D59, 0x8D59, 0x8D39, 0x8D39, 0x8D59, 0x8D59, 0x8D59, 0x8D59, 0x8D39, 0x8D59,
    0x8D59, 0x8D59, 0x8D59, 0x8D59, 0x8D59, 0x8D59, 0x8D5A, 0x8D59, 0x8D59, 0x8D59, 0x8D59, 0x8D59, 0x8D59, 0x8D39, 0x8D59, 0x8D59,
    0x8D59, 0x8D59, 0x8D59, 0x8D59, 0x8D59, 0x8D59, 0x8D59, 0x8D5A, 0x8D5A, 0x8D5A, 0x8D5A, 0x8D5A, 0x8D5A, 0x8D5A, 0x8D5A, 0x8D5A,
    0x8D5A, 0x8D5A, 0x8D5A, 0x8D5A, 0x8D5A, 0x8D5A, 0x8D5A, 0x8D5A, 0x8D5A, 0x8D5A, 0x8D5A, 0x8D5A, 0x8D5A, 0x8D5A, 0x8D5A, 0x8D5A,
    0x8D5A, 0x8D5A, 0x8D5A, 0x8D5A, 0x8D5A, 0x8D5A, 0x8D5A, 0x8D5A, 0x8D5A, 0x8D5A, 0x8D5A, 0x8D5A, 0x8D5A, 0x8D5A, 0x8D5A, 0x8D7B,
    0x8D9B, 0x95BC, 0x95BC, 0x95BC, 0x95BC, 0x95BC, 0x8DBC, 0x8DBC, 0x8DBC, 0x8DBC, 0x8DBC, 0x8DBC, 0x8DBC, 0x8DBC, 0x8DBC, 0x8DBC,
    0x95BC, 0x95BC, 0x95BC, 0x95BC, 0x95BC, 0x95DC, 0x95DD, 0x95DD, 0x95DD, 0x95DD, 0x95DD, 0x95DD, 0x95DD, 0x95FD, 0x95FD, 0x95FE,
    0x961E, 0x961E, 0x961F, 0x9E5F, 0xAEDF, 0xD77F, 0xEFDF, 0xE7FF, 0xCF7F, 0xAEDF, 0x9E7F, 0x9E5F, 0x9E5F, 0xA67F, 0xA67F, 0xA65F,
    0xA65E, 0x9E5E, 0x9E5E, 0x9E5E, 0x9E5E, 0x9E3E, 0x9E3E, 0x9E3E, 0x9E3D, 0x9E1D, 0x9E1D, 0x9E1D, 0x9E1D, 0x9E1C, 0x961C, 0x961C,
    0x9DFC, 0xA5FC, 0xA61C, 0x9DDC, 0x8DDA, 0x8DD9, 0x8DBA, 0x8D7B, 0x8C9E, 0x8C9E, 0x8C5F, 0x8C5F, 0x8C5F, 0x8C5F, 0x8C5F, 0x8C5F,
    0x8C5F, 0x8C5F, 0x8C5F, 0x8C5F, 0x8C5F, 0x8C5F, 0x8C5F, 0x8C5F, 0x8C5F, 0x8C5F, 0x8C5F, 0x8C5F, 0x8C5F, 0x8C5F, 0x8C5F, 0x8C5F,
    0x8C5F, 0x8C5F, 0x8C5F, 0x8C5F, 0x8C5C, 0x8C51, 0x8C51, 0x8C51, 0x8C51, 0x8C51, 0x8C51, 0x8C51, 0x8C51, 0x8C51, 0x8C51, 0x8C51,
    0x8C51, 0x8C51, 0x8C51, 0x8C51, 0x8C51, 0x8C51, 0x8C51, 0x8C51, 0x8C51, 0x8C51, 0x8C51, 0x8C51, 0x8C51, 0x8C51, 0x8C51, 0x8C51,
    0x8C51, 0x8C51, 0x8C51, 0x8C51, 0x8C51, 0x8C51, 0x8C51, 0x8C51, 0x8C51, 0x8C51, 0x8C51, 0x8C51, 0x8C51, 0x8C51, 0x8C51, 0x8C51,
    0x8C51, 0x8C51, 0x8C52, 0x8C54, 0x8C5B, 0x8C5F, 0x8C5F, 0x8C5F, 0x8C5F, 0x8C5F, 0x8C5F, 0x8C5F, 0x8C5F, 0x8C5F, 0x8C5F, 0x8C5F,
    0x8C5F, 0x8C5F, 0x8C5F, 0x8C5F, 0x8C5F, 0x8C5F, 0x8C5F, 0x8C5F, 0x8C5F, 0x8C5F, 0x8C5F, 0x8C5F, 0x8C5C, 0x8C5F, 0x8C5F, 0x8C5F,
    0x8C5F, 0x8C5B, 0x8C57, 0x8C5B, 0x8C5F, 0x8D1F, 0x8C9F, 0x8C5F, 0x8C5F, 0x8C5F, 0x8C5F, 0x8C5F, 0x8C5F, 0x8C5F, 0x8C5F, 0x8C7F,
    0x8D3C, 0x8D1F, 0x8CDC, 0x8D5F, 0x8C5F, 0x8C5F, 0x8C5F, 0x8C5F, 0x8C5F, 0x8C5F, 0x8C5F, 0x8C7F, 0x8CBF, 0x8C5F, 0x8C5F, 0x8C5F,
    0x8C5F, 0x8C5F, 0x8C7F, 0x8D5F, 0x8C5F, 0x8C9E, 0x8CBE, 0x8CBF, 0x8C5F, 0x8C5F, 0x8C5F, 0x8C5F, 0x8C5F, 0x8C5F, 0x8C5F, 0x8C5F,
    0x8C7B, 0x8C5F, 0x8C5F, 0x8C5F, 0x8C5F, 0x8C5F, 0x8C5F, 0x8C5F, 0x8CDE, 0x8C5F, 0x8C5F, 0x8C5F, 0x8C5F, 0x8C5F, 0x8C7F, 0x8C5F,
    0x8C5F, 0x8C5F, 0x8C5F, 0x8C5F, 0x8C5F, 0x8C5F, 0x8C5F, 0x8C5F, 0x8C5F, 0x8C7F, 0x8D7B, 0x8D7B, 0x8DBB, 0x8D9B, 0x8DBC, 0x8DDD,
    0x963E, 0x961E, 0x8DBC, 0x8D9B, 0x8C5F, 0x8CBE, 0x8C5F, 0x8C7F, 0x8CDE, 0x8C7F, 0x8C5F, 0x8C5F, 0x8C5F, 0x8C5F, 0x8C5F, 0x8C5F,
    0x8D1C, 0x8C9E, 0x8C5F, 0x8C5F, 0x8C5F, 0x8C5F, 0x8C5F, 0x8CDD, 0x8C7F, 0x8C5F, 0x8C5F, 0x8C5F, 0x8C5F, 0x8C5F, 0x8CFD, 0x8D7B,
    0x8DBB, 0x8D9B, 0x8DBB, 0x8DBC, 0x8DBC, 0x8DBD, 0x8DDD, 0x961E, 0x9E7F, 0x9E9F, 0x9E5F, 0x961E, 0x8DBD, 0x8D9C, 0x8D9B, 0x8D9B,
    0x8D9B, 0x8D9B, 0x8D9B, 0x8D9B, 0x8D7B, 0x8D7B, 0x8D7B, 0x8D7B, 0x8D7A, 0x8D7A, 0x8D5A, 0x8D5A, 0x8D5A, 0x8D5A, 0x8D5A, 0x8D5A,
    0x8D5A, 0x8D5A, 0x8D5A, 0x8D5A, 0x8D5A, 0x8D5A, 0x8D59, 0x8D59, 0x8D59, 0x8D5A, 0x8D59, 0x8D59, 0x8D59, 0x8D59, 0x8D59, 0x8D59,
    0x8D59, 0x8D59, 0x8D39, 0x8D39, 0x8D59, 0x8D59, 0x8D59, 0x8D39, 0x8D39, 0x8D39, 0x8D59, 0x8D59, 0x8D59, 0x8D59, 0x8D59, 0x8D59,
    0x8D59, 0x8D59, 0x8D39, 0x8D39, 0x8D39, 0x8D59, 0x8D59, 0x8D59, 0x8D59, 0x8D39, 0x8D39, 0x8D39, 0x8D39, 0x8D39, 0x8D39, 0x8D39,
    0x8D39, 0x8D39, 0x8D59, 0x8D5A, 0x8D5A, 0x8D5A, 0x8D59, 0x8D5A, 0x8D3A, 0x8D5A, 0x8D5A, 0x8D5A, 0x8D5A, 0x8D5A, 0x8D5A, 0x8D5A,
    0x8D5A, 0x8D5A, 0x8D5A, 0x8D5A, 0x8D5A, 0x8D5A, 0x8D5A, 0x8D5A, 0x8D5A, 0x8D5A, 0x8D5A, 0x8D5A, 0x8D5A, 0x8D5A, 0x8D5A, 0x8D5A,
    0x8D5A, 0x8D5A, 0x8D5A, 0x8D5A, 0x8D5A, 0x8D5A, 0x8D5A, 0x8D5A, 0x8D5A, 0x8D5A, 0x8D5A, 0x8D5A, 0x8D7A, 0x8D9B, 0x95BC, 0x95BC,
    0x95BC, 0x95BC, 0x95BC, 0x95BC, 0x8DBC, 0x8DBC, 0x8DBC, 0x8DBC, 0x8DBC, 0x8DBC, 0x8DBC, 0x8DBC, 0x8DBC, 0x95BC, 0x95BC, 0x95BC,
    0x95BC, 0x95BC, 0x8DBC, 0x8DBC, 0x95DD, 0x95DD, 0x95DD, 0x95DD, 0x95DD, 0x95DD, 0x95FD, 0x95FD, 0x95FE, 0x95FE, 0x961E, 0x961F,
    0x9E5F, 0xAEFF, 0xD79F, 0xEFFF, 0xE7DF, 0xC75F, 0xA69F, 0x965F, 0x9E5F, 0x9E5F, 0x9E7F, 0xA65F, 0xA65F, 0xA65E, 0xA65E, 0xA65E,
    0xA65E, 0x9E5E, 0x9E3E, 0x9E3E, 0x9E3D, 0x9E1D, 0x9E1D, 0x9E1D, 0x9E1D, 0x9E1D, 0x961C, 0x961C, 0x9DFC, 0xA5FC, 0xA5FC, 0x9DDB,
    0x95FA, 0x8DD9, 0x8E18, 0x8DBA, 0x8C7F, 0x8C5F, 0x8C5F, 0x8C5F, 0x8C5F, 0x8C5F, 0x8C5F, 0x8C5F, 0x8C5F, 0x8C5F, 0x8C5F, 0x8C5F,
    0x8C5F, 0x8C5F, 0x8C5F, 0x8C5F, 0x8C5F, 0x8C5F, 0x8C5F, 0x8C5F, 0x8C5F, 0x8C5F, 0x8C5F, 0x8C5F, 0x8C5F, 0x8C5F, 0x8C5C, 0x8C51,
    0x8C51, 0x8C51, 0x8C51, 0x8C51, 0x8C51, 0x8C51, 0x8C51, 0x8C51, 0x8C51, 0x8C51, 0x8C51, 0x8C51, 0x8C51, 0x8C51, 0x8C51, 0x8C51,
    0x8C51, 0x8C51, 0x8C51, 0x8C51, 0x8C51, 0x8C51, 0x8C51, 0x8C51, 0x8C51, 0x8C51, 0x8C51, 0x8C51, 0x8C51, 0x8C51, 0x8C51, 0x8C51,
    0x8C51, 0x8C51, 0x8C51, 0x8C51, 0x8C51, 0x8C51, 0x8C51, 0x8C51, 0x8C51, 0x8C51, 0x8C53, 0x8C58, 0x8C5E, 0x8C5F, 0x8C5F, 0x8C5F,
    0x8C5F, 0x8C5F, 0x8C5F, 0x8C5F, 0x8C5F, 0x8C5F, 0x8C5F, 0x8C5F, 0x8C5F, 0x8C5F, 0x8C5F, 0x8C5F, 0x8C5F, 0x8C5F, 0x8C5F, 0x8C5F,
    0x8C5F, 0x8C5F, 0x8C5F, 0x8C5F, 0x8C5F, 0x8C5F, 0x8C5C, 0x8C5F, 0x8C5F, 0x8C5F, 0x8C5F, 0x8C5B, 0x8C57, 0x8C5B, 0x8C5F, 0x8D1F,
    0x8C9F, 0x8C5F, 0x8C5F, 0x8C5F, 0x8C5F, 0x8C5F, 0x8C5F, 0x8C5F, 0x8C5F, 0x8C7F, 0x8D3C, 0x8D1F, 0x8CDC, 0x8D5F, 0x8C5F, 0x8C5F,
    0x8C5F, 0x8C5F, 0x8C5F, 0x8C5F, 0x8C5F, 0x8C7F, 0x8CBF, 0x8C5F, 0x8C5F, 0x8C5F, 0x8C5F, 0x8C5F, 0x8C7F, 0x8D5F, 0x8C5F, 0x8C9E,
    0x8CBE, 0x8CBF, 0x8C5F, 0x8C5F, 0x8C5F, 0x8C5F, 0x8C5F, 0x8C5F, 0x8C5F, 0x8C5F, 0x8C7B, 0x8C5F, 0x8C5F, 0x8C5F, 0x8C5F, 0x8C5F,
    0x8C5F, 0x8C5F, 0x8CDE, 0x8C5F, 0x8C5F, 0x8C5F, 0x8C5F, 0x8C5F, 0x8C7F, 0x8C5F, 0x8C5F, 0x8C5F, 0x8C5F, 0x8C5F, 0x8C5F, 0x8C5F,
    0x8C5F, 0x8C5F, 0x8CFD, 0x8D7B, 0x8DBB, 0x8DBB, 0x8DBC, 0x8DDD, 0x963E, 0x961E, 0x8DDC, 0x8D9B, 0x8D9B, 0x8D9A, 0x8C5F, 0x8CBE,
    0x8C5F, 0x8C7F, 0x8CDE, 0x8C7F, 0x8C5F, 0x8C5F, 0x8C5F, 0x8C5F, 0x8C5F, 0x8C5F, 0x8D1C, 0x8C9E, 0x8C5F, 0x8C5F, 0x8C5F, 0x8C5F,
    0x8C5F, 0x8CDD, 0x8C7F, 0x8C5F, 0x8C5F, 0x8C5F, 0x8CDE, 0x8D7C, 0x8DDB, 0x8DDB, 0x8DBC, 0x8DBC, 0x8DBD, 0x8DDD, 0x961E, 0x9E5F,
    0x9E5F, 0x9E5F, 0x961E, 0x8DBD, 0x8D9C, 0x8D9B, 0x8D9B, 0x8D9B, 0x8D9B, 0x8D9B, 0x8D9B, 0x8D7B, 0x8D7B, 0x8D7A, 0x8D7A, 0x8D7A,
    0x8D7A, 0x8D7A, 0x8D5A, 0x8D5A, 0x8D5A, 0x8D5A, 0x8D5A, 0x8D5A, 0x8D5A, 0x8D5A, 0x8D5A, 0x8D5A, 0x8D59, 0x8D59, 0x8D59, 0x8D59,
    0x8D59, 0x8D59, 0x8D59, 0x8D59, 0x8D59, 0x8D59, 0x8D59, 0x8D59, 0x8D39, 0x8D59, 0x8D59, 0x8D59, 0x8D39, 0x8D39, 0x8D59, 0x8D59,
    0x8D39, 0x8D39, 0x8D39, 0x8D39, 0x8D39, 0x8D39, 0x8D39, 0x8D59, 0x8D59, 0x8D39, 0x8D39, 0x8D39, 0x8D39, 0x8D59, 0x8D59, 0x8D59,
    0x8D39, 0x8D59, 0x8D59, 0x8D39, 0x8D39, 0x8D39, 0x8D39, 0x8D39, 0x8D39, 0x8D39, 0x8D39, 0x8D39, 0x8D59, 0x8D59, 0x8D59, 0x8D39,
    0x8D59, 0x8D39, 0x8D39, 0x8D59, 0x8D5A, 0x8D5A, 0x8D5A, 0x8D5A, 0x8D5A, 0x8D5A, 0x8D5A, 0x8D5A, 0x8D5A, 0x8D5A, 0x8D5A, 0x8D5A,
    0x8D5A, 0x8D5A, 0x8D5A, 0x8D5A, 0x8D5A, 0x8D5A, 0x8D5A, 0x8D5A, 0x8D5A, 0x8D5A, 0x8D5A, 0x8D5A, 0x8D5A, 0x8D5A, 0x8D5A, 0x8D5A,
    0x8D5A, 0x8D5A, 0x8D5A, 0x8D5A, 0x8D5A, 0x8D5A, 0x8D5A, 0x8D5A, 0x8D5A, 0x8D7A, 0x8D9B, 0x8D9B, 0x95BC, 0x95BC, 0x95BC, 0x95BC,
    0x8DBC, 0x8DBC, 0x8DBC, 0x8DBC, 0x8DBC, 0x8DBC, 0x8DBC, 0x8DBC, 0x8DBC, 0x8DBC, 0x95BC, 0x95BC, 0x8DBC, 0x95BC, 0x95DC, 0x95DD,
    0x95DD, 0x95DD, 0x95DD, 0x95DD, 0x95DD, 0x95DD, 0x95DD, 0x95FD, 0x95FD, 0x95FE, 0x95FE, 0x961E, 0x963F, 0xA6BF, 0xC73F, 0xDFBF,
    0xE7DF, 0xD79F, 0xB71F, 0x9E7F, 0x9E5F, 0x9E5F, 0x9E7F, 0xA67F, 0xA65F, 0xA65F, 0xA65E, 0xA65E, 0x9E5E, 0x9E5E, 0x9E3E, 0x9E3E,
    0x9E3D, 0x9E3D, 0x9E1D, 0x9E1D, 0x9E1D, 0x9E1C, 0x961C, 0x9E1C, 0x9DFC, 0xA5FC, 0xA5FC, 0x9DDB, 0x95FB, 0x8DBA, 0x8D9A, 0x8D5B,
    0x8D3C, 0x8CDD, 0x8C7F, 0x8C5F, 0x8C5F, 0x8C5F, 0x8C5F, 0x8C5F, 0x8C5F, 0x8C5F, 0x8C5F, 0x8C5F, 0x8C5F, 0x8C5F, 0x8C5F, 0x8C5F,
    0x8C5F, 0x8C5F, 0x8C5F, 0x8C5F, 0x8C5F, 0x8C5F, 0x8C5F, 0x8C5F, 0x8C5E, 0x8C52, 0x8C51, 0x8C51, 0x8C51, 0x8C51, 0x8C51, 0x8C51,
    0x8C51, 0x8C51, 0x8C51, 0x8C51, 0x8C51, 0x8C51, 0x8C51, 0x8C51, 0x8C51, 0x8C51, 0x8C51, 0x8C51, 0x8C51, 0x8C51, 0x8C51, 0x8C51,
    0x8C51, 0x8C51, 0x8C51, 0x8C51, 0x8C51, 0x8C51, 0x8C51, 0x8C51, 0x8C51, 0x8C51, 0x8C51, 0x8C51, 0x8C51, 0x8C51, 0x8C51, 0x8C52,
    0x8C52, 0x8C56, 0x8C59, 0x8C5C, 0x8C5F, 0x8C5F, 0x8C5F, 0x8C5F, 0x8C5F, 0x8C5F, 0x8C5F, 0x8C5F, 0x8C5F, 0x8C5F, 0x8C5F, 0x8C5F,
    0x8C5F, 0x8C5F, 0x8C5F, 0x8C5F, 0x8C5F, 0x8C5F, 0x8C5F, 0x8C5F, 0x8C5F, 0x8C5F, 0x8C5F, 0x8C5F, 0x8C5F, 0x8C5F, 0x8C5F, 0x8C5F,
    0x8C5C, 0x8C5F, 0x8C5F, 0x8C5F, 0x8C5F, 0x8C5B, 0x8C57, 0x8C5B, 0x8C5F, 0x8D1F, 0x8C9F, 0x8C5F, 0x8C5F, 0x8C5F, 0x8C5F, 0x8C5F,
    0x8C5F, 0x8C5F, 0x8C5F, 0x8C7F, 0x8D3C, 0x8D1F, 0x8CDC, 0x8D5F, 0x8C5F, 0x8C5F, 0x8C5F, 0x8C5F, 0x8C5F, 0x8C5F, 0x8C5F, 0x8C7F,
    0x8CBF, 0x8C5F, 0x8C5F, 0x8C5F, 0x8C5F, 0x8C5F, 0x8C7F, 0x8D5F, 0x8C5F, 0x8C9E, 0x8CBE, 0x8CBF, 0x8C5F, 0x8C5F, 0x8C5F, 0x8C5F,
    0x8C5F, 0x8C5F, 0x8C5F, 0x8C5F, 0x8C7B, 0x8C5F, 0x8C5F, 0x8C5F, 0x8C5F, 0x8C5F, 0x8C5F, 0x8C5F, 0x8CDE, 0x8C5F, 0x8C5F, 0x8C5F,
    0x8C5F, 0x8C5F, 0x8C7F, 0x8C5F, 0x8C5F, 0x8C5F, 0x8C5F, 0x8C5F, 0x8C5F, 0x8C7F, 0x8D1D, 0x8D7B, 0x8DDB, 0x8DBC, 0x8DBC, 0x8DDD,
    0x963E, 0x961E, 0x8DFD, 0x8DBC, 0x8D9B, 0x8DBA, 0x8D9A, 0x8D1C, 0x8C5F, 0x8CBE, 0x8C5F, 0x8C7F, 0x8CDE, 0x8C7F, 0x8C5F, 0x8C5F,
    0x8C5F, 0x8C5F, 0x8C5F, 0x8C5F, 0x8D1C, 0x8C9E, 0x8C5F, 0x8C5F, 0x8C5F, 0x8C5F, 0x8C5F, 0x8CBE, 0x8C9E, 0x8CBE, 0x8CFD, 0x8D5D,
    0x8DBC, 0x8DBC, 0x8DBC, 0x8DBC, 0x8DDD, 0x961E, 0x9E3E, 0x9E7F, 0x9E7F, 0x961E, 0x8DBD, 0x8D9C, 0x8D7B, 0x8D9B, 0x8D9B, 0x8D9B,
    0x8D9B, 0x8D9B, 0x8D7B, 0x8D7B, 0x8D7B, 0x8D7A, 0x8D7A, 0x8D7A, 0x8D5A, 0x8D5A, 0x8D5A, 0x8D5A, 0x8D5A, 0x8D5A, 0x8D5A, 0x8D5A,
    0x8D5A, 0x8D5A, 0x8D59, 0x8D59, 0x8D59, 0x8D59, 0x8D59, 0x8D59, 0x8D59, 0x8D39, 0x8D39, 0x8D39, 0x8D59, 0x8D39, 0x8D39, 0x8D39,
    0x8D39, 0x8D39, 0x8D39, 0x8D39, 0x8D39, 0x8D39, 0x8D39, 0x8D39, 0x8D39, 0x8D59, 0x8D39, 0x8D39, 0x8D39, 0x8D39, 0x8D39, 0x8D39,
    0x8D39, 0x8D39, 0x8D39, 0x8D39, 0x8D39, 0x8D39, 0x8D39, 0x8D39, 0x8D59, 0x8D39, 0x8D39, 0x8D39, 0x8D59, 0x8D39, 0x8D39, 0x8D39,
    0x8D39, 0x8D39, 0x8D39, 0x8D39, 0x8D39, 0x8D59, 0x8D59, 0x8D59, 0x8D59, 0x8D39, 0x8D39, 0x8D39, 0x8D39, 0x8D59, 0x8D59, 0x8D59,
    0x8D5A, 0x8D5A, 0x8D5A, 0x8D5A, 0x8D5A, 0x8D5A, 0x8D5A, 0x8D59, 0x8D5A, 0x8D5A, 0x8D5A, 0x8D5A, 0x8D5A, 0x8D5A, 0x8D5A, 0x8D5A,
    0x8D5A, 0x8D5A, 0x8D5A, 0x8D5A, 0x8D5A, 0x8D5A, 0x8D5A, 0x8D5A, 0x8D5A, 0x8D5A, 0x8D5A, 0x8D5A, 0x8D5A, 0x8D5A, 0x8D5A, 0x8D5A,
    0x8D5A, 0x8D5A, 0x8D5A, 0x8D5A, 0x8D5A, 0x8D5A, 0x8D7A, 0x8D9B, 0x8D9B, 0x8DBC, 0x95BC, 0x95BC, 0x95BC, 0x95BC, 0x8DBC, 0x8DBC,
    0x8DBC, 0x8DBC, 0x8DBC, 0x8DBC, 0x8DBC, 0x8DBC, 0x8DBC, 0x95BC, 0x95BC, 0x95BC, 0x95BC, 0x95DC, 0x95DC, 0x95DC, 0x95DC, 0x95DD,
    0x95DD, 0x95DD, 0x95DD, 0x95FD, 0x95FD, 0x95FE, 0x95FE, 0x961E, 0x961F, 0x9E5F, 0xAEFF, 0xCF7F, 0xE7DF, 0xDFDF, 0xC73F, 0xA6BF,
    0x965F, 0x9E5F, 0x9E5F, 0xA65F, 0xA67F, 0xA67F, 0xA65E, 0xA65E, 0x9E5E, 0x9E5E, 0x9E3E, 0x9E3E, 0x9E3D, 0x9E1D, 0x9E1D, 0x9E1D,
    0x9E1C, 0x9E1C, 0x961C, 0x9DFC, 0x9DFC, 0xA5FC, 0xA5FC, 0x9DFC, 0x8DDB, 0x8DD9, 0x8DD9, 0x8DF9, 0x8DBA, 0x8CFD, 0x8C5F, 0x8C5F,
    0x8C5F, 0x8C5F, 0x8C5F, 0x8C5F, 0x8C5F, 0x8C5F, 0x8C5F, 0x8C5F, 0x8C5F, 0x8C5F, 0x8C5F, 0x8C5F, 0x8C5F, 0x8C5F, 0x8C5F, 0x8C5F,
    0x8C5F, 0x8C5F, 0x8C5F, 0x8C5D, 0x8C52, 0x8C51, 0x8C51, 0x8C51, 0x8C51, 0x8C51, 0x8C51, 0x8C51, 0x8C51, 0x8C51, 0x8C51, 0x8C51,
    0x8C51, 0x8C51, 0x8C51, 0x8C51, 0x8C51, 0x8C51, 0x8C51, 0x8C51, 0x8C51, 0x8C51, 0x8C51, 0x8C51, 0x8C51, 0x8C51, 0x8C51, 0x8C51,
    0x8C51, 0x8C51, 0x8C51, 0x8C51, 0x8C51, 0x8C51, 0x8C52, 0x8C57, 0x8C5A, 0x8C5E, 0x8C5E, 0x8C5F, 0x8C5F, 0x8C5F, 0x8C5F, 0x8C5F,
    0x8C5F, 0x8C5F, 0x8C5F, 0x8C5F, 0x8C5F, 0x8C5F, 0x8C5F, 0x8C5F, 0x8C5F, 0x8C5F, 0x8C5F, 0x8C5F, 0x8C5F, 0x8C5F, 0x8C5F, 0x8C5F,
    0x8C5F, 0x8C5F, 0x8C5F, 0x8C5F, 0x8C5F, 0x8C5F, 0x8C5F, 0x8C5F, 0x8C5F, 0x8C5F, 0x8C5C, 0x8C5F, 0x8C5F, 0x8C5F, 0x8C5F, 0x8C5B,
    0x8C57, 0x8C5B, 0x8C5F, 0x8D1F, 0x8C9F, 0x8C5F, 0x8C5F, 0x8C5F, 0x8C5F, 0x8C5F, 0x8C5F, 0x8C5F, 0x8C5F, 0x8C7F, 0x8D3C, 0x8D1F,
    0x8CDC, 0x8D5F, 0x8C5F, 0x8C5F, 0x8C5F, 0x8C5F, 0x8C5F, 0x8C5F, 0x8C5F, 0x8C7F, 0x8CBF, 0x8C5F, 0x8C5F, 0x8C5F, 0x8C5F, 0x8C5F,
    0x8C7F, 0x8D5F, 0x8C5F, 0x8C9E, 0x8CBE, 0x8CBF, 0x8C5F, 0x8C5F, 0x8C5F, 0x8C5F, 0x8C5F, 0x8C5F, 0x8C5F, 0x8C5F, 0x8C7B, 0x8C5F,
    0x8C5F, 0x8C5F, 0x8C5F, 0x8C5F, 0x8C5F, 0x8C5F, 0x8CDE, 0x8C5F, 0x8C5F, 0x8C5F, 0x8C5F, 0x8C5F, 0x8C7F, 0x8C5F, 0x8C5F, 0x8C5F,
    0x8C5F, 0x8CBE, 0x8D1D, 0x8DBB, 0x8DDB, 0x8DBC, 0x8DBC, 0x95FD, 0x963E, 0x963E, 0x95FD, 0x8DBC, 0x8DBB, 0x8D9B, 0x8D7B, 0x8D3B,
    0x8CBD, 0x8C5F, 0x8C5F, 0x8CBE, 0x8C5F, 0x8C7F, 0x8CDE, 0x8C7F, 0x8C5F, 0x8C5F, 0x8C5F, 0x8C5F, 0x8C5F, 0x8C5F, 0x8D1C, 0x8C9E,
    0x8C5F, 0x8C5F, 0x8C5F, 0x8C5F, 0x8C7F, 0x8D3C, 0x8D7B, 0x8DBB, 0x8DDC, 0x8DDC, 0x8DBC, 0x8DBC, 0x8DDD, 0x961E, 0x9E5F, 0x9E7F,
    0x961E, 0x8DDD, 0x8D9C, 0x8D9B, 0x8D9B, 0x8D9B, 0x8D9B, 0x8D9B, 0x8D9B, 0x8D9B, 0x8D7B, 0x8D7B, 0x8D7A, 0x8D7A, 0x8D7A, 0x8D7A,
    0x8D5A, 0x8D5A, 0x8D5A, 0x8D5A, 0x8D5A, 0x8D5A, 0x8D59, 0x8D59, 0x8D59, 0x8D59, 0x8D59, 0x8D59, 0x8D59, 0x8D59, 0x8D39, 0x8D59,
    0x8D39, 0x8D39, 0x8D39, 0x8D39, 0x8D39, 0x8D39, 0x8D39, 0x8D39, 0x8D39, 0x8D39, 0x8D39, 0x8D39, 0x8D39, 0x8D39, 0x8D39, 0x8D39,
    0x8D39, 0x8D39, 0x8D39, 0x8D39, 0x8D39, 0x8D39, 0x8D39, 0x8D39, 0x8D39, 0x8D39, 0x8D39, 0x8D39, 0x8D39, 0x8D39, 0x8D39, 0x8D39,
    0x8D39, 0x8D39, 0x8D39, 0x8D39, 0x8D39, 0x8D39, 0x8D39, 0x8D39, 0x8D39, 0x8D39, 0x8D39, 0x8D39, 0x8D39, 0x8D39, 0x8D39, 0x8D39,
    0x8D59, 0x8D59, 0x8D59, 0x8D39, 0x8D39, 0x8D39, 0x8D39, 0x8D59, 0x8D59, 0x8D59, 0x8D59, 0x8D59, 0x8D5A, 0x8D59, 0x8D59, 0x8D59,
    0x8D5A, 0x8D59, 0x8D5A, 0x8D5A, 0x8D5A, 0x8D5A, 0x8D5A, 0x8D5A, 0x8D5A, 0x8D5A, 0x8D5A, 0x8D5A, 0x8D5A, 0x8D5A, 0x8D5A, 0x8D5A,
    0x8D5A, 0x8D5A, 0x8D5A, 0x8D5A, 0x8D5A, 0x8D5A, 0x8D5A, 0x8D5A, 0x8D5A, 0x8D5A, 0x8D5A, 0x8D5A, 0x8D5A, 0x8D5A, 0x8D5A, 0x8D5A,
    0x8D5A, 0x8D5A, 0x8D5A, 0x8D7A, 0x8D7B, 0x8D9C, 0x95BC, 0x95BC, 0x95BC, 0x8DBC, 0x8DBC, 0x95BC, 0x95BC, 0x95BC, 0x8DBC, 0x8DBC,
    0x8DBC, 0x8DBC, 0x8DBC, 0x95BC, 0x95BC, 0x95BC, 0x95BC, 0x95BC, 0x95BC, 0x95BC, 0x95BD, 0x95DD, 0x95DD, 0x95DD, 0x95DD, 0x95FD,
    0x95FD, 0x95FE, 0x961E, 0x961E, 0x961E, 0x961F, 0x9E7F, 0xB71F, 0xDFBF, 0xEFFF, 0xCF9F, 0xAEDF, 0x9E5F, 0x9E5F, 0x9E5F, 0xA67F,
    0xA67F, 0xA67F, 0xA65E, 0x9E5E, 0x9E5E, 0x9E5E, 0x9E3E, 0x9E3E, 0x9E3E, 0x9E3E, 0x9E1D, 0x9E1D, 0x9E1D, 0x961C, 0x95FC, 0x961C,
    0x9E1C, 0x9DFC, 0xA61C, 0x9DFC, 0x8DBB, 0x8DD9, 0x8E38, 0x8DD9, 0x8C9E, 0x8C5F, 0x8C5F, 0x8C5F, 0x8C5F, 0x8C5F, 0x8C5F, 0x8C5F,
    0x8C5F, 0x8C5F, 0x8C5F, 0x8C5F, 0x8C5F, 0x8C5F, 0x8C5F, 0x8C5F, 0x8C5F, 0x8C5F, 0x8C5F, 0x8C5F, 0x8C5F, 0x8C5F, 0x8C5D, 0x8C52,
    0x8C51, 0x8C51, 0x8C51, 0x8C51, 0x8C51, 0x8C51, 0x8C51, 0x8C51, 0x8C51, 0x8C51, 0x8C51, 0x8C51, 0x8C53, 0x8C52, 0x8C51, 0x8C51,
    0x8C51, 0x8C51, 0x8C51, 0x8C51, 0x8C51, 0x8C51, 0x8C51, 0x8C51, 0x8C51, 0x8C51, 0x8C51, 0x8C51, 0x8C51, 0x8C51, 0x8C51, 0x8C51,
    0x8C5B, 0x8C5F, 0x8C5F, 0x8C5F, 0x8C5F, 0x8C5F, 0x8C5F, 0x8C5F, 0x8C5F, 0x8C5F, 0x8C5F, 0x8C5F, 0x8C5F, 0x8C5F, 0x8C5F, 0x8C5F,
    0x8C5F, 0x8C5F, 0x8C5F, 0x8C5F, 0x8C5F, 0x8C5F, 0x8C5F, 0x8C5F, 0x8C5F, 0x8C5F, 0x8C5F, 0x8C5F, 0x8C5F, 0x8C5F, 0x8C5F, 0x8C5F,
    0x8C5F, 0x8C5F, 0x8C5F, 0x8C5F, 0x8C5C, 0x8C5F, 0x8C5F, 0x8C5F, 0x8C5F, 0x8C5B, 0x8C57, 0x8C5B, 0x8C5F, 0x8D1F, 0x8C9F, 0x8C5F,
    0x8C5F, 0x8C5F, 0x8C5F, 0x8C5F, 0x8C5F, 0x8C5F, 0x8C5F, 0x8C7F, 0x8D3C, 0x8D1F, 0x8CDC, 0x8D5F, 0x8C5F, 0x8C5F, 0x8C5F, 0x8C5F,
    0x8C5F, 0x8C5F, 0x8C5F, 0x8C7F, 0x8CBF, 0x8C5F, 0x8C5F, 0x8C5F, 0x8C5F, 0x8C5F, 0x8C7F, 0x8D5F, 0x8C5F, 0x8C9E, 0x8CBE, 0x8CBF,
    0x8C5F, 0x8C5F, 0x8C5F, 0x8C5F, 0x8C5F, 0x8C5F, 0x8C5F, 0x8C5F, 0x8C7B, 0x8C5F, 0x8C5F, 0x8C5F, 0x8C5F, 0x8C5F, 0x8C5F, 0x8C5F,
    0x8CDE, 0x8C5F, 0x8C5F, 0x8C5F, 0x8C5F, 0x8C5F, 0x8C7F, 0x8C5F, 0x8C5F, 0x8C9F, 0x8D5C, 0x8DDB, 0x8DDB, 0x95DC, 0x8DBC, 0x8DDD,
    0x963E, 0x9E7F, 0x961E, 0x8DBC, 0x8DBC, 0x8DBB, 0x8D9A, 0x8D7A, 0x8CDB, 0x8C5F, 0x8C5F, 0x8C5F, 0x8C5F, 0x8CBE, 0x8C5F, 0x8C7F,
    0x8CDE, 0x8C7F, 0x8C5F, 0x8C5F, 0x8C5F, 0x8C5F, 0x8C5F, 0x8C5F, 0x8D1C, 0x8C9E, 0x8C5F, 0x8C5F, 0x8CBE, 0x8D3C, 0x8D7B, 0x8DBB,
    0x8DBC, 0x8DBC, 0x8DBC, 0x8DDD, 0x95FE, 0x9E5F, 0x963F, 0x961E, 0x95DD, 0x8DBC, 0x8D9B, 0x8D9B, 0x8D9B, 0x8D9B, 0x8D9B, 0x8D9B,
    0x8D9B, 0x8D7B, 0x8D7B, 0x8D7A, 0x8D7A, 0x8D7A, 0x8D7A, 0x8D5A, 0x8D5A, 0x8D5A, 0x8D5A, 0x8D5A, 0x8D59, 0x8D59, 0x8D59, 0x8D59,
    0x8D59, 0x8D59, 0x8D59, 0x8D59, 0x8D59, 0x8D39, 0x8D39, 0x8D39, 0x8D39, 0x8D39, 0x8D39, 0x8D39, 0x8D39, 0x8D39, 0x8D39, 0x8D39,
    0x8D39, 0x8D39, 0x8D39, 0x8D39, 0x8D39, 0x8D39, 0x8D39, 0x8D39, 0x8D39, 0x8D39, 0x8D39, 0x8D39, 0x8D39, 0x8D39, 0x8D39, 0x8D39,
    0x8D39, 0x8D39, 0x8D39, 0x8D39, 0x8D39, 0x8D39, 0x8D39, 0x8D39, 0x8D39, 0x8D39, 0x8D39, 0x8D39, 0x8D39, 0x8D39, 0x8D39, 0x8D39,
    0x8D39, 0x8D39, 0x8D39, 0x8D39, 0x8D39, 0x8D39, 0x8D39, 0x8D39, 0x8D39, 0x8D39, 0x8D39, 0x8D59, 0x8D39, 0x8D39, 0x8D39, 0x8D59,
    0x8D39, 0x8D39, 0x8D39, 0x8D39, 0x8D59, 0x8D39, 0x8D39, 0x8D59, 0x8D59, 0x8D5A, 0x8D5A, 0x8D5A, 0x8D59, 0x8D5A, 0x8D5A, 0x8D5A,
    0x8D5A, 0x8D5A, 0x8D5A, 0x8D5A, 0x8D5A, 0x8D5A, 0x8D5A, 0x8D5A, 0x8D5A, 0x8D5A, 0x8D5A, 0x8D5A, 0x8D5A, 0x8D5A, 0x8D5A, 0x8D5A,
    0x8D5A, 0x8D5A, 0x8D5A, 0x8D5A, 0x8D5A, 0x8D5A, 0x8D5A, 0x8D5A, 0x8D5A, 0x8D5A, 0x8D5A, 0x8D5A, 0x8D5A, 0x8D5A, 0x8D5A, 0x8D7A,
    0x8D7A, 0x8D7B, 0x8D9B, 0x95BC, 0x95BC, 0x95BC, 0x95BC, 0x95BC, 0x95BC, 0x95BC, 0x95BC, 0x8DBC, 0x8DBC, 0x95BC, 0x95BC, 0x95BC,
    0x8DBC, 0x95BC, 0x95BC, 0x95BC, 0x95BC, 0x95BC, 0x95DD, 0x95DD, 0x95DD, 0x95DD, 0x95DD, 0x95FD, 0x95FD, 0x95FD, 0x95FE, 0x95FE,
    0x95FE, 0x961E, 0x963F, 0xAEBF, 0xCF7F, 0xE7DF, 0xE7BF, 0xBF3F, 0xA69F, 0x965F, 0x9E5F, 0x9E5F, 0xA65F, 0xA65F, 0xA65F, 0xA65E,
    0x9E5E, 0x9E5E, 0x9E3E, 0x9E3E, 0x9E3E, 0x9E3E, 0x9E1D, 0x9E1D, 0x9E1D, 0x9E1C, 0x961C, 0x9E1C, 0x9DFD, 0xA5FD, 0xA5FC, 0x95DB,
    0x8DBA, 0x8E18, 0x8DD9, 0x8D9A, 0x8DBA, 0x8D9A, 0x8CBE, 0x8C5F, 0x8C5F, 0x8C5F, 0x8C5F, 0x8C5F, 0x8C5F, 0x8C5F, 0x8C5F, 0x8C5F,
    0x8C5F, 0x8C5F, 0x8C5F, 0x8C5F, 0x8C5F, 0x8C5F, 0x8C5F, 0x8C5F, 0x8C5F, 0x8C5D, 0x8C52, 0x8C51, 0x8C51, 0x8C51, 0x8C51, 0x8C51,
    0x8C51, 0x8C51, 0x8C51, 0x8C51, 0x8C52, 0x8C56, 0x8C5E, 0x8C52, 0x8C51, 0x8C51, 0x8C51, 0x8C51, 0x8C51, 0x8C51, 0x8C51, 0x8C51,
    0x8C51, 0x8C51, 0x8C51, 0x8C51, 0x8C51, 0x8C51, 0x8C51, 0x8C51, 0x8C51, 0x8C51, 0x8C5C, 0x8C5F, 0x8C5F, 0x8C5F, 0x8C5F, 0x8C5F,
    0x8C5F, 0x8C5F, 0x8C5F, 0x8C5F, 0x8C5F, 0x8C5F, 0x8C5F, 0x8C5F, 0x8C5F, 0x8C5F, 0x8C5F, 0x8C5F, 0x8C5F, 0x8C5F, 0x8C5F, 0x8C5F,
    0x8C5F, 0x8C5F, 0x8C5F, 0x8C5F, 0x8C5F, 0x8C5F, 0x8C5F, 0x8C5F, 0x8C5F, 0x8C5F, 0x8C5F, 0x8C5F, 0x8C5F, 0x8C5F, 0x8C5C, 0x8C5F,
    0x8C5F, 0x8C5F, 0x8C5F, 0x8C5B, 0x8C57, 0x8C5B, 0x8C5F, 0x8D1F, 0x8C9F, 0x8C5F, 0x8C5F, 0x8C5F, 0x8C5F, 0x8C5F, 0x8C5F, 0x8C5F,
    0x8C5F, 0x8C7F, 0x8D3C, 0x8D1F, 0x8CDC, 0x8D5F, 0x8C5F, 0x8C5F, 0x8C5F, 0x8C5F, 0x8C5F, 0x8C5F, 0x8C5F, 0x8C7F, 0x8CBF, 0x8C5F,
    0x8C5F, 0x8C5F, 0x8C5F, 0x8C5F, 0x8C7F, 0x8D5F, 0x8C5F, 0x8C9E, 0x8CBE, 0x8CBF, 0x8C5F, 0x8C5F, 0x8C5F, 0x8C5F, 0x8C5F, 0x8C5F,
    0x8C5F, 0x8C5F, 0x8C7B, 0x8C5F, 0x8C5F, 0x8C5F, 0x8C5F, 0x8C5F, 0x8C5F, 0x8C5F, 0x8CDE, 0x8C5F, 0x8C5F, 0x8C5F, 0x8C5F, 0x8C5F,
    0x8C7F, 0x8C5F, 0x8D3C, 0x8DDB, 0x95FC, 0x95DC, 0x8DDD, 0x8DDD, 0x963E, 0x9E5F, 0x961E, 0x8DDD, 0x8DBC, 0x8DBB, 0x8D9A, 0x8D7B,
    0x8D1C, 0x8D1C, 0x8C7C, 0x8C5F, 0x8C5F, 0x8C5F, 0x8C5F, 0x8CBE, 0x8C5F, 0x8C7F, 0x8CDE, 0x8C7F, 0x8C5F, 0x8C5F, 0x8C5F, 0x8C5F,
    0x8C5F, 0x8C5F, 0x8CFD, 0x8CBE, 0x8CDD, 0x8D3C, 0x8D9B, 0x8DBB, 0x8DBC, 0x8DBC, 0x8DDD, 0x95FE, 0x963E, 0x963F, 0x963E, 0x95FD,
    0x8DBC, 0x8D9C, 0x8D9B, 0x8D9B, 0x8D9B, 0x8D9B, 0x8D9B, 0x8D9B, 0x8D9B, 0x8D7B, 0x8D7A, 0x8D7A, 0x8D7A, 0x8D7A, 0x8D7A, 0x8D5A,
    0x8D5A, 0x8D5A, 0x8D59, 0x8D59, 0x8D59, 0x8D59, 0x8D59, 0x8D59, 0x8D59, 0x8D59, 0x8D59, 0x8D59, 0x8D59, 0x8D39, 0x8D39, 0x8D39,
    0x8D39, 0x8D39, 0x8D39, 0x8D39, 0x8D39, 0x8D39, 0x8D39, 0x8D39, 0x8D39, 0x8D39, 0x8D39, 0x8D39, 0x8D39, 0x8D39, 0x8D39, 0x8D39,
    0x8D39, 0x8D39, 0x8D39, 0x8D39, 0x8D39, 0x8D39, 0x8D39, 0x8D39, 0x8D39, 0x8D39, 0x8D39, 0x8D39, 0x8D39, 0x8D39, 0x8D39, 0x8D39,
    0x8D39, 0x8D39, 0x8D39, 0x8D39, 0x8D39, 0x8D39, 0x8D39, 0x8D39, 0x8D39, 0x8D39, 0x8D39, 0x8D39, 0x8D39, 0x8D39, 0x8D39, 0x8D39,
    0x8D39, 0x8D39, 0x8D39, 0x8D39, 0x8D39, 0x8D39, 0x8D39, 0x8D39, 0x8D39, 0x8D59, 0x8D39, 0x8D39, 0x8D39, 0x8D39, 0x8D39, 0x8D39,
    0x8D39, 0x8D39, 0x8D59, 0x8D59, 0x8D5A, 0x8D5A, 0x8D59, 0x8D59, 0x8D59, 0x8D59, 0x8D59, 0x8D59, 0x8D59, 0x8D59, 0x8D59, 0x8D5A,
    0x8D5A, 0x8D5A, 0x8D5A, 0x8D5A, 0x8D5A, 0x8D5A, 0x8D5A, 0x8D5A, 0x8D5A, 0x8D5A, 0x8D5A, 0x8D5A, 0x8D5A, 0x8D5A, 0x8D5A, 0x8D5A,
    0x8D5A, 0x8D5A, 0x8D5A, 0x8D5A, 0x8D5A, 0x8D5A, 0x8D5A, 0x8D5A, 0x8D5A, 0x8D5A, 0x8D5A, 0x8D5A, 0x8D5A, 0x8D7B, 0x8D9B, 0x95BC,
    0x95BC, 0x95BC, 0x95BC, 0x95BC, 0x95BC, 0x8DBC, 0x8DBC, 0x95BC, 0x8DBC, 0x8DBC, 0x8DBC, 0x95BC, 0x95BC, 0x95BC, 0x95BC, 0x95BC,
    0x95DC, 0x95DD, 0x95DD, 0x95DD, 0x95DD, 0x95DD, 0x95DD, 0x95DD, 0x95FD, 0x95FD, 0x95FE, 0x95FE, 0x961E, 0x961E, 0x963F, 0xA69F,
    0xBEFF, 0xD79F, 0xDFDF, 0xCF7F, 0xAEDF, 0x9E5F, 0x9E5F, 0x9E5F, 0x9E7F, 0xA65F, 0xA67F, 0x9E5E, 0x9E5E, 0x9E5E, 0x9E3E, 0x9E3E,
    0x9E3E, 0x9E3E, 0x9E3D, 0x9E1D, 0x9E1D, 0x9E1D, 0x961C, 0x9E1C, 0x9DFD, 0x9E1C, 0x9DDB, 0x95DA, 0x8DDA, 0x8DDB, 0x8DFA, 0x8DF9,
    0x8DF9, 0x8D7B, 0x8CBE, 0x8C5F, 0x8C5F, 0x8C5F, 0x8C5F, 0x8C5F, 0x8C5F, 0x8C5F, 0x8C5F, 0x8C5F, 0x8C5F, 0x8C5F, 0x8C5F, 0x8C5F,
    0x8C5F, 0x8C5F, 0x8C5F, 0x8C5F, 0x8C5D, 0x8C52, 0x8C51, 0x8C51, 0x8C51, 0x8C51, 0x8C51, 0x8C51, 0x8C54, 0x8C59, 0x8C5D, 0x8C5F,
    0x8C5F, 0x8C52, 0x8C51, 0x8C51, 0x8C51, 0x8C51, 0x8C51, 0x8C51, 0x8C51, 0x8C51, 0x8C51, 0x8C51, 0x8C51, 0x8C51, 0x8C51, 0x8C51,
    0x8C51, 0x8C51, 0x8C51, 0x8C51, 0x8C5C, 0x8C5F, 0x8C5F, 0x8C5F, 0x8C5F, 0x8C5F, 0x8C5F, 0x8C5F, 0x8C5F, 0x8C5F, 0x8C5F, 0x8C5F,
    0x8C5F, 0x8C5F, 0x8C5F, 0x8C5F, 0x8C5F, 0x8C5F, 0x8C5F, 0x8C5F, 0x8C5F, 0x8C5F, 0x8C5F, 0x8C5F, 0x8C5F, 0x8C5F, 0x8C5F, 0x8C5F,
    0x8C5F, 0x8C5F, 0x8C5F, 0x8C5F, 0x8C5F, 0x8C5F, 0x8C5F, 0x8C5F, 0x8C5C, 0x8C5F, 0x8C5F, 0x8C5F, 0x8C5F, 0x8C5B, 0x8C57, 0x8C5B,
    0x8C5F, 0x8D1F, 0x8C9F, 0x8C5F, 0x8C5F, 0x8C5F, 0x8C5F, 0x8C5F, 0x8C5F, 0x8C5F, 0x8C5F, 0x8C7F, 0x8D3C, 0x8D1F, 0x8CDC, 0x8D5F,
    0x8C5F, 0x8C5F, 0x8C5F, 0x8C5F, 0x8C5F, 0x8C5F, 0x8C5F, 0x8C7F, 0x8CBF, 0x8C5F, 0x8C5F, 0x8C5F, 0x8C5F, 0x8C5F, 0x8C7F, 0x8D5F,
    0x8C5F, 0x8C9E, 0x8CBE, 0x8CBF, 0x8C5F, 0x8C5F, 0x8C5F, 0x8C5F, 0x8C5F, 0x8C5F, 0x8C5F, 0x8C5F, 0x8C7B, 0x8C5F, 0x8C5F, 0x8C5F,
    0x8C5F, 0x8C5F, 0x8C5F, 0x8C5F, 0x8CDE, 0x8C5F, 0x8C5F, 0x8C5F, 0x8C5F, 0x8C9E, 0x8D5C, 0x8D9C, 0x8DFC, 0x95DC, 0x8DDD, 0x95FE,
    0x9E5F, 0x9E5F, 0x961E, 0x8DDD, 0x8DBC, 0x8DBC, 0x8DBB, 0x8D7B, 0x8CFD, 0x8CBE, 0x8C7E, 0x8D1B, 0x8C7C, 0x8C5F, 0x8C5F, 0x8C5F,
    0x8C5F, 0x8CBE, 0x8C5F, 0x8C7F, 0x8CDE, 0x8C7F, 0x8C5F, 0x8C5F, 0x8C5F, 0x8C5F, 0x8C7F, 0x8CBE, 0x8D5B, 0x8D7B, 0x8DBA, 0x8DBB,
    0x8DBC, 0x8DBC, 0x8DDD, 0x961E, 0x9E5F, 0x9E5F, 0x95FE, 0x8DBD, 0x8D9C, 0x8D9B, 0x8D9B, 0x8D9B, 0x8D9B, 0x8D9B, 0x8D9B, 0x8D7B,
    0x8D7B, 0x8D7A, 0x8D7A, 0x8D7A, 0x8D7A, 0x8D5A, 0x8D5A, 0x8D5A, 0x8D5A, 0x8D59, 0x8D59, 0x8D59, 0x8D59, 0x8D59, 0x8D59, 0x8D39,
    0x8D39, 0x8D39, 0x8D39, 0x8D39, 0x8D39, 0x8D39, 0x8D39, 0x8D39, 0x8D39, 0x8D39, 0x8D39, 0x8D39, 0x8D39, 0x8D39, 0x8D39, 0x8D39,
    0x8D39, 0x8D39, 0x8D39, 0x8D39, 0x8D39, 0x8D39, 0x8D39, 0x8D39, 0x8D38, 0x8D38, 0x8D39, 0x8D39, 0x8D39, 0x8D39, 0x8D39, 0x8D39,
    0x8D39, 0x8D39, 0x8D39, 0x8D39, 0x8D39, 0x8D39, 0x8D39, 0x8D39, 0x8D39, 0x8D39, 0x8D39, 0x8D39, 0x8D39, 0x8D39, 0x8D39, 0x8D39,
    0x8D39, 0x8D39, 0x8D39, 0x8D39, 0x8D39, 0x8D39, 0x8D39, 0x8D39, 0x8D39, 0x8D39, 0x8D39, 0x8D39, 0x8D39, 0x8D39, 0x8D39, 0x8D39,
    0x8D39, 0x8D39, 0x8D39, 0x8D39, 0x8D39, 0x8D39, 0x8D39, 0x8D39, 0x8D39, 0x8D39, 0x8D39, 0x8D39, 0x8D39, 0x8D59, 0x8D59, 0x8D59,
    0x8D59, 0x8D59, 0x8D39, 0x8D39, 0x8D39, 0x8D39, 0x8D59, 0x8D59, 0x8D59, 0x8D59, 0x8D59, 0x8D59, 0x8D59, 0x8D59, 0x8D5A, 0x8D5A,
    0x8D5A, 0x8D5A, 0x8D5A, 0x8D5A, 0x8D5A, 0x8D5A, 0x8D5A, 0x8D5A, 0x8D5A, 0x8D5A, 0x8D5A, 0x8D5A, 0x8D5A, 0x8D5A, 0x8D5A, 0x8D5A,
    0x8D5A, 0x8D5A, 0x8D5A, 0x8D5A, 0x8D5A, 0x8D5A, 0x8D5A, 0x8D5A, 0x8D5A, 0x8D7A, 0x8D7A, 0x8D9B, 0x95BC, 0x95BC, 0x95BC, 0x95BC,
    0x95BC, 0x95BC, 0x8DBC, 0x8DBC, 0x8DBC, 0x95BC, 0x95BC, 0x95BC, 0x95BC, 0x95BC, 0x95BC, 0x95DC, 0x95DC, 0x95DD, 0x95DD, 0x95DD,
    0x95DD, 0x95DD, 0x95DD, 0x95DD, 0x95FD, 0x95FD, 0x95FE, 0x95FE, 0x961E, 0x961E, 0x95FF, 0x963F, 0xAEDF, 0xD79F, 0xE7DF, 0xD79F,
    0xB6FF, 0x9E7F, 0x9E5F, 0x9E5F, 0x9E7F, 0x9E7F, 0x9E5F, 0x9E5E, 0x9E5E, 0x9E5E, 0x9E5E, 0x9E3E, 0x9E3E, 0x9E3E, 0x9E3E, 0x9E1D,
    0x9E1D, 0x9E1D, 0x961C, 0x9E1D, 0xA61D, 0xA5FC, 0xA5FC, 0x9DFC, 0x95FC, 0x8DFC, 0x8DBB, 0x8DDA, 0x8DD9, 0x8D1D, 0x8C5F, 0x8C5F,
    0x8C5F, 0x8C5F, 0x8C5F, 0x8C5F, 0x8C5F, 0x8C5F, 0x8C5F, 0x8C5F, 0x8C5F, 0x8C5F, 0x8C5F, 0x8C5F, 0x8C5F, 0x8C5F, 0x8C5F, 0x8C5D,
    0x8C55, 0x8C51, 0x8C51, 0x8C52, 0x8C53, 0x8C59, 0x8C5F, 0x8C5F, 0x8C5F, 0x8C5F, 0x8C5F, 0x8C52, 0x8C51, 0x8C51, 0x8C51, 0x8C51,
    0x8C51, 0x8C51, 0x8C51, 0x8C51, 0x8C51, 0x8C51, 0x8C51, 0x8C51, 0x8C51, 0x8C51, 0x8C51, 0x8C51, 0x8C51, 0x8C51, 0x8C5C, 0x8C5F,
    0x8C5F, 0x8C5F, 0x8C5F, 0x8C5F, 0x8C5F, 0x8C5F, 0x8C5F, 0x8C5F, 0x8C5F, 0x8C5F, 0x8C5F, 0x8C5F, 0x8C5F, 0x8C5F, 0x8C5F, 0x8C5F,
    0x8C5F, 0x8C5F, 0x8C5F, 0x8C5F, 0x8C5F, 0x8C5F, 0x8C5F, 0x8C5F, 0x8C5F, 0x8C5F, 0x8C5F, 0x8C5F, 0x8C5F, 0x8C5F, 0x8C5F, 0x8C5F,
    0x8C5F, 0x8C5F, 0x8C5C, 0x8C5F, 0x8C5F, 0x8C5F, 0x8C5F, 0x8C5B, 0x8C57, 0x8C5B, 0x8C5F, 0x8D1F, 0x8C9F, 0x8C5F, 0x8C5F, 0x8C5F,
    0x8C5F, 0x8C5F, 0x8C5F, 0x8C5F, 0x8C5F, 0x8C7F, 0x8D3C, 0x8D1F, 0x8CDC, 0x8D5F, 0x8C5F, 0x8C5F, 0x8C5F, 0x8C5F, 0x8C5F, 0x8C5F,
    0x8C5F, 0x8C7F, 0x8CBF, 0x8C5F, 0x8C5F, 0x8C5F, 0x8C5F, 0x8C5F, 0x8C7F, 0x8D5F, 0x8C5F, 0x8C9E, 0x8CBE, 0x8CBF, 0x8C5F, 0x8C5F,
    0x8C5F, 0x8C5F, 0x8C5F, 0x8C5F, 0x8C5F, 0x8C5F, 0x8C7B, 0x8C5F, 0x8C5F, 0x8C5F, 0x8C5F, 0x8C5F, 0x8C5F, 0x8C5F, 0x8CBE, 0x8C5F,
    0x8C5F, 0x8CBE, 0x8D3D, 0x8DDB, 0x95FC, 0x95DC, 0x8DDD, 0x8DFD, 0x963E, 0xA69F, 0x9E5F, 0x8DDD, 0x8DBC, 0x95BC, 0x8DBB, 0x8DBB,
    0x8D7B, 0x8C7F, 0x8C5F, 0x8CBE, 0x8C9E, 0x8D1B, 0x8C7C, 0x8C5F, 0x8C5F, 0x8C5C, 0x8C5F, 0x8CBE, 0x8C5F, 0x8C7F, 0x8CDE, 0x8C7F,
    0x8C5F, 0x8C5F, 0x8C5F, 0x8D1D, 0x8D9A, 0x8D9A, 0x8DBB, 0x8D9B, 0x8D9C, 0x8DBC, 0x8DDD, 0x961E, 0x963F, 0x961E, 0x8DDD, 0x8DBC,
    0x8D9B, 0x8D9B, 0x8D9B, 0x8D9B, 0x8D9B, 0x8D7B, 0x8D7B, 0x8D7A, 0x8D7A, 0x8D7A, 0x8D7A, 0x8D7A, 0x8D7A, 0x8D5A, 0x8D5A, 0x8D59,
    0x8D59, 0x8D59, 0x8D59, 0x8D59, 0x8D59, 0x8D59, 0x8D59, 0x8D39, 0x8D39, 0x8D39, 0x8D39, 0x8D39, 0x8D39, 0x8D39, 0x8D39, 0x8D39,
    0x8D39, 0x8D39, 0x8D39, 0x8D39, 0x8D38, 0x8D38, 0x8D39, 0x8D38, 0x8D18, 0x8D38, 0x8D38, 0x8D38, 0x8D39, 0x8D38, 0x8D38, 0x8D38,
    0x8D38, 0x8D38, 0x8D18, 0x8D18, 0x8D38, 0x8D38, 0x8D39, 0x8D39, 0x8D38, 0x8D39, 0x8D39, 0x8D39, 0x8D39, 0x8D38, 0x8D39, 0x8D39,
    0x8D39, 0x8D39, 0x8D39, 0x8D39, 0x8D39, 0x8D39, 0x8D39, 0x8D39, 0x8D39, 0x8D39, 0x8D39, 0x8D39, 0x8D39, 0x8D39, 0x8D39, 0x8D39,
    0x8D39, 0x8D39, 0x8D39, 0x8D39, 0x8D39, 0x8D39, 0x8D39, 0x8D39, 0x8D39, 0x8D39, 0x8D39, 0x8D39, 0x8D39, 0x8D39, 0x8D39, 0x8D39,
    0x8D39, 0x8D39, 0x8D39, 0x8D39, 0x8D39, 0x8D39, 0x8D39, 0x8D39, 0x8D39, 0x8D39, 0x8D59, 0x8D39, 0x8D39, 0x8D39, 0x8D39, 0x8D39,
    0x8D39, 0x8D59, 0x8D59, 0x8D39, 0x8D39, 0x8D59, 0x8D59, 0x8D59, 0x8D59, 0x8D59, 0x8D5A, 0x8D5A, 0x8D5A, 0x8D5A, 0x8D5A, 0x8D5A,
    0x8D5A, 0x8D5A, 0x8D5A, 0x8D5A, 0x8D5A, 0x8D5A, 0x8D5A, 0x8D5A, 0x8D5A, 0x8D5A, 0x8D5A, 0x8D5A, 0x8D5A, 0x8D5A, 0x8D5A, 0x8D5A,
    0x8D5A, 0x8D5A, 0x8D5A, 0x8D5A, 0x8D5A, 0x8D5A, 0x8D7A, 0x8D7B, 0x8D9B, 0x95BC, 0x95BC, 0x95BC, 0x95BC, 0x8DBC, 0x8DBC, 0x8DBC,
    0x8DBC, 0x95BC, 0x95BC, 0x95BC, 0x95BC, 0x95BC, 0x95BC, 0x95BC, 0x95DC, 0x95DC, 0x95DD, 0x95DD, 0x95DD, 0x95DD, 0x95DD, 0x95DD,
    0x95DD, 0x95FD, 0x95FD, 0x95FE, 0x961E, 0x961E, 0x961E, 0x963F, 0x9E7F, 0xBF3F, 0xDFBF, 0xDFBF, 0xBF1F, 0x9E7F, 0x965F, 0x9E5F,
    0x9E7F, 0x9E7F, 0x9E5F, 0x9E5E, 0x9E5E, 0x9E5E, 0x9E5E, 0x9E5E, 0x9E3E, 0x9E3E, 0x9E3E, 0x9E1E, 0x9E1D, 0x9E1D, 0x961C, 0x961C,
    0x9DFC, 0x9DFC, 0x9DFC, 0x9DFC, 0x95FC, 0x8DFC, 0x8DDB, 0x8DF9, 0x8D5B, 0x8C5F, 0x8C5F, 0x8C5F, 0x8C5F, 0x8C5F, 0x8C5F, 0x8C5F,
    0x8C5F, 0x8C5F, 0x8C5F, 0x8C5F, 0x8C5F, 0x8C5F, 0x8C5F, 0x8C5F, 0x8C5F, 0x8C5F, 0x8C5F, 0x8C5D, 0x8C5E, 0x8C5E, 0x8C5F, 0x8C5F,
    0x8C5F, 0x8C5F, 0x8C5F, 0x8C5F, 0x8C5F, 0x8C52, 0x8C51, 0x8C51, 0x8C51, 0x8C51, 0x8C51, 0x8C51, 0x8C51, 0x8C51, 0x8C51, 0x8C51,
    0x8C51, 0x8C51, 0x8C51, 0x8C51, 0x8C51, 0x8C51, 0x8C51, 0x8C51, 0x8C5C, 0x8C5F, 0x8C5F, 0x8C5F, 0x8C5F, 0x8C5F, 0x8C5F, 0x8C5F,
    0x8C5F, 0x8C5F, 0x8C5F, 0x8C5F, 0x8C5F, 0x8C5F, 0x8C5F, 0x8C5F, 0x8C5F, 0x8C5F, 0x8C5F, 0x8C5F, 0x8C5F, 0x8C5F, 0x8C5F, 0x8C5F,
    0x8C5F, 0x8C5F, 0x8C5F, 0x8C5F, 0x8C5F, 0x8C5F, 0x8C5F, 0x8C5F, 0x8C5F, 0x8C5F, 0x8C5F, 0x8C5F, 0x8C5C, 0x8C5F, 0x8C5F, 0x8C5F,
    0x8C5F, 0x8C5B, 0x8C57, 0x8C5B, 0x8C5F, 0x8D1F, 0x8C9F, 0x8C5F, 0x8C5F, 0x8C5F, 0x8C5F, 0x8C5F, 0x8C5F, 0x8C5F, 0x8C5F, 0x8C7F,
    0x8D3C, 0x8D1F, 0x8CDC, 0x8D5F, 0x8C5F, 0x8C5F, 0x8C5F, 0x8C5F, 0x8C5F, 0x8C5F, 0x8C5F, 0x8C7F, 0x8CBF, 0x8C5F, 0x8C5F, 0x8C5F,
    0x8C5F, 0x8C5F, 0x8C7F, 0x8D5F, 0x8C5F, 0x8C9E, 0x8CBE, 0x8CBF, 0x8C5F, 0x8C5F, 0x8C5F, 0x8C5F, 0x8C5F, 0x8C5F, 0x8C5F, 0x8C5F,
    0x8C7B, 0x8C5F, 0x8C5F, 0x8C5F, 0x8C5F, 0x8C5F, 0x8C5F, 0x8C5F, 0x8CBE, 0x8CDD, 0x8D9B, 0x8DDC, 0x95FC, 0x95DD, 0x8DDD, 0x8DFE,
    0x9E3F, 0xA69F, 0x963F, 0x95FD, 0x8DDC, 0x95BC, 0x95DB, 0x8DBB, 0x8D5C, 0x8C9E, 0x8C5F, 0x8C5F, 0x8C7F, 0x8CBE, 0x8C9E, 0x8D1C,
    0x8C7C, 0x8C5F, 0x8C5B, 0x8C51, 0x8C5F, 0x8CBE, 0x8C5F, 0x8C7F, 0x8CBE, 0x8C5F, 0x8C7F, 0x8CDD, 0x8D7B, 0x8D9A, 0x8D9B, 0x8D9B,
    0x8DBC, 0x8DDD, 0x961E, 0x961E, 0x961E, 0x95DD, 0x8DBC, 0x8D9C, 0x8D9B, 0x8D9B, 0x8D9B, 0x8D9B, 0x8D9B, 0x8D7B, 0x8D9A, 0x8D7A,
    0x8D7A, 0x8D7A, 0x8D7A, 0x8D5A, 0x8D5A, 0x8D5A, 0x8D59, 0x8D59, 0x8D59, 0x8D59, 0x8D59, 0x8D59, 0x8D59, 0x8D59, 0x8D39, 0x8D39,
    0x8D39, 0x8D39, 0x8D39, 0x8D39, 0x8D38, 0x8D38, 0x8D38, 0x8D38, 0x8D38, 0x8D38, 0x8D38, 0x8D38, 0x8D38, 0x8D38, 0x8D18, 0x8D18,
    0x8D18, 0x8D18, 0x8D18, 0x8D18, 0x8D38, 0x8D38, 0x8D38, 0x8D38, 0x8D38, 0x8D38, 0x8D38, 0x8D38, 0x8D18, 0x8D18, 0x8D18, 0x8D38,
    0x8D38, 0x8D38, 0x8D38, 0x8D38, 0x8D38, 0x8D38, 0x8D38, 0x8D38, 0x8D38, 0x8D39, 0x8D39, 0x8D19, 0x8D39, 0x8D39, 0x8D39, 0x8D39,
    0x8D39, 0x8D39, 0x8D39, 0x8D39, 0x8D39, 0x8D39, 0x8D39, 0x8D39, 0x8D39, 0x8D39, 0x8D39, 0x8D39, 0x8D39, 0x8D39, 0x8D39, 0x8D39,
    0x8D39, 0x8D39, 0x8D39, 0x8D39, 0x8D39, 0x8D39, 0x8D39, 0x8D39, 0x8D39, 0x8D39, 0x8D39, 0x8D39, 0x8D39, 0x8D39, 0x8D39, 0x8D39,
    0x8D39, 0x8D39, 0x8D39, 0x8D39, 0x8D59, 0x8D39, 0x8D39, 0x8D39, 0x8D39, 0x8D59, 0x8D39, 0x8D39, 0x8D39, 0x8D39, 0x8D39, 0x8D39,
    0x8D39, 0x8D59, 0x8D59, 0x8D59, 0x8D59, 0x8D59, 0x8D5A, 0x8D59, 0x8D59, 0x8D5A, 0x8D5A, 0x8D5A, 0x8D5A, 0x8D5A, 0x8D5A, 0x8D5A,
    0x8D5A, 0x8D5A, 0x8D5A, 0x8D5A, 0x8D5A, 0x8D5A, 0x8D5A, 0x8D5A, 0x8D5A, 0x8D5A, 0x8D5A, 0x8D5A, 0x8D5A, 0x8D5A, 0x8D5A, 0x8D5A,
    0x8D5A, 0x8D5A, 0x8D5A, 0x8D7A, 0x8D7B, 0x8D9B, 0x95BC, 0x95BC, 0x8DBC, 0x8DBC, 0x8DBC, 0x8DBC, 0x95BC, 0x95BC, 0x95BC, 0x95BC,
    0x95BC, 0x95BC, 0x95BC, 0x95BC, 0x95BC, 0x95DD, 0x95DD, 0x95DD, 0x95DD, 0x95DD, 0x95DD, 0x95DD, 0x95FD, 0x95FD, 0x95FE, 0x961E,
    0x961E, 0x961E, 0x961E, 0x961F, 0x9E5F, 0xB6FF, 0xD79F, 0xDFBF, 0xCF5F, 0xA6BF, 0x965F, 0x9E5F, 0x9E5F, 0x9E7F, 0x9E7F, 0x9E5E,
    0x9E5E, 0x9E5E, 0x9E5E, 0x9E3E, 0x9E3E, 0x9E3E, 0x9E3E, 0x9E1D, 0x9E1D, 0x9E1D, 0x9E1C, 0x961C, 0x961C, 0x9E1B, 0x9DFC, 0x9DFC,
    0x95FC, 0x8DFB, 0x8DD9, 0x8DBA, 0x8D7B, 0x8C9E, 0x8C5F, 0x8C5F, 0x8C5F, 0x8C5F, 0x8C5F, 0x8C5F, 0x8C5F, 0x8C5F, 0x8C5F, 0x8C5F,
    0x8C5F, 0x8C5F, 0x8C5F, 0x8C5F, 0x8C5F, 0x8C5F, 0x8C5F, 0x8C5F, 0x8C5F, 0x8C5F, 0x8C5F, 0x8C5F, 0x8C5F, 0x8C5F, 0x8C5E, 0x8C52,
    0x8C51, 0x8C51, 0x8C51, 0x8C51, 0x8C51, 0x8C51, 0x8C51, 0x8C51, 0x8C51, 0x8C51, 0x8C51, 0x8C51, 0x8C51, 0x8C51, 0x8C51, 0x8C51,
    0x8C51, 0x8C51, 0x8C5C, 0x8C5F, 0x8C5F, 0x8C5F, 0x8C5F, 0x8C5F, 0x8C5F, 0x8C5F, 0x8C5F, 0x8C5F, 0x8C5F, 0x8C5F, 0x8C5F, 0x8C5F,
    0x8C5F, 0x8C5F, 0x8C5F, 0x8C5F, 0x8C5F, 0x8C5F, 0x8C5F, 0x8C5F, 0x8C5F, 0x8C5F, 0x8C5F, 0x8C5F, 0x8C5F, 0x8C5F, 0x8C5F, 0x8C5F,
    0x8C5F, 0x8C5F, 0x8C5F, 0x8C5F, 0x8C5F, 0x8C5F, 0x8C5C, 0x8C5F, 0x8C5F, 0x8C5F, 0x8C5F, 0x8C5B, 0x8C57, 0x8C5B, 0x8C5F, 0x8D1F,
    0x8C9F, 0x8C5F, 0x8C5F, 0x8C5F, 0x8C5F, 0x8C5F, 0x8C5F, 0x8C5F, 0x8C5F, 0x8C7F, 0x8D3C, 0x8D1F, 0x8CDC, 0x8D5F, 0x8C5F, 0x8C5F,
    0x8C5F, 0x8C5F, 0x8C5F, 0x8C5F, 0x8C5F, 0x8C7F, 0x8CBF, 0x8C5F, 0x8C5F, 0x8C5F, 0x8C5F, 0x8C5F, 0x8C7F, 0x8D5F, 0x8C5F, 0x8C9E,
    0x8CBE, 0x8CBF, 0x8C5F, 0x8C5F, 0x8C5F, 0x8C5F, 0x8C5F, 0x8C5F, 0x8C5F, 0x8C5F, 0x8C7B, 0x8C5F, 0x8C5F, 0x8C5F, 0x8C5F, 0x8C5F,
    0x8C5F, 0x8CBE, 0x8D9B, 0x8DDB, 0x95DC, 0x95DD, 0x8DDD, 0x95FE, 0x9E5F, 0x9E7F, 0x9E5F, 0x8DFE, 0x8DDD, 0x95DC, 0x8DDB, 0x8DBB,
    0x8D3C, 0x8D1C, 0x8C7F, 0x8C5F, 0x8C5F, 0x8C5F, 0x8C7F, 0x8CBE, 0x8C9F, 0x8D1A, 0x8C57, 0x8C56, 0x8C51, 0x8C51, 0x8C5F, 0x8CBE,
    0x8C5F, 0x8C7F, 0x8D1C, 0x8D1C, 0x8D7B, 0x8D9A, 0x8D9B, 0x8D9B, 0x8DBC, 0x95FD, 0x961E, 0x963E, 0x95FE, 0x8DBD, 0x8D9C, 0x8D9B,
    0x8D9B, 0x8D9B, 0x8D9B, 0x8D9B, 0x8D9B, 0x8D7A, 0x8D7A, 0x8D7A, 0x8D7A, 0x8D7A, 0x8D7A, 0x8D7A, 0x8D5A, 0x8D59, 0x8D59, 0x8D59,
    0x8D59, 0x8D59, 0x8D59, 0x8D59, 0x8D59, 0x8D59, 0x8D59, 0x8D39, 0x8D38, 0x8D38, 0x8D38, 0x8D38, 0x8D38, 0x8D38, 0x8D38, 0x8D38,
    0x8D38, 0x8D18, 0x8D18, 0x8D18, 0x8D18, 0x8D38, 0x8D18, 0x8D38, 0x8D18, 0x8D18, 0x8D18, 0x8D18, 0x8D18, 0x8D18, 0x8D18, 0x8D18,
    0x8D18, 0x8D18, 0x8D18, 0x8D18, 0x8D18, 0x8D18, 0x8D18, 0x8D18, 0x8D38, 0x8D18, 0x8D18, 0x8D18, 0x8D38, 0x8D18, 0x8D18, 0x8D38,
    0x8D38, 0x8D38, 0x8D38, 0x8D38, 0x8D38, 0x8D18, 0x8D18, 0x8D38, 0x8D39, 0x8D38, 0x8D39, 0x8D39, 0x8D19, 0x8D38, 0x8D39, 0x8D38,
    0x8D38, 0x8D38, 0x8D39, 0x8D39, 0x8D39, 0x8D39, 0x8D39, 0x8D39, 0x8D39, 0x8D39, 0x8D39, 0x8D39, 0x8D39, 0x8D39, 0x8D39, 0x8D39,
    0x8D39, 0x8D39, 0x8D39, 0x8D39, 0x8D39, 0x8D39, 0x8D39, 0x8D39, 0x8D39, 0x8D39, 0x8D39, 0x8D39, 0x8D39, 0x8D39, 0x8D39, 0x8D39,
    0x8D39, 0x8D39, 0x8D39, 0x8D39, 0x8D39, 0x8D39, 0x8D39, 0x8D39, 0x8D39, 0x8D39, 0x8D39, 0x8D39, 0x8D39, 0x8D39, 0x8D39, 0x8D59,
    0x8D59, 0x8D59, 0x8D59, 0x8D5A, 0x8D5A, 0x8D59, 0x8D59, 0x8D59, 0x8D59, 0x8D59, 0x8D59, 0x8D5A, 0x8D5A, 0x8D5A, 0x8D5A, 0x8D5A,
    0x8D5A, 0x8D5A, 0x8D5A, 0x8D5A, 0x8D5A, 0x8D5A, 0x8D5A, 0x8D5A, 0x8D5A, 0x8D5A, 0x8D5A, 0x8D5A, 0x8D5A, 0x8D5A, 0x8D5A, 0x8D5A,
    0x8D7A, 0x8D9B, 0x8D9C, 0x8DBC, 0x95BC, 0x95BC, 0x95BC, 0x95BC, 0x95BC, 0x95BC, 0x95BC, 0x95BC, 0x95BC, 0x95BC, 0x95BC, 0x95BC,
    0x95BC, 0x95BC, 0x95DD, 0x95DD, 0x95DD, 0x95DD, 0x95DD, 0x95DD, 0x95FD, 0x95FD, 0x95FD, 0x95FE, 0x961E, 0x961E, 0x961E, 0x961F,
    0x963F, 0xAEBF, 0xCF7F, 0xDFBF, 0xCF7F, 0xB6DF, 0x9E5F, 0x965F, 0x9E5F, 0x9E7F, 0x9E7F, 0xA65E, 0x9E5E, 0x9E3E, 0x9E3E, 0x9E3E,
    0x9E3E, 0x9E3E, 0x9E3E, 0x9E1D, 0x9E1D, 0x9E1D, 0x9E1D, 0x961C, 0x961C, 0x9E1C, 0xA5FC, 0x9E1C, 0x95DC, 0x8DDA, 0x8DF9, 0x8DB9,
    0x8CFD, 0x8CFD, 0x8CBE, 0x8C9F, 0x8C5F, 0x8C5F, 0x8C5F, 0x8C5F, 0x8C5F, 0x8C5F, 0x8C5F, 0x8C5F, 0x8C5F, 0x8C5F, 0x8C5F, 0x8C5F,
    0x8C5F, 0x8C5F, 0x8C5F, 0x8C5F, 0x8C5F, 0x8C5F, 0x8C5F, 0x8C5F, 0x8C5F, 0x8C52, 0x8C51, 0x8C51, 0x8C51, 0x8C51, 0x8C51, 0x8C51,
    0x8C51, 0x8C51, 0x8C51, 0x8C51, 0x8C51, 0x8C51, 0x8C51, 0x8C51, 0x8C51, 0x8C51, 0x8C51, 0x8C51, 0x8C5D, 0x8C5F, 0x8C5F, 0x8C5F,
    0x8C5F, 0x8C5F, 0x8C5F, 0x8C5F, 0x8C5F, 0x8C5F, 0x8C5F, 0x8C5F, 0x8C5F, 0x8C5F, 0x8C5F, 0x8C5F, 0x8C5F, 0x8C5F, 0x8C5F, 0x8C5F,
    0x8C5F, 0x8C5F, 0x8C5F, 0x8C5F, 0x8C5F, 0x8C5F, 0x8C5F, 0x8C5F, 0x8C5F, 0x8C5F, 0x8C5F, 0x8C5F, 0x8C5F, 0x8C5F, 0x8C5F, 0x8C5F,
    0x8C5C, 0x8C5F, 0x8C5F, 0x8C5F, 0x8C5F, 0x8C5B, 0x8C57, 0x8C5B, 0x8C5F, 0x8D1F, 0x8C9F, 0x8C5F, 0x8C5F, 0x8C5F, 0x8C5F, 0x8C5F,
    0x8C5F, 0x8C5F, 0x8C5F, 0x8C7F, 0x8D3C, 0x8D1F, 0x8CDC, 0x8D5F, 0x8C5F, 0x8C5F, 0x8C5F, 0x8C5F, 0x8C5F, 0x8C5F, 0x8C5F, 0x8C7F,
    0x8CBF, 0x8C5F, 0x8C5F, 0x8C5F, 0x8C5F, 0x8C5F, 0x8C7F, 0x8D5F, 0x8C5F, 0x8C9E, 0x8CBE, 0x8CBF, 0x8C5F, 0x8C5F, 0x8C5F, 0x8C5F,
    0x8C5F, 0x8C5F, 0x8C5F, 0x8C5F, 0x8C7B, 0x8C5F, 0x8C5F, 0x8C5F, 0x8C7F, 0x8CDD, 0x8D5C, 0x8DDC, 0x95FC, 0x95DD, 0x8DDD, 0x961E,
    0x9E7F, 0x9E7F, 0x9E5F, 0x95FE, 0x8DDD, 0x95DC, 0x95DC, 0x8DDB, 0x8D3C, 0x8CDD, 0x8C7F, 0x8C9E, 0x8C7F, 0x8C5F, 0x8C5F, 0x8C5F,
    0x8C7F, 0x8CBF, 0x8C7B, 0x8C72, 0x8C51, 0x8C51, 0x8C51, 0x8C51, 0x8C5F, 0x8CDE, 0x8CFC, 0x8D5A, 0x8DB9, 0x8D9A, 0x8D9B, 0x8D9B,
    0x8DDC, 0x95FE, 0x963E, 0x961E, 0x8DDD, 0x8D9C, 0x8D9B, 0x8D9B, 0x8D9B, 0x8D9B, 0x8D9B, 0x8D9B, 0x8D9B, 0x8D9A, 0x8D7A, 0x8D7A,
    0x8D5A, 0x8D7A, 0x8D7A, 0x8D79, 0x8D7A, 0x8D79, 0x8D59, 0x8D59, 0x8D39, 0x8D39, 0x8D39, 0x8D59, 0x8D39, 0x8D58, 0x8D58, 0x8D38,
    0x8D38, 0x8D38, 0x8D38, 0x8D38, 0x8D38, 0x8D38, 0x8D38, 0x8D38, 0x8D18, 0x8D18, 0x8D18, 0x8D18, 0x8D18, 0x8D18, 0x8D18, 0x8D18,
    0x8D18, 0x8D18, 0x8D18, 0x8D18, 0x8D18, 0x8CF8, 0x8CF8, 0x8CF8, 0x8D18, 0x8CF8, 0x8CF8, 0x8CF8, 0x8CF8, 0x8D18, 0x8D18, 0x8D18,
    0x8D18, 0x8D18, 0x8D18, 0x8D18, 0x8D18, 0x8D18, 0x8D18, 0x8D18, 0x8D18, 0x8D18, 0x8D18, 0x8D18, 0x8D38, 0x8D18, 0x8D18, 0x8D18,
    0x8D18, 0x8D18, 0x8D38, 0x8D38, 0x8D38, 0x8D38, 0x8D38, 0x8D38, 0x8D38, 0x8D18, 0x8D38, 0x8D18, 0x8D18, 0x8D38, 0x8D38, 0x8D38,
    0x8D39, 0x8D39, 0x8D39, 0x8D39, 0x8D39, 0x8D39, 0x8D39, 0x8D39, 0x8D39, 0x8D39, 0x8D39, 0x8D39, 0x8D39, 0x8D39, 0x8D39, 0x8D39,
    0x8D39, 0x8D39, 0x8D39, 0x8D39, 0x8D39, 0x8D39, 0x8D39, 0x8D39, 0x8D39, 0x8D39, 0x8D39, 0x8D39, 0x8D39, 0x8D39, 0x8D39, 0x8D39,
    0x8D39, 0x8D39, 0x8D39, 0x8D39, 0x8D39, 0x8D39, 0x8D39, 0x8D39, 0x8D39, 0x8D39, 0x8D39, 0x8D39, 0x8D59, 0x8D59, 0x8D59, 0x8D59,
    0x8D59, 0x8D59, 0x8D59, 0x8D59, 0x8D59, 0x8D5A, 0x8D5A, 0x8D5A, 0x8D59, 0x8D59, 0x8D5A, 0x8D5A, 0x8D5A, 0x8D5A, 0x8D5A, 0x8D5A,
    0x8D5A, 0x8D5A, 0x8D5A, 0x8D5A, 0x8D5A, 0x8D5A, 0x8D5A, 0x8D5A, 0x8D5A, 0x8D7A, 0x8D7A, 0x8D5A, 0x8D7A, 0x8D7B, 0x8D9B, 0x95BC,
    0x95BC, 0x95BC, 0x95BC, 0x95BC, 0x95BC, 0x8DBC, 0x8DBC, 0x95BC, 0x95BC, 0x8DBC, 0x95BC, 0x95BC, 0x95BC, 0x95BD, 0x95DD, 0x95DD,
    0x95DD, 0x95DD, 0x95DD, 0x95DD, 0x95FD, 0x95FD, 0x95FE, 0x961E, 0x961E, 0x961E, 0x961E, 0x961F, 0x961F, 0x9E7F, 0xBF3F, 0xDFBF,
    0xD79F, 0xAEDF, 0x9E7F, 0x9E5F, 0x9E5F, 0xA67F, 0x9E5F, 0x9E5F, 0x9E5E, 0x9E5E, 0x9E5E, 0x9E5E, 0x9E3E, 0x9E3D, 0x9E3D, 0x9E1D,
    0x9E1D, 0x9E1D, 0x9E1D, 0x961C, 0x961C, 0x9DFC, 0x9DFD, 0x9DFD, 0x8DDC, 0x8DBA, 0x8DF9, 0x8DF9, 0x8DF9, 0x8DD9, 0x8CFD, 0x8C5F,
    0x8C5F, 0x8C5F, 0x8C5F, 0x8C5F, 0x8C5F, 0x8C5F, 0x8C5F, 0x8C5F, 0x8C5F, 0x8C5F, 0x8C5F, 0x8C5F, 0x8C5F, 0x8C5F, 0x8C5F, 0x8C5F,
    0x8C5F, 0x8C5F, 0x8C5F, 0x8C5B, 0x8C52, 0x8C51, 0x8C51, 0x8C51, 0x8C51, 0x8C51, 0x8C51, 0x8C51, 0x8C51, 0x8C51, 0x8C51, 0x8C51,
    0x8C51, 0x8C52, 0x8C52, 0x8C52, 0x8C57, 0x8C5D, 0x8C5F, 0x8C5F, 0x8C5F, 0x8C5F, 0x8C5F, 0x8C5F, 0x8C5F, 0x8C5F, 0x8C5F, 0x8C5F,
    0x8C5F, 0x8C5F, 0x8C5F, 0x8C5F, 0x8C5F, 0x8C5F, 0x8C5F, 0x8C5F, 0x8C5F, 0x8C5F, 0x8C5F, 0x8C5F, 0x8C5F, 0x8C5F, 0x8C5F, 0x8C5F,
    0x8C5F, 0x8C5F, 0x8C5F, 0x8C5F, 0x8C5F, 0x8C5F, 0x8C5F, 0x8C5F, 0x8C5F, 0x8C5F, 0x8C5C, 0x8C5F, 0x8C5F, 0x8C5F, 0x8C5F, 0x8C5B,
    0x8C57, 0x8C5B, 0x8C5F, 0x8D1F, 0x8C9F, 0x8C5F, 0x8C5F, 0x8C5F, 0x8C5F, 0x8C5F, 0x8C5F, 0x8C5F, 0x8C5F, 0x8C7F, 0x8D3C, 0x8D1F,
    0x8CDC, 0x8D5F, 0x8C5F, 0x8C5F, 0x8C5F, 0x8C5F, 0x8C5F, 0x8C5F, 0x8C5F, 0x8C7F, 0x8CBF, 0x8C5F, 0x8C5F, 0x8C5F, 0x8C5F, 0x8C5F,
    0x8C7F, 0x8D5F, 0x8C5F, 0x8C9E, 0x8CBE, 0x8CBF, 0x8C5F, 0x8C5F, 0x8C5F, 0x8C5F, 0x8C5F, 0x8C5F, 0x8C5F, 0x8C5F, 0x8C7B, 0x8C5F,
    0x8C7F, 0x8D1D, 0x8D9C, 0x8DDC, 0x95FC, 0x95FD, 0x8DDD, 0x95FE, 0x9E5F, 0xA6BF, 0x9E7F, 0x95FE, 0x8DDD, 0x95DC, 0x95DC, 0x8DDB,
    0x8D9B, 0x8CDD, 0x8C5F, 0x8C9F, 0x8C9F, 0x8CBE, 0x8C7F, 0x8C5F, 0x8C5F, 0x8C5F, 0x8C7F, 0x8C98, 0x8C51, 0x8C51, 0x8C51, 0x8C51,
    0x8C51, 0x8C51, 0x8D1C, 0x8D5A, 0x8D99, 0x8D9A, 0x8D9B, 0x8D9B, 0x8DDC, 0x961E, 0x95FE, 0x8DDD, 0x8DBC, 0x8D9B, 0x8D9B, 0x8D9B,
    0x8D7A, 0x8D7B, 0x8D7B, 0x8D9A, 0x8D7B, 0x8D7B, 0x8D9A, 0x8D79, 0x8D59, 0x8D3A, 0x8D39, 0x8D39, 0x8D39, 0x8D59, 0x8D39, 0x8D59,
    0x8D59, 0x8D59, 0x8D59, 0x8D78, 0x8D59, 0x8D19, 0x8D19, 0x8D19, 0x8D39, 0x8D38, 0x8D39, 0x8D38, 0x8D38, 0x8D38, 0x8D38, 0x8D38,
    0x8D38, 0x8D38, 0x8D38, 0x8D18, 0x8D17, 0x8CF8, 0x8CF8, 0x8D18, 0x8D18, 0x8D18, 0x8D18, 0x8D18, 0x8D18, 0x8D18, 0x8D18, 0x8D18,
    0x8D18, 0x8D18, 0x8D18, 0x8D18, 0x8D18, 0x8D17, 0x8D18, 0x8CF8, 0x8CF8, 0x8CF8, 0x8CF8, 0x8CF8, 0x8D18, 0x8D18, 0x8D18, 0x8D18,
    0x8D18, 0x8D18, 0x8D18, 0x8D18, 0x8D18, 0x8D18, 0x8D18, 0x8D18, 0x8D18, 0x8D18, 0x8D18, 0x8D18, 0x8D18, 0x8D18, 0x8D18, 0x8D38,
    0x8D18, 0x8D18, 0x8D18, 0x8D18, 0x8D18, 0x8D18, 0x8D18, 0x8D18, 0x8D18, 0x8D18, 0x8D38, 0x8D38, 0x8D38, 0x8D39, 0x8D39, 0x8D39,
    0x8D39, 0x8D39, 0x8D39, 0x8D39, 0x8D39, 0x8D39, 0x8D39, 0x8D39, 0x8D39, 0x8D39, 0x8D39, 0x8D39, 0x8D39, 0x8D39, 0x8D39, 0x8D39,
    0x8D39, 0x8D39, 0x8D39, 0x8D39, 0x8D39, 0x8D39, 0x8D39, 0x8D39, 0x8D39, 0x8D39, 0x8D39, 0x8D39, 0x8D39, 0x8D39, 0x8D39, 0x8D39,
    0x8D39, 0x8D39, 0x8D39, 0x8D39, 0x8D39, 0x8D39, 0x8D39, 0x8D59, 0x8D59, 0x8D59, 0x8D59, 0x8D59, 0x8D39, 0x8D59, 0x8D59, 0x8D39,
    0x8D59, 0x8D59, 0x8D59, 0x8D59, 0x8D59, 0x8D5A, 0x8D5A, 0x8D5A, 0x8D5A, 0x8D5A, 0x8D5A, 0x8D5A, 0x8D5A, 0x8D5A, 0x8D5A, 0x8D5A,
    0x8D5A, 0x8D5A, 0x8D5A, 0x8D5A, 0x8D5A, 0x8D5A, 0x8D7A, 0x8D5A, 0x8D7A, 0x8D7B, 0x8D7B, 0x95BC, 0x95BC, 0x95BC, 0x95BC, 0x8DBC,
    0x8DBC, 0x8DBC, 0x8DBC, 0x8DBC, 0x8DBC, 0x8DBC, 0x8DBC, 0x8DBC, 0x95BC, 0x95BD, 0x95DD, 0x95DD, 0x95DD, 0x95DD, 0x95DD, 0x95DD,
    0x95FD, 0x95FD, 0x95FD, 0x95FE, 0x961E, 0x961E, 0x961E, 0x961E, 0x961F, 0x9E5F, 0xB6DF, 0xD79F, 0xDFBF, 0xC75F, 0xA69F, 0x963F,
    0x9E5F, 0x9E5F, 0x9E5F, 0x9E5F, 0x9E5E, 0x9E5E, 0x9E5E, 0x9E3E, 0x9E3E, 0x9E3E, 0x9E3D, 0x9E1D, 0x9E1D, 0x9E1D, 0x9E1D, 0x961C,
    0x961C, 0x9DFD, 0x9DFD, 0x95FC, 0x8DFC, 0x8DDC, 0x8DBA, 0x8DD9, 0x8E18, 0x8DBA, 0x8D1C, 0x8C7F, 0x8C5F, 0x8C5F, 0x8C5F, 0x8C5F,
    0x8C5F, 0x8C5F, 0x8C5F, 0x8C5F, 0x8C5F, 0x8C5F, 0x8C5F, 0x8C5F, 0x8C5F, 0x8C5F, 0x8C5F, 0x8C5F, 0x8C5F, 0x8C5F, 0x8C5D, 0x8C52,
    0x8C51, 0x8C51, 0x8C51, 0x8C51, 0x8C51, 0x8C51, 0x8C51, 0x8C51, 0x8C51, 0x8C56, 0x8C5C, 0x8C5E, 0x8C5E, 0x8C5F, 0x8C5F, 0x8C5F,
    0x8C5F, 0x8C5F, 0x8C5F, 0x8C5F, 0x8C5F, 0x8C5F, 0x8C5F, 0x8C5F, 0x8C5F, 0x8C5F, 0x8C5F, 0x8C5F, 0x8C5F, 0x8C5F, 0x8C5F, 0x8C5F,
    0x8C5F, 0x8C5F, 0x8C5F, 0x8C5F, 0x8C5F, 0x8C5F, 0x8C5F, 0x8C5F, 0x8C5F, 0x8C5F, 0x8C5F, 0x8C5F, 0x8C5F, 0x8C5F, 0x8C5F, 0x8C5F,
    0x8C5F, 0x8C5F, 0x8C5F, 0x8C5F, 0x8C5C, 0x8C5F, 0x8C5F, 0x8C5F, 0x8C5F, 0x8C5B, 0x8C57, 0x8C5B, 0x8C5F, 0x8D1F, 0x8C9F, 0x8C5F,
    0x8C5F, 0x8C5F, 0x8C5F, 0x8C5F, 0x8C5F, 0x8C5F, 0x8C5F, 0x8C7F, 0x8D3C, 0x8D1F, 0x8CDC, 0x8D5F, 0x8C5F, 0x8C5F, 0x8C5F, 0x8C5F,
    0x8C5F, 0x8C5F, 0x8C5F, 0x8C7F, 0x8CBF, 0x8C5F, 0x8C5F, 0x8C5F, 0x8C5F, 0x8C5F, 0x8C7F, 0x8D5F, 0x8C5F, 0x8C9E, 0x8CBE, 0x8CBF,
    0x8C5F, 0x8C5F, 0x8C5F, 0x8C5F, 0x8C5F, 0x8C5F, 0x8C5F, 0x8C5F, 0x8D1B, 0x8D9C, 0x8DDC, 0x95FC, 0x95FC, 0x95DD, 0x8DFD, 0x961E,
    0x9E7F, 0x9E9F, 0x965F, 0x961E, 0x8DFD, 0x95DD, 0x95DC, 0x8DDB, 0x8D5C, 0x8CBE, 0x8CBE, 0x8C5F, 0x8C5F, 0x8C9E, 0x8C9F, 0x8CBE,
    0x8C7F, 0x8C5F, 0x8C5F, 0x8C5F, 0x8C56, 0x8C51, 0x8C51, 0x8C51, 0x8C51, 0x8C51, 0x8C51, 0x8C51, 0x8D79, 0x8D7A, 0x8D7B, 0x8DBC,
    0x95FD, 0x95FD, 0x95DD, 0x8DDC, 0x8D9B, 0x8D7B, 0x8D7B, 0x8D7A, 0x8D9A, 0x8D7B, 0x8D9A, 0x8D9B, 0x8DBA, 0x8DDA, 0x8DD9, 0x8DF9,
    0x8DD9, 0x8D99, 0x8D79, 0x8D59, 0x8D59, 0x8D7A, 0x8D7A, 0x8D7A, 0x8D7A, 0x8D59, 0x8D59, 0x8D39, 0x8D39, 0x8D39, 0x8D39, 0x8D38,
    0x8D38, 0x8D18, 0x8D18, 0x8D17, 0x8D17, 0x8D17, 0x8D17, 0x8D17, 0x8D17, 0x8D17, 0x8D17, 0x8D17, 0x8D17, 0x8CF7, 0x8CF7, 0x8D17,
    0x8CF7, 0x8CF7, 0x8CF7, 0x8CF7, 0x8CF7, 0x8CF7, 0x8CF7, 0x8CF7, 0x8CF7, 0x8CF8, 0x8CF8, 0x8CF8, 0x8CF8, 0x8CF7, 0x8CF7, 0x8CF7,
    0x8CF7, 0x8D17, 0x8D17, 0x8D38, 0x8D18, 0x8D18, 0x8D18, 0x8D38, 0x8D38, 0x8D18, 0x8D18, 0x8D18, 0x8D18, 0x8D18, 0x8D18, 0x8CF8,
    0x8D18, 0x8D18, 0x8D18, 0x8CF8, 0x8D18, 0x8D18, 0x8D18, 0x8D18, 0x8D38, 0x8D18, 0x8D18, 0x8D18, 0x8D18, 0x8D18, 0x8D18, 0x8D18,
    0x8D18, 0x8D18, 0x8D18, 0x8D18, 0x8D18, 0x8D38, 0x8D38, 0x8D38, 0x8D38, 0x8D38, 0x8D38, 0x8D18, 0x8D39, 0x8D38, 0x8D38, 0x8D39,
    0x8D19, 0x8D38, 0x8D39, 0x8D39, 0x8D39, 0x8D39, 0x8D39, 0x8D39, 0x8D39, 0x8D39, 0x8D39, 0x8D39, 0x8D39, 0x8D39, 0x8D39, 0x8D39,
    0x8D39, 0x8D39, 0x8D39, 0x8D39, 0x8D39, 0x8D39, 0x8D39, 0x8D39, 0x8D39, 0x8D39, 0x8D39, 0x8D39, 0x8D39, 0x8D39, 0x8D39, 0x8D39,
    0x8D39, 0x8D39, 0x8D39, 0x8D39, 0x8D39, 0x8D39, 0x8D39, 0x8D39, 0x8D39, 0x8D39, 0x8D39, 0x8D59, 0x8D59, 0x8D59, 0x8D59, 0x8D59,
    0x8D59, 0x8D59, 0x8D5A, 0x8D5A, 0x8D5A, 0x8D5A, 0x8D5A, 0x8D5A, 0x8D5A, 0x8D5A, 0x8D5A, 0x8D5A, 0x8D5A, 0x8D5A, 0x8D5A, 0x8D5A,
    0x8D5A, 0x8D5A, 0x8D7A, 0x8D7A, 0x8D7A, 0x8D7A, 0x8D7B, 0x8D9B, 0x95BC, 0x95BC, 0x95BC, 0x95BC, 0x95BC, 0x8DBC, 0x8DBC, 0x8DBC,
    0x8DBC, 0x95BC, 0x95BC, 0x95BC, 0x95BC, 0x95DD, 0x95DD, 0x95DD, 0x95DD, 0x95DD, 0x95DD, 0x95DD, 0x95DD, 0x95FD, 0x95FD, 0x95FD,
    0x961E, 0x961E, 0x9E1E, 0x963E, 0x961F, 0x9E5F, 0xAEDF, 0xC75F, 0xD79F, 0xC75F, 0xAEBF, 0x963F, 0x963F, 0x9E5F, 0x9E5F, 0x9E5F,
    0x9E5F, 0x9E5E, 0x9E5E, 0x9E5E, 0x9E3E, 0x9E3E, 0x9E3E, 0x9E3E, 0x9E1D, 0x9E1D, 0x9E1D, 0x961C, 0x9E1C, 0x9DFD, 0x9DFD, 0x9DFC,
    0x95FC, 0x8DDB, 0x8DDB, 0x8DDA, 0x8DD9, 0x8D9A, 0x8D7B, 0x8D5B, 0x8C9F, 0x8C5F, 0x8C5F, 0x8C5F, 0x8C5F, 0x8C5F, 0x8C5F, 0x8C5F,
    0x8C5F, 0x8C5F, 0x8C5F, 0x8C5F, 0x8C5F, 0x8C5F, 0x8C5F, 0x8C5F, 0x8C5F, 0x8C5D, 0x8C53, 0x8C51, 0x8C51, 0x8C51, 0x8C52, 0x8C52,
    0x8C53, 0x8C5A, 0x8C5C, 0x8C5F, 0x8C5F, 0x8C5F, 0x8C5F, 0x8C5F, 0x8C5F, 0x8C5F, 0x8C5F, 0x8C5F, 0x8C5F, 0x8C5F, 0x8C5F, 0x8C5F,
    0x8C5F, 0x8C5F, 0x8C5F, 0x8C5F, 0x8C5F, 0x8C5F, 0x8C5F, 0x8C5F, 0x8C5F, 0x8C5F, 0x8C5F, 0x8C5F, 0x8C5F, 0x8C5F, 0x8C5F, 0x8C5F,
    0x8C5F, 0x8C5F, 0x8C5F, 0x8C5F, 0x8C5F, 0x8C5F, 0x8C5F, 0x8C5F, 0x8C5F, 0x8C5F, 0x8C5F, 0x8C5F, 0x8C5F, 0x8C5F, 0x8C5C, 0x8C5F,
    0x8C5F, 0x8C5F, 0x8C5F, 0x8C5B, 0x8C57, 0x8C5B, 0x8C5F, 0x8D1F, 0x8C9F, 0x8C5F, 0x8C5F, 0x8C5F, 0x8C5F, 0x8C5F, 0x8C5F, 0x8C5F,
    0x8C5F, 0x8C7F, 0x8D3C, 0x8D1F, 0x8CDC, 0x8D5F, 0x8C5F, 0x8C5F, 0x8C5F, 0x8C5F, 0x8C5F, 0x8C5F, 0x8C5F, 0x8C7F, 0x8CBF, 0x8C5F,
    0x8C5F, 0x8C5F, 0x8C5F, 0x8C5F, 0x8C7F, 0x8D5F, 0x8C5F, 0x8C9E, 0x8CBE, 0x8CBF, 0x8C5F, 0x8C5F, 0x8C5F, 0x8C5F, 0x8C5F, 0x8C5F,
    0x8CFF, 0x8D9D, 0x8DFD, 0x95FC, 0x95FD, 0x95DD, 0x8DFD, 0x963E, 0xA69F, 0x9E7F, 0x965F, 0x8DFE, 0x8DDD, 0x95DD, 0x95FC, 0x8DDB,
    0x8D3C, 0x8CDE, 0x8C5F, 0x8C5F, 0x8C9F, 0x8C5F, 0x8C5F, 0x8C9E, 0x8C9F, 0x8CBE, 0x8C7F, 0x8C5F, 0x8C5F, 0x8C54, 0x8C51, 0x8C51,
    0x8C51, 0x8C51, 0x8C51, 0x8C51, 0x8C51, 0x8C51, 0x8D7A, 0x8D9B, 0x95DD, 0x95FD, 0x95DD, 0x8D9B, 0x8D7B, 0x8D7B, 0x8D7A, 0x8D7A,
    0x8D9A, 0x8DBA, 0x8D9A, 0x8D9A, 0x8DD9, 0x8DF9, 0x8D9A, 0x8D9A, 0x8DF9, 0x8D9A, 0x8DBA, 0x8DF9, 0x8DF9, 0x8DBA, 0x8DDA, 0x8DF9,
    0x8DDA, 0x8DDA, 0x8D7A, 0x8D3A, 0x8D3A, 0x8D58, 0x8D58, 0x8D57, 0x8D56, 0x8D56, 0x8D56, 0x8D57, 0x8D77, 0x8D57, 0x8D77, 0x8D77,
    0x8D57, 0x8D37, 0x8D57, 0x8D57, 0x8D57, 0x8D57, 0x8D57, 0x8D57, 0x8D57, 0x8D57, 0x8D57, 0x8D57, 0x8D57, 0x8D57, 0x8D37, 0x8D37,
    0x8D37, 0x8D37, 0x8D37, 0x8D37, 0x8D17, 0x8D17, 0x8CF7, 0x8CF7, 0x8CD7, 0x8CD7, 0x8CF7, 0x8CF7, 0x8CF6, 0x8CF7, 0x8CF7, 0x8D18,
    0x8CF8, 0x8CF7, 0x8D18, 0x8D18, 0x8D18, 0x8D18, 0x8D18, 0x8D18, 0x8D18, 0x8D18, 0x8D18, 0x8D18, 0x8D18, 0x8D18, 0x8D18, 0x8D18,
    0x8D18, 0x8D18, 0x8D18, 0x8D18, 0x8D18, 0x8D18, 0x8D18, 0x8D18, 0x8D18, 0x8D18, 0x8D18, 0x8D18, 0x8D18, 0x8D18, 0x8D18, 0x8D18,
    0x8D18, 0x8D18, 0x8D38, 0x8D38, 0x8D38, 0x8D38, 0x8D38, 0x8D18, 0x8D18, 0x8D18, 0x8D18, 0x8D18, 0x8D18, 0x8D18, 0x8D38, 0x8D38,
    0x8D39, 0x8D39, 0x8D39, 0x8D39, 0x8D39, 0x8D39, 0x8D39, 0x8D39, 0x8D39, 0x8D39, 0x8D39, 0x8D39, 0x8D39, 0x8D39, 0x8D39, 0x8D39,
    0x8D39, 0x8D39, 0x8D39, 0x8D39, 0x8D39, 0x8D39, 0x8D39, 0x8D39, 0x8D39, 0x8D39, 0x8D39, 0x8D39, 0x8D39, 0x8D39, 0x8D39, 0x8D39,
    0x8D39, 0x8D39, 0x8D39, 0x8D39, 0x8D39, 0x8D39, 0x8D39, 0x8D59, 0x8D59, 0x8D59, 0x8D39, 0x8D59, 0x8D59, 0x8D59, 0x8D59, 0x8D5A,
    0x8D5A, 0x8D5A, 0x8D5A, 0x8D5A, 0x8D5A, 0x8D5A, 0x8D5A, 0x8D5A, 0x8D5A, 0x8D5A, 0x8D5A, 0x8D5A, 0x8D5A, 0x8D5A, 0x8D7A, 0x8D7A,
    0x8D7A, 0x8D7A, 0x8D7B, 0x8D9B, 0x8DBC, 0x95BC, 0x95BC, 0x8DBC, 0x8DBC, 0x8DBC, 0x95BC, 0x95BC, 0x95BC, 0x95BC, 0x95BC, 0x95DC,
    0x95DD, 0x95DD, 0x95DD, 0x95DD, 0x95DD, 0x95DD, 0x95DD, 0x95DD, 0x95DD, 0x95FD, 0x95FE, 0x961E, 0x961E, 0x961E, 0x961E, 0x961E,
    0x961F, 0x961F, 0x9E7F, 0xC73F, 0xD79F, 0xC75F, 0xAEDF, 0x9E5F, 0x963F, 0x9E5F, 0x9E5F, 0x9E5F, 0x9E5F, 0x9E5E, 0x9E5E, 0x9E5E,
    0x9E3E, 0x9E3E, 0x9E3E, 0x9E1E, 0x9E1D, 0x9E1D, 0x961D, 0x961D, 0x961D, 0x9E1C, 0x9DFD, 0x9DFD, 0x961C, 0x95FC, 0x8DDB, 0x8DDB,
    0x8DF9, 0x8E18, 0x8DBA, 0x8DD9, 0x8CFD, 0x8C5F, 0x8C5F, 0x8C5F, 0x8C5F, 0x8C5F, 0x8C5F, 0x8C5F, 0x8C5F, 0x8C5F, 0x8C5F, 0x8C5F,
    0x8C5F, 0x8C5F, 0x8C5F, 0x8C5F, 0x8C5D, 0x8C55, 0x8C57, 0x8C5E, 0x8C5E, 0x8C5E, 0x8C5F, 0x8C5F, 0x8C5F, 0x8C5F, 0x8C5F, 0x8C5F,
    0x8C5F, 0x8C5F, 0x8C5F, 0x8C5F, 0x8C5F, 0x8C5F, 0x8C5F, 0x8C5F, 0x8C5F, 0x8C5F, 0x8C5F, 0x8C5F, 0x8C5F, 0x8C5F, 0x8C5F, 0x8C5F,
    0x8C5F, 0x8C5F, 0x8C5F, 0x8C5F, 0x8C5F, 0x8C5F, 0x8C5F, 0x8C5F, 0x8C5F, 0x8C5F, 0x8C5F, 0x8C5F, 0x8C5F, 0x8C5F, 0x8C5F, 0x8C5F,
    0x8C5F, 0x8C5F, 0x8C5F, 0x8C5F, 0x8C5F, 0x8C5F, 0x8C5F, 0x8C5F, 0x8C5C, 0x8C5F, 0x8C5F, 0x8C5F, 0x8C5F, 0x8C5B, 0x8C57, 0x8C5B,
    0x8C5F, 0x8D1F, 0x8C9F, 0x8C5F, 0x8C5F, 0x8C5F, 0x8C5F, 0x8C5F, 0x8C5F, 0x8C5F, 0x8C5F, 0x8C7F, 0x8D3C, 0x8D1F, 0x8CDC, 0x8D5F,
    0x8C5F, 0x8C5F, 0x8C5F, 0x8C5F, 0x8C5F, 0x8C5F, 0x8C5F, 0x8C7F, 0x8CBF, 0x8C5F, 0x8C5F, 0x8C5F, 0x8C5F, 0x8C5F, 0x8C7F, 0x8D5F,
    0x8C5F, 0x8C9E, 0x8CBE, 0x8CBF, 0x8C5F, 0x8C5F, 0x8C5F, 0x8C9F, 0x8CFE, 0x8DBE, 0x963C, 0x961C, 0x95FC, 0x95DD, 0x95FE, 0x963E,
    0x9E7F, 0xA6BF, 0x9E3E, 0x8DDE, 0x8DDD, 0x95DC, 0x95FC, 0x8DBB, 0x8D7C, 0x8CBE, 0x8C5F, 0x8C5F, 0x8C5F, 0x8C5F, 0x8C5F, 0x8C5F,
    0x8C5F, 0x8C9E, 0x8C9F, 0x8CBE, 0x8C7F, 0x8C5E, 0x8C54, 0x8C51, 0x8C51, 0x8C51, 0x8C51, 0x8C51, 0x8C51, 0x8C51, 0x8C51, 0x8C51,
    0x8DDC, 0x8DBC, 0x8DBB, 0x8D9B, 0x8D7A, 0x8D7A, 0x8D7A, 0x8D79, 0x8D7A, 0x8D9A, 0x8D3C, 0x8D1C, 0x8CBE, 0x8C7F, 0x8CBE, 0x8CBE,
    0x8C5F, 0x8C5F, 0x8CBE, 0x8C5F, 0x8C5F, 0x8C7F, 0x8CDE, 0x8C9F, 0x8D5C, 0x8DBA, 0x8D1C, 0x8CD9, 0x8C58, 0x8C56, 0x8C55, 0x8C97,
    0x8C98, 0x8C78, 0x8C78, 0x8C78, 0x8C57, 0x8C76, 0x8CB7, 0x8CB7, 0x8CB6, 0x8CF6, 0x8CD7, 0x8C97, 0x8CD7, 0x8CB7, 0x8CD7, 0x8CF7,
    0x8D36, 0x8D17, 0x8CD7, 0x8D17, 0x8D36, 0x8D17, 0x8D36, 0x8D17, 0x8D57, 0x8D57, 0x8D37, 0x8D37, 0x8D57, 0x8D76, 0x8D76, 0x8D37,
    0x8D37, 0x8D17, 0x8D16, 0x8D17, 0x8D17, 0x8D17, 0x8D16, 0x8D16, 0x8CF7, 0x8CF7, 0x8D17, 0x8D17, 0x8CF7, 0x8CF7, 0x8CF8, 0x8CF8,
    0x8CF7, 0x8CF8, 0x8CF7, 0x8CF8, 0x8CF8, 0x8CF7, 0x8CF7, 0x8CF8, 0x8CF8, 0x8D18, 0x8D18, 0x8D18, 0x8D18, 0x8D18, 0x8D18, 0x8D18,
    0x8D18, 0x8D18, 0x8CF8, 0x8D18, 0x8D18, 0x8D18, 0x8CF8, 0x8D18, 0x8D18, 0x8D18, 0x8D18, 0x8D18, 0x8D18, 0x8D18, 0x8D18, 0x8D18,
    0x8D18, 0x8D18, 0x8D18, 0x8D18, 0x8D18, 0x8D18, 0x8D38, 0x8D18, 0x8D38, 0x8D38, 0x8D38, 0x8D38, 0x8D38, 0x8D38, 0x8D39, 0x8D39,
    0x8D39, 0x8D39, 0x8D39, 0x8D39, 0x8D39, 0x8D39, 0x8D39, 0x8D39, 0x8D39, 0x8D39, 0x8D39, 0x8D39, 0x8D39, 0x8D39, 0x8D39, 0x8D39,
    0x8D39, 0x8D39, 0x8D39, 0x8D39, 0x8D39, 0x8D39, 0x8D39, 0x8D39, 0x8D39, 0x8D39, 0x8D39, 0x8D39, 0x8D39, 0x8D39, 0x8D39, 0x8D39,
    0x8D39, 0x8D39, 0x8D39, 0x8D39, 0x8D39, 0x8D39, 0x8D59, 0x8D59, 0x8D59, 0x8D59, 0x8D59, 0x8D59, 0x8D59, 0x8D59, 0x8D59, 0x8D59,
    0x8D5A, 0x8D5A, 0x8D5A, 0x8D5A, 0x8D5A, 0x8D5A, 0x8D5A, 0x8D5A, 0x8D5A, 0x8D7A, 0x8D7A, 0x8D7A, 0x8D7A, 0x8D7A, 0x8D7A, 0x8D7B,
    0x8D9B, 0x8DBC, 0x8DBC, 0x95BC, 0x95BC, 0x95BC, 0x95BC, 0x95BC, 0x95BC, 0x95BC, 0x95BC, 0x95BC, 0x95DD, 0x95DD, 0x95DD, 0x95DD,
    0x95DD, 0x95DD, 0x95DD, 0x95DD, 0x95FD, 0x95FD, 0x95FE, 0x95FE, 0x961E, 0x961E, 0x961E, 0x961E, 0x961E, 0x961F, 0x963F, 0xAEDF,
    0xD79F, 0xD79F, 0xB71F, 0x9E7F, 0x963F, 0x963F, 0x9E5F, 0x9E5F, 0x9E5F, 0x9E5E, 0x9E5E, 0x9E5E, 0x9E3E, 0x9E3E, 0x9E3E, 0x9E3E,
    0x9E1E, 0x9E1D, 0x9E1D, 0x961C, 0x961C, 0x9DFC, 0x9DFC, 0x9DFC, 0x9DFC, 0x9DFC, 0x95FC, 0x8DDB, 0x8DDB, 0x8DDA, 0x8DD9, 0x8DD9,
    0x8D5C, 0x8C7F, 0x8C5F, 0x8C5F, 0x8C5F, 0x8C5F, 0x8C5F, 0x8C5F, 0x8C5F, 0x8C5F, 0x8C5F, 0x8C5F, 0x8C5F, 0x8C5F, 0x8C5F, 0x8C5F,
    0x8C5F, 0x8C5F, 0x8C5F, 0x8C5F, 0x8C5F, 0x8C5F, 0x8C5F, 0x8C5F, 0x8C5F, 0x8C5F, 0x8C5F, 0x8C5F, 0x8C5F, 0x8C5F, 0x8C5F, 0x8C5F,
    0x8C5F, 0x8C5F, 0x8C5F, 0x8C5F, 0x8C5F, 0x8C5F, 0x8C5F, 0x8C5F, 0x8C5F, 0x8C5F, 0x8C5F, 0x8C5F, 0x8C5F, 0x8C5F, 0x8C5F, 0x8C5F,
    0x8C5F, 0x8C5F, 0x8C5F, 0x8C5F, 0x8C5F, 0x8C5F, 0x8C5F, 0x8C5F, 0x8C5F, 0x8C5F, 0x8C5F, 0x8C5F, 0x8C5F, 0x8C5F, 0x8C5F, 0x8C5F,
    0x8C5F, 0x8C5F, 0x8C5C, 0x8C5F, 0x8C5F, 0x8C5F, 0x8C5F, 0x8C5B, 0x8C57, 0x8C5B, 0x8C5F, 0x8D1F, 0x8C9F, 0x8C5F, 0x8C5F, 0x8C5F,
    0x8C5F, 0x8C5F, 0x8C5F, 0x8C5F, 0x8C5F, 0x8C7F, 0x8D3C, 0x8D1F, 0x8CDC, 0x8D5F, 0x8C5F, 0x8C5F, 0x8C5F, 0x8C5F, 0x8C5F, 0x8C5F,
    0x8C5F, 0x8C7F, 0x8CBF, 0x8C5F, 0x8C5F, 0x8C5F, 0x8C5F, 0x8C5F, 0x8C7F, 0x8D5F, 0x8C5F, 0x8C9E, 0x8CBE, 0x8C9F, 0x8C5F, 0x8CDE,
    0x8D9D, 0x8E1D, 0x961C, 0x961C, 0x95FD, 0x8DDD, 0x95FE, 0x963E, 0xA6BF, 0x9E9F, 0x961E, 0x8DDD, 0x8DDD, 0x95DC, 0x95DC, 0x8DDC,
    0x8D5C, 0x8C9E, 0x8C5F, 0x8C5F, 0x8C5F, 0x8C5F, 0x8C5F, 0x8C5F, 0x8C5F, 0x8C5F, 0x8C5F, 0x8C9E, 0x8C9F, 0x8CBE, 0x8C7F, 0x8C5A,
    0x8C51, 0x8C51, 0x8C51, 0x8C51, 0x8C51, 0x8C51, 0x8C51, 0x8C51, 0x8C51, 0x8C51, 0x8D9B, 0x8D7A, 0x8D7A, 0x8D59, 0x8D79, 0x8D7A,
    0x8CDD, 0x8C9E, 0x8C9E, 0x8C7F, 0x8C5F, 0x8C5F, 0x8C5F, 0x8C5F, 0x8C5F, 0x8C5F, 0x8C5F, 0x8C5F, 0x8C5F, 0x8C5F, 0x8C5F, 0x8C5F,
    0x8C5F, 0x8C5D, 0x8C5A, 0x8C76, 0x8C53, 0x8C52, 0x8C51, 0x8C51, 0x8C51, 0x8C52, 0x8C54, 0x8C54, 0x8C52, 0x8C52, 0x8C51, 0x8C51,
    0x8C51, 0x8C52, 0x8C51, 0x8C52, 0x8C52, 0x8C52, 0x8C53, 0x8C52, 0x8C52, 0x8C52, 0x8C53, 0x8C53, 0x8C53, 0x8C52, 0x8C53, 0x8C52,
    0x8C52, 0x8C53, 0x8C53, 0x8C54, 0x8C54, 0x8C55, 0x8C73, 0x8C75, 0x8C77, 0x8C77, 0x8C98, 0x8C98, 0x8C97, 0x8C78, 0x8C78, 0x8C98,
    0x8CF7, 0x8D17, 0x8D37, 0x8D37, 0x8D37, 0x8D37, 0x8D56, 0x8D76, 0x8D57, 0x8D57, 0x8D37, 0x8D18, 0x8D17, 0x8D17, 0x8D17, 0x8D18,
    0x8CF7, 0x8CF7, 0x8CF7, 0x8CF7, 0x8CF7, 0x8CF8, 0x8CF8, 0x8CF8, 0x8CF8, 0x8CF8, 0x8CF7, 0x8CF8, 0x8D38, 0x8D18, 0x8D18, 0x8D18,
    0x8D18, 0x8D18, 0x8D18, 0x8D18, 0x8D18, 0x8D18, 0x8D18, 0x8D18, 0x8D18, 0x8D18, 0x8D18, 0x8D18, 0x8D18, 0x8D38, 0x8D18, 0x8D18,
    0x8D18, 0x8D18, 0x8D18, 0x8D18, 0x8D38, 0x8D38, 0x8D18, 0x8D18, 0x8D38, 0x8D38, 0x8D38, 0x8D39, 0x8D39, 0x8D39, 0x8D39, 0x8D39,
    0x8D39, 0x8D39, 0x8D39, 0x8D39, 0x8D38, 0x8D39, 0x8D39, 0x8D39, 0x8D39, 0x8D39, 0x8D39, 0x8D39, 0x8D39, 0x8D39, 0x8D39, 0x8D39,
    0x8D39, 0x8D39, 0x8D39, 0x8D39, 0x8D39, 0x8D39, 0x8D39, 0x8D39, 0x8D39, 0x8D39, 0x8D39, 0x8D39, 0x8D39, 0x8D39, 0x8D39, 0x8D39,
    0x8D59, 0x8D59, 0x8D59, 0x8D59, 0x8D59, 0x8D59, 0x8D39, 0x8D39, 0x8D39, 0x8D59, 0x8D59, 0x8D59, 0x8D59, 0x8D5A, 0x8D5A, 0x8D5A,
    0x8D5A, 0x8D5A, 0x8D5A, 0x8D5A, 0x8D5A, 0x8D5A, 0x8D5A, 0x8D7A, 0x8D7A, 0x8D7A, 0x8D7A, 0x8D7B, 0x8D9B, 0x8D9C, 0x95BC, 0x95BC,
    0x95BC, 0x95BC, 0x95BC, 0x95BC, 0x95BC, 0x95BC, 0x95BC, 0x95BC, 0x95DD, 0x95DD, 0x95DD, 0x95DD, 0x95DD, 0x95DD, 0x95DD, 0x95FD,
    0x95FD, 0x95FD, 0x95FE, 0x95FE, 0x961E, 0x961E, 0x961E, 0x961E, 0x961E, 0x961F, 0x963F, 0xA69F, 0xBF3F, 0xD79F, 0xC75F, 0xA69F,
    0x963F, 0x963F, 0x9E5F, 0x9E5F, 0x9E5F, 0x9E5E, 0x9E5E, 0x9E5E, 0x9E3E, 0x9E3E, 0x9E3E, 0x9E3E, 0x9E1D, 0x9E1D, 0x9E1D, 0x9E1D,
    0x961C, 0x961C, 0x961C, 0x9E1C, 0x9E1C, 0x9E1C, 0x9E1C, 0x95FC, 0x8DFB, 0x8DDA, 0x8DF9, 0x8DD9, 0x8D5C, 0x8CFD, 0x8C5F, 0x8C5F,
    0x8C5F, 0x8C5F, 0x8C5F, 0x8C5F, 0x8C5F, 0x8C5F, 0x8C5F, 0x8C5F, 0x8C5F, 0x8C5F, 0x8C5F, 0x8C5F, 0x8C5F, 0x8C5F, 0x8C5F, 0x8C5F,
    0x8C5F, 0x8C5F, 0x8C5F, 0x8C5F, 0x8C5F, 0x8C5F, 0x8C5F, 0x8C5F, 0x8C5F, 0x8C5F, 0x8C5F, 0x8C5F, 0x8C5F, 0x8C5F, 0x8C5F, 0x8C5F,
    0x8C5F, 0x8C5F, 0x8C5F, 0x8C5F, 0x8C5F, 0x8C5F, 0x8C5F, 0x8C5F, 0x8C5F, 0x8C5F, 0x8C5F, 0x8C5F, 0x8C5F, 0x8C5F, 0x8C5F, 0x8C5F,
    0x8C5F, 0x8C5F, 0x8C5F, 0x8C5F, 0x8C5F, 0x8C5F, 0x8C5F, 0x8C5F, 0x8C5F, 0x8C5F, 0x8C5F, 0x8C5F, 0x8C5C, 0x8C5F, 0x8C5F, 0x8C5F,
    0x8C5F, 0x8C5B, 0x8C57, 0x8C5B, 0x8C5F, 0x8D1F, 0x8C9F, 0x8C5F, 0x8C5F, 0x8C5F, 0x8C5F, 0x8C5F, 0x8C5F, 0x8C5F, 0x8C5F, 0x8C7F,
    0x8D3C, 0x8D1F, 0x8CDC, 0x8D5F, 0x8C5F, 0x8C5F, 0x8C5F, 0x8C5F, 0x8C5F, 0x8C5F, 0x8C5F, 0x8C7F, 0x8CBF, 0x8C5F, 0x8C5F, 0x8C5F,
    0x8C5F, 0x8C5F, 0x8C7F, 0x8D5F, 0x8C5F, 0x8C7F, 0x8CBE, 0x8D3F, 0x8D9D, 0x961C, 0x961C, 0x95FD, 0x95FD, 0x8DFE, 0x961E, 0x9E9F,
    0xA69F, 0x9E5F, 0x961E, 0x8DDD, 0x95DD, 0x95DC, 0x95FC, 0x8DDB, 0x8D3C, 0x8CFD, 0x8C5F, 0x8C5F, 0x8C5F, 0x8C5F, 0x8C5F, 0x8C5F,
    0x8C5F, 0x8C5F, 0x8C5F, 0x8C5F, 0x8C5F, 0x8C9F, 0x8C9F, 0x8CBE, 0x8C7F, 0x8C5A, 0x8C51, 0x8C51, 0x8C51, 0x8C51, 0x8C51, 0x8C51,
    0x8C51, 0x8C51, 0x8C51, 0x8C51, 0x8D5A, 0x8D59, 0x8D59, 0x8D1B, 0x8CFD, 0x8C7F, 0x8C5F, 0x8C5F, 0x8C5F, 0x8C5F, 0x8C5F, 0x8C5F,
    0x8C5F, 0x8C5F, 0x8C5F, 0x8C5F, 0x8C5F, 0x8C5F, 0x8C5E, 0x8C5E, 0x8C5B, 0x8C57, 0x8C53, 0x8C51, 0x8C51, 0x8C51, 0x8C51, 0x8C51,
    0x8C51, 0x8C51, 0x8C51, 0x8C51, 0x8C51, 0x8C51, 0x8C51, 0x8C51, 0x8C51, 0x8C51, 0x8C51, 0x8C51, 0x8C51, 0x8C51, 0x8C51, 0x8C51,
    0x8C51, 0x8C51, 0x8C51, 0x8C51, 0x8C51, 0x8C51, 0x8C51, 0x8C51, 0x8C51, 0x8C51, 0x8C51, 0x8C51, 0x8C51, 0x8C51, 0x8C51, 0x8C51,
    0x8C51, 0x8C51, 0x8C52, 0x8C53, 0x8C54, 0x8C56, 0x8C56, 0x8C54, 0x8C53, 0x8C55, 0x8C57, 0x8C56, 0x8C57, 0x8C57, 0x8C57, 0x8C77,
    0x8C78, 0x8CD7, 0x8C97, 0x8CF7, 0x8D17, 0x8D57, 0x8D57, 0x8D57, 0x8D57, 0x8D57, 0x8D57, 0x8D57, 0x8D37, 0x8D37, 0x8D17, 0x8D17,
    0x8D17, 0x8CF7, 0x8CF7, 0x8CF7, 0x8CF7, 0x8CF7, 0x8CF7, 0x8CF8, 0x8D18, 0x8CF8, 0x8CF8, 0x8D18, 0x8D18, 0x8D18, 0x8D18, 0x8D18,
    0x8D18, 0x8D18, 0x8D18, 0x8D18, 0x8CF8, 0x8CF8, 0x8D18, 0x8D18, 0x8D18, 0x8D18, 0x8D18, 0x8D18, 0x8D18, 0x8D18, 0x8D18, 0x8D38,
    0x8D38, 0x8D38, 0x8D38, 0x8D38, 0x8D38, 0x8D18, 0x8D18, 0x8D38, 0x8D38, 0x8D38, 0x8D18, 0x8D18, 0x8D38, 0x8D38, 0x8D38, 0x8D38,
    0x8D39, 0x8D38, 0x8D38, 0x8D38, 0x8D39, 0x8D39, 0x8D39, 0x8D39, 0x8D39, 0x8D39, 0x8D39, 0x8D39, 0x8D39, 0x8D39, 0x8D39, 0x8D39,
    0x8D39, 0x8D39, 0x8D39, 0x8D39, 0x8D39, 0x8D39, 0x8D39, 0x8D39, 0x8D39, 0x8D39, 0x8D39, 0x8D59, 0x8D59, 0x8D39, 0x8D39, 0x8D39,
    0x8D39, 0x8D39, 0x8D39, 0x8D39, 0x8D39, 0x8D59, 0x8D59, 0x8D59, 0x8D5A, 0x8D5A, 0x8D5A, 0x8D5A, 0x8D5A, 0x8D5A, 0x8D5A, 0x8D5A,
    0x8D5A, 0x8D5A, 0x8D5A, 0x8D7A, 0x8D7A, 0x8D7A, 0x8D7A, 0x8D7A, 0x8D7B, 0x8D9B, 0x95BC, 0x95BC, 0x95BC, 0x95BC, 0x95BC, 0x95BC,
    0x95BC, 0x95BC, 0x95BC, 0x95BC, 0x95DD, 0x95DD, 0x95DD, 0x95DD, 0x95DD, 0x95DD, 0x95DD, 0x95FD, 0x95FD, 0x95FD, 0x95FE, 0x961E,
    0x961E, 0x961E, 0x961E, 0x961E, 0x961E, 0x961F, 0x961F, 0x9E7F, 0xBF1F, 0xCF7F, 0xC75F, 0xB6FF, 0x9E7F, 0x963F, 0x9E5F, 0x9E5F,
    0x9E5F, 0x9E5E, 0x9E5E, 0x9E5E, 0x9E3E, 0x9E3E, 0x9E3E, 0x9E3E, 0x9E1E, 0x9E1D, 0x9E1D, 0x9E1D, 0x961D, 0x961D, 0x961C, 0x9E1C,
    0x9E1C, 0x9DFC, 0x9DFC, 0x95FC, 0x8DDC, 0x8DFA, 0x8E19, 0x8E38, 0x8D5B, 0x8C7F, 0x8C5F, 0x8C5F, 0x8C5F, 0x8C5F, 0x8C5F, 0x8C5F,
    0x8C5F, 0x8C5F, 0x8C5F, 0x8C5F, 0x8C5F, 0x8C5F, 0x8C5F, 0x8C5F, 0x8C5F, 0x8C5F, 0x8C5F, 0x8C5F, 0x8C5F, 0x8C5F, 0x8C5F, 0x8C5F,
    0x8C5F, 0x8C5F, 0x8C5F, 0x8C5F, 0x8C5F, 0x8C5F, 0x8C5F, 0x8C5F, 0x8C5F, 0x8C5F, 0x8C5F, 0x8C5F, 0x8C5F, 0x8C5F, 0x8C5F, 0x8C5F,
    0x8C5F, 0x8C5F, 0x8C5F, 0x8C5F, 0x8C5F, 0x8C5F, 0x8C5F, 0x8C5F, 0x8C5F, 0x8C5F, 0x8C5F, 0x8C5F, 0x8C5F, 0x8C5F, 0x8C5F, 0x8C5F,
    0x8C5F, 0x8C5F, 0x8C5F, 0x8C5F, 0x8C5F, 0x8C5F, 0x8C5C, 0x8C5F, 0x8C5F, 0x8C5F, 0x8C5F, 0x8C5B, 0x8C57, 0x8C5B, 0x8C5F, 0x8D1F,
    0x8C9F, 0x8C5F, 0x8C5F, 0x8C5F, 0x8C5F, 0x8C5F, 0x8C5F, 0x8C5F, 0x8C5F, 0x8C7F, 0x8D3C, 0x8D1F, 0x8CDC, 0x8D5F, 0x8C5F, 0x8C5F,
    0x8C5F, 0x8C5F, 0x8C5F, 0x8C5F, 0x8C5F, 0x8C7F, 0x8CBF, 0x8C5F, 0x8C5F, 0x8C5F, 0x8C5F, 0x8C5F, 0x8C7F, 0x8D9E, 0x8CFD, 0x8D9D,
    0x8DFD, 0x8E1D, 0x961C, 0x95FD, 0x95FD, 0x95FE, 0x9E3E, 0x9E7F, 0xA6BF, 0x9E7F, 0x95FE, 0x95DD, 0x95DD, 0x95DC, 0x8DDC, 0x8DDB,
    0x8D7C, 0x8C9E, 0x8C5F, 0x8C5F, 0x8C5F, 0x8C5F, 0x8C5F, 0x8C5F, 0x8C5F, 0x8C5F, 0x8C5F, 0x8C5F, 0x8C5F, 0x8C5F, 0x8C5B, 0x8C7B,
    0x8C7E, 0x8CBF, 0x8C7F, 0x8C5A, 0x8C51, 0x8C51, 0x8C51, 0x8C51, 0x8C51, 0x8C51, 0x8C51, 0x8C51, 0x8C51, 0x8C51, 0x8D39, 0x8D3B,
    0x8C7E, 0x8C5F, 0x8C5F, 0x8C5F, 0x8C5F, 0x8C5F, 0x8C5F, 0x8C5F, 0x8C5F, 0x8C5F, 0x8C5F, 0x8C5F, 0x8C5F, 0x8C5F, 0x8C5F, 0x8C5B,
    0x8C51, 0x8C55, 0x8C51, 0x8C51, 0x8C51, 0x8C51, 0x8C51, 0x8C51, 0x8C51, 0x8C51, 0x8C51, 0x8C51, 0x8C51, 0x8C51, 0x8C51, 0x8C51,
    0x8C51, 0x8C51, 0x8C51, 0x8C51, 0x8C51, 0x8C51, 0x8C51, 0x8C51, 0x8C51, 0x8C51, 0x8C51, 0x8C51, 0x8C51, 0x8C51, 0x8C51, 0x8C51,
    0x8C51, 0x8C51, 0x8C51, 0x8C51, 0x8C51, 0x8C51, 0x8C51, 0x8C51, 0x8C51, 0x8C51, 0x8C51, 0x8C51, 0x8C51, 0x8C51, 0x8C51, 0x8C51,
    0x8C53, 0x8C51, 0x8C51, 0x8C51, 0x8C52, 0x8C52, 0x8C52, 0x8C52, 0x8C53, 0x8C53, 0x8C55, 0x8C53, 0x8C53, 0x8C56, 0x8C57, 0x8C77,
    0x8C77, 0x8C97, 0x8C97, 0x8CB7, 0x8D17, 0x8CF7, 0x8D37, 0x8D37, 0x8D57, 0x8D57, 0x8D57, 0x8D57, 0x8D57, 0x8D57, 0x8D57, 0x8D37,
    0x8D17, 0x8D17, 0x8CF7, 0x8D17, 0x8CF7, 0x8CF7, 0x8CF8, 0x8CF8, 0x8CD8, 0x8CF8, 0x8CD7, 0x8CF7, 0x8D18, 0x8D18, 0x8D18, 0x8D18,
    0x8D18, 0x8D18, 0x8D17, 0x8D18, 0x8D18, 0x8D18, 0x8D18, 0x8D18, 0x8D18, 0x8D18, 0x8D18, 0x8D18, 0x8D18, 0x8D18, 0x8D38, 0x8D38,
    0x8D18, 0x8D18, 0x8D18, 0x8D18, 0x8D18, 0x8D18, 0x8D18, 0x8D18, 0x8D38, 0x8D38, 0x8D39, 0x8D39, 0x8D39, 0x8D38, 0x8D19, 0x8D39,
    0x8D39, 0x8D39, 0x8D39, 0x8D39, 0x8D39, 0x8D39, 0x8D39, 0x8D39, 0x8D39, 0x8D39, 0x8D39, 0x8D39, 0x8D39, 0x8D39, 0x8D39, 0x8D39,
    0x8D39, 0x8D39, 0x8D39, 0x8D39, 0x8D39, 0x8D39, 0x8D39, 0x8D39, 0x8D39, 0x8D39, 0x8D39, 0x8D39, 0x8D39, 0x8D39, 0x8D39, 0x8D59,
    0x8D59, 0x8D59, 0x8D59, 0x8D59, 0x8D5A, 0x8D5A, 0x8D59, 0x8D59, 0x8D5A, 0x8D5A, 0x8D5A, 0x8D5A, 0x8D5A, 0x8D5A, 0x8D5A, 0x8D5A,
    0x8D7A, 0x8D7A, 0x8D7A, 0x8D7A, 0x8D7A, 0x8D9B, 0x95BC, 0x95BC, 0x95BC, 0x95BC, 0x95BC, 0x95BC, 0x95BC, 0x95BC, 0x95BC, 0x95BC,
    0x95DD, 0x95DD, 0x95DD, 0x95DD, 0x95DD, 0x95DD, 0x95FD, 0x95FD, 0x95FD, 0x95FE, 0x95FE, 0x95FE, 0x961E, 0x961E, 0x961E, 0x961E,
    0x963E, 0x961F, 0x961F, 0x965F, 0xAEDF, 0xCF7F, 0xD79F, 0xB71F, 0x9E7F, 0x963F, 0x9E3F, 0x9E5F, 0x9E5F, 0x9E5E, 0x9E5E, 0x9E5E,
    0x9E5E, 0x9E3E, 0x9E3E, 0x9E3E, 0x9E3E, 0x9E1E, 0x9E1D, 0x9E1D, 0x9E1D, 0x961D, 0x961C, 0x961C, 0x9E1C, 0x9DFC, 0x9DFD, 0x95FC,
    0x8DDB, 0x8DBA, 0x8DF9, 0x8DBA, 0x8D3C, 0x8CFD, 0x8CBE, 0x8C5F, 0x8C5F, 0x8C5F, 0x8C5F, 0x8C5F, 0x8C5F, 0x8C5F, 0x8C5F, 0x8C5F,
    0x8C5F, 0x8C5F, 0x8C5F, 0x8C5F, 0x8C5F, 0x8C5F, 0x8C5F, 0x8C5F, 0x8C5F, 0x8C5F, 0x8C5F, 0x8C5F, 0x8C5F, 0x8C5F, 0x8C5F, 0x8C5F,
    0x8C5F, 0x8C5F, 0x8C5F, 0x8C5F, 0x8C5F, 0x8C5F, 0x8C5F, 0x8C5F, 0x8C5F, 0x8C5F, 0x8C5F, 0x8C5F, 0x8C5F, 0x8C5F, 0x8C5F, 0x8C5F,
    0x8C5F, 0x8C5F, 0x8C5F, 0x8C5F, 0x8C5F, 0x8C5F, 0x8C5F, 0x8C5F, 0x8C5F, 0x8C5F, 0x8C5F, 0x8C5F, 0x8C5F, 0x8C5F, 0x8C5F, 0x8C5F,
    0x8C5C, 0x8C5F, 0x8C5F, 0x8C5F, 0x8C5F, 0x8C5B, 0x8C57, 0x8C5B, 0x8C5F, 0x8D1F, 0x8C9F, 0x8C5F, 0x8C5F, 0x8C5F, 0x8C5F, 0x8C5F,
    0x8C5F, 0x8C5F, 0x8C5F, 0x8C7F, 0x8D3C, 0x8D1F, 0x8CDC, 0x8D5F, 0x8C5F, 0x8C5F, 0x8C5F, 0x8C5F, 0x8C5F, 0x8C5F, 0x8C5F, 0x8C7F,
    0x8CBF, 0x8C5F, 0x8C5F, 0x8C5F, 0x8C5F, 0x8C7F, 0x8D3E, 0x8E1C, 0x961C, 0x961C, 0x95FC, 0x95DD, 0x8DDD, 0x95FE, 0x963F, 0xA6BF,
    0xA6BF, 0x963F, 0x8DFE, 0x8DDD, 0x95FD, 0x95FC, 0x95DC, 0x8DBB, 0x8D5C, 0x8CBE, 0x8C5F, 0x8C5F, 0x8C5F, 0x8C5F, 0x8C5F, 0x8C5F,
    0x8C5F, 0x8C5F, 0x8C5F, 0x8C5F, 0x8C5F, 0x8C5F, 0x8C57, 0x8C53, 0x8C51, 0x8C51, 0x8C52, 0x8C76, 0x8C5D, 0x8C59, 0x8C51, 0x8C51,
    0x8C51, 0x8C51, 0x8C51, 0x8C51, 0x8C51, 0x8C51, 0x8C51, 0x8C51, 0x8C7F, 0x8C5F, 0x8C5F, 0x8C5F, 0x8C5F, 0x8C5F, 0x8C5F, 0x8C5F,
    0x8C5F, 0x8C5F, 0x8C5F, 0x8C5F, 0x8C5F, 0x8C5F, 0x8C5F, 0x8C5F, 0x8C5F, 0x8C55, 0x8C51, 0x8C54, 0x8C51, 0x8C51, 0x8C51, 0x8C51,
    0x8C51, 0x8C51, 0x8C51, 0x8C51, 0x8C51, 0x8C51, 0x8C51, 0x8C51, 0x8C51, 0x8C51, 0x8C51, 0x8C51, 0x8C51, 0x8C51, 0x8C51, 0x8C51,
    0x8C51, 0x8C51, 0x8C51, 0x8C51, 0x8C51, 0x8C51, 0x8C51, 0x8C51, 0x8C51, 0x8C51, 0x8C51, 0x8C51, 0x8C51, 0x8C51, 0x8C51, 0x8C51,
    0x8C51, 0x8C51, 0x8C51, 0x8C51, 0x8C51, 0x8C51, 0x8C51, 0x8C51, 0x8C51, 0x8C51, 0x8C51, 0x8C51, 0x8C51, 0x8C51, 0x8C51, 0x8C51,
    0x8C51, 0x8C51, 0x8C51, 0x8C51, 0x8C51, 0x8C51, 0x8C51, 0x8C51, 0x8C51, 0x8C52, 0x8C51, 0x8C51, 0x8C52, 0x8C53, 0x8C53, 0x8C54,
    0x8C56, 0x8C55, 0x8C75, 0x8C95, 0x8C96, 0x8CD6, 0x8CF7, 0x8CD7, 0x8CD7, 0x8D37, 0x8D17, 0x8D17, 0x8D17, 0x8D57, 0x8D57, 0x8D57,
    0x8D57, 0x8D57, 0x8D37, 0x8D18, 0x8D17, 0x8CF7, 0x8CF7, 0x8CF7, 0x8CF8, 0x8CF8, 0x8CF8, 0x8CF7, 0x8CF8, 0x8CF8, 0x8D18, 0x8D18,
    0x8D18, 0x8D18, 0x8D18, 0x8D18, 0x8D18, 0x8D18, 0x8D18, 0x8D18, 0x8D18, 0x8D18, 0x8D18, 0x8D18, 0x8D18, 0x8D18, 0x8D18, 0x8D18,
    0x8D18, 0x8D18, 0x8D38, 0x8D38, 0x8D38, 0x8D38, 0x8D18, 0x8D38, 0x8D38, 0x8D38, 0x8D38, 0x8D38, 0x8D38, 0x8D38, 0x8D38, 0x8D39,
    0x8D39, 0x8D39, 0x8D39, 0x8D39, 0x8D39, 0x8D39, 0x8D39, 0x8D39, 0x8D39, 0x8D39, 0x8D39, 0x8D39, 0x8D39, 0x8D39, 0x8D39, 0x8D39,
    0x8D39, 0x8D39, 0x8D39, 0x8D39, 0x8D39, 0x8D39, 0x8D39, 0x8D39, 0x8D39, 0x8D39, 0x8D59, 0x8D39, 0x8D39, 0x8D59, 0x8D59, 0x8D59,
    0x8D59, 0x8D59, 0x8D59, 0x8D5A, 0x8D5A, 0x8D5A, 0x8D5A, 0x8D5A, 0x8D5A, 0x8D5A, 0x8D5A, 0x8D5A, 0x8D7A, 0x8D7A, 0x8D7A, 0x8D7A,
    0x8D7B, 0x8D9B, 0x8D9B, 0x95BC, 0x95BC, 0x95BC, 0x95BC, 0x95BC, 0x95BC, 0x95BC, 0x95BC, 0x95DD, 0x95DD, 0x95DD, 0x95DD, 0x95DD,
    0x95DD, 0x95DD, 0x95FD, 0x95FD, 0x95FE, 0x95FE, 0x95FE, 0x961E, 0x961E, 0x961E, 0x961E, 0x961E, 0x961E, 0x963F, 0x961F, 0x963F,
    0xA67F, 0xB6FF, 0xCF7F, 0xC75F, 0xAEDF, 0x965F, 0x963F, 0x9E3F, 0x9E5F, 0x9E5F, 0x9E5E, 0x9E3E, 0x9E3E, 0x9E3E, 0x9E3E, 0x9E3E,
    0x9E1E, 0x9E1D, 0x9E1D, 0x9E1D, 0x9E1D, 0x961D, 0x961C, 0x961C, 0x9E1C, 0x9DFC, 0x9DFD, 0x9DFC, 0x8DFC, 0x8DDA, 0x8DF9, 0x8E18,
    0x8E18, 0x8D9A, 0x8D5B, 0x8CDD, 0x8C5F, 0x8C5F, 0x8C5F, 0x8C5F, 0x8C5F, 0x8C5F, 0x8C5F, 0x8C5F, 0x8C5F, 0x8C5F, 0x8C5F, 0x8C5F,
    0x8C5F, 0x8C5F, 0x8C5F, 0x8C5F, 0x8C5F, 0x8C5F, 0x8C5F, 0x8C5F, 0x8C5F, 0x8C5F, 0x8C5F, 0x8C5F, 0x8C5F, 0x8C5F, 0x8C5F, 0x8C5F,
    0x8C5F, 0x8C5F, 0x8C5F, 0x8C5F, 0x8C5F, 0x8C5F, 0x8C5F, 0x8C5F, 0x8C5F, 0x8C5F, 0x8C5F, 0x8C5F, 0x8C5F, 0x8C5F, 0x8C5F, 0x8C5F,
    0x8C5F, 0x8C5F, 0x8C5F, 0x8C5F, 0x8C5F, 0x8C5F, 0x8C5F, 0x8C5F, 0x8C5F, 0x8C5F, 0x8C5C, 0x8C5F, 0x8C5F, 0x8C5F, 0x8C5F, 0x8C5B,
    0x8C57, 0x8C5B, 0x8C5F, 0x8D1F, 0x8C9F, 0x8C5F, 0x8C5F, 0x8C5F, 0x8C5F, 0x8C5F, 0x8C5F, 0x8C5F, 0x8C5F, 0x8C7F, 0x8D3C, 0x8D1F,
    0x8CDC, 0x8D5F, 0x8C5F, 0x8C5F, 0x8C5F, 0x8C5F, 0x8C5F, 0x8C5F, 0x8C5F, 0x8C5F, 0x8CBF, 0x8C5F, 0x8C5F, 0x8CDF, 0x8D7D, 0x95FC,
    0x961C, 0x95FC, 0x95FD, 0x8DDD, 0x8DFE, 0x961E, 0xA69F, 0xA6BF, 0x9E5F, 0x961E, 0x8DDD, 0x8DDD, 0x95DC, 0x8DDC, 0x8DBB, 0x8D5A,
    0x8CFC, 0x8C99, 0x8C5D, 0x8C5F, 0x8C5F, 0x8C5F, 0x8C5F, 0x8C5F, 0x8C5F, 0x8C5F, 0x8C5F, 0x8C5F, 0x8C5F, 0x8C5F, 0x8C5F, 0x8C56,
    0x8C51, 0x8C51, 0x8C51, 0x8C51, 0x8C51, 0x8C51, 0x8C51, 0x8C52, 0x8C51, 0x8C51, 0x8C51, 0x8C51, 0x8C51, 0x8C51, 0x8C51, 0x8C51,
    0x8C51, 0x8C51, 0x8C5F, 0x8C5F, 0x8C5F, 0x8C5F, 0x8C5F, 0x8C5F, 0x8C5F, 0x8C5F, 0x8C5F, 0x8C5F, 0x8C5F, 0x8C5F, 0x8C5F, 0x8C5F,
    0x8C5F, 0x8C5F, 0x8C5F, 0x8C55, 0x8C51, 0x8C54, 0x8C51, 0x8C51, 0x8C51, 0x8C51, 0x8C51, 0x8C51, 0x8C51, 0x8C51, 0x8C51, 0x8C51,
    0x8C51, 0x8C51, 0x8C51, 0x8C51, 0x8C51, 0x8C51, 0x8C51, 0x8C51, 0x8C51, 0x8C51, 0x8C51, 0x8C51, 0x8C51, 0x8C51, 0x8C51, 0x8C51,
    0x8C51, 0x8C51, 0x8C51, 0x8C51, 0x8C51, 0x8C51, 0x8C51, 0x8C51, 0x8C51, 0x8C51, 0x8C51, 0x8C51, 0x8C51, 0x8C51, 0x8C51, 0x8C51,
    0x8C51, 0x8C51, 0x8C51, 0x8C51, 0x8C51, 0x8C51, 0x8C51, 0x8C51, 0x8C51, 0x8C51, 0x8C51, 0x8C51, 0x8C51, 0x8C51, 0x8C51, 0x8C51,
    0x8C51, 0x8C51, 0x8C51, 0x8C51, 0x8C51, 0x8C51, 0x8C51, 0x8C51, 0x8C51, 0x8C51, 0x8C51, 0x8C51, 0x8C51, 0x8C51, 0x8C51, 0x8C52,
    0x8C54, 0x8C53, 0x8C53, 0x8C54, 0x8C54, 0x8C54, 0x8C55, 0x8C76, 0x8C97, 0x8C97, 0x8CB7, 0x8CD7, 0x8D37, 0x8D77, 0x8D77, 0x8D57,
    0x8D38, 0x8D17, 0x8D18, 0x8D17, 0x8D17, 0x8D18, 0x8D17, 0x8CF7, 0x8CF7, 0x8CF7, 0x8CF8, 0x8CF8, 0x8CF8, 0x8CF7, 0x8D18, 0x8D18,
    0x8D18, 0x8D18, 0x8D18, 0x8D18, 0x8D18, 0x8D18, 0x8D18, 0x8D18, 0x8D18, 0x8D18, 0x8D18, 0x8D18, 0x8D18, 0x8D18, 0x8D18, 0x8D18,
    0x8D38, 0x8D38, 0x8D38, 0x8D38, 0x8D38, 0x8D38, 0x8D38, 0x8D38, 0x8D38, 0x8D38, 0x8D38, 0x8D38, 0x8D18, 0x8D39, 0x8D39, 0x8D39,
    0x8D39, 0x8D39, 0x8D39, 0x8D39, 0x8D39, 0x8D39, 0x8D39, 0x8D39, 0x8D39, 0x8D39, 0x8D39, 0x8D39, 0x8D39, 0x8D39, 0x8D39, 0x8D39,
    0x8D39, 0x8D39, 0x8D39, 0x8D39, 0x8D39, 0x8D39, 0x8D39, 0x8D39, 0x8D59, 0x8D59, 0x8D59, 0x8D59, 0x8D59, 0x8D59, 0x8D59, 0x8D5A,
    0x8D5A, 0x8D5A, 0x8D5A, 0x8D5A, 0x8D5A, 0x8D5A, 0x8D5A, 0x8D5A, 0x8D5A, 0x8D7A, 0x8D7A, 0x8D7A, 0x8D7B, 0x8D9B, 0x8D9B, 0x95BB,
    0x95BC, 0x95BC, 0x95BC, 0x95BC, 0x95BC, 0x95BC, 0x95DC, 0x95DD, 0x95DD, 0x95DD, 0x95DD, 0x95DD, 0x95DD, 0x95FD, 0x95FD, 0x95FD,
    0x95FD, 0x95FE, 0x95FE, 0x961E, 0x961E, 0x961E, 0x961E, 0x961E, 0x963E, 0x963F, 0x963F, 0x961F, 0x965F, 0xAEDF, 0xBF3F, 0xC75F,
    0xBF3F, 0xA69F, 0x963F, 0x963F, 0x9E3F, 0x9E5E, 0x9E3E, 0x9E3E, 0x9E3E, 0x9E3E, 0x9E3E, 0x9E3D, 0x9E3D, 0x9E1E, 0x9E1E, 0x9E1D,
    0x9E1D, 0x961D, 0x961C, 0x961C, 0x9E1C, 0x9DFC, 0x9DFC, 0x9DFC, 0x95FC, 0x8DDB, 0x8DDA, 0x8DDA, 0x8DD9, 0x8DD9, 0x8DBA, 0x8CFD,
    0x8CDD, 0x8C7F, 0x8C5F, 0x8C5F, 0x8C5F, 0x8C5F, 0x8C5F, 0x8C5F, 0x8C5F, 0x8C5F, 0x8C5F, 0x8C5F, 0x8C5F, 0x8C5F, 0x8C5F, 0x8C5F,
    0x8C5F, 0x8C5F, 0x8C5F, 0x8C5F, 0x8C5F, 0x8C5F, 0x8C5F, 0x8C5F, 0x8C5F, 0x8C5F, 0x8C5F, 0x8C5F, 0x8C5F, 0x8C5F, 0x8C5F, 0x8C5F,
    0x8C5F, 0x8C5F, 0x8C5F, 0x8C5F, 0x8C5F, 0x8C5F, 0x8C5F, 0x8C5F, 0x8C5F, 0x8C5F, 0x8C5F, 0x8C5F, 0x8C5F, 0x8C5F, 0x8C5F, 0x8C5F,
    0x8C5F, 0x8C5F, 0x8C5F, 0x8C5F, 0x8C5C, 0x8C5F, 0x8C5F, 0x8C5F, 0x8C5F, 0x8C5B, 0x8C57, 0x8C5B, 0x8C5F, 0x8D1F, 0x8C9F, 0x8C5F,
    0x8C5F, 0x8C5F, 0x8C5F, 0x8C5F, 0x8C5F, 0x8C5F, 0x8C5F, 0x8C7F, 0x8D3C, 0x8D1F, 0x8CDC, 0x8D5F, 0x8C5F, 0x8C5F, 0x8C5F, 0x8C5F,
    0x8C5F, 0x8C5F, 0x8C5F, 0x8C9F, 0x8D3F, 0x8DBE, 0x8DBD, 0x961C, 0x961C, 0x95FD, 0x95FD, 0x95FD, 0x961E, 0x9E7F, 0xA69F, 0x9E7F,
    0x9E5F, 0x95FE, 0x8DDD, 0x95DD, 0x95DC, 0x8DDC, 0x8D9C, 0x8CFD, 0x8C97, 0x8C57, 0x8C5C, 0x8C59, 0x8C5C, 0x8C5F, 0x8C5F, 0x8C5F,
    0x8C5F, 0x8C5F, 0x8C5F, 0x8C5F, 0x8C5F, 0x8C5F, 0x8C5F, 0x8C5E, 0x8C56, 0x8C51, 0x8C51, 0x8C51, 0x8C51, 0x8C51, 0x8C51, 0x8C51,
    0x8C51, 0x8C51, 0x8C51, 0x8C51, 0x8C51, 0x8C51, 0x8C51, 0x8C51, 0x8C51, 0x8C51, 0x8C51, 0x8C51, 0x8C5F, 0x8C5F, 0x8C5F, 0x8C5F,
    0x8C5F, 0x8C5F, 0x8C5F, 0x8C5F, 0x8C5F, 0x8C5F, 0x8C5F, 0x8C5F, 0x8C5F, 0x8C5F, 0x8C5F, 0x8C5F, 0x8C5F, 0x8C55, 0x8C51, 0x8C54,
    0x8C51, 0x8C51, 0x8C51, 0x8C51, 0x8C51, 0x8C51, 0x8C51, 0x8C51, 0x8C51, 0x8C51, 0x8C51, 0x8C51, 0x8C51, 0x8C51, 0x8C51, 0x8C51,
    0x8C51, 0x8C51, 0x8C51, 0x8C51, 0x8C51, 0x8C51, 0x8C51, 0x8C51, 0x8C51, 0x8C51, 0x8C51, 0x8C51, 0x8C51, 0x8C51, 0x8C51, 0x8C51,
    0x8C51, 0x8C51, 0x8C51, 0x8C51, 0x8C51, 0x8C51, 0x8C51, 0x8C51, 0x8C51, 0x8C51, 0x8C51, 0x8C51, 0x8C51, 0x8C51, 0x8C51, 0x8C51,
    0x8C51, 0x8C51, 0x8C51, 0x8C51, 0x8C51, 0x8C51, 0x8C51, 0x8C51, 0x8C51, 0x8C51, 0x8C51, 0x8C51, 0x8C51, 0x8C51, 0x8C51, 0x8C51,
    0x8C51, 0x8C51, 0x8C51, 0x8C51, 0x8C51, 0x8C51, 0x8C51, 0x8C51, 0x8C51, 0x8C51, 0x8C51, 0x8C51, 0x8C51, 0x8C51, 0x8C51, 0x8C51,
    0x8C51, 0x8C51, 0x8C53, 0x8C54, 0x8C55, 0x8C56, 0x8C77, 0x8CD7, 0x8D16, 0x8D56, 0x8D77, 0x8D57, 0x8D77, 0x8D57, 0x8D57, 0x8D77,
    0x8D57, 0x8D37, 0x8D17, 0x8D17, 0x8D17, 0x8D17, 0x8CF7, 0x8CF7, 0x8CD7, 0x8CF7, 0x8D18, 0x8D18, 0x8D18, 0x8D18, 0x8D18, 0x8D18,
    0x8D18, 0x8CF8, 0x8D18, 0x8D18, 0x8D18, 0x8CF8, 0x8D18, 0x8D38, 0x8D38, 0x8D38, 0x8D18, 0x8D18, 0x8D18, 0x8D18, 0x8D18, 0x8D18,
    0x8D18, 0x8D18, 0x8D18, 0x8D18, 0x8D38, 0x8D38, 0x8D38, 0x8D38, 0x8D18, 0x8D38, 0x8D38, 0x8D38, 0x8D38, 0x8D39, 0x8D38, 0x8D39,
    0x8D39, 0x8D39, 0x8D39, 0x8D39, 0x8D39, 0x8D39, 0x8D39, 0x8D39, 0x8D39, 0x8D39, 0x8D39, 0x8D39, 0x8D39, 0x8D39, 0x8D39, 0x8D39,
    0x8D59, 0x8D39, 0x8D39, 0x8D39, 0x8D39, 0x8D39, 0x8D39, 0x8D59, 0x8D59, 0x8D59, 0x8D59, 0x8D59, 0x8D59, 0x8D59, 0x8D5A, 0x8D5A,
    0x8D5A, 0x8D5A, 0x8D5A, 0x8D5A, 0x8D5A, 0x8D7A, 0x8D7A, 0x8D7A, 0x8D7A, 0x8D7A, 0x8D7B, 0x8D9B, 0x95BC, 0x95BC, 0x95BC, 0x95BC,
    0x95BC, 0x95BC, 0x95DC, 0x95DD, 0x95DD, 0x95DD, 0x95DD, 0x95DD, 0x95DD, 0x95DD, 0x95FD, 0x95FD, 0x95FE, 0x95FE, 0x95FE, 0x95FE,
    0x961E, 0x961E, 0x961E, 0x961E, 0x963E, 0x963E, 0x963F, 0x961F, 0x961F, 0x9E5F, 0xB6FF, 0xC75F, 0xBF3F, 0xAEDF, 0x9E7F, 0x963F,
    0x963F, 0x9E3F, 0x9E3F, 0x9E3E, 0x9E3E, 0x9E3E, 0x9E3E, 0x9E3E, 0x9E3E, 0x9E3E, 0x9E1E, 0x9E1D, 0x9E1D, 0x961D, 0x961C, 0x961C,
    0x961C, 0x9E1C, 0x9E1D, 0x9DFD, 0x9DFC, 0x8E1C, 0x8DDB, 0x8DBA, 0x8DF9, 0x8DF9, 0x8E18, 0x8D7B, 0x8CBE, 0x8C7F, 0x8C5F, 0x8C5F,
    0x8C5F, 0x8C5F, 0x8C5F, 0x8C5F, 0x8C5F, 0x8C5F, 0x8C5F, 0x8C5F, 0x8C5F, 0x8C5F, 0x8C5F, 0x8C5F, 0x8C5F, 0x8C5F, 0x8C5F, 0x8C5F,
    0x8C5F, 0x8C5F, 0x8C5F, 0x8C5F, 0x8C5F, 0x8C5F, 0x8C5F, 0x8C5F, 0x8C5F, 0x8C5F, 0x8C5F, 0x8C5F, 0x8C5F, 0x8C5F, 0x8C5F, 0x8C5F,
    0x8C5F, 0x8C5F, 0x8C5F, 0x8C5F, 0x8C5F, 0x8C5F, 0x8C5F, 0x8C5F, 0x8C5F, 0x8C5F, 0x8C5F, 0x8C5F, 0x8C5F, 0x8C5F, 0x8C5C, 0x8C5F,
    0x8C5F, 0x8C5F, 0x8C5F, 0x8C5B, 0x8C57, 0x8C5B, 0x8C5F, 0x8D1F, 0x8C9F, 0x8C5F, 0x8C5F, 0x8C5F, 0x8C5F, 0x8C5F, 0x8C5F, 0x8C5F,
    0x8C5F, 0x8C7F, 0x8D3C, 0x8D1F, 0x8CDC, 0x8D5F, 0x8C5F, 0x8C5F, 0x8C5F, 0x8C5F, 0x8C7F, 0x8CFF, 0x8DBD, 0x8E1D, 0x8E3D, 0x961C,
    0x95FC, 0x95FD, 0x95FD, 0x95FE, 0x963E, 0x9E7F, 0xA6BF, 0xA69F, 0x961E, 0x8DDE, 0x8DDD, 0x95DC, 0x95DC, 0x8DDC, 0x8D5C, 0x8CFA,
    0x8C7E, 0x8C5F, 0x8C5C, 0x8C59, 0x8C7C, 0x8C79, 0x8C5C, 0x8C5F, 0x8C5F, 0x8C5F, 0x8C5F, 0x8C5F, 0x8C5F, 0x8C5C, 0x8C5B, 0x8C5D,
    0x8C57, 0x8C51, 0x8C51, 0x8C51, 0x8C51, 0x8C51, 0x8C51, 0x8C51, 0x8C51, 0x8C51, 0x8C51, 0x8C51, 0x8C51, 0x8C51, 0x8C51, 0x8C51,
    0x8C51, 0x8C51, 0x8C51, 0x8C51, 0x8C51, 0x8C51, 0x8C5F, 0x8C5F, 0x8C5F, 0x8C5F, 0x8C5F, 0x8C5F, 0x8C5F, 0x8C5F, 0x8C5F, 0x8C5F,
    0x8C5F, 0x8C5F, 0x8C5F, 0x8C5F, 0x8C5F, 0x8C5F, 0x8C5F, 0x8C55, 0x8C51, 0x8C54, 0x8C51, 0x8C51, 0x8C51, 0x8C51, 0x8C51, 0x8C51,
    0x8C51, 0x8C51, 0x8C51, 0x8C51, 0x8C51, 0x8C51, 0x8C51, 0x8C51, 0x8C51, 0x8C51, 0x8C51, 0x8C51, 0x8C51, 0x8C51, 0x8C51, 0x8C51,
    0x8C51, 0x8C51, 0x8C51, 0x8C51, 0x8C51, 0x8C51, 0x8C51, 0x8C51, 0x8C51, 0x8C51, 0x8C51, 0x8C51, 0x8C51, 0x8C51, 0x8C51, 0x8C51,
    0x8C51, 0x8C51, 0x8C51, 0x8C51, 0x8C51, 0x8C51, 0x8C51, 0x8C51, 0x8C51, 0x8C51, 0x8C51, 0x8C51, 0x8C51, 0x8C51, 0x8C51, 0x8C51,
    0x8C51, 0x8C51, 0x8C51, 0x8C51, 0x8C51, 0x8C51, 0x8C51, 0x8C51, 0x8C51, 0x8C51, 0x8C51, 0x8C51, 0x8C51, 0x8C51, 0x8C51, 0x8C51,
    0x8C51, 0x8C51, 0x8C51, 0x8C51, 0x8C51, 0x8C51, 0x8C51, 0x8C51, 0x8C51, 0x8C51, 0x8C51, 0x8C51, 0x8C51, 0x8C51, 0x8C51, 0x8C51,
    0x8C53, 0x8C55, 0x8C57, 0x8C57, 0x8C77, 0x8C97, 0x8CD7, 0x8CD7, 0x8CD7, 0x8CB7, 0x8CF7, 0x8D37, 0x8D57, 0x8D57, 0x8D57, 0x8D57,
    0x8D57, 0x8D37, 0x8D17, 0x8D17, 0x8CF7, 0x8CF7, 0x8CF7, 0x8CF7, 0x8D17, 0x8D18, 0x8D18, 0x8D18, 0x8D18, 0x8D18, 0x8D18, 0x8D18,
    0x8D18, 0x8D18, 0x8D18, 0x8D18, 0x8D18, 0x8D18, 0x8D18, 0x8D18, 0x8D18, 0x8D18, 0x8D18, 0x8D18, 0x8D18, 0x8D18, 0x8D18, 0x8D18,
    0x8D18, 0x8D18, 0x8D18, 0x8D18, 0x8D38, 0x8D38, 0x8D38, 0x8D18, 0x8D38, 0x8D38, 0x8D39, 0x8D39, 0x8D39, 0x8D18, 0x8D38, 0x8D39,
    0x8D39, 0x8D39, 0x8D39, 0x8D39, 0x8D39, 0x8D39, 0x8D39, 0x8D39, 0x8D39, 0x8D39, 0x8D39, 0x8D39, 0x8D39, 0x8D39, 0x8D39, 0x8D39,
    0x8D39, 0x8D39, 0x8D39, 0x8D59, 0x8D59, 0x8D59, 0x8D59, 0x8D59, 0x8D59, 0x8D59, 0x8D59, 0x8D5A, 0x8D5A, 0x8D5A, 0x8D5A, 0x8D5A,
    0x8D7A, 0x8D7A, 0x8D7A, 0x8D7A, 0x8D7A, 0x8D7A, 0x8D7B, 0x8D9B, 0x8DBC, 0x95BC, 0x95BC, 0x95BC, 0x95BC, 0x95BC, 0x95DC, 0x95DD,
    0x95DD, 0x95DD, 0x95DD, 0x95DD, 0x95DD, 0x95FD, 0x95FD, 0x95FD, 0x95FD, 0x95FE, 0x95FE, 0x95FE, 0x961E, 0x961E, 0x961E, 0x961E,
    0x961E, 0x963E, 0x963E, 0x963F, 0x961F, 0x963F, 0xA67F, 0xBF1F, 0xCF7F, 0xBF1F, 0xA69F, 0x9E5F, 0x963F, 0x963F, 0x9E3E, 0x9E3E,
    0x9E3E, 0x9E3E, 0x9E3E, 0x9E3E, 0x9E3E, 0x9E3D, 0x9E1D, 0x9E1D, 0x9E1D, 0x961D, 0x961D, 0x961C, 0x9E1C, 0x9E1D, 0x9DFC, 0x9DFD,
    0x9DFD, 0x95FC, 0x8DFC, 0x8DDB, 0x8DDB, 0x8DDA, 0x8DF9, 0x8DF9, 0x8D3C, 0x8C9E, 0x8C5F, 0x8C5F, 0x8C5F, 0x8C5F, 0x8C5F, 0x8C5F,
    0x8C5F, 0x8C5F, 0x8C5F, 0x8C5F, 0x8C5F, 0x8C5F, 0x8C5F, 0x8C5F, 0x8C5F, 0x8C5F, 0x8C5F, 0x8C5F, 0x8C5F, 0x8C5F, 0x8C5F, 0x8C5F,
    0x8C5F, 0x8C5F, 0x8C5F, 0x8C5F, 0x8C5F, 0x8C5F, 0x8C5F, 0x8C5F, 0x8C5F, 0x8C5F, 0x8C5F, 0x8C5F, 0x8C5F, 0x8C5F, 0x8C5F, 0x8C5F,
    0x8C5F, 0x8C5F, 0x8C5F, 0x8C5F, 0x8C5F, 0x8C5F, 0x8C5F, 0x8C5F, 0x8C5C, 0x8C5F, 0x8C5F, 0x8C5F, 0x8C5F, 0x8C5B, 0x8C57, 0x8C5B,
    0x8C5F, 0x8D1F, 0x8C9F, 0x8C5F, 0x8C5F, 0x8C5F, 0x8C5F, 0x8C5F, 0x8C5F, 0x8C5F, 0x8C5F, 0x8C7F, 0x8D3C, 0x8D1F, 0x8CDC, 0x8D3F,
    0x8C5F, 0x8C5F, 0x8CFF, 0x8D9E, 0x961D, 0x961C, 0x95FC, 0x95FC, 0x95FD, 0x95DD, 0x95FE, 0x961E, 0x9E7F, 0xA6BF, 0xA69F, 0x963E,
    0x95FE, 0x8DDD, 0x95DD, 0x95DC, 0x95FC, 0x8DDC, 0x8D9C, 0x8CB9, 0x8C5F, 0x8C7A, 0x8C5F, 0x8C5F, 0x8C5F, 0x8C5F, 0x8C7C, 0x8C79,
    0x8C5C, 0x8C5F, 0x8C5F, 0x8C5F, 0x8C5F, 0x8C5F, 0x8C59, 0x8C51, 0x8C51, 0x8C51, 0x8C51, 0x8C51, 0x8C51, 0x8C51, 0x8C51, 0x8C51,
    0x8C51, 0x8C51, 0x8C51, 0x8C51, 0x8C51, 0x8C51, 0x8C51, 0x8C51, 0x8C51, 0x8C51, 0x8C51, 0x8C51, 0x8C51, 0x8C51, 0x8C51, 0x8C51,
    0x8C5F, 0x8C5F, 0x8C5F, 0x8C5F, 0x8C5F, 0x8C5F, 0x8C5F, 0x8C5F, 0x8C5F, 0x8C5F, 0x8C5F, 0x8C5F, 0x8C5F, 0x8C5F, 0x8C5F, 0x8C5F,
    0x8C5F, 0x8C55, 0x8C51, 0x8C54, 0x8C51, 0x8C51, 0x8C51, 0x8C51, 0x8C51, 0x8C51, 0x8C51, 0x8C51, 0x8C51, 0x8C51, 0x8C51, 0x8C51,
    0x8C51, 0x8C51, 0x8C51, 0x8C51, 0x8C51, 0x8C51, 0x8C51, 0x8C51, 0x8C51, 0x8C51, 0x8C51, 0x8C51, 0x8C51, 0x8C51, 0x8C51, 0x8C51,
    0x8C51, 0x8C51, 0x8C51, 0x8C51, 0x8C51, 0x8C51, 0x8C51, 0x8C51, 0x8C51, 0x8C51, 0x8C51, 0x8C51, 0x8C51, 0x8C51, 0x8C51, 0x8C51,
    0x8C51, 0x8C51, 0x8C51, 0x8C51, 0x8C51, 0x8C51, 0x8C51, 0x8C51, 0x8C51, 0x8C51, 0x8C51, 0x8C51, 0x8C51, 0x8C51, 0x8C51, 0x8C51,
    0x8C51, 0x8C51, 0x8C51, 0x8C51, 0x8C51, 0x8C51, 0x8C51, 0x8C51, 0x8C51, 0x8C51, 0x8C51, 0x8C51, 0x8C51, 0x8C51, 0x8C51, 0x8C51,
    0x8C51, 0x8C51, 0x8C51, 0x8C51, 0x8C51, 0x8C51, 0x8C51, 0x8C51, 0x8C51, 0x8C51, 0x8C51, 0x8C51, 0x8C51, 0x8C51, 0x8C52, 0x8C52,
    0x8C53, 0x8C53, 0x8C53, 0x8C53, 0x8C54, 0x8C56, 0x8C97, 0x8CF7, 0x8D56, 0x8D56, 0x8D17, 0x8D76, 0x8D76, 0x8D96, 0x8D76, 0x8D57,
    0x8D38, 0x8D18, 0x8D17, 0x8CF7, 0x8CF8, 0x8CF7, 0x8CF7, 0x8CF7, 0x8CF8, 0x8CF8, 0x8CF7, 0x8D17, 0x8D18, 0x8D18, 0x8D18, 0x8D18,
    0x8D18, 0x8D18, 0x8D18, 0x8D17, 0x8D18, 0x8D18, 0x8D18, 0x8D18, 0x8D18, 0x8D18, 0x8D18, 0x8D18, 0x8D18, 0x8D18, 0x8D18, 0x8D18,
    0x8D18, 0x8D18, 0x8D18, 0x8D18, 0x8D18, 0x8D38, 0x8D38, 0x8D38, 0x8D18, 0x8D38, 0x8D38, 0x8D38, 0x8D18, 0x8D38, 0x8D39, 0x8D39,
    0x8D39, 0x8D39, 0x8D39, 0x8D39, 0x8D39, 0x8D39, 0x8D39, 0x8D39, 0x8D39, 0x8D39, 0x8D39, 0x8D39, 0x8D39, 0x8D39, 0x8D39, 0x8D59,
    0x8D39, 0x8D39, 0x8D59, 0x8D59, 0x8D59, 0x8D59, 0x8D5A, 0x8D5A, 0x8D5A, 0x8D5A, 0x8D5A, 0x8D5A, 0x8D7A, 0x8D7A, 0x8D7A, 0x8D7A,
    0x8D7A, 0x8D7A, 0x8D7B, 0x8D9B, 0x8D9B, 0x95BC, 0x95BC, 0x95BC, 0x95BC, 0x95BC, 0x95DC, 0x95DC, 0x95DD, 0x95DD, 0x95DD, 0x95DD,
    0x95FD, 0x95FD, 0x95DD, 0x95FD, 0x95FD, 0x95FE, 0x95FE, 0x95FE, 0x961E, 0x961E, 0x961E, 0x961E, 0x963E, 0x963E, 0x963E, 0x963F,
    0x961F, 0x961F, 0x9E5F, 0xA69F, 0xB6FF, 0xC75F, 0xBF3F, 0xA69F, 0x963F, 0x963F, 0x963F, 0x9E3E, 0x9E3E, 0x9E3E, 0x9E3E, 0x9E3E,
    0x9E3E, 0x9E1E, 0x9E1D, 0x9E1D, 0x9E1D, 0x9E1D, 0x961C, 0x961C, 0x961C, 0x961C, 0x9E1C, 0x9E1D, 0x9E1D, 0x9E1D, 0x9E1D, 0x9DFC,
    0x95FC, 0x8DFA, 0x8DBA, 0x8DBA, 0x8D9A, 0x8D3C, 0x8CFD, 0x8C9F, 0x8C5F, 0x8C5F, 0x8C5F, 0x8C5F, 0x8C5F, 0x8C5F, 0x8C5F, 0x8C5F,
    0x8C5F, 0x8C5F, 0x8C5F, 0x8C5F, 0x8C5F, 0x8C5F, 0x8C5F, 0x8C5F, 0x8C5F, 0x8C5F, 0x8C5F, 0x8C5F, 0x8C5F, 0x8C5F, 0x8C5F, 0x8C5F,
    0x8C5F, 0x8C5F, 0x8C5F, 0x8C5F, 0x8C5F, 0x8C5F, 0x8C5F, 0x8C5F, 0x8C5F, 0x8C5F, 0x8C5F, 0x8C5F, 0x8C5F, 0x8C5F, 0x8C5F, 0x8C5F,
    0x8C5F, 0x8C5F, 0x8C5C, 0x8C5F, 0x8C5F, 0x8C5F, 0x8C5F, 0x8C5B, 0x8C57, 0x8C5B, 0x8C5F, 0x8D1F, 0x8C9F, 0x8C5F, 0x8C5F, 0x8C5F,
    0x8C5F, 0x8C5F, 0x8C5F, 0x8C5F, 0x8C5F, 0x8C7F, 0x8D3C, 0x8D1F, 0x8CBC, 0x8DBF, 0x8D3E, 0x8DDD, 0x961C, 0x961C, 0x95FC, 0x95FD,
    0x95FD, 0x95FE, 0x961E, 0x9E7F, 0xA6BF, 0x9E7F, 0x9E5F, 0x961E, 0x8DFD, 0x95DD, 0x95FD, 0x95FC, 0x8DDC, 0x8D9B, 0x8CDB, 0x8C9E,
    0x8C56, 0x8C58, 0x8C5F, 0x8C9A, 0x8C5F, 0x8C5F, 0x8C5F, 0x8C5F, 0x8C7C, 0x8C79, 0x8C5C, 0x8C5F, 0x8C5F, 0x8C5F, 0x8C5F, 0x8C58,
    0x8C51, 0x8C51, 0x8C51, 0x8C51, 0x8C51, 0x8C51, 0x8C51, 0x8C51, 0x8C51, 0x8C51, 0x8C51, 0x8C51, 0x8C51, 0x8C51, 0x8C51, 0x8C51,
    0x8C51, 0x8C51, 0x8C51, 0x8C51, 0x8C51, 0x8C51, 0x8C51, 0x8C51, 0x8C51, 0x8C51, 0x8C5F, 0x8C5F, 0x8C5F, 0x8C5F, 0x8C5F, 0x8C5F,
    0x8C5F, 0x8C5F, 0x8C5F, 0x8C5F, 0x8C5F, 0x8C5F, 0x8C5F, 0x8C5F, 0x8C5F, 0x8C5F, 0x8C5F, 0x8C55, 0x8C51, 0x8C54, 0x8C51, 0x8C51,
    0x8C51, 0x8C51, 0x8C51, 0x8C51, 0x8C51, 0x8C51, 0x8C51, 0x8C51, 0x8C51, 0x8C51, 0x8C51, 0x8C51, 0x8C51, 0x8C51, 0x8C51, 0x8C51,
    0x8C51, 0x8C51, 0x8C51, 0x8C51, 0x8C51, 0x8C51, 0x8C51, 0x8C51, 0x8C51, 0x8C51, 0x8C51, 0x8C51, 0x8C51, 0x8C51, 0x8C51, 0x8C51,
    0x8C51, 0x8C51, 0x8C51, 0x8C51, 0x8C51, 0x8C51, 0x8C51, 0x8C51, 0x8C51, 0x8C51, 0x8C51, 0x8C51, 0x8C51, 0x8C51, 0x8C51, 0x8C51,
    0x8C51, 0x8C51, 0x8C51, 0x8C51, 0x8C51, 0x8C51, 0x8C51, 0x8C51, 0x8C51, 0x8C51, 0x8C51, 0x8C51, 0x8C51, 0x8C51, 0x8C51, 0x8C51,
    0x8C51, 0x8C51, 0x8C51, 0x8C51, 0x8C51, 0x8C51, 0x8C51, 0x8C51, 0x8C51, 0x8C51, 0x8C51, 0x8C51, 0x8C51, 0x8C51, 0x8C51, 0x8C51,
    0x8C51, 0x8C51, 0x8C51, 0x8C51, 0x8C51, 0x8C51, 0x8C51, 0x8C51, 0x8C51, 0x8C51, 0x8C51, 0x8C51, 0x8C51, 0x8C51, 0x8C51, 0x8C51,
    0x8C54, 0x8C56, 0x8C57, 0x8C58, 0x8C58, 0x8CB7, 0x8D17, 0x8CF7, 0x8CF7, 0x8D37, 0x8D57, 0x8D57, 0x8D37, 0x8D37, 0x8D37, 0x8D37,
    0x8D37, 0x8D17, 0x8D17, 0x8CF8, 0x8CF8, 0x8CF7, 0x8CF8, 0x8D18, 0x8D18, 0x8D38, 0x8D18, 0x8D18, 0x8D18, 0x8D38, 0x8D38, 0x8D38,
    0x8D18, 0x8D18, 0x8D18, 0x8D18, 0x8D18, 0x8D18, 0x8D17, 0x8D18, 0x8D18, 0x8D18, 0x8D18, 0x8D18, 0x8D18, 0x8D18, 0x8D18, 0x8D18,
    0x8D18, 0x8D18, 0x8D38, 0x8D18, 0x8D18, 0x8D18, 0x8D38, 0x8D38, 0x8D38, 0x8D38, 0x8D38, 0x8D38, 0x8D39, 0x8D39, 0x8D39, 0x8D39,
    0x8D39, 0x8D39, 0x8D39, 0x8D39, 0x8D39, 0x8D39, 0x8D39, 0x8D59, 0x8D39, 0x8D39, 0x8D39, 0x8D39, 0x8D39, 0x8D39, 0x8D59, 0x8D59,
    0x8D59, 0x8D5A, 0x8D5A, 0x8D5A, 0x8D59, 0x8D5A, 0x8D5A, 0x8D5A, 0x8D5A, 0x8D5A, 0x8D7A, 0x8D7A, 0x8D7A, 0x8D7A, 0x8D7B, 0x8D7B,
    0x8D9B, 0x8D9B, 0x95BC, 0x95BC, 0x95BC, 0x95DC, 0x95DC, 0x95DC, 0x95DD, 0x95DD, 0x95DD, 0x95DD, 0x95DD, 0x95DD, 0x95DD, 0x95DD,
    0x95FD, 0x95FD, 0x95FD, 0x95FE, 0x95FE, 0x961E, 0x961E, 0x961E, 0x961E, 0x961E, 0x963E, 0x963F, 0x963F, 0x963F, 0x963F, 0x9E5F,
    0xAEDF, 0xBF3F, 0xB71F, 0xB6FF, 0xAEBF, 0x9E5F, 0x963F, 0x963E, 0x9E3E, 0x9E3E, 0x9E3E, 0x9E3E, 0x9E1E, 0x9E1D, 0x9E1D, 0x9E1E,
    0x9E1D, 0x961D, 0x961D, 0x961D, 0x961C, 0x961C, 0x961C, 0x9E1C, 0x9E1C, 0x9E1C, 0x9E1D, 0x961C, 0x8DDC, 0x8DDA, 0x8DD9, 0x8DB9,
    0x8E18, 0x8DBA, 0x8CDD, 0x8C7F, 0x8C5F, 0x8C5F, 0x8C5F, 0x8C5F, 0x8C5F, 0x8C5F, 0x8C5F, 0x8C5F, 0x8C5F, 0x8C5F, 0x8C5F, 0x8C5F,
    0x8C5F, 0x8C5F, 0x8C5F, 0x8C5F, 0x8C5F, 0x8C5F, 0x8C5F, 0x8C5F, 0x8C5F, 0x8C5F, 0x8C5F, 0x8C5F, 0x8C5F, 0x8C5F, 0x8C5F, 0x8C5F,
    0x8C5F, 0x8C5F, 0x8C5F, 0x8C5F, 0x8C5F, 0x8C5F, 0x8C5F, 0x8C5F, 0x8C5F, 0x8C5F, 0x8C5F, 0x8C5F, 0x8C5C, 0x8C5F, 0x8C5F, 0x8C5F,
    0x8C5F, 0x8C5B, 0x8C57, 0x8C5B, 0x8C5F, 0x8D1F, 0x8C9F, 0x8C5F, 0x8C5F, 0x8C5F, 0x8C5F, 0x8C5F, 0x8C5F, 0x8C7F, 0x8CFE, 0x8D3E,
    0x8D9D, 0x8D9E, 0x8D5C, 0x95FC, 0x95FC, 0x95FC, 0x95FD, 0x95FD, 0x95FE, 0x961E, 0x9E7F, 0x9E7F, 0xA69F, 0xA69F, 0x961E, 0x8DFD,
    0x95FD, 0x95FD, 0x95FD, 0x95FC, 0x8DBB, 0x8D5B, 0x8CDA, 0x8C5E, 0x8C5B, 0x8C5F, 0x8C55, 0x8C58, 0x8C5F, 0x8C9A, 0x8C5F, 0x8C5F,
    0x8C5F, 0x8C5F, 0x8C7C, 0x8C79, 0x8C5C, 0x8C5F, 0x8C5F, 0x8C5F, 0x8C59, 0x8C51, 0x8C51, 0x8C51, 0x8C51, 0x8C51, 0x8C51, 0x8C51,
    0x8C51, 0x8C51, 0x8C51, 0x8C51, 0x8C51, 0x8C51, 0x8C51, 0x8C51, 0x8C51, 0x8C51, 0x8C51, 0x8C51, 0x8C51, 0x8C51, 0x8C51, 0x8C51,
    0x8C51, 0x8C51, 0x8C51, 0x8C51, 0x8C5F, 0x8C5F, 0x8C5F, 0x8C5F, 0x8C5F, 0x8C5F, 0x8C5F, 0x8C5F, 0x8C5F, 0x8C5F, 0x8C5F, 0x8C5F,
    0x8C5F, 0x8C5F, 0x8C5F, 0x8C5F, 0x8C5F, 0x8C55, 0x8C51, 0x8C54, 0x8C51, 0x8C51, 0x8C51, 0x8C51, 0x8C51, 0x8C51, 0x8C51, 0x8C51,
    0x8C51, 0x8C51, 0x8C51, 0x8C51, 0x8C51, 0x8C51, 0x8C51, 0x8C51, 0x8C51, 0x8C51, 0x8C51, 0x8C51, 0x8C51, 0x8C51, 0x8C51, 0x8C51,
    0x8C51, 0x8C51, 0x8C51, 0x8C51, 0x8C51, 0x8C51, 0x8C51, 0x8C51, 0x8C51, 0x8C51, 0x8C51, 0x8C51, 0x8C51, 0x8C51, 0x8C51, 0x8C51,
    0x8C51, 0x8C51, 0x8C51, 0x8C51, 0x8C51, 0x8C51, 0x8C51, 0x8C51, 0x8C51, 0x8C51, 0x8C51, 0x8C51, 0x8C51, 0x8C51, 0x8C51, 0x8C51,
    0x8C51, 0x8C51, 0x8C51, 0x8C51, 0x8C51, 0x8C51, 0x8C51, 0x8C51, 0x8C51, 0x8C51, 0x8C51, 0x8C51, 0x8C51, 0x8C51, 0x8C51, 0x8C51,
    0x8C51, 0x8C51, 0x8C51, 0x8C51, 0x8C51, 0x8C51, 0x8C51, 0x8C51, 0x8C51, 0x8C51, 0x8C51, 0x8C51, 0x8C51, 0x8C51, 0x8C51, 0x8C51,
    0x8C51, 0x8C51, 0x8C51, 0x8C51, 0x8C51, 0x8C51, 0x8C51, 0x8C51, 0x8C51, 0x8C51, 0x8C51, 0x8C51, 0x8C52, 0x8C53, 0x8C53, 0x8C55,
    0x8C55, 0x8C55, 0x8C56, 0x8C76, 0x8C77, 0x8CF7, 0x8D57, 0x8D57, 0x8D57, 0x8D57, 0x8D57, 0x8D77, 0x8D57, 0x8D38, 0x8D37, 0x8D37,
    0x8D17, 0x8CF8, 0x8CF7, 0x8CF7, 0x8CF7, 0x8CF7, 0x8CD7, 0x8CF7, 0x8CF8, 0x8CF8, 0x8CF8, 0x8D18, 0x8D18, 0x8D38, 0x8D18, 0x8D38,
    0x8D38, 0x8D18, 0x8CF8, 0x8D18, 0x8D18, 0x8CF8, 0x8D18, 0x8D18, 0x8D18, 0x8D18, 0x8D18, 0x8D18, 0x8D18, 0x8D18, 0x8D18, 0x8D38,
    0x8D18, 0x8D18, 0x8D18, 0x8D18, 0x8D18, 0x8D18, 0x8D38, 0x8D38, 0x8D38, 0x8D18, 0x8D38, 0x8D38, 0x8D39, 0x8D38, 0x8D38, 0x8D38,
    0x8D39, 0x8D39, 0x8D39, 0x8D59, 0x8D39, 0x8D39, 0x8D39, 0x8D39, 0x8D39, 0x8D39, 0x8D59, 0x8D59, 0x8D59, 0x8D59, 0x8D59, 0x8D59,
    0x8D59, 0x8D5A, 0x8D5A, 0x8D5A, 0x8D5A, 0x8D5A, 0x8D7A, 0x8D7A, 0x8D7A, 0x8D7B, 0x8D7B, 0x8D7B, 0x8D9B, 0x8D9B, 0x8DBC, 0x95BC,
    0x95BC, 0x95DC, 0x95DC, 0x95BC, 0x95DD, 0x95DD, 0x95DD, 0x95DD, 0x95DD, 0x95DD, 0x95DD, 0x95DD, 0x95FD, 0x95FD, 0x95FE, 0x95FE,
    0x961E, 0x961E, 0x961E, 0x961E, 0x961E, 0x963E, 0x963E, 0x9E3E, 0x963F, 0x963F, 0x961F, 0x963F, 0x965F, 0xAEBF, 0xBF3F, 0xBF5F,
    0xAEDF, 0xA69F, 0x9E5F, 0x963F, 0x963F, 0x963E, 0x9E3E, 0x9E3E, 0x9E3E, 0x9E3E, 0x961E, 0x9E1E, 0x9E1E, 0x9E1E, 0x9E1D, 0x961D,
    0x961D, 0x961D, 0x961C, 0x961C, 0x961D, 0x9E1D, 0x9E1D, 0x9DFC, 0x961C, 0x95FC, 0x8DDB, 0x8DF9, 0x8DF9, 0x8D3C, 0x8C7F, 0x8C5F,
    0x8C5F, 0x8C5F, 0x8C5F, 0x8C5F, 0x8C5F, 0x8C5F, 0x8C5F, 0x8C5F, 0x8C5F, 0x8C5F, 0x8C5F, 0x8C5F, 0x8C5F, 0x8C5F, 0x8C5F, 0x8C5F,
    0x8C5F, 0x8C5F, 0x8C5F, 0x8C5F, 0x8C5F, 0x8C5F, 0x8C5F, 0x8C5F, 0x8C5F, 0x8C5F, 0x8C5F, 0x8C5F, 0x8C5F, 0x8C5F, 0x8C5F, 0x8C5F,
    0x8C5F, 0x8C5F, 0x8C5F, 0x8C5F, 0x8C5F, 0x8C5F, 0x8C5C, 0x8C5F, 0x8C5F, 0x8C5F, 0x8C5F, 0x8C5B, 0x8C57, 0x8C5B, 0x8C5F, 0x8D1F,
    0x8C9F, 0x8C5F, 0x8C5F, 0x8C5F, 0x8C7F, 0x8CFF, 0x8D9E, 0x8DBD, 0x95FC, 0x95FC, 0x95DC, 0x95FC, 0x95FD, 0x95FD, 0x95FD, 0x95FE,
    0x963E, 0x9E5F, 0x9E7F, 0xA6BF, 0x9E7F, 0x961E, 0x8DFE, 0x8DFD, 0x95FD, 0x95FD, 0x95FC, 0x95DC, 0x8D9C, 0x8D1A, 0x8C7D, 0x8C5F,
    0x8C5E, 0x8C5F, 0x8C5B, 0x8C5F, 0x8C55, 0x8C58, 0x8C5F, 0x8C9A, 0x8C5F, 0x8C5F, 0x8C5F, 0x8C5F, 0x8C7C, 0x8C79, 0x8C5D, 0x8C5F,
    0x8C5E, 0x8C55, 0x8C51, 0x8C51, 0x8C51, 0x8C51, 0x8C51, 0x8C51, 0x8C51, 0x8C51, 0x8C51, 0x8C51, 0x8C51, 0x8C51, 0x8C51, 0x8C51,
    0x8C51, 0x8C51, 0x8C51, 0x8C51, 0x8C51, 0x8C51, 0x8C51, 0x8C51, 0x8C51, 0x8C51, 0x8C51, 0x8C51, 0x8C51, 0x8C51, 0x8C5F, 0x8C5F,
    0x8C5F, 0x8C5F, 0x8C5F, 0x8C5F, 0x8C5F, 0x8C5F, 0x8C5F, 0x8C5F, 0x8C5F, 0x8C5F, 0x8C5F, 0x8C5F, 0x8C5F, 0x8C5F, 0x8C5F, 0x8C55,
    0x8C51, 0x8C54, 0x8C51, 0x8C51, 0x8C51, 0x8C51, 0x8C51, 0x8C51, 0x8C51, 0x8C51, 0x8C51, 0x8C51, 0x8C51, 0x8C51, 0x8C51, 0x8C51,
    0x8C51, 0x8C51, 0x8C51, 0x8C51, 0x8C51, 0x8C51, 0x8C51, 0x8C51, 0x8C51, 0x8C51, 0x8C51, 0x8C51, 0x8C51, 0x8C51, 0x8C51, 0x8C51,
    0x8C51, 0x8C51, 0x8C51, 0x8C51, 0x8C51, 0x8C51, 0x8C51, 0x8C51, 0x8C51, 0x8C51, 0x8C51, 0x8C51, 0x8C51, 0x8C51, 0x8C51, 0x8C51,
    0x8C51, 0x8C51, 0x8C51, 0x8C51, 0x8C51, 0x8C51, 0x8C51, 0x8C51, 0x8C51, 0x8C51, 0x8C51, 0x8C51, 0x8C51, 0x8C51, 0x8C51, 0x8C51,
    0x8C51, 0x8C51, 0x8C51, 0x8C51, 0x8C51, 0x8C51, 0x8C51, 0x8C51, 0x8C51, 0x8C51, 0x8C51, 0x8C51, 0x8C51, 0x8C51, 0x8C51, 0x8C51,
    0x8C51, 0x8C51, 0x8C51, 0x8C51, 0x8C51, 0x8C51, 0x8C51, 0x8C51, 0x8C51, 0x8C51, 0x8C51, 0x8C51, 0x8C51, 0x8C51, 0x8C51, 0x8C51,
    0x8C51, 0x8C51, 0x8C51, 0x8C51, 0x8C51, 0x8C51, 0x8C51, 0x8C51, 0x8C51, 0x8C51, 0x8C51, 0x8C51, 0x8C51, 0x8C51, 0x8C52, 0x8C55,
    0x8C75, 0x8C56, 0x8C57, 0x8C76, 0x8C97, 0x8CB8, 0x8D17, 0x8CF7, 0x8D37, 0x8D37, 0x8D56, 0x8D56, 0x8D57, 0x8D37, 0x8D17, 0x8D17,
    0x8D17, 0x8CF8, 0x8CF8, 0x8CF7, 0x8CF7, 0x8CF8, 0x8CF8, 0x8CF8, 0x8CD7, 0x8CF7, 0x8CF7, 0x8D38, 0x8D38, 0x8D38, 0x8D38, 0x8D38,
    0x8D37, 0x8D18, 0x8D18, 0x8CF8, 0x8D18, 0x8CF8, 0x8CF8, 0x8D18, 0x8D18, 0x8D18, 0x8D38, 0x8D18, 0x8D18, 0x8D38, 0x8D38, 0x8D38,
    0x8D18, 0x8D18, 0x8D18, 0x8D18, 0x8D18, 0x8D18, 0x8D18, 0x8D38, 0x8D38, 0x8D38, 0x8D38, 0x8D39, 0x8D38, 0x8D39, 0x8D39, 0x8D39,
    0x8D39, 0x8D39, 0x8D59, 0x8D59, 0x8D59, 0x8D59, 0x8D59, 0x8D59, 0x8D59, 0x8D59, 0x8D59, 0x8D59, 0x8D59, 0x8D5A, 0x8D5A, 0x8D5A,
    0x8D7A, 0x8D7A, 0x8D7A, 0x8D7A, 0x8D7A, 0x8D7A, 0x8D7A, 0x8D7B, 0x8D9B, 0x8D9B, 0x8D9B, 0x8D9B, 0x95BC, 0x95BC, 0x95DC, 0x95DC,
    0x95BC, 0x95DC, 0x95DD, 0x95DD, 0x95DD, 0x95DD, 0x95DD, 0x95DD, 0x95FD, 0x95FD, 0x95FE, 0x961E, 0x961E, 0x961E, 0x961E, 0x961E,
    0x963E, 0x963E, 0x963E, 0x963E, 0x963E, 0x963F, 0x963F, 0x963F, 0x963F, 0x9E5F, 0xA69F, 0xB6FF, 0xBF5F, 0xB71F, 0xA6BF, 0x9E5F,
    0x961F, 0x961E, 0x963E, 0x9E3E, 0x9E3E, 0x9E3E, 0x9E3E, 0x9E3E, 0x9E1E, 0x9E1D, 0x9E1D, 0x9E1D, 0x9E1D, 0x961D, 0x961D, 0x961C,
    0x961C, 0x9E1C, 0x9E1D, 0x9E1D, 0x961D, 0x8DFC, 0x8DFB, 0x8DDC, 0x8DDF, 0x8CBF, 0x8C5F, 0x8C5F, 0x8C5F, 0x8C5F, 0x8C5F, 0x8C5F,
    0x8C5F, 0x8C5F, 0x8C5F, 0x8C5F, 0x8C5F, 0x8C5F, 0x8C5F, 0x8C5F, 0x8C5F, 0x8C5F, 0x8C5F, 0x8C5F, 0x8C5F, 0x8C5F, 0x8C5F, 0x8C5F,
    0x8C5F, 0x8C5F, 0x8C5F, 0x8C5F, 0x8C5F, 0x8C5F, 0x8C5F, 0x8C5F, 0x8C5F, 0x8C5F, 0x8C5F, 0x8C5F, 0x8C5F, 0x8C5F, 0x8C5F, 0x8C5F,
    0x8C5C, 0x8C5F, 0x8C5F, 0x8C5F, 0x8C5F, 0x8C5B, 0x8C56, 0x8C5B, 0x8C5F, 0x8D1F, 0x8CBF, 0x8C9F, 0x8D3F, 0x8D9E, 0x8DBD, 0x95DB,
    0x95FC, 0x95FC, 0x95FD, 0x95FD, 0x95FD, 0x8DFD, 0x95FE, 0x961E, 0x9E7F, 0xA6BF, 0xA6BF, 0x9E5F, 0x963E, 0x95FE, 0x8DFD, 0x95FD,
    0x95DC, 0x95FC, 0x95FB, 0x8DBC, 0x8D7A, 0x8D1D, 0x8C7A, 0x8C52, 0x8C5D, 0x8C5F, 0x8C5F, 0x8C5F, 0x8C5B, 0x8C5F, 0x8C55, 0x8C58,
    0x8C5F, 0x8C9A, 0x8C5F, 0x8C5F, 0x8C5F, 0x8C5F, 0x8C7C, 0x8C79, 0x8C5C, 0x8C59, 0x8C51, 0x8C51, 0x8C51, 0x8C51, 0x8C51, 0x8C51,
    0x8C51, 0x8C51, 0x8C51, 0x8C51, 0x8C51, 0x8C51, 0x8C51, 0x8C51, 0x8C51, 0x8C51, 0x8C51, 0x8C51, 0x8C51, 0x8C51, 0x8C51, 0x8C51,
    0x8C51, 0x8C51, 0x8C51, 0x8C51, 0x8C51, 0x8C51, 0x8C51, 0x8C51, 0x8C5F, 0x8C5F, 0x8C5F, 0x8C5F, 0x8C5F, 0x8C5F, 0x8C5F, 0x8C5F,
    0x8C5F, 0x8C5F, 0x8C5F, 0x8C5F, 0x8C5F, 0x8C5F, 0x8C5F, 0x8C5F, 0x8C5F, 0x8C55, 0x8C51, 0x8C54, 0x8C51, 0x8C51, 0x8C51, 0x8C51,
    0x8C51, 0x8C51, 0x8C51, 0x8C51, 0x8C51, 0x8C51, 0x8C51, 0x8C51, 0x8C51, 0x8C51, 0x8C51, 0x8C51, 0x8C51, 0x8C51, 0x8C51, 0x8C51,
    0x8C51, 0x8C51, 0x8C51, 0x8C51, 0x8C51, 0x8C51, 0x8C51, 0x8C51, 0x8C51, 0x8C51, 0x8C51, 0x8C51, 0x8C51, 0x8C51, 0x8C51, 0x8C51,
    0x8C51, 0x8C51, 0x8C51, 0x8C51, 0x8C51, 0x8C51, 0x8C51, 0x8C51, 0x8C51, 0x8C51, 0x8C51, 0x8C51, 0x8C51, 0x8C51, 0x8C51, 0x8C51,
    0x8C51, 0x8C51, 0x8C51, 0x8C51, 0x8C51, 0x8C51, 0x8C51, 0x8C51, 0x8C51, 0x8C51, 0x8C51, 0x8C51, 0x8C51, 0x8C51, 0x8C51, 0x8C51,
    0x8C51, 0x8C51, 0x8C51, 0x8C51, 0x8C51, 0x8C51, 0x8C51, 0x8C51, 0x8C51, 0x8C51, 0x8C51, 0x8C51, 0x8C51, 0x8C51, 0x8C51, 0x8C51,
    0x8C51, 0x8C51, 0x8C51, 0x8C51, 0x8C51, 0x8C51, 0x8C51, 0x8C51, 0x8C51, 0x8C51, 0x8C51, 0x8C51, 0x8C51, 0x8C51, 0x8C51, 0x8C51,
    0x8C51, 0x8C51, 0x8C51, 0x8C51, 0x8C51, 0x8C51, 0x8C51, 0x8C51, 0x8C51, 0x8C51, 0x8C51, 0x8C51, 0x8C51, 0x8C51, 0x8C52, 0x8C53,
    0x8C53, 0x8C55, 0x8C55, 0x8C57, 0x8C77, 0x8CB8, 0x8CF7, 0x8D17, 0x8D77, 0x8D77, 0x8D57, 0x8D57, 0x8D38, 0x8D38, 0x8D37, 0x8D17,
    0x8D17, 0x8CF7, 0x8CF7, 0x8CF7, 0x8CF8, 0x8CF8, 0x8CF8, 0x8CF8, 0x8CF8, 0x8CF8, 0x8CF8, 0x8D17, 0x8D18, 0x8D38, 0x8D18, 0x8D18,
    0x8D18, 0x8D18, 0x8D18, 0x8D18, 0x8D18, 0x8D18, 0x8D18, 0x8D18, 0x8D18, 0x8D18, 0x8D18, 0x8D18, 0x8D18, 0x8D18, 0x8D38, 0x8D38,
    0x8D38, 0x8D38, 0x8D19, 0x8D18, 0x8D38, 0x8D38, 0x8D38, 0x8D38, 0x8D38, 0x8D38, 0x8D39, 0x8D39, 0x8D39, 0x8D39, 0x8D39, 0x8D39,
    0x8D59, 0x8D59, 0x8D59, 0x8D59, 0x8D59, 0x8D59, 0x8D59, 0x8D59, 0x8D59, 0x8D5A, 0x8D7A, 0x8D7A, 0x8D5A, 0x8D7A, 0x8D7A, 0x8D7A,
    0x8D7A, 0x8D7A, 0x8D7A, 0x8D7B, 0x8D9B, 0x8D9B, 0x8D9B, 0x959B, 0x95BB, 0x95BC, 0x95BC, 0x95DC, 0x95DC, 0x95DC, 0x95DC, 0x95DD,
    0x95DD, 0x95DD, 0x95DD, 0x95FD, 0x95FD, 0x95FD, 0x95FD, 0x961D, 0x961E, 0x961E, 0x961E, 0x961E, 0x961E, 0x961E, 0x961E, 0x961E,
    0x963E, 0x963E, 0x963F, 0x963F, 0x963F, 0x963F, 0x963F, 0xA69F, 0xAEDF, 0xAEFF, 0xB71F, 0xB6FF, 0xA69F, 0x963F, 0x963F, 0x961E,
    0x963E, 0x963E, 0x963E, 0x9E3E, 0x961E, 0x961D, 0x961E, 0x961D, 0x961E, 0x961D, 0x961D, 0x961D, 0x95FD, 0x961C, 0x95FC, 0x9DFD,
    0x95FD, 0x95DC, 0x8DFC, 0x8DBD, 0x8D3F, 0x8D7E, 0x8D5E, 0x8D1D, 0x8C7F, 0x8C5F, 0x8C5F, 0x8C5F, 0x8C5F, 0x8C5F, 0x8C5F, 0x8C5F,
    0x8C5F, 0x8C5F, 0x8C5F, 0x8C5F, 0x8C5F, 0x8C5F, 0x8C5F, 0x8C5F, 0x8C5F, 0x8C5F, 0x8C5F, 0x8C5F, 0x8C5F, 0x8C5F, 0x8C5F, 0x8C5F,
    0x8C5F, 0x8C5F, 0x8C5F, 0x8C5F, 0x8C5F, 0x8C5F, 0x8C5F, 0x8C5F, 0x8C5F, 0x8C5F, 0x8C5C, 0x8C5F, 0x8C5F, 0x8C5F, 0x8C5F, 0x8C5C,
    0x8C98, 0x8CBC, 0x8CDE, 0x8D7D, 0x8DBD, 0x8DDC, 0x8DFC, 0x95FC, 0x95DC, 0x95FD, 0x95FD, 0x95FD, 0x95FE, 0x961E, 0x9E7F, 0xA6BF,
    0x9E9F, 0x9E7F, 0x9E5F, 0x961E, 0x95FE, 0x95FD, 0x95FD, 0x95FD, 0x95FC, 0x95FC, 0x8DBC, 0x8D3D, 0x8CFD, 0x8C9E, 0x8D59, 0x8D1D,
    0x8C5B, 0x8C51, 0x8C5D, 0x8C5F, 0x8C5F, 0x8C5F, 0x8C5B, 0x8C5F, 0x8C55, 0x8C58, 0x8C5F, 0x8C9A, 0x8C5F, 0x8C5F, 0x8C5F, 0x8C5F,
    0x8C7C, 0x8C7A, 0x8C52, 0x8C51, 0x8C51, 0x8C51, 0x8C51, 0x8C51, 0x8C51, 0x8C51, 0x8C51, 0x8C51, 0x8C51, 0x8C51, 0x8C51, 0x8C51,
    0x8C51, 0x8C51, 0x8C51, 0x8C51, 0x8C51, 0x8C51, 0x8C51, 0x8C51, 0x8C51, 0x8C51, 0x8C51, 0x8C51, 0x8C51, 0x8C51, 0x8C51, 0x8C51,
    0x8C51, 0x8C51, 0x8C5F, 0x8C5F, 0x8C5F, 0x8C5F, 0x8C5F, 0x8C5F, 0x8C5F, 0x8C5F, 0x8C5F, 0x8C5F, 0x8C5F, 0x8C5F, 0x8C5F, 0x8C5F,
    0x8C5F, 0x8C5F, 0x8C5F, 0x8C55, 0x8C51, 0x8C54, 0x8C51, 0x8C51, 0x8C51, 0x8C51, 0x8C51, 0x8C51, 0x8C51, 0x8C51, 0x8C51, 0x8C51,
    0x8C51, 0x8C51, 0x8C51, 0x8C51, 0x8C51, 0x8C51, 0x8C51, 0x8C51, 0x8C51, 0x8C51, 0x8C51, 0x8C51, 0x8C51, 0x8C51, 0x8C51, 0x8C51,
    0x8C51, 0x8C51, 0x8C51, 0x8C51, 0x8C51, 0x8C51, 0x8C51, 0x8C51, 0x8C51, 0x8C51, 0x8C51, 0x8C51, 0x8C51, 0x8C51, 0x8C51, 0x8C51,
    0x8C51, 0x8C51, 0x8C51, 0x8C51, 0x8C51, 0x8C51, 0x8C51, 0x8C51, 0x8C51, 0x8C51, 0x8C51, 0x8C51, 0x8C51, 0x8C51, 0x8C51, 0x8C51,
    0x8C51, 0x8C51, 0x8C51, 0x8C51, 0x8C51, 0x8C51, 0x8C51, 0x8C51, 0x8C51, 0x8C51, 0x8C51, 0x8C51, 0x8C51, 0x8C51, 0x8C51, 0x8C51,
    0x8C51, 0x8C51, 0x8C51, 0x8C51, 0x8C51, 0x8C51, 0x8C51, 0x8C51, 0x8C51, 0x8C51, 0x8C51, 0x8C51, 0x8C51, 0x8C51, 0x8C51, 0x8C51,
    0x8C51, 0x8C51, 0x8C51, 0x8C51, 0x8C51, 0x8C51, 0x8C51, 0x8C51, 0x8C51, 0x8C51, 0x8C51, 0x8C51, 0x8C51, 0x8C51, 0x8C51, 0x8C51,
    0x8C51, 0x8C51, 0x8C51, 0x8C51, 0x8C51, 0x8C51, 0x8C51, 0x8C51, 0x8C51, 0x8C51, 0x8C51, 0x8C53, 0x8C53, 0x8C53, 0x8C56, 0x8C57,
    0x8C57, 0x8C57, 0x8CB7, 0x8CD6, 0x8D17, 0x8D76, 0x8D77, 0x8D77, 0x8D57, 0x8D57, 0x8D57, 0x8D57, 0x8D57, 0x8D37, 0x8D37, 0x8D17,
    0x8CF8, 0x8CF8, 0x8CF8, 0x8CF8, 0x8CF7, 0x8CD7, 0x8CD7, 0x8CF7, 0x8CF7, 0x8CF8, 0x8CF8, 0x8CF7, 0x8CF7, 0x8D18, 0x8D18, 0x8D18,
    0x8D18, 0x8D18, 0x8D18, 0x8D18, 0x8D18, 0x8D18, 0x8D18, 0x8D18, 0x8D18, 0x8D18, 0x8D38, 0x8D38, 0x8D18, 0x8D18, 0x8D18, 0x8D38,
    0x8D38, 0x8D38, 0x8D38, 0x8D38, 0x8D38, 0x8D38, 0x8D38, 0x8D39, 0x8D39, 0x8D39, 0x8D39, 0x8D39, 0x8D39, 0x8D59, 0x8D59, 0x8D59,
    0x8D59, 0x8D59, 0x8D59, 0x8D59, 0x8D59, 0x8D59, 0x8D59, 0x8D59, 0x8D5A, 0x8D7A, 0x8D7A, 0x8D7A, 0x8D7A, 0x8D7A, 0x8D7A, 0x8D9A,
    0x8D9A, 0x8D9B, 0x8D9B, 0x8D9B, 0x959B, 0x95BC, 0x95BC, 0x95BC, 0x95DC, 0x95DC, 0x95DC, 0x95DC, 0x95DD, 0x95DD, 0x95FD, 0x95FD,
    0x95FD, 0x95FD, 0x95FD, 0x961E, 0x961E, 0x961E, 0x961E, 0x961E, 0x961E, 0x961E, 0x961E, 0x963E, 0x963E, 0x963E, 0x9E3E, 0x9E3E,
    0x963E, 0x963F, 0x961F, 0x963F, 0x9E7F, 0xAEDF, 0xBF1F, 0xB71F, 0xAEDF, 0xA69F, 0x9E5F, 0x963F, 0x961E, 0x961E, 0x961E, 0x961E,
    0x961E, 0x961E, 0x961E, 0x961E, 0x961D, 0x961E, 0x961D, 0x961D, 0x961D, 0x961D, 0x95FD, 0x9DFD, 0x95FC, 0x95FC, 0x8DFC, 0x8DDC,
    0x8DFC, 0x8DFD, 0x8D3F, 0x8C7F, 0x8C5F, 0x8C5F, 0x8C5F, 0x8C5F, 0x8C5F, 0x8C5F, 0x8C5F, 0x8C5F, 0x8C5F, 0x8C5F, 0x8C5F, 0x8C5F,
    0x8C5F, 0x8C5F, 0x8C5F, 0x8C5F, 0x8C5F, 0x8C5F, 0x8C5F, 0x8C5F, 0x8C5F, 0x8C5F, 0x8C5F, 0x8C5F, 0x8C5F, 0x8C5F, 0x8C5F, 0x8C5F,
    0x8C5F, 0x8C5F, 0x8C5F, 0x8C7F, 0x8C9C, 0x8C9E, 0x8CDF, 0x8D1E, 0x8D5D, 0x8D7D, 0x8DDD, 0x8DDC, 0x95DC, 0x95FC, 0x95FC, 0x95FD,
    0x95FD, 0x95FD, 0x961E, 0x963E, 0x965E, 0x965F, 0x9E9F, 0xA6BF, 0x9E9F, 0x963F, 0x961E, 0x8DFE, 0x95FD, 0x95FD, 0x95FD, 0x95DD,
    0x95FC, 0x95FB, 0x8D9C, 0x8D7C, 0x8D5C, 0x8C5F, 0x8C5F, 0x8C7F, 0x8D59, 0x8D1D, 0x8C5B, 0x8C52, 0x8C5D, 0x8C5F, 0x8C5F, 0x8C5F,
    0x8C5B, 0x8C5F, 0x8C55, 0x8C58, 0x8C5F, 0x8C9A, 0x8C5F, 0x8C5F, 0x8C5F, 0x8C5F, 0x8C7C, 0x8C79, 0x8C51, 0x8C51, 0x8C51, 0x8C51,
    0x8C51, 0x8C51, 0x8C51, 0x8C51, 0x8C51, 0x8C51, 0x8C51, 0x8C51, 0x8C51, 0x8C51, 0x8C51, 0x8C51, 0x8C51, 0x8C51, 0x8C51, 0x8C51,
    0x8C51, 0x8C51, 0x8C51, 0x8C51, 0x8C51, 0x8C51, 0x8C51, 0x8C51, 0x8C51, 0x8C51, 0x8C51, 0x8C51, 0x8C5F, 0x8C5F, 0x8C5F, 0x8C5F,
    0x8C5F, 0x8C5F, 0x8C5F, 0x8C5F, 0x8C5F, 0x8C5F, 0x8C5F, 0x8C5F, 0x8C5F, 0x8C5F, 0x8C5F, 0x8C5F, 0x8C5F, 0x8C55, 0x8C51, 0x8C54,
    0x8C51, 0x8C51, 0x8C51, 0x8C51, 0x8C51, 0x8C51, 0x8C51, 0x8C51, 0x8C51, 0x8C51, 0x8C51, 0x8C51, 0x8C51, 0x8C51, 0x8C51, 0x8C51,
    0x8C51, 0x8C51, 0x8C51, 0x8C51, 0x8C51, 0x8C51, 0x8C51, 0x8C51, 0x8C51, 0x8C51, 0x8C51, 0x8C51, 0x8C51, 0x8C51, 0x8C51, 0x8C51,
    0x8C51, 0x8C51, 0x8C51, 0x8C51, 0x8C51, 0x8C51, 0x8C51, 0x8C51, 0x8C51, 0x8C51, 0x8C51, 0x8C51, 0x8C51, 0x8C51, 0x8C51, 0x8C51,
    0x8C51, 0x8C51, 0x8C51, 0x8C51, 0x8C51, 0x8C51, 0x8C51, 0x8C51, 0x8C51, 0x8C51, 0x8C51, 0x8C51, 0x8C51, 0x8C51, 0x8C51, 0x8C51,
    0x8C51, 0x8C51, 0x8C51, 0x8C51, 0x8C51, 0x8C51, 0x8C51, 0x8C51, 0x8C51, 0x8C51, 0x8C51, 0x8C51, 0x8C51, 0x8C51, 0x8C51, 0x8C51,
    0x8C51, 0x8C51, 0x8C51, 0x8C51, 0x8C51, 0x8C51, 0x8C51, 0x8C51, 0x8C51, 0x8C51, 0x8C51, 0x8C51, 0x8C51, 0x8C51, 0x8C51, 0x8C51,
    0x8C51, 0x8C51, 0x8C51, 0x8C51, 0x8C51, 0x8C51, 0x8C51, 0x8C51, 0x8C51, 0x8C51, 0x8C51, 0x8C51, 0x8C51, 0x8C51, 0x8C51, 0x8C51,
    0x8C51, 0x8C51, 0x8C51, 0x8C51, 0x8C51, 0x8C51, 0x8C51, 0x8C51, 0x8C53, 0x8C52, 0x8C51, 0x8C51, 0x8C52, 0x8C52, 0x8C55, 0x8C75,
    0x8C97, 0x8CD7, 0x8D17, 0x8D56, 0x8D17, 0x8D57, 0x8D57, 0x8D37, 0x8D57, 0x8D57, 0x8D57, 0x8D57, 0x8D57, 0x8D37, 0x8D38, 0x8D37,
    0x8D18, 0x8D17, 0x8D17, 0x8D17, 0x8CF7, 0x8CF7, 0x8CF7, 0x8CF7, 0x8CF7, 0x8CF7, 0x8CF7, 0x8CF8, 0x8CF7, 0x8CF7, 0x8CF8, 0x8CF8,
    0x8D18, 0x8D18, 0x8D18, 0x8D18, 0x8D18, 0x8D18, 0x8D18, 0x8D18, 0x8D18, 0x8D18, 0x8D18, 0x8D18, 0x8D18, 0x8D18, 0x8D38, 0x8D38,
    0x8D38, 0x8D38, 0x8D38, 0x8D38, 0x8D38, 0x8D38, 0x8D39, 0x8D39, 0x8D59, 0x8D59, 0x8D59, 0x8D59, 0x8D59, 0x8D59, 0x8D59, 0x8D59,
    0x8D59, 0x8D59, 0x8D59, 0x8D59, 0x8D7A, 0x8D7A, 0x8D7A, 0x8D7A, 0x8D7A, 0x8D7A, 0x8D7A, 0x8D9A, 0x8D9B, 0x8D9B, 0x8D9B, 0x8D9B,
    0x8D9B, 0x8D9B, 0x8DBB, 0x8DBC, 0x95BC, 0x95DC, 0x95DC, 0x95DC, 0x95DD, 0x95FD, 0x95FD, 0x95FD, 0x95FD, 0x95FD, 0x95FD, 0x95FD,
    0x95FD, 0x95FD, 0x961E, 0x961E, 0x961E, 0x961E, 0x961E, 0x961E, 0x961E, 0x963E, 0x963E, 0x9E3E, 0x9E3E, 0x963F, 0x963F, 0x961F,
    0x961F, 0x963F, 0x9E5F, 0xA6BF, 0xB71F, 0xBF3F, 0xB6FF, 0xA6BF, 0x9E5F, 0x963E, 0x961E, 0x8E1E, 0x961E, 0x961E, 0x961E, 0x963E,
    0x963E, 0x963E, 0x961E, 0x961D, 0x961D, 0x961D, 0x961D, 0x961D, 0x961D, 0x9DFD, 0x95FD, 0x95FC, 0x8DDC, 0x8DBE, 0x8D5E, 0x8D1F,
    0x8C9F, 0x8C5F, 0x8C7F, 0x8C5F, 0x8C5F, 0x8C5F, 0x8C5F, 0x8C5F, 0x8C5F, 0x8C5F, 0x8C5F, 0x8C5F, 0x8C5F, 0x8C5F, 0x8C5F, 0x8C5F,
    0x8C5F, 0x8C5F, 0x8C5F, 0x8C5F, 0x8C5F, 0x8C5F, 0x8C5F, 0x8C7F, 0x8C9F, 0x8CFE, 0x8D1D, 0x8D3C, 0x8D7D, 0x8DBC, 0x8DBC, 0x8DFC,
    0x95FC, 0x95FC, 0x95FC, 0x95FD, 0x95FD, 0x95FD, 0x8DDD, 0x8DFD, 0x961E, 0x961E, 0x963E, 0x9E7F, 0xA6BF, 0xA6BF, 0x9E7F, 0x963F,
    0x961E, 0x95FE, 0x8DDD, 0x95FD, 0x95FD, 0x95FD, 0x95FC, 0x961C, 0x95FC, 0x95FB, 0x8DBA, 0x8D3C, 0x8C7F, 0x8CBE, 0x8D3C, 0x8C5F,
    0x8C5F, 0x8C7F, 0x8D59, 0x8D1D, 0x8C5B, 0x8C52, 0x8C5D, 0x8C5F, 0x8C5F, 0x8C5F, 0x8C5B, 0x8C5F, 0x8C55, 0x8C58, 0x8C5F, 0x8C9A,
    0x8C5F, 0x8C5F, 0x8C5F, 0x8C5F, 0x8C7C, 0x8C79, 0x8C51, 0x8C51, 0x8C51, 0x8C51, 0x8C51, 0x8C51, 0x8C51, 0x8C51, 0x8C51, 0x8C51,
    0x8C51, 0x8C51, 0x8C51, 0x8C51, 0x8C51, 0x8C51, 0x8C51, 0x8C51, 0x8C51, 0x8C51, 0x8C51, 0x8C51, 0x8C51, 0x8C51, 0x8C51, 0x8C51,
    0x8C51, 0x8C51, 0x8C51, 0x8C51, 0x8C51, 0x8C51, 0x8C5F, 0x8C5F, 0x8C5F, 0x8C5F, 0x8C5F, 0x8C5F, 0x8C5F, 0x8C5F, 0x8C5F, 0x8C5F,
    0x8C5F, 0x8C5F, 0x8C5F, 0x8C5F, 0x8C5F, 0x8C5F, 0x8C5F, 0x8C55, 0x8C51, 0x8C54, 0x8C51, 0x8C51, 0x8C51, 0x8C51, 0x8C51, 0x8C51,
    0x8C51, 0x8C51, 0x8C51, 0x8C51, 0x8C51, 0x8C51, 0x8C51, 0x8C51, 0x8C51, 0x8C51, 0x8C51, 0x8C51, 0x8C51, 0x8C51, 0x8C51, 0x8C51,
    0x8C51, 0x8C51, 0x8C51, 0x8C51, 0x8C51, 0x8C51, 0x8C51, 0x8C51, 0x8C51, 0x8C51, 0x8C51, 0x8C51, 0x8C51, 0x8C51, 0x8C51, 0x8C51,
    0x8C51, 0x8C51, 0x8C51, 0x8C51, 0x8C51, 0x8C51, 0x8C51, 0x8C51, 0x8C51, 0x8C51, 0x8C51, 0x8C51, 0x8C51, 0x8C51, 0x8C51, 0x8C51,
    0x8C51, 0x8C51, 0x8C51, 0x8C51, 0x8C51, 0x8C51, 0x8C51, 0x8C51, 0x8C51, 0x8C51, 0x8C51, 0x8C51, 0x8C51, 0x8C51, 0x8C51, 0x8C51,
    0x8C51, 0x8C51, 0x8C51, 0x8C51, 0x8C51, 0x8C51, 0x8C51, 0x8C51, 0x8C51, 0x8C51, 0x8C51, 0x8C51, 0x8C51, 0x8C51, 0x8C51, 0x8C51,
    0x8C51, 0x8C51, 0x8C51, 0x8C51, 0x8C51, 0x8C51, 0x8C51, 0x8C51, 0x8C51, 0x8C51, 0x8C51, 0x8C51, 0x8C51, 0x8C51, 0x8C51, 0x8C51,
    0x8C51, 0x8C51, 0x8C51, 0x8C51, 0x8C51, 0x8C51, 0x8C51, 0x8C51, 0x8C51, 0x8C51, 0x8C51, 0x8C51, 0x8C51, 0x8C51, 0x8C51, 0x8C51,
    0x8C51, 0x8C51, 0x8C51, 0x8C51, 0x8C51, 0x8C51, 0x8C51, 0x8C51, 0x8C51, 0x8C51, 0x8C52, 0x8C55, 0x8C55, 0x8C55, 0x8C56, 0x8C56,
    0x8C55, 0x8C56, 0x8C55, 0x8C75, 0x8C96, 0x8C97, 0x8C97, 0x8CB8, 0x8CB8, 0x8CB8, 0x8D37, 0x8D76, 0x8D77, 0x8D76, 0x8D77, 0x8D77,
    0x8D77, 0x8D37, 0x8D38, 0x8D18, 0x8D17, 0x8D17, 0x8D18, 0x8D18, 0x8CF7, 0x8CF7, 0x8CF7, 0x8CF7, 0x8CF8, 0x8CF8, 0x8CF8, 0x8CF8,
    0x8D18, 0x8D18, 0x8D18, 0x8D18, 0x8D18, 0x8D38, 0x8D38, 0x8D18, 0x8D18, 0x8D18, 0x8D18, 0x8D18, 0x8D18, 0x8D18, 0x8D19, 0x8D39,
    0x8D39, 0x8D39, 0x8D38, 0x8D39, 0x8D39, 0x8D38, 0x8D59, 0x8D59, 0x8D59, 0x8D59, 0x8D59, 0x8D59, 0x8D59, 0x8D59, 0x8D59, 0x8D59,
    0x8D59, 0x8D5A, 0x8D7A, 0x8D7A, 0x8D7A, 0x957A, 0x957A, 0x957A, 0x8D9A, 0x8D9A, 0x8D9B, 0x8D9B, 0x8D9B, 0x8DBB, 0x8DBB, 0x8DBB,
    0x95BC, 0x95DC, 0x95DC, 0x95DC, 0x95DD, 0x95DD, 0x95FD, 0x95FD, 0x95FD, 0x95FD, 0x95FD, 0x95FD, 0x95FD, 0x95FD, 0x961D, 0x961D,
    0x961D, 0x961E, 0x961E, 0x961E, 0x961E, 0x963E, 0x963E, 0x963E, 0x963E, 0x963E, 0x963E, 0x963E, 0x963E, 0x963F, 0x963F, 0x9E5F,
    0x9E7F, 0xA69F, 0xA6BF, 0xAEFF, 0xB71F, 0xB6FF, 0xA6BF, 0x9E5F, 0x963F, 0x963F, 0x961E, 0x961E, 0x961E, 0x961E, 0x961E, 0x961E,
    0x963E, 0x961D, 0x961D, 0x961D, 0x961D, 0x961D, 0x961D, 0x95FC, 0x961D, 0x8E1D, 0x8DDD, 0x8D9D, 0x8DBD, 0x8D5D, 0x8D3E, 0x8D5E,
    0x8CFE, 0x8CBE, 0x8CBE, 0x8CFE, 0x8D3E, 0x8CDE, 0x8CBD, 0x8CDE, 0x8CBE, 0x8CBE, 0x8CBE, 0x8D3E, 0x8D5E, 0x8D7D, 0x8D9D, 0x8DBD,
    0x8DBD, 0x8DBC, 0x95DD, 0x95FC, 0x961C, 0x95FC, 0x961D, 0x95FD, 0x95FD, 0x95FD, 0x95FD, 0x95FD, 0x8DFE, 0x8DFE, 0x961E, 0x9E5F,
    0x9E7F, 0xA6BF, 0xA69F, 0x9E7F, 0x965F, 0x9E3E, 0x961E, 0x95FD, 0x95DD, 0x95FD, 0x95FD, 0x95FD, 0x961D, 0x961C, 0x8DFC, 0x8DFC,
    0x8DDB, 0x8D3D, 0x8CBE, 0x8CBE, 0x8C5F, 0x8C5F, 0x8C5F, 0x8C5F, 0x8C5F, 0x8C5F, 0x8C5F, 0x8C7F, 0x8D59, 0x8D1D, 0x8C5B, 0x8C52,
    0x8C5D, 0x8C5F, 0x8C5F, 0x8C5F, 0x8C5B, 0x8C5F, 0x8C55, 0x8C58, 0x8C5F, 0x8C9A, 0x8C5F, 0x8C5F, 0x8C5F, 0x8C5F, 0x8C7C, 0x8C79,
    0x8C51, 0x8C51, 0x8C51, 0x8C51, 0x8C51, 0x8C51, 0x8C51, 0x8C51, 0x8C51, 0x8C51, 0x8C51, 0x8C51, 0x8C51, 0x8C51, 0x8C51, 0x8C51,
    0x8C51, 0x8C51, 0x8C51, 0x8C51, 0x8C51, 0x8C51, 0x8C51, 0x8C51, 0x8C51, 0x8C51, 0x8C51, 0x8C51, 0x8C51, 0x8C51, 0x8C51, 0x8C51,
    0x8C5F, 0x8C5F, 0x8C5F, 0x8C5F, 0x8C5F, 0x8C5F, 0x8C5F, 0x8C5F, 0x8C5F, 0x8C5F, 0x8C5F, 0x8C5F, 0x8C5F, 0x8C5F, 0x8C5F, 0x8C5F,
    0x8C5F, 0x8C55, 0x8C51, 0x8C54, 0x8C51, 0x8C51, 0x8C51, 0x8C51, 0x8C51, 0x8C51, 0x8C51, 0x8C51, 0x8C51, 0x8C51, 0x8C51, 0x8C51,
    0x8C51, 0x8C51, 0x8C51, 0x8C51, 0x8C51, 0x8C51, 0x8C51, 0x8C51, 0x8C51, 0x8C51, 0x8C51, 0x8C51, 0x8C51, 0x8C51, 0x8C51, 0x8C51,
    0x8C51, 0x8C51, 0x8C51, 0x8C51, 0x8C51, 0x8C51, 0x8C51, 0x8C51, 0x8C51, 0x8C51, 0x8C51, 0x8C51, 0x8C51, 0x8C51, 0x8C51, 0x8C51,
    0x8C51, 0x8C51, 0x8C51, 0x8C51, 0x8C51, 0x8C51, 0x8C51, 0x8C51, 0x8C51, 0x8C51, 0x8C51, 0x8C51, 0x8C51, 0x8C51, 0x8C51, 0x8C51,
    0x8C51, 0x8C51, 0x8C51, 0x8C51, 0x8C51, 0x8C51, 0x8C51, 0x8C51, 0x8C51, 0x8C51, 0x8C51, 0x8C51, 0x8C51, 0x8C51, 0x8C51, 0x8C51,
    0x8C51, 0x8C51, 0x8C51, 0x8C51, 0x8C51, 0x8C51, 0x8C51, 0x8C51, 0x8C51, 0x8C51, 0x8C51, 0x8C51, 0x8C51, 0x8C51, 0x8C51, 0x8C51,
    0x8C51, 0x8C51, 0x8C51, 0x8C51, 0x8C51, 0x8C51, 0x8C51, 0x8C51, 0x8C51, 0x8C51, 0x8C51, 0x8C51, 0x8C51, 0x8C51, 0x8C51, 0x8C51,
    0x8C51, 0x8C51, 0x8C51, 0x8C51, 0x8C51, 0x8C51, 0x8C51, 0x8C51, 0x8C51, 0x8C51, 0x8C51, 0x8C51, 0x8C51, 0x8C51, 0x8C51, 0x8C51,
    0x8C51, 0x8C51, 0x8C51, 0x8C51, 0x8C51, 0x8C51, 0x8C51, 0x8C51, 0x8C52, 0x8C51, 0x8C51, 0x8C51, 0x8C51, 0x8C51, 0x8C51, 0x8C51,
    0x8C52, 0x8C55, 0x8C55, 0x8C55, 0x8C76, 0x8C96, 0x8CB6, 0x8CD7, 0x8CD7, 0x8CF7, 0x8D36, 0x8D76, 0x8D57, 0x8D57, 0x8D77, 0x8D77,
    0x8D77, 0x8D77, 0x8D57, 0x8D57, 0x8D37, 0x8D17, 0x8D17, 0x8CF7, 0x8CF7, 0x8CF7, 0x8CF7, 0x8CF7, 0x8CD7, 0x8CD7, 0x8CD8, 0x8CF7,
    0x8D17, 0x8D38, 0x8D38, 0x8D58, 0x8D38, 0x8D38, 0x8D38, 0x8D38, 0x8D58, 0x8D38, 0x8D38, 0x8D38, 0x8D38, 0x8D38, 0x8D38, 0x8D38,
    0x8D38, 0x8D38, 0x8D38, 0x8D38, 0x8D59, 0x8D59, 0x8D59, 0x8D59, 0x8D59, 0x8D59, 0x8D59, 0x8D59, 0x8D59, 0x8D59, 0x8D7A, 0x8D7A,
    0x8D7A, 0x8D7A, 0x957A, 0x957A, 0x959A, 0x959A, 0x959A, 0x959B, 0x959B, 0x959B, 0x8DBB, 0x95BB, 0x95BB, 0x95BC, 0x95BC, 0x95DC,
    0x95DC, 0x95DC, 0x95DD, 0x95DC, 0x95DC, 0x95DD, 0x95FD, 0x95FD, 0x95FD, 0x95FD, 0x95FD, 0x961D, 0x961D, 0x961D, 0x961D, 0x961E,
    0x961E, 0x961E, 0x961E, 0x961E, 0x961E, 0x963E, 0x9E3E, 0x9E3E, 0x963E, 0x961E, 0x961E, 0x961E, 0x961F, 0x961F, 0x9E5F, 0xA69F,
    0xB6DF, 0xB6FF, 0xAEDF, 0xA6BF, 0xA6BF, 0xA6BF, 0xA69F, 0x9E5F, 0x963F, 0x961E, 0x961E, 0x961E, 0x961E, 0x961E, 0x95FE, 0x961D,
    0x961D, 0x95FD, 0x961D, 0x961D, 0x961D, 0x961D, 0x961D, 0x961D, 0x961D, 0x961D, 0x961C, 0x95FD, 0x961C, 0x961C, 0x961C, 0x95FD,
    0x95FC, 0x95FC, 0x95FC, 0x95FC, 0x95FD, 0x961C, 0x8DFD, 0x95FD, 0x95FD, 0x95FD, 0x95FD, 0x95FD, 0x95FD, 0x95FD, 0x95FD, 0x95FE,
    0x961E, 0x961E, 0x963E, 0x9E5E, 0x9E7F, 0x9E7F, 0x9E7F, 0x9E7F, 0x9E7F, 0x9E7F, 0x9E5E, 0x961E, 0x95FE, 0x95FD, 0x95FD, 0x95DD,
    0x95FD, 0x95DC, 0x95FC, 0x95FC, 0x961B, 0x961C, 0x8DFD, 0x8D5E, 0x8CFF, 0x8C7F, 0x8C5F, 0x8C5F, 0x8C5F, 0x8C5F, 0x8C5F, 0x8C5F,
    0x8C5F, 0x8C5F, 0x8C5F, 0x8C5F, 0x8C5F, 0x8C7F, 0x8D59, 0x8D1D, 0x8C5B, 0x8C52, 0x8C5D, 0x8C5F, 0x8C5F, 0x8C5F, 0x8C5B, 0x8C5F,
    0x8C55, 0x8C58, 0x8C5F, 0x8C9A, 0x8C5F, 0x8C5F, 0x8C5F, 0x8C5F, 0x8C7C, 0x8C79, 0x8C51, 0x8C51, 0x8C51, 0x8C51, 0x8C51, 0x8C51,
    0x8C51, 0x8C51, 0x8C51, 0x8C51, 0x8C51, 0x8C51, 0x8C51, 0x8C51, 0x8C51, 0x8C51, 0x8C51, 0x8C51, 0x8C51, 0x8C51, 0x8C51, 0x8C51,
    0x8C51, 0x8C51, 0x8C51, 0x8C51, 0x8C51, 0x8C51, 0x8C51, 0x8C51, 0x8C51, 0x8C51, 0x8C5F, 0x8C5F, 0x8C5F, 0x8C5F, 0x8C5F, 0x8C5F,
    0x8C5F, 0x8C5F, 0x8C5F, 0x8C5F, 0x8C5F, 0x8C5F, 0x8C5F, 0x8C5F, 0x8C5F, 0x8C5F, 0x8C5F, 0x8C55, 0x8C51, 0x8C54, 0x8C51, 0x8C51,
    0x8C51, 0x8C51, 0x8C51, 0x8C51, 0x8C51, 0x8C51, 0x8C51, 0x8C51, 0x8C51, 0x8C51, 0x8C51, 0x8C51, 0x8C51, 0x8C51, 0x8C51, 0x8C51,
    0x8C51, 0x8C51, 0x8C51, 0x8C51, 0x8C51, 0x8C51, 0x8C51, 0x8C51, 0x8C51, 0x8C51, 0x8C51, 0x8C51, 0x8C51, 0x8C51, 0x8C51, 0x8C51,
    0x8C51, 0x8C51, 0x8C51, 0x8C51, 0x8C51, 0x8C51, 0x8C51, 0x8C51, 0x8C51, 0x8C51, 0x8C51, 0x8C51, 0x8C51, 0x8C51, 0x8C51, 0x8C51,
    0x8C51, 0x8C51, 0x8C51, 0x8C51, 0x8C51, 0x8C51, 0x8C51, 0x8C51, 0x8C51, 0x8C51, 0x8C51, 0x8C51, 0x8C51, 0x8C51, 0x8C51, 0x8C51,
    0x8C51, 0x8C51, 0x8C51, 0x8C51, 0x8C51, 0x8C51, 0x8C51, 0x8C51, 0x8C51, 0x8C51, 0x8C51, 0x8C51, 0x8C51, 0x8C51, 0x8C51, 0x8C51,
    0x8C51, 0x8C51, 0x8C51, 0x8C51, 0x8C51, 0x8C51, 0x8C51, 0x8C51, 0x8C51, 0x8C51, 0x8C51, 0x8C51, 0x8C51, 0x8C51, 0x8C51, 0x8C51,
    0x8C51, 0x8C51, 0x8C51, 0x8C51, 0x8C51, 0x8C51, 0x8C51, 0x8C51, 0x8C51, 0x8C51, 0x8C51, 0x8C51, 0x8C51, 0x8C51, 0x8C51, 0x8C51,
    0x8C51, 0x8C51, 0x8C51, 0x8C51, 0x8C51, 0x8C51, 0x8C51, 0x8C51, 0x8C51, 0x8C51, 0x8C51, 0x8C51, 0x8C51, 0x8C51, 0x8C51, 0x8C51,
    0x8C51, 0x8C51, 0x8C51, 0x8C51, 0x8C51, 0x8C51, 0x8C51, 0x8C51, 0x8C51, 0x8C51, 0x8C51, 0x8C51, 0x8C51, 0x8C51, 0x8C51, 0x8C52,
    0x8C52, 0x8C53, 0x8C55, 0x8C55, 0x8C57, 0x8C77, 0x8C97, 0x8C97, 0x8CB7, 0x8CD7, 0x8CD7, 0x8CD7, 0x8CD7, 0x8D17, 0x8D57, 0x8D77,
    0x8D57, 0x8D57, 0x8D57, 0x8D37, 0x8D37, 0x8D37, 0x8D17, 0x8CF8, 0x8D17, 0x8D17, 0x8CF8, 0x8D18, 0x8D18, 0x8D18, 0x8D17, 0x8D17,
    0x8D37, 0x8D17, 0x8D17, 0x8CF8, 0x8D17, 0x8D37, 0x8D37, 0x8D38, 0x8D38, 0x8D38, 0x8D38, 0x8D38, 0x8D38, 0x8D38, 0x8D39, 0x8D38,
    0x8D38, 0x8D58, 0x8D59, 0x8D59, 0x8D59, 0x8D59, 0x8D59, 0x8D59, 0x8D59, 0x8D59, 0x8D59, 0x8D7A, 0x8D79, 0x8D7A, 0x957A, 0x957A,
    0x957A, 0x957A, 0x959A, 0x957A, 0x959B, 0x959B, 0x95BB, 0x95BB, 0x8DBB, 0x95BB, 0x95BB, 0x95BC, 0x95BC, 0x95DC, 0x95DC, 0x95DC,
    0x95DC, 0x95DC, 0x95FC, 0x95FC, 0x95FD, 0x95FD, 0x95FD, 0x95FD, 0x95FD, 0x95FD, 0x961D, 0x961D, 0x961D, 0x961E, 0x961E, 0x961E,
    0x961E, 0x961E, 0x961E, 0x961E, 0x963E, 0x963E, 0x963E, 0x963E, 0x961E, 0x961E, 0x961E, 0x961E, 0x961F, 0x963F, 0x9E5F, 0xA69F,
    0xAEDF, 0xAEFF, 0xAEFF, 0xAEDF, 0xA69F, 0x9E7F, 0x9E7F, 0x9E7F, 0x9E5F, 0x9E5F, 0x9E3E, 0x963E, 0x961E, 0x961E, 0x961E, 0x8DFE,
    0x8DFE, 0x8DFE, 0x8DFE, 0x8DFE, 0x95FE, 0x95FE, 0x8DFE, 0x8DFE, 0x8DFE, 0x8DDE, 0x8DFE, 0x8DDE, 0x8DFE, 0x8DFE, 0x95FE, 0x95FE,
    0x95FE, 0x961E, 0x961E, 0x961E, 0x963E, 0x963E, 0x963E, 0x963F, 0x9E5F, 0x9E7F, 0x9E9F, 0xA6BF, 0xA6BF, 0x9E7F, 0x9E5F, 0x963E,
    0x961E, 0x95FE, 0x95DD, 0x95DD, 0x95DD, 0x95DD, 0x95FD, 0x95FC, 0x95FC, 0x95FC, 0x961C, 0x95FB, 0x8DDC, 0x8DBC, 0x8D3D, 0x8CBF,
    0x8C5F, 0x8C5F, 0x8C5F, 0x8C5F, 0x8C5F, 0x8C5F, 0x8C5F, 0x8C5F, 0x8C5F, 0x8C5F, 0x8C5F, 0x8C5F, 0x8C5F, 0x8C5F, 0x8C5F, 0x8C7F,
    0x8D59, 0x8D1D, 0x8C5B, 0x8C52, 0x8C5D, 0x8C5F, 0x8C5F, 0x8C5F, 0x8C5B, 0x8C5F, 0x8C55, 0x8C58, 0x8C5F, 0x8C9A, 0x8C5F, 0x8C5F,
    0x8C5F, 0x8C5F, 0x8C7C, 0x8C79, 0x8C51, 0x8C51, 0x8C51, 0x8C51, 0x8C51, 0x8C51, 0x8C51, 0x8C51, 0x8C51, 0x8C51, 0x8C51, 0x8C51,
    0x8C51, 0x8C51, 0x8C51, 0x8C51, 0x8C51, 0x8C51, 0x8C51, 0x8C51, 0x8C51, 0x8C51, 0x8C51, 0x8C51, 0x8C51, 0x8C51, 0x8C51, 0x8C51,
    0x8C51, 0x8C51, 0x8C51, 0x8C51, 0x8C5F, 0x8C5F, 0x8C5F, 0x8C5F, 0x8C5F, 0x8C5F, 0x8C5F, 0x8C5F, 0x8C5F, 0x8C5F, 0x8C5F, 0x8C5F,
    0x8C5F, 0x8C5F, 0x8C5F, 0x8C5F, 0x8C5F, 0x8C55, 0x8C51, 0x8C54, 0x8C51, 0x8C51, 0x8C51, 0x8C51, 0x8C51, 0x8C51, 0x8C51, 0x8C51,
    0x8C51, 0x8C51, 0x8C51, 0x8C51, 0x8C51, 0x8C51, 0x8C51, 0x8C51, 0x8C51, 0x8C51, 0x8C51, 0x8C51, 0x8C51, 0x8C51, 0x8C51, 0x8C51,
    0x8C51, 0x8C51, 0x8C51, 0x8C51, 0x8C51, 0x8C51, 0x8C51, 0x8C51, 0x8C51, 0x8C51, 0x8C51, 0x8C51, 0x8C51, 0x8C51, 0x8C51, 0x8C51,
    0x8C51, 0x8C51, 0x8C51, 0x8C51, 0x8C51, 0x8C51, 0x8C51, 0x8C51, 0x8C51, 0x8C51, 0x8C51, 0x8C51, 0x8C51, 0x8C51, 0x8C51, 0x8C51,
    0x8C51, 0x8C51, 0x8C51, 0x8C51, 0x8C51, 0x8C51, 0x8C51, 0x8C51, 0x8C51, 0x8C51, 0x8C51, 0x8C51, 0x8C51, 0x8C51, 0x8C51, 0x8C51,
    0x8C51, 0x8C51, 0x8C51, 0x8C51, 0x8C51, 0x8C51, 0x8C51, 0x8C51, 0x8C51, 0x8C51, 0x8C51, 0x8C51, 0x8C51, 0x8C51, 0x8C51, 0x8C51,
    0x8C51, 0x8C51, 0x8C51, 0x8C51, 0x8C51, 0x8C51, 0x8C51, 0x8C51, 0x8C51, 0x8C51, 0x8C51, 0x8C51, 0x8C51, 0x8C51, 0x8C51, 0x8C51,
    0x8C51, 0x8C51, 0x8C51, 0x8C51, 0x8C51, 0x8C51, 0x8C51, 0x8C51, 0x8C51, 0x8C51, 0x8C51, 0x8C51, 0x8C51, 0x8C51, 0x8C51, 0x8C51,
    0x8C51, 0x8C51, 0x8C51, 0x8C51, 0x8C51, 0x8C51, 0x8C51, 0x8C51, 0x8C51, 0x8C51, 0x8C51, 0x8C51, 0x8C51, 0x8C51, 0x8C51, 0x8C51,
    0x8C51, 0x8C51, 0x8C51, 0x8C51, 0x8C51, 0x8C51, 0x8C51, 0x8C51, 0x8C51, 0x8C51, 0x8C51, 0x8C51, 0x8C51, 0x8C51, 0x8C51, 0x8C51,
    0x8C52, 0x8C54, 0x8C53, 0x8C53, 0x8C53, 0x8C53, 0x8C53, 0x8C56, 0x8C77, 0x8C96, 0x8CB7, 0x8D17, 0x8D37, 0x8D17, 0x8D37, 0x8D57,
    0x8D37, 0x8D57, 0x8D77, 0x8D57, 0x8D76, 0x8D56, 0x8D57, 0x8D57, 0x8D57, 0x8D37, 0x8D37, 0x8D17, 0x8D37, 0x8D37, 0x8D17, 0x8D18,
    0x8D17, 0x8CF7, 0x8CF7, 0x8CF7, 0x8CF7, 0x8CF8, 0x8D18, 0x8D18, 0x8D39, 0x8D59, 0x8D39, 0x8D39, 0x8D39, 0x8D39, 0x8D59, 0x8D59,
    0x8D39, 0x8D39, 0x8D39, 0x8D39, 0x8D79, 0x8D79, 0x8D79, 0x8D7A, 0x8D7A, 0x8D7A, 0x8D7A, 0x8D7A, 0x8D7A, 0x8D7A, 0x959A, 0x959A,
    0x959B, 0x959B, 0x959B, 0x959B, 0x95BB, 0x95BB, 0x95BB, 0x95BB, 0x95BB, 0x95BB, 0x95BC, 0x95DC, 0x95DC, 0x95DC, 0x95DC, 0x95DC,
    0x95FD, 0x95FD, 0x95FD, 0x95FD, 0x95FD, 0x95FD, 0x95FD, 0x95FD, 0x95FD, 0x961D, 0x961D, 0x961D, 0x961D, 0x961E, 0x961E, 0x961E,
    0x961E, 0x961E, 0x961E, 0x961E, 0x961E, 0x961E, 0x961E, 0x961E, 0x961E, 0x961E, 0x961E, 0x961F, 0x961F, 0x963F, 0x963F, 0x9E5F,
    0x9E5F, 0x9E7F, 0xA6BF, 0xAEBF, 0xAEDF, 0xAEDF, 0xAEFF, 0xAEFF, 0xAEFF, 0xAEDF, 0xAEDF, 0xAEDF, 0xAEDF, 0xA6BF, 0xA6BF, 0xA6BF,
    0xA6BF, 0xA6BF, 0xA6BF, 0xA6BF, 0xA6BF, 0xA6BF, 0xA6BF, 0xA6BF, 0xA6BF, 0xA6BF, 0xA6BF, 0xA6BF, 0xA69F, 0xA6BF, 0xA69F, 0x9E7F,
    0x965F, 0x963F, 0x963E, 0x961E, 0x961E, 0x95FE, 0x95FD, 0x95DD, 0x95DD, 0x95FD, 0x95DD, 0x95DD, 0x95DD, 0x95DC, 0x95FC, 0x961C,
    0x8DDB, 0x8DDC, 0x8D9E, 0x8D3D, 0x8CFE, 0x8C9E, 0x8C5F, 0x8C5F, 0x8C5F, 0x8C5F, 0x8C5F, 0x8C5F, 0x8C5F, 0x8C5F, 0x8C5F, 0x8C5F,
    0x8C5F, 0x8C5F, 0x8C5F, 0x8C5F, 0x8C5F, 0x8C5F, 0x8C5F, 0x8C5F, 0x8C5F, 0x8C7F, 0x8D59, 0x8D1D, 0x8C5B, 0x8C52, 0x8C5D, 0x8C5F,
    0x8C5F, 0x8C5F, 0x8C5B, 0x8C5F, 0x8C55, 0x8C58, 0x8C5F, 0x8C9A, 0x8C5F, 0x8C5F, 0x8C5F, 0x8C5F, 0x8C7C, 0x8C79, 0x8C51, 0x8C51,
    0x8C51, 0x8C51, 0x8C51, 0x8C51, 0x8C51, 0x8C51, 0x8C51, 0x8C51, 0x8C51, 0x8C51, 0x8C51, 0x8C51, 0x8C51, 0x8C51, 0x8C51, 0x8C51,
    0x8C51, 0x8C51, 0x8C51, 0x8C51, 0x8C51, 0x8C51, 0x8C51, 0x8C51, 0x8C51, 0x8C51, 0x8C51, 0x8C51, 0x8C51, 0x8C51, 0x8C5F, 0x8C5F,
    0x8C5F, 0x8C5F, 0x8C5F, 0x8C5F, 0x8C5F, 0x8C5F, 0x8C5F, 0x8C5F, 0x8C5F, 0x8C5F, 0x8C5F, 0x8C5F, 0x8C5F, 0x8C5F, 0x8C5F, 0x8C55,
    0x8C51, 0x8C54, 0x8C51, 0x8C51, 0x8C51, 0x8C51, 0x8C51, 0x8C51, 0x8C51, 0x8C51, 0x8C51, 0x8C51, 0x8C51, 0x8C51, 0x8C51, 0x8C51,
    0x8C51, 0x8C51, 0x8C51, 0x8C51, 0x8C51, 0x8C51, 0x8C51, 0x8C51, 0x8C51, 0x8C51, 0x8C51, 0x8C51, 0x8C51, 0x8C51, 0x8C51, 0x8C51,
    0x8C51, 0x8C51, 0x8C51, 0x8C51, 0x8C51, 0x8C51, 0x8C51, 0x8C51, 0x8C51, 0x8C51, 0x8C51, 0x8C51, 0x8C51, 0x8C51, 0x8C51, 0x8C51,
    0x8C51, 0x8C51, 0x8C51, 0x8C51, 0x8C51, 0x8C51, 0x8C51, 0x8C51, 0x8C51, 0x8C51, 0x8C51, 0x8C51, 0x8C51, 0x8C51, 0x8C51, 0x8C51,
    0x8C51, 0x8C51, 0x8C51, 0x8C51, 0x8C51, 0x8C51, 0x8C51, 0x8C51, 0x8C51, 0x8C51, 0x8C51, 0x8C51, 0x8C51, 0x8C51, 0x8C51, 0x8C51,
    0x8C51, 0x8C51, 0x8C51, 0x8C51, 0x8C51, 0x8C51, 0x8C51, 0x8C51, 0x8C51, 0x8C51, 0x8C51, 0x8C51, 0x8C51, 0x8C51, 0x8C51, 0x8C51,
    0x8C51, 0x8C51, 0x8C51, 0x8C51, 0x8C51, 0x8C51, 0x8C51, 0x8C51, 0x8C51, 0x8C51, 0x8C51, 0x8C51, 0x8C51, 0x8C51, 0x8C51, 0x8C51,
    0x8C51, 0x8C51, 0x8C51, 0x8C51, 0x8C51, 0x8C51, 0x8C51, 0x8C51, 0x8C51, 0x8C51, 0x8C51, 0x8C51, 0x8C51, 0x8C51, 0x8C51, 0x8C51,
    0x8C51, 0x8C51, 0x8C51, 0x8C51, 0x8C51, 0x8C51, 0x8C51, 0x8C51, 0x8C51, 0x8C51, 0x8C51, 0x8C51, 0x8C51, 0x8C51, 0x8C51, 0x8C51,
    0x8C51, 0x8C51, 0x8C51, 0x8C51, 0x8C51, 0x8C51, 0x8C51, 0x8C51, 0x8C51, 0x8C51, 0x8C51, 0x8C51, 0x8C51, 0x8C51, 0x8C51, 0x8C51,
    0x8C51, 0x8C51, 0x8C51, 0x8C51, 0x8C54, 0x8C57, 0x8C56, 0x8C56, 0x8C55, 0x8C55, 0x8C56, 0x8C97, 0x8CB7, 0x8CB7, 0x8CB8, 0x8C77,
    0x8C78, 0x8CB8, 0x8D36, 0x8D76, 0x8D57, 0x8D57, 0x8D37, 0x8D56, 0x8D77, 0x8D77, 0x8D57, 0x8D57, 0x8D38, 0x8D38, 0x8D17, 0x8D17,
    0x8CF7, 0x8CF7, 0x8CF7, 0x8CF8, 0x8CF7, 0x8CF7, 0x8CF7, 0x8CF8, 0x8D19, 0x8D19, 0x8D39, 0x8D59, 0x8D58, 0x8D58, 0x8D58, 0x8D79,
    0x8D79, 0x8D79, 0x8D79, 0x8D59, 0x8D59, 0x8D59, 0x8D5A, 0x8D7A, 0x8D9A, 0x8D9A, 0x8D7A, 0x8D7A, 0x8D7A, 0x8D7A, 0x8D7B, 0x8D7B,
    0x959B, 0x959B, 0x959B, 0x95BB, 0x95BB, 0x95BB, 0x95BB, 0x95BB, 0x95DC, 0x95DC, 0x95DC, 0x95DC, 0x95DC, 0x95DC, 0x95FC, 0x95DC,
    0x95DC, 0x95DD, 0x95DD, 0x95FD, 0x95FD, 0x95FD, 0x961D, 0x961D, 0x961D, 0x961D, 0x961D, 0x961D, 0x961D, 0x961D, 0x961E, 0x961E,
    0x961E, 0x961E, 0x961E, 0x961E, 0x961E, 0x961E, 0x961E, 0x961E, 0x961E, 0x961E, 0x961E, 0x961E, 0x961E, 0x961E, 0x961E, 0x961E,
    0x961F, 0x963F, 0x963F, 0x965F, 0x9E5F, 0x9E5F, 0x9E7F, 0x9E7F, 0x9E7F, 0x9E7F, 0x9E7F, 0x9E7F, 0x9E7F, 0x9E7F, 0x9E5F, 0x9E5F,
    0x965F, 0x963E, 0x963E, 0x961E, 0x961E, 0x95FE, 0x95FE, 0x95FE, 0x95FE, 0x95FE, 0x95FD, 0x95FD, 0x95FD, 0x95FD, 0x95FD, 0x95DD,
    0x95DD, 0x95DD, 0x95FC, 0x95FC, 0x95FC, 0x8DFB, 0x8DDB, 0x8DDD, 0x8D1E, 0x8CBE, 0x8C7F, 0x8D5F, 0x8CFF, 0x8C5F, 0x8C5F, 0x8C5F,
    0x8C5F, 0x8C5F, 0x8C5F, 0x8C5F, 0x8C5F, 0x8C5F, 0x8C5F, 0x8C5F, 0x8C5F, 0x8C5F, 0x8C5F, 0x8C5F, 0x8C5F, 0x8C5F, 0x8C5F, 0x8C5F,
    0x8C5F, 0x8C5F, 0x8C5F, 0x8C7F, 0x8D59, 0x8D1D, 0x8C5B, 0x8C52, 0x8C5D, 0x8C5F, 0x8C5F, 0x8C5F, 0x8C5B, 0x8C5F, 0x8C55, 0x8C58,
    0x8C5F, 0x8C9A, 0x8C5F, 0x8C5F, 0x8C5F, 0x8C5F, 0x8C7C, 0x8C79, 0x8C51, 0x8C51, 0x8C51, 0x8C51, 0x8C51, 0x8C51, 0x8C51, 0x8C51,
    0x8C51, 0x8C51, 0x8C51, 0x8C51, 0x8C51, 0x8C51, 0x8C51, 0x8C51, 0x8C51, 0x8C51, 0x8C51, 0x8C51, 0x8C51, 0x8C51, 0x8C51, 0x8C51,
    0x8C51, 0x8C51, 0x8C51, 0x8C51, 0x8C51, 0x8C51, 0x8C51, 0x8C51, 0x8C5F, 0x8C5F, 0x8C5F, 0x8C5F, 0x8C5F, 0x8C5F, 0x8C5F, 0x8C5F,
    0x8C5F, 0x8C5F, 0x8C5F, 0x8C5F, 0x8C5F, 0x8C5F, 0x8C5F, 0x8C5F, 0x8C5F, 0x8C55, 0x8C51, 0x8C54, 0x8C51, 0x8C51, 0x8C51, 0x8C51,
    0x8C51, 0x8C51, 0x8C51, 0x8C51, 0x8C51, 0x8C51, 0x8C51, 0x8C51, 0x8C51, 0x8C51, 0x8C51, 0x8C51, 0x8C51, 0x8C51, 0x8C51, 0x8C51,
    0x8C51, 0x8C51, 0x8C51, 0x8C51, 0x8C51, 0x8C51, 0x8C51, 0x8C51, 0x8C51, 0x8C51, 0x8C51, 0x8C51, 0x8C51, 0x8C51, 0x8C51, 0x8C51,
    0x8C51, 0x8C51, 0x8C51, 0x8C51, 0x8C51, 0x8C51, 0x8C51, 0x8C51, 0x8C51, 0x8C51, 0x8C51, 0x8C51, 0x8C51, 0x8C51, 0x8C51, 0x8C51,
    0x8C51, 0x8C51, 0x8C51, 0x8C51, 0x8C51, 0x8C51, 0x8C51, 0x8C51, 0x8C51, 0x8C51, 0x8C51, 0x8C51, 0x8C51, 0x8C51, 0x8C51, 0x8C51,
    0x8C51, 0x8C51, 0x8C51, 0x8C51, 0x8C51, 0x8C51, 0x8C51, 0x8C51, 0x8C51, 0x8C51, 0x8C51, 0x8C51, 0x8C51, 0x8C51, 0x8C51, 0x8C51,
    0x8C51, 0x8C51, 0x8C51, 0x8C51, 0x8C51, 0x8C51, 0x8C51, 0x8C51, 0x8C51, 0x8C51, 0x8C51, 0x8C51, 0x8C51, 0x8C51, 0x8C51, 0x8C51,
    0x8C51, 0x8C51, 0x8C51, 0x8C51, 0x8C51, 0x8C51, 0x8C51, 0x8C51, 0x8C51, 0x8C51, 0x8C51, 0x8C51, 0x8C51, 0x8C51, 0x8C51, 0x8C51,
    0x8C51, 0x8C51, 0x8C51, 0x8C51, 0x8C51, 0x8C51, 0x8C51, 0x8C51, 0x8C51, 0x8C51, 0x8C51, 0x8C51, 0x8C51, 0x8C51, 0x8C51, 0x8C51,
    0x8C51, 0x8C51, 0x8C51, 0x8C51, 0x8C51, 0x8C51, 0x8C51, 0x8C51, 0x8C51, 0x8C51, 0x8C51, 0x8C51, 0x8C51, 0x8C51, 0x8C51, 0x8C51,
    0x8C51, 0x8C51, 0x8C51, 0x8C51, 0x8C51, 0x8C51, 0x8C51, 0x8C51, 0x8C51, 0x8C51, 0x8C51, 0x8C51, 0x8C51, 0x8C51, 0x8C51, 0x8C52,
    0x8C51, 0x8C51, 0x8C51, 0x8C51, 0x8C51, 0x8C53, 0x8C53, 0x8C54, 0x8C55, 0x8C54, 0x8C54, 0x8C56, 0x8C57, 0x8C77, 0x8C78, 0x8C97,
    0x8C78, 0x8C77, 0x8CB7, 0x8CB7, 0x8C97, 0x8D37, 0x8D77, 0x8D57, 0x8D57, 0x8D57, 0x8D57, 0x8D37, 0x8D17, 0x8D17, 0x8D37, 0x8D37,
    0x8D37, 0x8D17, 0x8D17, 0x8D18, 0x8D18, 0x8D18, 0x8D38, 0x8D59, 0x8D59, 0x8D59, 0x8D59, 0x8D59, 0x8D59, 0x8D59, 0x8D59, 0x8D79,
    0x8D59, 0x8D7A, 0x8D9A, 0x8D99, 0x8D9A, 0x8D9A, 0x8D9A, 0x8D7A, 0x8D7B, 0x8D9A, 0x8D9B, 0x8D9B, 0x959B, 0x959B, 0x959B, 0x95BB,
    0x95BB, 0x95BB, 0x95BB, 0x95BB, 0x95BC, 0x95BC, 0x95BC, 0x95DC, 0x95DC, 0x95DC, 0x95DC, 0x95DC, 0x95DC, 0x95DC, 0x95FC, 0x95FD,
    0x95FD, 0x95FD, 0x95FD, 0x95FD, 0x95FD, 0x961D, 0x95FD, 0x961D, 0x961D, 0x961D, 0x961E, 0x961D, 0x961D, 0x961D, 0x961D, 0x961E,
    0x961E, 0x961E, 0x961E, 0x961E, 0x961E, 0x961E, 0x961E, 0x961E, 0x961E, 0x961E, 0x961E, 0x961E, 0x961E, 0x961E, 0x961E, 0x95FE,
    0x95FE, 0x95FE, 0x95FE, 0x95FD, 0x95FE, 0x95FE, 0x95FD, 0x95FD, 0x95FD, 0x95FD, 0x95FD, 0x95FD, 0x95FD, 0x95FD, 0x95FD, 0x95FD,
    0x95FD, 0x95FD, 0x95FD, 0x95FD, 0x95FD, 0x95FD, 0x95FC, 0x95FC, 0x961C, 0x961C, 0x95DB, 0x8DDB, 0x8DDB, 0x8D9C, 0x8D1C, 0x8CBD,
    0x8C9E, 0x8C7F, 0x8C5F, 0x8C5F, 0x8C5F, 0x8D3F, 0x8D1F, 0x8C5F, 0x8C5F, 0x8C5F, 0x8C5F, 0x8C5F, 0x8C5F, 0x8C5F, 0x8C5F, 0x8C5F,
    0x8C5F, 0x8C5F, 0x8C5F, 0x8C5F, 0x8C5F, 0x8C5F, 0x8C5F, 0x8C5F, 0x8C5F, 0x8C5F, 0x8C5F, 0x8C5F, 0x8C5F, 0x8C7F, 0x8D59, 0x8D1D,
    0x8C5B, 0x8C52, 0x8C5D, 0x8C5F, 0x8C5F, 0x8C5F, 0x8C5B, 0x8C5F, 0x8C55, 0x8C58, 0x8C5F, 0x8C9A, 0x8C5F, 0x8C5F, 0x8C5F, 0x8C5F,
    0x8C7C, 0x8C79, 0x8C51, 0x8C51, 0x8C51, 0x8C51, 0x8C51, 0x8C51, 0x8C51, 0x8C51, 0x8C51, 0x8C51, 0x8C51, 0x8C51, 0x8C51, 0x8C51,
    0x8C51, 0x8C51, 0x8C51, 0x8C51, 0x8C51, 0x8C51, 0x8C51, 0x8C51, 0x8C51, 0x8C51, 0x8C51, 0x8C51, 0x8C51, 0x8C51, 0x8C51, 0x8C51,
    0x8C51, 0x8C51, 0x8C5F, 0x8C5F, 0x8C5F, 0x8C5F, 0x8C5F, 0x8C5F, 0x8C5F, 0x8C5F, 0x8C5F, 0x8C5F, 0x8C5F, 0x8C5F, 0x8C5F, 0x8C5F,
    0x8C5F, 0x8C5F, 0x8C5F, 0x8C55, 0x8C51, 0x8C54, 0x8C51, 0x8C51, 0x8C51, 0x8C51, 0x8C51, 0x8C51, 0x8C51, 0x8C51, 0x8C51, 0x8C51,
    0x8C51, 0x8C51, 0x8C51, 0x8C51, 0x8C51, 0x8C51, 0x8C51, 0x8C51, 0x8C51, 0x8C51, 0x8C51, 0x8C51, 0x8C51, 0x8C51, 0x8C51, 0x8C51,
    0x8C51, 0x8C51, 0x8C51, 0x8C51, 0x8C51, 0x8C51, 0x8C51, 0x8C51, 0x8C51, 0x8C51, 0x8C51, 0x8C51, 0x8C51, 0x8C51, 0x8C51, 0x8C51,
    0x8C51, 0x8C51, 0x8C51, 0x8C51, 0x8C51, 0x8C51, 0x8C51, 0x8C51, 0x8C51, 0x8C51, 0x8C51, 0x8C51, 0x8C51, 0x8C51, 0x8C51, 0x8C51,
    0x8C51, 0x8C51, 0x8C51, 0x8C51, 0x8C51, 0x8C51, 0x8C51, 0x8C51, 0x8C51, 0x8C51, 0x8C51, 0x8C51, 0x8C51, 0x8C51, 0x8C51, 0x8C51,
    0x8C51, 0x8C51, 0x8C51, 0x8C51, 0x8C51, 0x8C51, 0x8C51, 0x8C51, 0x8C51, 0x8C51, 0x8C51, 0x8C51, 0x8C51, 0x8C51, 0x8C51, 0x8C51,
    0x8C51, 0x8C51, 0x8C51, 0x8C51, 0x8C51, 0x8C51, 0x8C51, 0x8C51, 0x8C51, 0x8C51, 0x8C51, 0x8C51, 0x8C51, 0x8C51, 0x8C51, 0x8C51,
    0x8C51, 0x8C51, 0x8C51, 0x8C51, 0x8C51, 0x8C51, 0x8C51, 0x8C51, 0x8C51, 0x8C51, 0x8C51, 0x8C51, 0x8C51, 0x8C51, 0x8C51, 0x8C51,
    0x8C51, 0x8C51, 0x8C51, 0x8C51, 0x8C51, 0x8C51, 0x8C51, 0x8C51, 0x8C51, 0x8C51, 0x8C51, 0x8C51, 0x8C51, 0x8C51, 0x8C51, 0x8C51,
    0x8C51, 0x8C51, 0x8C51, 0x8C51, 0x8C51, 0x8C51, 0x8C51, 0x8C51, 0x8C51, 0x8C51, 0x8C51, 0x8C51, 0x8C51, 0x8C51, 0x8C51, 0x8C51,
    0x8C51, 0x8C51, 0x8C51, 0x8C51, 0x8C51, 0x8C51, 0x8C51, 0x8C51, 0x8C51, 0x8C51, 0x8C51, 0x8C51, 0x8C51, 0x8C51, 0x8C51, 0x8C51,
    0x8C51, 0x8C51, 0x8C51, 0x8C51, 0x8C51, 0x8C51, 0x8C52, 0x8C54, 0x8C53, 0x8C53, 0x8C52, 0x8C52, 0x8C53, 0x8C53, 0x8C54, 0x8C57,
    0x8CB7, 0x8CD7, 0x8CF7, 0x8CF7, 0x8D37, 0x8D56, 0x8D57, 0x8D77, 0x8D76, 0x8D76, 0x8D76, 0x8D77, 0x8D77, 0x8D58, 0x8D57, 0x8D57,
    0x8D57, 0x8D57, 0x8D77, 0x8D58, 0x8D58, 0x8D59, 0x8D58, 0x8D39, 0x8D39, 0x8D39, 0x8D39, 0x8D38, 0x8D38, 0x8D59, 0x8D59, 0x8D79,
    0x8DB9, 0x8D99, 0x8D99, 0x8D99, 0x8D79, 0x8D7B, 0x8D7B, 0x8D7B, 0x8D5B, 0x8D7B, 0x8D7B, 0x8D7B, 0x8D9B, 0x95BB, 0x95BB, 0x95BB,
    0x95BB, 0x95BB, 0x95BB, 0x95BC, 0x95DC, 0x95BC, 0x95DC, 0x95DC, 0x95DB, 0x95DC, 0x95DC, 0x95FC, 0x95DC, 0x95FD, 0x95FD, 0x95FD,
    0x95FD, 0x95FD, 0x95FD, 0x95FD, 0x95FD, 0x95FD, 0x95FD, 0x961D, 0x961D, 0x961D, 0x961D, 0x961D, 0x961D, 0x961D, 0x95FD, 0x95FD,
    0x95FD, 0x95FD, 0x95FD, 0x95FD, 0x95FD, 0x95FD, 0x95FD, 0x95FD, 0x95FD, 0x95FD, 0x95FD, 0x95FD, 0x95FD, 0x95FD, 0x95FD, 0x95FD,
    0x95FD, 0x95FD, 0x95FD, 0x95DD, 0x95FC, 0x95FC, 0x95FD, 0x95DD, 0x95FC, 0x95FC, 0x95FC, 0x95FC, 0x8DFC, 0x8DDC, 0x8DDB, 0x8DBC,
    0x8D5E, 0x8D1E, 0x8D1D, 0x8CFD, 0x8CBE, 0x8C9E, 0x8C5F, 0x8C5F, 0x8C5F, 0x8C5F, 0x8C5F, 0x8C5F, 0x8C5F, 0x8C5F, 0x8C5F, 0x8D3F,
    0x8D1F, 0x8C5F, 0x8C5F, 0x8C5F, 0x8C5F, 0x8C5F, 0x8C5F, 0x8C5F, 0x8C5F, 0x8C5F, 0x8C5F, 0x8C5F, 0x8C5F, 0x8C5F, 0x8C5F, 0x8C5F,
    0x8C5F, 0x8C5F, 0x8C5F, 0x8C5F, 0x8C5F, 0x8C5F, 0x8C5F, 0x8C7F, 0x8D59, 0x8D1D, 0x8C5B, 0x8C52, 0x8C5D, 0x8C5F, 0x8C5F, 0x8C5F,
    0x8C5B, 0x8C5F, 0x8C55, 0x8C58, 0x8C5F, 0x8C9A, 0x8C5F, 0x8C5F, 0x8C5F, 0x8C5F, 0x8C7C, 0x8C79, 0x8C51, 0x8C51, 0x8C51, 0x8C51,
    0x8C51, 0x8C51, 0x8C51, 0x8C51, 0x8C51, 0x8C51, 0x8C51, 0x8C51, 0x8C51, 0x8C51, 0x8C51, 0x8C51, 0x8C51, 0x8C51, 0x8C51, 0x8C51,
    0x8C51, 0x8C51, 0x8C51, 0x8C51, 0x8C51, 0x8C51, 0x8C51, 0x8C51, 0x8C51, 0x8C51, 0x8C51, 0x8C51, 0x8C5F, 0x8C5F, 0x8C5F, 0x8C5F,
    0x8C5F, 0x8C5F, 0x8C5F, 0x8C5F, 0x8C5F, 0x8C5F, 0x8C5F, 0x8C5F, 0x8C5F, 0x8C5F, 0x8C5F, 0x8C5F, 0x8C5F, 0x8C55, 0x8C51, 0x8C54,
    0x8C51, 0x8C51, 0x8C51, 0x8C51, 0x8C51, 0x8C51, 0x8C51, 0x8C51, 0x8C51, 0x8C51, 0x8C51, 0x8C51, 0x8C51, 0x8C51, 0x8C51, 0x8C51,
    0x8C51, 0x8C51, 0x8C51, 0x8C51, 0x8C51, 0x8C51, 0x8C51, 0x8C51, 0x8C51, 0x8C51, 0x8C51, 0x8C51, 0x8C51, 0x8C51, 0x8C51, 0x8C51,
    0x8C51, 0x8C51, 0x8C51, 0x8C51, 0x8C51, 0x8C51, 0x8C51, 0x8C51, 0x8C51, 0x8C51, 0x8C51, 0x8C51, 0x8C51, 0x8C51, 0x8C51, 0x8C51,
    0x8C51, 0x8C51, 0x8C51, 0x8C51, 0x8C51, 0x8C51, 0x8C51, 0x8C51, 0x8C51, 0x8C51, 0x8C51, 0x8C51, 0x8C51, 0x8C51, 0x8C51, 0x8C51,
    0x8C51, 0x8C51, 0x8C51, 0x8C51, 0x8C51, 0x8C51, 0x8C51, 0x8C51, 0x8C51, 0x8C51, 0x8C51, 0x8C51, 0x8C51, 0x8C51, 0x8C51, 0x8C51,
    0x8C51, 0x8C51, 0x8C51, 0x8C51, 0x8C51, 0x8C51, 0x8C51, 0x8C51, 0x8C51, 0x8C51, 0x8C51, 0x8C51, 0x8C51, 0x8C51, 0x8C51, 0x8C51,
    0x8C51, 0x8C51, 0x8C51, 0x8C51, 0x8C51, 0x8C51, 0x8C51, 0x8C51, 0x8C51, 0x8C51, 0x8C51, 0x8C51, 0x8C51, 0x8C51, 0x8C51, 0x8C51,
    0x8C51, 0x8C51, 0x8C51, 0x8C51, 0x8C51, 0x8C51, 0x8C51, 0x8C51, 0x8C51, 0x8C51, 0x8C51, 0x8C51, 0x8C51, 0x8C51, 0x8C51, 0x8C51,
    0x8C51, 0x8C51, 0x8C51, 0x8C51, 0x8C51, 0x8C51, 0x8C51, 0x8C51, 0x8C51, 0x8C51, 0x8C51, 0x8C51, 0x8C51, 0x8C51, 0x8C51, 0x8C51,
    0x8C51, 0x8C51, 0x8C51, 0x8C51, 0x8C51, 0x8C51, 0x8C51, 0x8C51, 0x8C51, 0x8C51, 0x8C51, 0x8C51, 0x8C51, 0x8C51, 0x8C51, 0x8C51,
    0x8C51, 0x8C51, 0x8C51, 0x8C51, 0x8C51, 0x8C51, 0x8C51, 0x8C51, 0x8C51, 0x8C51, 0x8C51, 0x8C51, 0x8C51, 0x8C51, 0x8C51, 0x8C51,
    0x8C51, 0x8C51, 0x8C51, 0x8C51, 0x8C51, 0x8C51, 0x8C51, 0x8C51, 0x8C51, 0x8C51, 0x8C52, 0x8C53, 0x8C54, 0x8C54, 0x8C56, 0x8C77,
    0x8C77, 0x8C97, 0x8CB7, 0x8C78, 0x8C98, 0x8CB8, 0x8CF7, 0x8D37, 0x8D56, 0x8D17, 0x8CF7, 0x8C98, 0x8C77, 0x8C77, 0x8C98, 0x8D18,
    0x8D59, 0x8DB9, 0x8DDA, 0x8DBA, 0x8D9A, 0x8D9A, 0x8D9A, 0x8DBA, 0x8DD9, 0x8DB9, 0x8D79, 0x8D7A, 0x8D9A, 0x8D7A, 0x8D9A, 0x8DBA,
    0x8DF9, 0x8E18, 0x8E18, 0x8DF9, 0x8DD9, 0x8DD9, 0x8DD9, 0x8DBA, 0x8D7B, 0x8D5B, 0x8D7B, 0x8D7B, 0x8D9B, 0x8D9B, 0x8D9B, 0x8D9B,
    0x8D9B, 0x8D9B, 0x8DFC, 0x8E1C, 0x8E1C, 0x8E1C, 0x8E1C, 0x8DDC, 0x9DBC, 0x95DC, 0x9DDC, 0x95DC, 0x95DC, 0x95FC, 0x95FC, 0x95FC,
    0x95DC, 0x95FC, 0x95FD, 0x95FD, 0x95FD, 0x95FC, 0x95FD, 0x95DC, 0x95DC, 0x95FC, 0x95DD, 0x95FC, 0x95FC, 0x95FD, 0x95FD, 0x95DC,
    0x95FD, 0x95FD, 0x95FC, 0x95FC, 0x95DC, 0x95DC, 0x95FD, 0x95FD, 0x95FD, 0x95FD, 0x95FD, 0x95FC, 0x8DFC, 0x8DFB, 0x8DFB, 0x8E1B,
    0x8DFA, 0x8DDA, 0x8DDA, 0x8D9B, 0x8D7C, 0x8CFE, 0x8CBF, 0x8C7F, 0x8C7F, 0x8C5F, 0x8C5F, 0x8C5F, 0x8C5F, 0x8C5F, 0x8C5F, 0x8C5F,
    0x8C5F, 0x8C5F, 0x8C5F, 0x8C5F, 0x8C5F, 0x8C5F, 0x8C5F, 0x8C5F, 0x8C5F, 0x8D3F, 0x8D1F, 0x8C5F, 0x8C5F, 0x8C5F, 0x8C5F, 0x8C5F,
    0x8C5F, 0x8C5F, 0x8C5F, 0x8C5F, 0x8C5F, 0x8C5F, 0x8C5F, 0x8C5F, 0x8C5F, 0x8C5F, 0x8C5F, 0x8C5F, 0x8C5F, 0x8C5F, 0x8C5F, 0x8C5F,
    0x8C5F, 0x8C7F, 0x8D5A, 0x8D1E, 0x8C5B, 0x8C52, 0x8C5D, 0x8C5F, 0x8C5F, 0x8C5F, 0x8C5B, 0x8C5F, 0x8C55, 0x8C58, 0x8C5F, 0x8C9A,
    0x8C5F, 0x8C5F, 0x8C5F, 0x8C5F, 0x8C7C, 0x8C79, 0x8C51, 0x8C51, 0x8C51, 0x8C51, 0x8C51, 0x8C51, 0x8C51, 0x8C51, 0x8C51, 0x8C51,
    0x8C51, 0x8C51, 0x8C51, 0x8C51, 0x8C51, 0x8C51, 0x8C51, 0x8C51, 0x8C51, 0x8C51, 0x8C51, 0x8C51, 0x8C51, 0x8C51, 0x8C51, 0x8C51,
    0x8C51, 0x8C51, 0x8C51, 0x8C51, 0x8C51, 0x8C51, 0x8C5F, 0x8C5F, 0x8C5F, 0x8C5F, 0x8C5F, 0x8C5F, 0x8C5F, 0x8C5F, 0x8C5F, 0x8C5F,
    0x8C5F, 0x8C5F, 0x8C5F, 0x8C5F, 0x8C5F, 0x8C5F, 0x8C5F, 0x8C55, 0x8C51, 0x8C54, 0x8C51, 0x8C51, 0x8C51, 0x8C51, 0x8C51, 0x8C51,
    0x8C51, 0x8C51, 0x8C51, 0x8C51, 0x8C51, 0x8C51, 0x8C51, 0x8C51, 0x8C51, 0x8C51, 0x8C51, 0x8C51, 0x8C51, 0x8C51, 0x8C51, 0x8C51,
    0x8C51, 0x8C51, 0x8C51, 0x8C51, 0x8C51, 0x8C51, 0x8C51, 0x8C51, 0x8C51, 0x8C51, 0x8C51, 0x8C51, 0x8C51, 0x8C51, 0x8C51, 0x8C51,
    0x8C51, 0x8C51, 0x8C51, 0x8C51, 0x8C51, 0x8C51, 0x8C51, 0x8C51, 0x8C51, 0x8C51, 0x8C51, 0x8C51, 0x8C51, 0x8C51, 0x8C51, 0x8C51,
    0x8C51, 0x8C51, 0x8C51, 0x8C51, 0x8C51, 0x8C51, 0x8C51, 0x8C51, 0x8C51, 0x8C51, 0x8C51, 0x8C51, 0x8C51, 0x8C51, 0x8C51, 0x8C51,
    0x8C51, 0x8C51, 0x8C51, 0x8C51, 0x8C51, 0x8C51, 0x8C51, 0x8C51, 0x8C51, 0x8C51, 0x8C51, 0x8C51, 0x8C51, 0x8C51, 0x8C51, 0x8C51,
    0x8C51, 0x8C51, 0x8C51, 0x8C51, 0x8C51, 0x8C51, 0x8C51, 0x8C51, 0x8C51, 0x8C51, 0x8C51, 0x8C51, 0x8C51, 0x8C51, 0x8C51, 0x8C51,
    0x8C51, 0x8C51, 0x8C51, 0x8C51, 0x8C51, 0x8C51, 0x8C51, 0x8C51, 0x8C51, 0x8C51, 0x8C51, 0x8C51, 0x8C51, 0x8C51, 0x8C51, 0x8C51,
    0x8C51, 0x8C51, 0x8C51, 0x8C51, 0x8C51, 0x8C51, 0x8C51, 0x8C51, 0x8C51, 0x8C51, 0x8C51, 0x8C51, 0x8C51, 0x8C51, 0x8C51, 0x8C51,
    0x8C51, 0x8C51, 0x8C51, 0x8C51, 0x8C51, 0x8C51, 0x8C51, 0x8C51, 0x8C51, 0x8C51, 0x8C51, 0x8C51, 0x8C51, 0x8C51, 0x8C51, 0x8C51,
    0x8C51, 0x8C51, 0x8C51, 0x8C51, 0x8C51, 0x8C51, 0x8C51, 0x8C51, 0x8C51, 0x8C51, 0x8C51, 0x8C51, 0x8C51, 0x8C51, 0x8C51, 0x8C51,
    0x8C51, 0x8C51, 0x8C51, 0x8C51, 0x8C51, 0x8C51, 0x8C51, 0x8C51, 0x8C51, 0x8C51, 0x8C51, 0x8C51, 0x8C51, 0x8C51, 0x8C51, 0x8C51,
    0x8C51, 0x8C51, 0x8C51, 0x8C51, 0x8C51, 0x8C51, 0x8C51, 0x8C51, 0x8C51, 0x8C52, 0x8C52, 0x8C54, 0x8C54, 0x8C54, 0x8C54, 0x8C56,
    0x8C56, 0x8C76, 0x8C76, 0x8C56, 0x8C56, 0x8C57, 0x8C56, 0x8C56, 0x8C58, 0x8C77, 0x8C56, 0x8C96, 0x8CF8, 0x8D99, 0x8DF9, 0x8DF9,
    0x8DFA, 0x8D5C, 0x8DBB, 0x8DD9, 0x8DBA, 0x8DF9, 0x8DF9, 0x8DBA, 0x8DD9, 0x8E38, 0x8DD9, 0x8D5B, 0x8D3C, 0x8D7B, 0x8D7B, 0x8D3C,
    0x8D5B, 0x8DBA, 0x8DBA, 0x8DDA, 0x8DBA, 0x8DBA, 0x8DBA, 0x8DBA, 0x8D9A, 0x8DBA, 0x8D9A, 0x8D7B, 0x8DBB, 0x8DDB, 0x8DBB, 0x8DBB,
    0x8DBB, 0x8DDB, 0x95DC, 0x95BB, 0x95BB, 0x9DBB, 0x9DBC, 0x9DBC, 0x95BC, 0x95BC, 0x95BC, 0x9DDC, 0x9DBC, 0x9DBC, 0x9DBC, 0x95DC,
    0x95DC, 0x95DC, 0x95FC, 0x95FC, 0x95DC, 0x95DC, 0x95FC, 0x95FC, 0x95FC, 0x95FC, 0x95FC, 0x95FC, 0x95FC, 0x8E1C, 0x8DFC, 0x95FC,
    0x8E1B, 0x8E1B, 0x8DFB, 0x8E1B, 0x8DFA, 0x8D9B, 0x8D9B, 0x8D5B, 0x8D7B, 0x8D7B, 0x8D1C, 0x8CBE, 0x8C9E, 0x8C5F, 0x8C5F, 0x8C5F,
    0x8C5F, 0x8C5F, 0x8C5F, 0x8C5F, 0x8C5F, 0x8C5F, 0x8C5F, 0x8C5F, 0x8C5F, 0x8C5F, 0x8C5F, 0x8C5F, 0x8C5F, 0x8C5F, 0x8C5F, 0x8C5F,
    0x8C5F, 0x8C5F, 0x8C5F, 0x8D3F, 0x8D1F, 0x8C5F, 0x8C5F, 0x8C5F, 0x8C5F, 0x8C5F, 0x8C5F, 0x8C5F, 0x8C5F, 0x8C5F, 0x8C5F, 0x8C5F,
    0x8C5F, 0x8C5F, 0x8C5F, 0x8C5F, 0x8C5F, 0x8C5F, 0x8C5F, 0x8C5F, 0x8C5F, 0x8C5F, 0x8C5F, 0x8C7F, 0x8D59, 0x8CD8, 0x8C53, 0x8C51,
    0x8C5C, 0x8C5F, 0x8C5F, 0x8C5F, 0x8C5B, 0x8C5F, 0x8C55, 0x8C58, 0x8C5F, 0x8C9A, 0x8C5F, 0x8C5F, 0x8C5F, 0x8C5F, 0x8C7C, 0x8C79,
    0x8C51, 0x8C51, 0x8C51, 0x8C51, 0x8C51, 0x8C51, 0x8C51, 0x8C51, 0x8C51, 0x8C51, 0x8C51, 0x8C51, 0x8C51, 0x8C51, 0x8C51, 0x8C51,
    0x8C51, 0x8C51, 0x8C51, 0x8C51, 0x8C51, 0x8C51, 0x8C51, 0x8C51, 0x8C51, 0x8C51, 0x8C51, 0x8C51, 0x8C51, 0x8C51, 0x8C51, 0x8C51,
    0x8C5F, 0x8C5F, 0x8C5F, 0x8C5F, 0x8C5F, 0x8C5F, 0x8C5F, 0x8C5F, 0x8C5F, 0x8C5F, 0x8C5F, 0x8C5F, 0x8C5F, 0x8C5F, 0x8C5F, 0x8C5F,
    0x8C5F, 0x8C55, 0x8C51, 0x8C54, 0x8C51, 0x8C51, 0x8C51, 0x8C51, 0x8C51, 0x8C51, 0x8C51, 0x8C51, 0x8C51, 0x8C51, 0x8C51, 0x8C51,
    0x8C51, 0x8C51, 0x8C51, 0x8C51, 0x8C51, 0x8C51, 0x8C51, 0x8C51, 0x8C51, 0x8C51, 0x8C51, 0x8C51, 0x8C51, 0x8C51, 0x8C51, 0x8C51,
    0x8C51, 0x8C51, 0x8C51, 0x8C51, 0x8C51, 0x8C51, 0x8C51, 0x8C51, 0x8C51, 0x8C51, 0x8C51, 0x8C51, 0x8C51, 0x8C51, 0x8C51, 0x8C51,
    0x8C51, 0x8C51, 0x8C51, 0x8C51, 0x8C51, 0x8C51, 0x8C51, 0x8C51, 0x8C51, 0x8C51, 0x8C51, 0x8C51, 0x8C51, 0x8C51, 0x8C51, 0x8C51,
    0x8C51, 0x8C51, 0x8C51, 0x8C51, 0x8C51, 0x8C51, 0x8C51, 0x8C51, 0x8C51, 0x8C51, 0x8C51, 0x8C51, 0x8C51, 0x8C51, 0x8C51, 0x8C51,
    0x8C51, 0x8C51, 0x8C51, 0x8C51, 0x8C51, 0x8C51, 0x8C51, 0x8C51, 0x8C51, 0x8C51, 0x8C51, 0x8C51, 0x8C51, 0x8C51, 0x8C51, 0x8C51,
    0x8C51, 0x8C51, 0x8C51, 0x8C51, 0x8C51, 0x8C51, 0x8C51, 0x8C51, 0x8C51, 0x8C51, 0x8C51, 0x8C51, 0x8C51, 0x8C51, 0x8C51, 0x8C51,
    0x8C51, 0x8C51, 0x8C51, 0x8C51, 0x8C51, 0x8C51, 0x8C51, 0x8C51, 0x8C51, 0x8C51, 0x8C51, 0x8C51, 0x8C51, 0x8C51, 0x8C51, 0x8C51,
    0x8C51, 0x8C51, 0x8C51, 0x8C51, 0x8C51, 0x8C51, 0x8C51, 0x8C51, 0x8C51, 0x8C51, 0x8C51, 0x8C51, 0x8C51, 0x8C51, 0x8C51, 0x8C51,
    0x8C51, 0x8C51, 0x8C51, 0x8C51, 0x8C51, 0x8C51, 0x8C51, 0x8C51, 0x8C51, 0x8C51, 0x8C51, 0x8C51, 0x8C51, 0x8C51, 0x8C51, 0x8C51,
    0x8C51, 0x8C51, 0x8C51, 0x8C51, 0x8C51, 0x8C51, 0x8C51, 0x8C51, 0x8C51, 0x8C51, 0x8C51, 0x8C51, 0x8C51, 0x8C51, 0x8C51, 0x8C51,
    0x8C51, 0x8C51, 0x8C51, 0x8C51, 0x8C51, 0x8C51, 0x8C51, 0x8C51, 0x8C51, 0x8C51, 0x8C51, 0x8C51, 0x8C51, 0x8C51, 0x8C51, 0x8C51,
    0x8C51, 0x8C51, 0x8C51, 0x8C51, 0x8C51, 0x8C51, 0x8C51, 0x8C51, 0x8C51, 0x8C51, 0x8C51, 0x8C51, 0x8C51, 0x8C51, 0x8C52, 0x8C52,
    0x8C52, 0x8C52, 0x8C53, 0x8C52, 0x8C51, 0x8C51, 0x8C53, 0x8C54, 0x8CB5, 0x8D15, 0x8CB6, 0x8C5B, 0x8C9B, 0x8C7E, 0x8C9F, 0x8CFD,
    0x8CDE, 0x8C7F, 0x8CBE, 0x8D1D, 0x8C7F, 0x8C5F, 0x8C5F, 0x8C5F, 0x8C5F, 0x8C5F, 0x8C5F, 0x8C5F, 0x8C9F, 0x8D1C, 0x8D1C, 0x8CFD,
    0x8D5B, 0x8DBA, 0x8D7B, 0x8D7B, 0x8D7B, 0x8DBA, 0x8DD9, 0x8DB9, 0x8DBA, 0x8DD9, 0x8DF8, 0x8DF9, 0x8DDA, 0x8DBB, 0x8DDB, 0x8DBA,
    0x8DBB, 0x8DDB, 0x8DDB, 0x8DFC, 0x8DFB, 0x8DFB, 0x8DFB, 0x8DFB, 0x8DFB, 0x8DFB, 0x8DFA, 0x8DFA, 0x8DDA, 0x8DFA, 0x8DFA, 0x8DDB,
    0x8DBA, 0x8DD9, 0x8DBA, 0x8D7B, 0x8DBB, 0x8D7B, 0x8D9B, 0x8D9B, 0x8DBB, 0x8D7B, 0x8D9B, 0x8D1C, 0x8CFD, 0x8CFD, 0x8CFD, 0x8C7F,
    0x8C5F, 0x8C5F, 0x8C5F, 0x8C5F, 0x8C5F, 0x8C5F, 0x8C5F, 0x8C5F, 0x8C5F, 0x8C5F, 0x8C5F, 0x8C5F, 0x8C5F, 0x8C5F, 0x8C5F, 0x8C5F,
    0x8C5F, 0x8C5F, 0x8C5F, 0x8C5F, 0x8C5F, 0x8C5F, 0x8C5F, 0x8C5F, 0x8C5F, 0x8C5F, 0x8C5F, 0x8C5F, 0x8C5F, 0x8D3F, 0x8D1F, 0x8C5F,
    0x8C5F, 0x8C5F, 0x8C5F, 0x8C5F, 0x8C5F, 0x8C5F, 0x8C5F, 0x8C5F, 0x8C5F, 0x8C5F, 0x8C5F, 0x8C5F, 0x8C5F, 0x8C5F, 0x8C5F, 0x8C5F,
    0x8C5F, 0x8C5F, 0x8C5F, 0x8C5F, 0x8C5F, 0x8C5B, 0x8C71, 0x8C51, 0x8C51, 0x8C51, 0x8C51, 0x8C54, 0x8C55, 0x8C57, 0x8C58, 0x8C5F,
    0x8C55, 0x8C59, 0x8C5F, 0x8C9A, 0x8C5F, 0x8C5F, 0x8C5F, 0x8C5F, 0x8C7C, 0x8C79, 0x8C51, 0x8C51, 0x8C51, 0x8C51, 0x8C51, 0x8C51,
    0x8C51, 0x8C51, 0x8C51, 0x8C51, 0x8C51, 0x8C51, 0x8C51, 0x8C51, 0x8C51, 0x8C51, 0x8C51, 0x8C51, 0x8C51, 0x8C51, 0x8C51, 0x8C51,
    0x8C51, 0x8C51, 0x8C51, 0x8C51, 0x8C51, 0x8C51, 0x8C51, 0x8C51, 0x8C51, 0x8C51, 0x8C5F, 0x8C5F, 0x8C5F, 0x8C5F, 0x8C5F, 0x8C5F,
    0x8C5F, 0x8C5F, 0x8C5F, 0x8C5F, 0x8C5F, 0x8C5F, 0x8C5F, 0x8C5F, 0x8C5F, 0x8C5F, 0x8C5F, 0x8C55, 0x8C51, 0x8C54, 0x8C51, 0x8C51,
    0x8C51, 0x8C51, 0x8C51, 0x8C51, 0x8C51, 0x8C51, 0x8C51, 0x8C51, 0x8C51, 0x8C51, 0x8C51, 0x8C51, 0x8C51, 0x8C51, 0x8C51, 0x8C51,
    0x8C51, 0x8C51, 0x8C51, 0x8C51, 0x8C51, 0x8C51, 0x8C51, 0x8C51, 0x8C51, 0x8C51, 0x8C51, 0x8C51, 0x8C51, 0x8C51, 0x8C51, 0x8C51,
    0x8C51, 0x8C51, 0x8C51, 0x8C51, 0x8C51, 0x8C51, 0x8C51, 0x8C51, 0x8C51, 0x8C51, 0x8C51, 0x8C51, 0x8C51, 0x8C51, 0x8C51, 0x8C51,
    0x8C51, 0x8C51, 0x8C51, 0x8C51, 0x8C51, 0x8C51, 0x8C51, 0x8C51, 0x8C51, 0x8C51, 0x8C51, 0x8C51, 0x8C51, 0x8C51, 0x8C51, 0x8C51,
    0x8C51, 0x8C51, 0x8C51, 0x8C51, 0x8C51, 0x8C51, 0x8C51, 0x8C51, 0x8C51, 0x8C51, 0x8C51, 0x8C51, 0x8C51, 0x8C51, 0x8C51, 0x8C51,
    0x8C51, 0x8C51, 0x8C51, 0x8C51, 0x8C51, 0x8C51, 0x8C51, 0x8C51, 0x8C51, 0x8C51, 0x8C51, 0x8C51, 0x8C51, 0x8C51, 0x8C51, 0x8C51,
    0x8C51, 0x8C51, 0x8C51, 0x8C51, 0x8C51, 0x8C51, 0x8C51, 0x8C51, 0x8C51, 0x8C51, 0x8C51, 0x8C51, 0x8C51, 0x8C51, 0x8C51, 0x8C51,
    0x8C51, 0x8C51, 0x8C51, 0x8C51, 0x8C51, 0x8C51, 0x8C51, 0x8C51, 0x8C51, 0x8C51, 0x8C51, 0x8C51, 0x8C51, 0x8C51, 0x8C51, 0x8C51,
    0x8C51, 0x8C51, 0x8C51, 0x8C51, 0x8C51, 0x8C51, 0x8C51, 0x8C51, 0x8C51, 0x8C51, 0x8C51, 0x8C51, 0x8C51, 0x8C51, 0x8C51, 0x8C51,
    0x8C51, 0x8C51, 0x8C51, 0x8C51, 0x8C51, 0x8C51, 0x8C51, 0x8C51, 0x8C51, 0x8C51, 0x8C51, 0x8C51, 0x8C51, 0x8C51, 0x8C51, 0x8C51,
    0x8C51, 0x8C51, 0x8C51, 0x8C51, 0x8C51, 0x8C51, 0x8C51, 0x8C51, 0x8C51, 0x8C51, 0x8C51, 0x8C51, 0x8C51, 0x8C51, 0x8C51, 0x8C51,
    0x8C51, 0x8C51, 0x8C51, 0x8C51, 0x8C51, 0x8C51, 0x8C51, 0x8C51, 0x8C51, 0x8C51, 0x8C51, 0x8C51, 0x8C51, 0x8C51, 0x8C51, 0x8C51,
    0x8C51, 0x8C51, 0x8C51, 0x8C51, 0x8C51, 0x8C51, 0x8C51, 0x8C51, 0x8C51, 0x8C51, 0x8C51, 0x8C51, 0x8C51, 0x8C51, 0x8C51, 0x8C51,
    0x8C51, 0x8C51, 0x8C51, 0x8C51, 0x8C51, 0x8C51, 0x8C51, 0x8C52, 0x8C56, 0x8C5A, 0x8C5C, 0x8C5E, 0x8C5F, 0x8C5F, 0x8C5F, 0x8C5F,
    0x8C5F, 0x8C5F, 0x8C5F, 0x8C5F, 0x8C5F, 0x8C5F, 0x8C5F, 0x8C5F, 0x8C5F, 0x8C5F, 0x8C5F, 0x8C5F, 0x8C5F, 0x8C5F, 0x8C5F, 0x8C5F,
    0x8CBE, 0x8CBE, 0x8C9E, 0x8C9E, 0x8CFD, 0x8D3C, 0x8CDD, 0x8CDD, 0x8CFD, 0x8D5B, 0x8D7B, 0x8D7B, 0x8DBA, 0x8DF9, 0x8DD9, 0x8D5B,
    0x8D3C, 0x8D3C, 0x8D1C, 0x8D1C, 0x8D1C, 0x8D1C, 0x8D1C, 0x8CFD, 0x8CFD, 0x8C7F, 0x8C7F, 0x8C9E, 0x8C7F, 0x8C5F, 0x8C5F, 0x8C5F,
    0x8C5F, 0x8C5F, 0x8C5F, 0x8C5F, 0x8C5F, 0x8C5F, 0x8C5F, 0x8C5F, 0x8C5F, 0x8C5F, 0x8C5F, 0x8C5F, 0x8C5F, 0x8C5F, 0x8C5F, 0x8C5F,
    0x8C5F, 0x8C5F, 0x8C5F, 0x8C5F, 0x8C5F, 0x8C5F, 0x8C5F, 0x8C5F, 0x8C5F, 0x8C5F, 0x8C5F, 0x8C5F, 0x8C5F, 0x8C5F, 0x8C5F, 0x8C5F,
    0x8C5F, 0x8C5F, 0x8C5F, 0x8C5F, 0x8C5F, 0x8C5F, 0x8C5F, 0x8D3F, 0x8D1F, 0x8C5F, 0x8C5F, 0x8C5F, 0x8C5F, 0x8C5F, 0x8C5F, 0x8C5F,
    0x8C5F, 0x8C5F, 0x8C5F, 0x8C5F, 0x8C5F, 0x8C5F, 0x8C5F, 0x8C5F, 0x8C5F, 0x8C5F, 0x8C5F, 0x8C5F, 0x8C5F, 0x8C5F, 0x8C58, 0x8C51,
    0x8C51, 0x8C51, 0x8C51, 0x8C51, 0x8C51, 0x8C51, 0x8C51, 0x8C51, 0x8C51, 0x8C54, 0x8C52, 0x8C56, 0x8C5C, 0x8C9A, 0x8C5F, 0x8C5F,
    0x8C5F, 0x8C5F, 0x8C7C, 0x8C79, 0x8C51, 0x8C51, 0x8C51, 0x8C51, 0x8C51, 0x8C51, 0x8C51, 0x8C51, 0x8C51, 0x8C51, 0x8C51, 0x8C51,
    0x8C51, 0x8C51, 0x8C51, 0x8C51, 0x8C51, 0x8C51, 0x8C51, 0x8C51, 0x8C51, 0x8C51, 0x8C51, 0x8C51, 0x8C51, 0x8C51, 0x8C51, 0x8C51,
    0x8C51, 0x8C51, 0x8C51, 0x8C51, 0x8C5F, 0x8C5F, 0x8C5F, 0x8C5F, 0x8C5F, 0x8C5F, 0x8C5F, 0x8C5F, 0x8C5F, 0x8C5F, 0x8C5F, 0x8C5F,
    0x8C5F, 0x8C5F, 0x8C5F, 0x8C5F, 0x8C5F, 0x8C55, 0x8C51, 0x8C54, 0x8C51, 0x8C51, 0x8C51, 0x8C51, 0x8C51, 0x8C51, 0x8C51, 0x8C51,
    0x8C51, 0x8C51, 0x8C51, 0x8C51, 0x8C51, 0x8C51, 0x8C51, 0x8C51, 0x8C51, 0x8C51, 0x8C51, 0x8C51, 0x8C51, 0x8C51, 0x8C51, 0x8C51,
    0x8C51, 0x8C51, 0x8C51, 0x8C51, 0x8C51, 0x8C51, 0x8C51, 0x8C51, 0x8C51, 0x8C51, 0x8C51, 0x8C51, 0x8C51, 0x8C51, 0x8C51, 0x8C51,
    0x8C51, 0x8C51, 0x8C51, 0x8C51, 0x8C51, 0x8C51, 0x8C51, 0x8C51, 0x8C51, 0x8C51, 0x8C51, 0x8C51, 0x8C51, 0x8C51, 0x8C51, 0x8C51,
    0x8C51, 0x8C51, 0x8C51, 0x8C51, 0x8C51, 0x8C51, 0x8C51, 0x8C51, 0x8C51, 0x8C51, 0x8C51, 0x8C51, 0x8C51, 0x8C51, 0x8C51, 0x8C51,
    0x8C51, 0x8C51, 0x8C51, 0x8C51, 0x8C51, 0x8C51, 0x8C51, 0x8C51, 0x8C51, 0x8C51, 0x8C51, 0x8C51, 0x8C51, 0x8C51, 0x8C51, 0x8C51,
    0x8C51, 0x8C51, 0x8C51, 0x8C51, 0x8C51, 0x8C51, 0x8C51, 0x8C51, 0x8C51, 0x8C51, 0x8C51, 0x8C51, 0x8C51, 0x8C51, 0x8C51, 0x8C51,
    0x8C51, 0x8C51, 0x8C51, 0x8C51, 0x8C51, 0x8C51, 0x8C51, 0x8C51, 0x8C51, 0x8C51, 0x8C51, 0x8C51, 0x8C51, 0x8C51, 0x8C51, 0x8C51,
    0x8C51, 0x8C51, 0x8C51, 0x8C51, 0x8C51, 0x8C51, 0x8C51, 0x8C51, 0x8C51, 0x8C51, 0x8C51, 0x8C51, 0x8C51, 0x8C51, 0x8C51, 0x8C51,
    0x8C51, 0x8C51, 0x8C51, 0x8C51, 0x8C51, 0x8C51, 0x8C51, 0x8C51, 0x8C51, 0x8C51, 0x8C51, 0x8C51, 0x8C51, 0x8C51, 0x8C51, 0x8C51,
    0x8C51, 0x8C51, 0x8C51, 0x8C51, 0x8C51, 0x8C51, 0x8C51, 0x8C51, 0x8C51, 0x8C51, 0x8C51, 0x8C51, 0x8C51, 0x8C51, 0x8C51, 0x8C51,
    0x8C51, 0x8C51, 0x8C51, 0x8C51, 0x8C51, 0x8C51, 0x8C51, 0x8C51, 0x8C51, 0x8C51, 0x8C51, 0x8C51, 0x8C51, 0x8C51, 0x8C51, 0x8C51,
    0x8C51, 0x8C51, 0x8C51, 0x8C51, 0x8C51, 0x8C51, 0x8C51, 0x8C51, 0x8C51, 0x8C51, 0x8C51, 0x8C51, 0x8C51, 0x8C51, 0x8C51, 0x8C51,
    0x8C51, 0x8C51, 0x8C51, 0x8C51, 0x8C51, 0x8C51, 0x8C51, 0x8C51, 0x8C51, 0x8C51, 0x8C51, 0x8C51, 0x8C51, 0x8C51, 0x8C51, 0x8C51,
    0x8C51, 0x8C51, 0x8C51, 0x8C51, 0x8C51, 0x8C52, 0x8C52, 0x8C53, 0x8C56, 0x8C5A, 0x8C5F, 0x8C5F, 0x8C5F, 0x8C5F, 0x8C5F, 0x8C5F,
    0x8C5F, 0x8C5F, 0x8C5F, 0x8C5F, 0x8C5F, 0x8C5F, 0x8C5F, 0x8C5F, 0x8C5F, 0x8C5F, 0x8C5F, 0x8C5F, 0x8C5F, 0x8C5F, 0x8C5F, 0x8C5F,
    0x8C5F, 0x8C5F, 0x8C5F, 0x8C5F, 0x8C5F, 0x8C5F, 0x8C7F, 0x8CBE, 0x8C7F, 0x8C5F, 0x8C5F, 0x8C5F, 0x8C5F, 0x8C5F, 0x8C5F, 0x8C5F,
    0x8C5F, 0x8C5F, 0x8C5F, 0x8C5F, 0x8C5F, 0x8C5F, 0x8C5F, 0x8C5F, 0x8C5F, 0x8C5F, 0x8C5F, 0x8C5F, 0x8C5F, 0x8C5F, 0x8C5F, 0x8C5F,
    0x8C5F, 0x8C5F, 0x8C5F, 0x8C5F, 0x8C5F, 0x8C5F, 0x8C5F, 0x8C5F, 0x8C5F, 0x8C5F, 0x8C5F, 0x8C5F, 0x8C5F, 0x8C5F, 0x8C5F, 0x8C5F,
    0x8C5F, 0x8C5F, 0x8C5F, 0x8C5F, 0x8C5F, 0x8C5F, 0x8C5F, 0x8C5F, 0x8C5F, 0x8C5F, 0x8C5F, 0x8C5F, 0x8C5F, 0x8C5F, 0x8C5F, 0x8C5F,
    0x8C5F, 0x8D3F, 0x8D1F, 0x8C5F, 0x8C5F, 0x8C5F, 0x8C5F, 0x8C5F, 0x8C5F, 0x8C5F, 0x8C5F, 0x8C5F, 0x8C5F, 0x8C5F, 0x8C5F, 0x8C5F,
    0x8C5F, 0x8C5F, 0x8C5F, 0x8C5F, 0x8C5F, 0x8C5F, 0x8C5F, 0x8C57, 0x8C51, 0x8C51, 0x8C51, 0x8C51, 0x8C51, 0x8C51, 0x8C51, 0x8C51,
    0x8C51, 0x8C51, 0x8C51, 0x8C51, 0x8C51, 0x8C51, 0x8C51, 0x8C53, 0x8C5D, 0x8C5F, 0x8C5F, 0x8C5F, 0x8C7C, 0x8C7A, 0x8C51, 0x8C51,
    0x8C51, 0x8C51, 0x8C51, 0x8C51, 0x8C51, 0x8C51, 0x8C51, 0x8C51, 0x8C51, 0x8C51, 0x8C51, 0x8C51, 0x8C51, 0x8C51, 0x8C51, 0x8C51,
    0x8C51, 0x8C51, 0x8C51, 0x8C51, 0x8C51, 0x8C51, 0x8C51, 0x8C51, 0x8C51, 0x8C51, 0x8C51, 0x8C51, 0x8C51, 0x8C51,
};

const uint8_t g_wave_white_alpha[27470] = {
    0, 0, 0, 0, 0, 0, 0, 0, 0, 0, 0, 0, 0, 0, 0, 0, 0, 0, 0, 0, 0, 0, 0, 0,
    0, 0, 0, 0, 0, 0, 0, 0, 0, 0, 0, 0, 0, 0, 0, 0, 0, 0, 0, 0, 0, 0, 0, 0,
    0, 0, 0, 0, 0, 0, 0, 0, 0, 0, 0, 0, 0, 0, 0, 0, 0, 0, 0, 0, 0, 0, 0, 0,
    0, 0, 0, 0, 0, 0, 0, 0, 0, 0, 0, 0, 0, 0, 0, 0, 0, 0, 0, 0, 0, 0, 1, 1,
    1, 1, 0, 1, 1, 1, 1, 1, 1, 1, 2, 2, 2, 2, 2, 2, 2, 2, 2, 2, 2, 3, 3, 3,
    3, 3, 3, 2, 2, 2, 2, 2, 2, 2, 2, 1, 2, 2, 2, 2, 2, 2, 1, 1, 1, 1, 1, 1,
    1, 1, 1, 1, 1, 1, 1, 1, 0, 0, 1, 1, 0, 0, 0, 0, 0, 0, 0, 0, 0, 0, 0, 0,
    0, 0, 0, 0, 0, 0, 0, 0, 0, 0, 0, 0, 0, 0, 0, 0, 0, 0, 0, 0, 0, 0, 0, 0,
    0, 0, 0, 0, 0, 0, 0, 0, 0, 0, 0, 0, 0, 0, 0, 0, 0, 0, 0, 0, 0, 0, 0, 0,
    0, 0, 0, 0, 0, 0, 0, 0, 0, 0, 0, 0, 0, 0, 0, 0, 0, 0, 0, 0, 0, 0, 0, 0,
    0, 0, 0, 0, 0, 0, 0, 0, 0, 0, 0, 0, 0, 0, 0, 0, 0, 0, 0, 0, 0, 0, 0, 0,
    0, 0, 0, 0, 0, 0, 0, 0, 0, 0, 0, 0, 0, 0, 0, 0, 0, 0, 0, 0, 0, 0, 0, 0,
    0, 0, 0, 0, 0, 0, 0, 0, 0, 0, 0, 0, 0, 0, 0, 0, 0, 0, 0, 0, 0, 0, 0, 0,
    0, 0, 0, 0, 0, 0, 0, 0, 0, 0, 0, 0, 0, 0, 0, 0, 0, 0, 0, 0, 0, 0, 0, 0,
    0, 0, 0, 0, 0, 0, 0, 0, 0, 0, 0, 0, 0, 0, 0, 0, 0, 0, 0, 0, 0, 0, 0, 0,
    0, 0, 0, 0, 0, 0, 0, 0, 0, 0, 0, 0, 0, 0, 0, 0, 0, 0, 0, 0, 0, 0, 0, 0,
    0, 0, 0, 0, 0, 0, 0, 0, 0, 0, 0, 0, 0, 0, 0, 0, 0, 0, 0, 0, 0, 0, 0, 0,
    0, 0, 0, 0, 0, 0, 0, 0, 0, 0, 0, 0, 0, 0, 0, 0, 0, 0, 0, 0, 0, 0, 0, 0,
    0, 0, 0, 0, 0, 0, 0, 0, 0, 0, 0, 0, 0, 0, 0, 0, 0, 0, 0, 0, 0, 0, 0, 0,
    0, 0, 0, 0, 0, 0, 0, 0, 0, 0, 0, 0, 0, 0, 0, 0, 0, 0, 0, 0, 0, 0, 0, 0,
    0, 0, 0, 0, 0, 0, 0, 0, 0, 0, 0, 0, 0, 0, 0, 0, 0, 0, 0, 0, 0, 1, 1, 1,
    1, 1, 1, 1, 1, 2, 2, 2, 2, 2, 2, 3, 3, 3, 4, 4, 4, 4, 4, 3, 4, 4, 4, 4,
    5, 4, 4, 4, 4, 4, 4, 4, 4, 4, 4, 3, 3, 3, 3, 3, 3, 3, 3, 3, 3, 3, 3, 3,
    3, 3, 2, 2, 2, 2, 2, 2, 2, 1, 1, 1, 1, 1, 1, 1, 1, 1, 1, 0, 0, 0, 0, 0,
    0, 0, 0, 0, 0, 0, 0, 0, 0, 0, 0, 0, 0, 0, 0, 0, 0, 0, 0, 0, 0, 0, 0, 0,
    0, 0, 0, 0, 0, 0, 0, 0, 0, 0, 0, 0, 0, 0, 0, 0, 0, 0, 0, 0, 0, 0, 0, 0,
    0, 0, 0, 0, 0, 0, 0, 0, 0, 0, 0, 0, 0, 0, 0, 0, 0, 0, 0, 0, 0, 0, 0, 0,
    0, 0, 0, 0, 0, 0, 0, 0, 0, 0, 0, 0, 0, 0, 0, 0, 0, 0, 0, 0, 0, 0, 0, 0,
    0, 0, 0, 0, 0, 0, 0, 0, 0, 0, 0, 0, 0, 0, 0, 0, 0, 0, 0, 0, 0, 0, 0, 0,
    0, 0, 0, 0, 0, 0, 0, 0, 0, 0, 0, 0, 0, 0, 0, 0, 0, 0, 0, 0, 0, 0, 0, 0,
    0, 0, 0, 0, 0, 0, 0, 0, 0, 0, 0, 0, 0, 0, 0, 0, 0, 0, 0, 0, 0, 0, 0, 0,
    0, 0, 0, 0, 0, 0, 0, 0, 0, 0, 0, 0, 0, 0, 0, 0, 0, 0, 0, 0, 0, 0, 0, 0,
    0, 0, 0, 0, 0, 0, 0, 0, 0, 0, 0, 0, 0, 0, 0, 0, 0, 0, 0, 0, 0, 0, 0, 0,
    0, 0, 0, 0, 0, 0, 0, 0, 0, 0, 0, 0, 0, 0, 0, 0, 0, 0, 0, 0, 0, 0, 0, 0,
    0, 0, 0, 0, 0, 0, 0, 0, 0, 0, 0, 0, 0, 0, 0, 0, 0, 0, 0, 0, 0, 0, 0, 0,
    0, 0, 0, 0, 0, 0, 0, 0, 0, 0, 0, 0, 0, 0, 0, 0, 0, 0, 0, 0, 0, 0, 0, 0,
    0, 0, 0, 0, 0, 0, 0, 0, 0, 0, 0, 0, 0, 0, 0, 0, 0, 0, 0, 0, 0, 0, 0, 0,
    0, 0, 0, 0, 0, 0, 0, 0, 0, 0, 0, 0, 0, 0, 0, 0, 0, 0, 0, 0, 1, 1, 1, 1,
    1, 1, 2, 1, 2, 2, 3, 3, 3, 3, 3, 3, 4, 5, 5, 5, 6, 6, 6, 6, 6, 6, 7, 7,
    7, 6, 6, 6, 6, 6, 6, 7, 7, 7, 7, 7, 7, 6, 6, 6, 5, 5, 5, 5, 5, 4, 4, 4,
    4, 4, 4, 4, 4, 4, 4, 3, 3, 3, 3, 2, 2, 2, 2, 1, 1, 1, 1, 1, 1, 1, 1, 1,
    0, 0, 0, 0, 0, 0, 0, 0, 0, 0, 0, 0, 0, 0, 0, 0, 0, 0, 0, 0, 0, 0, 0, 0,
    0, 0, 0, 0, 0, 0, 0, 0, 0, 0, 0, 0, 0, 0, 0, 0, 0, 0, 0, 0, 0, 0, 0, 0,
    0, 0, 0, 0, 0, 0, 0, 0, 0, 0, 0, 0, 0, 0, 0, 0, 0, 0, 0, 0, 0, 0, 0, 0,
    0, 0, 0, 0, 0, 0, 0, 0, 0, 0, 0, 0, 0, 0, 0, 0, 0, 0, 0, 0, 0, 0, 0, 0,
    0, 0, 0, 0, 0, 0, 0, 0, 0, 0, 0, 0, 0, 0, 0, 0, 0, 0, 0, 0, 0, 0, 0, 0,
    0, 0, 0, 0, 0, 0, 0, 0, 0, 0, 0, 0, 0, 0, 0, 0, 0, 0, 0, 0, 0, 0, 0, 0,
    0, 0, 0, 0, 0, 0, 0, 0, 0, 0, 0, 0, 0, 0, 0, 0, 0, 0, 0, 0, 0, 0, 0, 0,
    0, 0, 0, 0, 0, 0, 0, 0, 0, 0, 0, 0, 0, 0, 0, 0, 0, 0, 0, 0, 0, 0, 0, 0,
    0, 0, 0, 0, 0, 0, 0, 0, 0, 0, 0, 0, 0, 0, 0, 0, 0, 0, 0, 0, 0, 0, 0, 0,
    0, 0, 0, 0, 0, 0, 0, 0, 0, 0, 0, 0, 0, 0, 0, 0, 0, 0, 0, 0, 0, 0, 0, 0,
    0, 0, 0, 0, 0, 0, 0, 0, 0, 0, 0, 0, 0, 0, 0, 0, 0, 0, 0, 0, 0, 0, 0, 0,
    0, 0, 0, 0, 0, 0, 0, 0, 0, 0, 0, 0, 0, 0, 0, 0, 0, 0, 0, 0, 0, 0, 0, 0,
    0, 0, 0, 0, 0, 0, 0, 0, 0, 0, 0, 0, 0, 0, 0, 0, 0, 0, 0, 0, 0, 0, 0, 0,
    0, 0, 0, 0, 0, 0, 0, 0, 0, 0, 0, 0, 0, 0, 0, 0, 1, 1, 1, 1, 1, 1, 1, 1,
    2, 2, 2, 3, 3, 3, 3, 4, 4, 4, 5, 5, 5, 6, 6, 7, 7, 8, 8, 9, 9, 9, 9, 9,
    9, 9, 9, 9, 8, 8, 8, 8, 9, 9, 10, 10, 10, 9, 9, 8, 8, 8, 7, 7, 7, 7, 7, 7,
    7, 6, 7, 7, 6, 6, 5, 6, 5, 5, 4, 4, 4, 4, 4, 4, 3, 3, 2, 2, 2, 1, 1, 1,
    1, 1, 1, 1, 1, 1, 0, 0, 0, 0, 0, 0, 0, 0, 0, 0, 0, 0, 0, 0, 0, 0, 0, 0,
    0, 0, 0, 0, 0, 0, 0, 0, 0, 0, 0, 0, 0, 0, 0, 0, 0, 0, 0, 0, 0, 0, 0, 0,
    0, 0, 0, 0, 0, 0, 0, 0, 0, 0, 0, 0, 0, 0, 0, 0, 0, 0, 0, 0, 0, 0, 0, 0,
    0, 0, 0, 0, 0, 0, 0, 0, 0, 0, 0, 0, 0, 0, 0, 0, 0, 0, 0, 0, 0, 0, 0, 0,
    0, 0, 0, 0, 0, 0, 0, 0, 0, 0, 0, 0, 0, 0, 0, 0, 0, 0, 0, 0, 0, 0, 0, 0,
    0, 0, 0, 0, 0, 0, 0, 0, 0, 0, 0, 0, 0, 0, 0, 0, 0, 0, 0, 0, 0, 0, 0, 0,
    0, 0, 0, 0, 0, 0, 0, 0, 0, 0, 0, 0, 0, 0, 0, 0, 0, 0, 0, 0, 0, 0, 0, 0,
    0, 0, 0, 0, 0, 0, 0, 0, 0, 0, 0, 0, 0, 0, 0, 0, 0, 0, 0, 0, 0, 0, 0, 0,
    0, 0, 0, 0, 0, 0, 0, 0, 0, 0, 0, 0, 0, 0, 0, 0, 0, 0, 0, 0, 0, 0, 0, 0,
    0, 0, 0, 0, 0, 0, 0, 0, 0, 0, 0, 0, 0, 0, 0, 0, 0, 0, 0, 0, 0, 0, 0, 0,
    0, 0, 0, 0, 0, 0, 0, 0, 0, 0, 0, 0, 0, 0, 0, 0, 0, 0, 0, 0, 0, 0, 0, 0,
    0, 0, 0, 0, 0, 0, 0, 0, 0, 0, 0, 0, 0, 0, 0, 0, 0, 0, 0, 0, 0, 0, 0, 0,
    0, 0, 0, 0, 0, 0, 0, 0, 0, 0, 0, 0, 0, 0, 0, 0, 0, 0, 0, 0, 0, 0, 0, 0,
    0, 0, 0, 0, 0, 0, 0, 0, 0, 0, 0, 0, 0, 0, 0, 1, 1, 1, 1, 2, 2, 2, 2, 3,
    3, 3, 3, 3, 4, 5, 5, 6, 6, 6, 5, 7, 7, 7, 8, 9, 10, 11, 12, 12, 13, 13, 13, 14,
    14, 13, 13, 13, 13, 12, 12, 12, 13, 13, 13, 13, 14, 14, 13, 12, 12, 12, 13, 12, 11, 11, 10, 11,
    11, 11, 11, 10, 10, 10, 9, 9, 8, 8, 7, 7, 6, 6, 6, 7, 6, 6, 5, 4, 4, 4, 4, 3,
    2, 2, 2, 2, 2, 1, 1, 1, 1, 1, 1, 1, 0, 0, 0, 0, 0, 0, 0, 0, 0, 0, 0, 0,
    0, 0, 0, 0, 0, 0, 0, 0, 0, 0, 0, 0, 0, 0, 0, 0, 0, 0, 0, 0, 0, 0, 0, 0,
    0, 0, 0, 0, 0, 0, 0, 0, 0, 0, 0, 0, 0, 0, 0, 0, 0, 0, 0, 0, 0, 0, 0, 0,
    0, 0, 0, 0, 0, 0, 0, 0, 0, 0, 0, 0, 0, 0, 0, 0, 0, 0, 0, 0, 0, 0, 0, 0,
    0, 0, 0, 0, 0, 0, 0, 0, 0, 0, 0, 0, 0, 0, 0, 0, 0, 0, 0, 0, 0, 0, 0, 0,
    0, 0, 0, 0, 0, 0, 0, 0, 0, 0, 0, 0, 0, 0, 0, 0, 0, 0, 0, 0, 0, 0, 0, 0,
    0, 0, 0, 0, 0, 0, 0, 0, 0, 0, 0, 0, 0, 0, 0, 0, 0, 0, 0, 0, 0, 0, 0, 0,
    0, 0, 0, 0, 0, 0, 0, 0, 0, 0, 0, 0, 0, 0, 0, 0, 0, 0, 0, 0, 0, 0, 0, 0,
    0, 0, 0, 0, 0, 0, 0, 0, 0, 0, 0, 0, 0, 0, 0, 0, 0, 0, 0, 0, 0, 0, 0, 0,
    0, 0, 0, 0, 0, 0, 0, 0, 0, 0, 0, 0, 0, 0, 0, 0, 0, 0, 0, 0, 0, 0, 0, 0,
    0, 0, 0, 0, 0, 0, 0, 0, 0, 0, 0, 0, 0, 0, 0, 0, 0, 0, 0, 0, 0, 0, 0, 0,
    0, 0, 0, 0, 0, 0, 0, 0, 0, 0, 0, 0, 0, 0, 0, 0, 0, 0, 0, 0, 0, 0, 0, 0,
    0, 0, 0, 0, 0, 0, 0, 0, 0, 0, 0, 0, 0, 0, 0, 0, 0, 0, 0, 0, 0, 0, 0, 0,
    0, 0, 0, 0, 0, 0, 0, 0, 0, 0, 0, 0, 0, 0, 0, 1, 1, 1, 1, 2, 3, 3, 3, 4,
    4, 4, 4, 5, 5, 6, 6, 7, 8, 9, 9, 9, 9, 10, 10, 11, 12, 13, 14, 15, 17, 18, 19, 19,
    19, 20, 20, 20, 20, 19, 19, 20, 19, 19, 19, 19, 19, 20, 20, 21, 20, 19, 18, 17, 18, 18, 17, 17,
    17, 17, 17, 16, 16, 16, 15, 15, 14, 13, 12, 12, 11, 10, 10, 9, 9, 9, 8, 8, 7, 6, 5, 6,
    6, 5, 5, 4, 4, 4, 3, 2, 2, 2, 2, 2, 1, 1, 1, 1, 1, 0, 0, 0, 0, 0, 0, 0,
    0, 0, 0, 1, 0, 0, 0, 0, 0, 0, 0, 0, 0, 0, 0, 0, 0, 0, 0, 0, 0, 0, 0, 0,
    0, 0, 0, 0, 0, 0, 0, 0, 0, 0, 0, 0, 0, 0, 0, 0, 0, 0, 0, 0, 0, 0, 0, 0,
    0, 0, 0, 0, 0, 0, 0, 0, 0, 0, 0, 0, 0, 0, 0, 0, 0, 0, 0, 0, 0, 0, 0, 0,
    0, 0, 0, 0, 0, 0, 0, 0, 0, 0, 0, 0, 0, 0, 0, 0, 0, 0, 0, 0, 0, 0, 0, 0,
    0, 0, 0, 0, 0, 0, 0, 0, 0, 0, 0, 0, 0, 0, 0, 0, 0, 0, 0, 0, 0, 0, 0, 0,
    0, 0, 0, 0, 0, 0, 0, 0, 0, 0, 0, 0, 0, 0, 0, 0, 0, 0, 0, 0, 0, 0, 0, 0,
    0, 0, 0, 0, 0, 0, 0, 0, 0, 0, 0, 0, 0, 0, 0, 0, 0, 0, 0, 0, 0, 0, 0, 0,
    0, 0, 0, 0, 0, 0, 0, 0, 0, 0, 0, 0, 0, 0, 0, 0, 0, 0, 0, 0, 0, 0, 0, 0,
    0, 0, 0, 0, 0, 0, 0, 0, 0, 0, 0, 0, 0, 0, 0, 0, 0, 0, 0, 0, 0, 0, 0, 0,
    0, 0, 0, 0, 0, 0, 0, 0, 0, 0, 0, 0, 0, 0, 0, 0, 0, 0, 0, 0, 0, 0, 0, 0,
    0, 0, 0, 0, 0, 0, 0, 0, 0, 0, 0, 0, 0, 0, 0, 0, 0, 0, 0, 0, 0, 0, 0, 0,
    0, 0, 0, 0, 0, 0, 0, 0, 0, 0, 0, 0, 0, 0, 0, 0, 0, 0, 0, 0, 0, 0, 0, 0,
    0, 0, 0, 0, 0, 0, 0, 0, 0, 0, 0, 0, 0, 0, 0, 1, 1, 2, 2, 2, 3, 4, 5, 5,
    5, 6, 6, 6, 7, 8, 9, 9, 10, 11, 12, 13, 14, 13, 14, 14, 16, 16, 17, 18, 19, 21, 23, 25,
    26, 26, 27, 28, 28, 28, 27, 26, 27, 28, 26, 26, 26, 26, 26, 27, 27, 28, 29, 27, 25, 24, 24, 24,
    24, 23, 23, 23, 22, 21, 21, 21, 20, 19, 18, 17, 17, 16, 15, 15, 14, 13, 13, 12, 11, 10, 10, 9,
    8, 8, 8, 8, 7, 7, 6, 6, 4, 4, 3, 3, 3, 2, 2, 2, 2, 2, 1, 1, 1, 0, 0, 0,
    0, 0, 0, 0, 0, 0, 0, 0, 0, 0, 0, 0, 0, 0, 0, 0, 0, 0, 0, 0, 0, 0, 0, 0,
    0, 0, 0, 0, 0, 0, 0, 0, 0, 0, 0, 0, 0, 0, 0, 0, 0, 0, 0, 0, 0, 0, 0, 0,
    0, 0, 0, 0, 0, 0, 0, 0, 0, 0, 0, 0, 0, 0, 0, 0, 0, 0, 0, 0, 0, 0, 0, 0,
    0, 0, 0, 0, 0, 0, 0, 0, 0, 0, 0, 0, 0, 0, 0, 0, 0, 0, 0, 0, 0, 0, 0, 0,
    0, 0, 0, 0, 0, 0, 0, 0, 0, 0, 0, 0, 0, 0, 0, 0, 0, 0, 0, 0, 0, 0, 0, 0,
    0, 0, 0, 0, 0, 0, 0, 0, 0, 0, 0, 0, 0, 0, 0, 0, 0, 0, 0, 0, 0, 0, 0, 0,
    0, 0, 0, 0, 0, 0, 0, 0, 0, 0, 0, 0, 0, 0, 0, 0, 0, 0, 0, 0, 0, 0, 0, 0,
    0, 0, 0, 0, 0, 0, 0, 0, 0, 0, 0, 0, 0, 0, 0, 0, 0, 0, 0, 0, 0, 0, 0, 0,
    0, 0, 0, 0, 0, 0, 0, 0, 0, 0, 0, 0, 0, 0, 0, 0, 0, 0, 0, 0, 0, 0, 0, 0,
    0, 0, 0, 0, 0, 0, 0, 0, 0, 0, 0, 0, 0, 0, 0, 0, 0, 0, 0, 0, 0, 0, 0, 0,
    0, 0, 0, 0, 0, 0, 0, 0, 0, 0, 0, 0, 0, 0, 0, 0, 0, 0, 0, 0, 0, 0, 0, 0,
    0, 0, 0, 0, 0, 0, 0, 0, 0, 0, 0, 0, 0, 0, 0, 0, 0, 0, 0, 0, 0, 0, 0, 0,
    0, 0, 0, 0, 0, 0, 0, 0, 0, 0, 0, 1, 1, 1, 1, 1, 2, 2, 3, 3, 4, 4, 5, 6,
    7, 8, 8, 8, 9, 9, 10, 12, 13, 14, 16, 18, 18, 19, 20, 20, 20, 21, 23, 23, 24, 26, 28, 30,
    31, 33, 37, 38, 38, 38, 38, 37, 36, 35, 35, 36, 35, 35, 35, 36, 36, 36, 36, 37, 37, 37, 35, 33,
    32, 32, 31, 30, 29, 28, 27, 26, 26, 25, 24, 23, 22, 21, 21, 20, 20, 20, 20, 18, 17, 16, 15, 14,
    14, 13, 12, 11, 11, 11, 10, 9, 9, 8, 7, 6, 6, 5, 4, 4, 4, 4, 3, 3, 3, 2, 2, 1,
    1, 1, 1, 1, 0, 0, 0, 0, 0, 0, 0, 0, 0, 0, 0, 0, 0, 0, 0, 0, 0, 0, 0, 0,
    0, 0, 0, 0, 0, 0, 0, 0, 0, 0, 0, 0, 0, 0, 0, 0, 0, 0, 0, 0, 0, 0, 0, 0,
    0, 0, 0, 0, 0, 0, 0, 0, 0, 0, 0, 0, 0, 0, 0, 0, 0, 0, 0, 0, 0, 0, 0, 0,
    0, 0, 0, 0, 0, 0, 0, 0, 0, 0, 0, 0, 0, 0, 0, 0, 0, 0, 0, 0, 0, 0, 0, 0,
    0, 0, 0, 0, 0, 0, 0, 0, 0, 0, 0, 0, 0, 0, 0, 0, 0, 0, 0, 0, 0, 0, 0, 0,
    0, 0, 0, 0, 0, 0, 0, 0, 0, 0, 0, 0, 0, 0, 0, 0, 0, 0, 0, 0, 0, 0, 0, 0,
    0, 0, 0, 0, 0, 0, 0, 0, 0, 0, 0, 0, 0, 0, 0, 0, 0, 0, 0, 0, 0, 0, 0, 0,
    0, 0, 0, 0, 0, 0, 0, 0, 0, 0, 0, 0, 0, 0, 0, 0, 0, 0, 0, 0, 0, 0, 0, 0,
    0, 0, 0, 0, 0, 0, 0, 0, 0, 0, 0, 0, 0, 0, 0, 0, 0, 0, 0, 0, 0, 0, 0, 0,
    0, 0, 0, 0, 0, 0, 0, 0, 0, 0, 0, 0, 0, 0, 0, 0, 0, 0, 0, 0, 0, 0, 0, 0,
    0, 0, 0, 0, 0, 0, 0, 0, 0, 0, 0, 0, 0, 0, 0, 0, 0, 0, 0, 0, 0, 0, 0, 0,
    0, 0, 0, 0, 0, 0, 0, 0, 0, 0, 0, 0, 0, 0, 0, 0, 0, 0, 0, 0, 0, 0, 0, 0,
    0, 0, 0, 0, 0, 0, 0, 0, 0, 1, 1, 1, 1, 1, 1, 2, 2, 3, 4, 4, 5, 5, 6, 7,
    8, 9, 10, 11, 12, 12, 13, 13, 15, 18, 19, 22, 25, 27, 27, 27, 30, 32, 33, 34, 36, 37, 39, 42,
    44, 46, 48, 50, 54, 57, 59, 60, 60, 57, 56, 56, 56, 56, 57, 57, 56, 54, 53, 53, 53, 55, 56, 56,
    53, 50, 49, 46, 43, 41, 40, 40, 38, 37, 36, 35, 33, 31, 30, 29, 28, 27, 27, 26, 26, 24, 22, 21,
    20, 19, 19, 18, 17, 16, 15, 15, 14, 13, 12, 11, 11, 10, 9, 8, 7, 6, 6, 6, 6, 5, 4, 4,
    3, 2, 2, 2, 1, 1, 1, 1, 1, 1, 0, 0, 0, 0, 0, 0, 0, 0, 0, 0, 0, 0, 0, 0,
    0, 0, 0, 0, 0, 0, 0, 0, 0, 0, 0, 0, 0, 0, 0, 0, 0, 0, 0, 0, 0, 0, 0, 0,
    0, 0, 0, 0, 0, 0, 0, 0, 0, 0, 0, 0, 0, 0, 0, 0, 0, 0, 0, 0, 0, 0, 0, 0,
    0, 0, 0, 0, 0, 0, 0, 0, 0, 0, 0, 0, 0, 0, 0, 0, 0, 0, 0, 0, 0, 0, 0, 0,
    0, 0, 0, 0, 0, 0, 0, 0, 0, 0, 0, 0, 0, 0, 0, 0, 0, 0, 0, 0, 0, 0, 0, 0,
    0, 0, 0, 0, 0, 0, 0, 0, 0, 0, 0, 0, 0, 0, 0, 0, 0, 0, 0, 0, 0, 0, 0, 0,
    0, 0, 0, 0, 0, 0, 0, 0, 0, 0, 0, 0, 0, 0, 0, 0, 0, 0, 0, 0, 0, 0, 0, 0,
    0, 0, 0, 0, 0, 0, 0, 0, 0, 0, 0, 0, 0, 0, 0, 0, 0, 0, 0, 0, 0, 0, 0, 0,
    0, 0, 0, 0, 0, 0, 0, 0, 0, 0, 0, 0, 0, 0, 0, 0, 0, 0, 0, 0, 0, 0, 0, 0,
    0, 0, 0, 0, 0, 0, 0, 0, 0, 0, 0, 0, 0, 0, 0, 0, 0, 0, 0, 0, 0, 0, 0, 0,
    0, 0, 0, 0, 0, 0, 0, 0, 0, 0, 0, 0, 0, 0, 0, 0, 0, 0, 0, 0, 0, 0, 0, 0,
    0, 0, 0, 0, 0, 0, 0, 0, 0, 0, 0, 0, 0, 0, 0, 0, 0, 0, 0, 0, 0, 0, 0, 0,
    0, 0, 0, 0, 0, 0, 0, 0, 0, 1, 1, 1, 1, 1, 1, 2, 2, 2, 4, 5, 6, 6, 7, 9,
    9, 11, 11, 13, 15, 17, 17, 18, 19, 21, 22, 26, 31, 36, 41, 43, 42, 43, 50, 55, 58, 61, 64, 70,
    74, 79, 82, 84, 89, 92, 96, 105, 114, 119, 119, 114, 114, 116, 117, 119, 118, 118, 114, 104, 95, 96, 96, 94,
    96, 99, 93, 84, 79, 73, 68, 63, 61, 62, 60, 58, 56, 55, 52, 50, 48, 44, 40, 38, 37, 36, 34, 32,
    30, 29, 28, 27, 26, 24, 22, 21, 20, 20, 18, 18, 16, 15, 15, 14, 13, 12, 10, 9, 8, 9, 7, 6,
    6, 5, 4, 3, 3, 3, 2, 2, 2, 2, 1, 1, 1, 1, 1, 1, 0, 0, 0, 0, 0, 0, 0, 0,
    0, 0, 0, 0, 0, 0, 0, 0, 0, 0, 0, 0, 0, 0, 0, 0, 0, 0, 0, 0, 0, 0, 0, 0,
    0, 0, 0, 0, 0, 0, 0, 0, 0, 0, 0, 0, 0, 0, 0, 0, 0, 0, 0, 0, 0, 0, 0, 0,
    0, 0, 0, 0, 0, 0, 0, 0, 0, 0, 0, 0, 0, 0, 0, 0, 0, 0, 0, 0, 0, 0, 0, 0,
    0, 0, 0, 0, 0, 0, 0, 0, 0, 0, 0, 0, 0, 0, 0, 0, 0, 0, 0, 0, 0, 0, 0, 0,
    0, 0, 0, 0, 0, 0, 0, 0, 0, 0, 0, 0, 0, 0, 0, 0, 0, 0, 0, 0, 0, 0, 0, 0,
    0, 0, 0, 0, 0, 0, 0, 0, 0, 0, 0, 0, 0, 0, 0, 0, 0, 0, 0, 0, 0, 0, 0, 0,
    0, 0, 0, 0, 0, 0, 0, 0, 0, 0, 0, 0, 0, 0, 0, 0, 0, 0, 0, 0, 0, 0, 0, 0,
    0, 0, 0, 0, 0, 0, 0, 0, 0, 0, 0, 0, 0, 0, 0, 0, 0, 0, 0, 0, 0, 0, 0, 0,
    0, 0, 0, 0, 0, 0, 0, 0, 0, 0, 0, 0, 0, 0, 0, 0, 0, 0, 0, 0, 0, 0, 0, 0,
    0, 0, 0, 0, 0, 0, 0, 0, 0, 0, 0, 0, 0, 0, 0, 0, 0, 0, 0, 0, 0, 0, 0, 0,
    0, 0, 0, 0, 0, 0, 0, 0, 0, 0, 0, 0, 0, 0, 0, 0, 0, 0, 0, 0, 0, 0, 0, 0,
    0, 0, 0, 0, 0, 0, 0, 1, 0, 1, 1, 1, 2, 2, 2, 2, 3, 3, 3, 3, 5, 6, 8, 9,
    10, 11, 13, 15, 17, 20, 22, 24, 25, 28, 33, 37, 41, 48, 58, 72, 81, 86, 91, 99, 113, 126, 137, 144,
    152, 165, 174, 182, 189, 194, 199, 203, 208, 214, 220, 224, 225, 225, 226, 226, 228, 227, 226, 226, 225, 220, 213, 213,
    210, 205, 203, 204, 196, 187, 181, 174, 166, 160, 156, 148, 141, 134, 119, 103, 98, 92, 86, 80, 73, 61, 53, 50,
    46, 41, 39, 38, 36, 35, 34, 31, 28, 26, 25, 24, 23, 23, 20, 19, 18, 18, 17, 15, 13, 12, 11, 11,
    9, 8, 8, 7, 6, 5, 4, 4, 3, 3, 3, 2, 2, 1, 1, 1, 1, 1, 1, 1, 0, 0, 0, 1,
    0, 0, 0, 0, 0, 0, 0, 0, 0, 0, 0, 0, 0, 0, 0, 0, 0, 0, 0, 0, 0, 0, 0, 0,
    0, 0, 0, 0, 0, 0, 0, 0, 0, 0, 0, 0, 0, 0, 0, 0, 0, 0, 0, 0, 0, 0, 0, 0,
    0, 0, 0, 0, 0, 0, 0, 0, 0, 0, 0, 0, 0, 0, 0, 0, 0, 0, 0, 0, 0, 0, 0, 0,
    0, 0, 0, 0, 0, 0, 0, 0, 0, 0, 0, 0, 0, 0, 0, 0, 0, 0, 0, 0, 0, 0, 0, 0,
    0, 0, 0, 0, 0, 0, 0, 0, 0, 0, 0, 0, 0, 0, 0, 0, 0, 0, 0, 0, 0, 0, 0, 0,
    0, 0, 0, 0, 0, 0, 0, 0, 0, 0, 0, 0, 0, 0, 0, 0, 0, 0, 0, 0, 0, 0, 0, 0,
    0, 0, 0, 0, 0, 0, 0, 0, 0, 0, 0, 0, 0, 0, 0, 0, 0, 0, 0, 0, 0, 0, 0, 0,
    0, 0, 0, 0, 0, 0, 0, 0, 0, 0, 0, 0, 0, 0, 0, 0, 0, 0, 0, 0, 0, 0, 0, 0,
    0, 0, 0, 0, 0, 0, 0, 0, 0, 0, 0, 0, 0, 0, 0, 0, 0, 0, 0, 0, 0, 0, 0, 0,
    0, 0, 0, 0, 0, 0, 0, 0, 0, 0, 0, 0, 0, 0, 0, 0, 0, 0, 0, 0, 0, 0, 0, 0,
    0, 0, 0, 0, 0, 0, 0, 0, 0, 0, 0, 0, 0, 0, 0, 0, 0, 0, 0, 0, 0, 0, 0, 0,
    0, 0, 0, 0, 0, 0, 0, 0, 1, 1, 2, 2, 3, 3, 3, 3, 4, 4, 4, 5, 5, 6, 8, 9,
    11, 13, 15, 16, 19, 24, 29, 34, 37, 41, 44, 52, 67, 79, 90, 103, 124, 148, 162, 172, 190, 203, 214, 226,
    238, 242, 247, 253, 255, 255, 255, 255, 255, 255, 255, 255, 255, 255, 255, 255, 255, 255, 255, 255, 255, 255, 255, 255,
    255, 255, 255, 255, 255, 255, 255, 255, 255, 255, 253, 251, 249, 242, 236, 231, 214, 190, 178, 165, 150, 139, 127, 103,
    85, 81, 71, 60, 57, 55, 53, 51, 48, 45, 39, 36, 34, 32, 30, 29, 26, 24, 24, 23, 21, 19, 18, 17,
    15, 14, 13, 12, 11, 10, 9, 7, 7, 6, 5, 5, 5, 4, 3, 3, 2, 2, 1, 1, 1, 1, 1, 1,
    1, 1, 0, 0, 0, 0, 0, 0, 0, 0, 0, 0, 0, 0, 0, 0, 0, 0, 0, 0, 0, 0, 0, 0,
    0, 0, 0, 0, 0, 0, 0, 0, 0, 0, 0, 0, 0, 0, 0, 0, 0, 0, 0, 0, 0, 0, 0, 0,
    0, 0, 0, 0, 0, 0, 0, 0, 0, 0, 0, 0, 0, 0, 0, 0, 0, 0, 0, 0, 0, 0, 0, 0,
    0, 0, 0, 0, 0, 0, 0, 0, 0, 0, 0, 0, 0, 0, 0, 0, 0, 0, 0, 0, 0, 0, 0, 0,
    0, 0, 0, 0, 0, 0, 0, 0, 0, 0, 0, 0, 0, 0, 0, 0, 0, 0, 0, 0, 0, 0, 0, 0,
    0, 0, 0, 0, 0, 0, 0, 0, 0, 0, 0, 0, 0, 0, 0, 0, 0, 0, 0, 0, 0, 0, 0, 0,
    0, 0, 0, 0, 0, 0, 0, 0, 0, 0, 0, 0, 0, 0, 0, 0, 0, 0, 0, 0, 0, 0, 0, 0,
    0, 0, 0, 0, 0, 0, 0, 0, 0, 0, 0, 0, 0, 0, 0, 0, 0, 0, 0, 0, 0, 0, 0, 0,
    0, 0, 0, 0, 0, 0, 0, 0, 0, 0, 0, 0, 0, 0, 0, 0, 0, 0, 0, 0, 0, 0, 0, 0,
    0, 0, 0, 0, 0, 0, 0, 0, 0, 0, 0, 0, 0, 0, 0, 0, 0, 0, 0, 0, 0, 0, 0, 0,
    0, 0, 0, 0, 0, 0, 0, 0, 0, 0, 0, 0, 0, 0, 0, 0, 0, 0, 0, 0, 0, 0, 0, 0,
    0, 0, 0, 0, 0, 0, 0, 1, 1, 1, 1, 1, 2, 3, 5, 5, 5, 5, 6, 7, 8, 9, 11, 12,
    14, 16, 19, 22, 26, 32, 41, 51, 58, 66, 79, 96, 115, 135, 161, 182, 199, 212, 227, 238, 244, 248, 252, 253,
    253, 253, 254, 253, 253, 253, 252, 252, 252, 252, 252, 252, 252, 252, 253, 253, 253, 253, 253, 253, 253, 253, 253, 252,
    252, 252, 252, 252, 252, 252, 252, 251, 252, 252, 251, 252, 252, 252, 251, 251, 252, 252, 253, 252, 248, 244, 238, 228,
    213, 189, 165, 148, 130, 109, 100, 94, 83, 76, 73, 68, 62, 56, 51, 44, 41, 40, 37, 35, 34, 32, 29, 27,
    26, 23, 21, 20, 18, 17, 15, 14, 12, 11, 11, 10, 8, 8, 7, 6, 5, 4, 3, 3, 3, 2, 2, 1,
    2, 1, 1, 1, 1, 0, 0, 0, 0, 0, 0, 0, 0, 0, 0, 0, 0, 0, 0, 0, 0, 0, 0, 0,
    0, 0, 0, 0, 0, 0, 0, 0, 0, 0, 0, 0, 0, 0, 0, 0, 0, 0, 0, 0, 0, 0, 0, 0,
    0, 0, 0, 0, 0, 0, 0, 0, 0, 0, 0, 0, 0, 0, 0, 0, 0, 0, 0, 0, 0, 0, 0, 0,
    0, 0, 0, 0, 0, 0, 0, 0, 0, 0, 0, 0, 0, 0, 0, 0, 0, 0, 0, 0, 0, 0, 0, 0,
    0, 0, 0, 0, 0, 0, 0, 0, 0, 0, 0, 0, 0, 0, 0, 0, 0, 0, 0, 0, 0, 0, 0, 0,
    0, 0, 0, 0, 0, 0, 0, 0, 0, 0, 0, 0, 0, 0, 0, 0, 0, 0, 0, 0, 0, 0, 0, 0,
    0, 0, 0, 0, 0, 0, 0, 0, 0, 0, 0, 0, 0, 0, 0, 0, 0, 0, 0, 0, 0, 0, 0, 0,
    0, 0, 0, 0, 0, 0, 0, 0, 0, 0, 0, 0, 0, 0, 0, 0, 0, 0, 0, 0, 0, 0, 0, 0,
    0, 0, 0, 0, 0, 0, 0, 0, 0, 0, 0, 0, 0, 0, 0, 0, 0, 0, 0, 0, 0, 0, 0, 0,
    0, 0, 0, 0, 0, 0, 0, 0, 0, 0, 0, 0, 0, 0, 0, 0, 0, 0, 0, 0, 0, 0, 0, 0,
    0, 0, 0, 0, 0, 0, 0, 0, 0, 0, 0, 0, 0, 0, 0, 0, 0, 0, 0, 0, 0, 0, 0, 0,
    0, 0, 0, 0, 0, 0, 0, 1, 1, 1, 1, 1, 2, 3, 4, 5, 6, 7, 8, 9, 10, 11, 14, 17,
    21, 25, 29, 35, 42, 51, 63, 88, 117, 140, 159, 176, 195, 214, 228, 240, 246, 251, 253, 253, 251, 249, 248, 249,
    249, 250, 249, 250, 250, 250, 250, 250, 250, 250, 251, 251, 251, 252, 252, 252, 252, 251, 251, 252, 252, 251, 251, 251,
    251, 251, 250, 250, 250, 250, 250, 251, 251, 251, 251, 251, 251, 251, 251, 250, 250, 250, 250, 250, 250, 251, 251, 251,
    253, 253, 254, 253, 249, 241, 231, 215, 206, 196, 177, 158, 145, 130, 115, 104, 93, 80, 71, 65, 55, 48, 46, 42,
    38, 36, 33, 30, 28, 26, 24, 22, 21, 20, 18, 16, 15, 14, 12, 11, 10, 8, 7, 6, 5, 4, 4, 3,
    3, 2, 2, 2, 1, 1, 1, 1, 1, 0, 0, 1, 1, 0, 0, 0, 0, 0, 0, 0, 0, 0, 0, 0,
    0, 0, 0, 0, 0, 0, 0, 0, 0, 0, 0, 0, 0, 0, 0, 0, 0, 0, 0, 0, 0, 0, 0, 0,
    0, 0, 0, 0, 0, 0, 0, 0, 0, 0, 0, 0, 0, 0, 0, 0, 0, 0, 0, 0, 0, 0, 0, 0,
    0, 0, 0, 0, 0, 0, 0, 0, 0, 0, 0, 0, 0, 0, 0, 0, 0, 0, 0, 0, 0, 0, 0, 0,
    0, 0, 0, 0, 0, 0, 0, 0, 0, 0, 0, 0, 0, 0, 0, 0, 0, 0, 0, 0, 0, 0, 0, 0,
    0, 0, 0, 0, 0, 0, 0, 0, 0, 0, 0, 0, 0, 0, 0, 0, 0, 0, 0, 0, 0, 0, 0, 0,
    0, 0, 0, 0, 0, 0, 0, 0, 0, 0, 0, 0, 0, 0, 0, 0, 0, 0, 0, 0, 0, 0, 0, 0,
    0, 0, 0, 0, 0, 0, 0, 0, 0, 0, 0, 0, 0, 0, 0, 0, 0, 0, 0, 0, 0, 0, 0, 0,
    0, 0, 0, 0, 0, 0, 0, 0, 0, 0, 0, 0, 0, 0, 0, 0, 0, 0, 0, 0, 0, 0, 0, 0,
    0, 0, 0, 0, 0, 0, 0, 0, 0, 0, 0, 0, 0, 0, 0, 0, 0, 0, 0, 0, 0, 0, 0, 0,
    0, 0, 0, 0, 0, 0, 0, 0, 0, 0, 0, 0, 0, 0, 0, 0, 0, 0, 0, 0, 0, 0, 0, 0,
    0, 0, 0, 0, 0, 0, 0, 1, 1, 1, 1, 1, 2, 2, 3, 5, 6, 7, 9, 9, 10, 13, 16, 20,
    27, 34, 43, 54, 71, 95, 126, 147, 173, 211, 234, 246, 252, 255, 255, 255, 254, 252, 251, 251, 250, 249, 247, 245,
    245, 246, 247, 248, 248, 248, 248, 248, 249, 249, 249, 249, 249, 250, 250, 250, 250, 251, 251, 250, 250, 251, 250, 249,
    249, 248, 249, 249, 248, 248, 248, 248, 248, 249, 249, 250, 250, 250, 249, 249, 249, 250, 250, 249, 249, 249, 250, 251,
    250, 250, 251, 251, 251, 252, 253, 254, 255, 255, 255, 255, 255, 252, 242, 228, 211, 191, 169, 148, 131, 113, 87, 69,
    63, 57, 51, 48, 45, 43, 39, 35, 32, 29, 28, 27, 25, 23, 20, 18, 16, 14, 12, 10, 9, 8, 7, 7,
    7, 6, 5, 4, 3, 3, 3, 2, 1, 1, 1, 1, 0, 1, 1, 1, 1, 1, 0, 0, 0, 0, 0, 0,
    0, 0, 0, 0, 0, 0, 0, 0, 0, 0, 0, 0, 0, 0, 0, 0, 0, 0, 0, 0, 0, 0, 0, 0,
    0, 0, 0, 0, 0, 0, 0, 0, 0, 0, 0, 0, 0, 0, 0, 0, 0, 0, 0, 0, 0, 0, 0, 0,
    0, 0, 0, 0, 0, 0, 0, 0, 0, 0, 0, 0, 0, 0, 0, 0, 0, 0, 0, 0, 0, 0, 0, 0,
    0, 0, 0, 0, 0, 0, 0, 0, 0, 0, 0, 0, 0, 0, 0, 0, 0, 0, 0, 0, 0, 0, 0, 0,
    0, 0, 0, 0, 0, 0, 0, 0, 0, 0, 0, 0, 0, 0, 0, 0, 0, 0, 0, 0, 0, 0, 0, 0,
    0, 0, 0, 0, 0, 0, 0, 0, 0, 0, 0, 0, 0, 0, 0, 0, 0, 0, 0, 0, 0, 0, 0, 0,
    0, 0, 0, 0, 0, 0, 0, 0, 0, 0, 0, 0, 0, 0, 0, 0, 0, 0, 0, 0, 0, 0, 0, 0,
    0, 0, 0, 0, 0, 0, 0, 0, 0, 0, 0, 0, 0, 0, 0, 0, 0, 0, 0, 0, 0, 0, 0, 0,
    0, 0, 0, 0, 0, 0, 0, 0, 0, 0, 0, 0, 0, 0, 0, 0, 0, 0, 0, 0, 0, 0, 0, 0,
    0, 0, 0, 0, 0, 0, 0, 0, 0, 0, 0, 0, 0, 0, 0, 0, 0, 0, 0, 0, 0, 0, 0, 0,
    0, 0, 0, 0, 0, 0, 0, 0, 1, 1, 1, 2, 2, 3, 3, 5, 6, 8, 10, 13, 16, 19, 22, 27,
    34, 50, 70, 92, 118, 148, 179, 212, 240, 250, 254, 255, 255, 253, 251, 250, 250, 250, 249, 249, 249, 249, 248, 248,
    246, 244, 244, 245, 247, 248, 248, 247, 247, 248, 248, 248, 248, 249, 249, 249, 249, 249, 250, 250, 249, 250, 250, 250,
    249, 248, 247, 247, 247, 247, 247, 247, 246, 246, 246, 248, 248, 249, 249, 249, 248, 249, 249, 249, 249, 248, 248, 248,
    249, 250, 250, 250, 251, 251, 251, 251, 252, 252, 253, 253, 252, 253, 253, 253, 254, 253, 253, 248, 239, 221, 197, 171,
    139, 111, 89, 80, 75, 71, 66, 62, 55, 49, 43, 39, 37, 36, 33, 30, 27, 24, 22, 19, 17, 15, 13, 12,
    12, 11, 10, 8, 7, 6, 5, 5, 4, 3, 3, 2, 2, 1, 1, 1, 1, 1, 1, 1, 0, 0, 0, 0,
    0, 0, 0, 0, 0, 0, 0, 0, 0, 0, 0, 0, 0, 0, 0, 0, 0, 0, 0, 0, 0, 0, 0, 0,
    0, 0, 0, 0, 0, 0, 0, 0, 0, 0, 0, 0, 0, 0, 0, 0, 0, 0, 0, 0, 0, 0, 0, 0,
    0, 0, 0, 0, 0, 0, 0, 0, 0, 0, 0, 0, 0, 0, 0, 0, 0, 0, 0, 0, 0, 0, 0, 0,
    0, 0, 0, 0, 0, 0, 0, 0, 0, 0, 0, 0, 0, 0, 0, 0, 0, 0, 0, 0, 0, 0, 0, 0,
    0, 0, 0, 0, 0, 0, 0, 0, 0, 0, 0, 0, 0, 0, 0, 0, 0, 0, 0, 0, 0, 0, 0, 0,
    0, 0, 0, 0, 0, 0, 0, 0, 0, 0, 0, 0, 0, 0, 0, 0, 0, 0, 0, 0, 0, 0, 0, 0,
    0, 0, 0, 0, 0, 0, 0, 0, 0, 0, 0, 0, 0, 0, 0, 0, 0, 0, 0, 0, 0, 0, 0, 0,
    0, 0, 0, 0, 0, 0, 0, 0, 0, 0, 0, 0, 0, 0, 0, 0, 0, 0, 0, 0, 0, 0, 0, 0,
    0, 0, 0, 0, 0, 0, 0, 0, 0, 0, 0, 0, 0, 0, 0, 0, 0, 0, 0, 0, 0, 0, 0, 0,
    0, 0, 0, 0, 0, 0, 0, 0, 0, 0, 0, 0, 0, 0, 0, 0, 0, 0, 0, 0, 0, 0, 0, 0,
    0, 0, 0, 0, 0, 0, 0, 0, 0, 1, 1, 1, 2, 3, 4, 5, 8, 11, 15, 19, 24, 32, 43, 55,
    68, 82, 109, 160, 194, 219, 238, 248, 251, 252, 251, 250, 249, 249, 249, 250, 249, 248, 248, 248, 248, 248, 247, 246,
    245, 244, 241, 239, 238, 240, 242, 242, 242, 242, 241, 242, 243, 242, 242, 244, 245, 246, 246, 247, 248, 248, 248, 249,
    249, 248, 247, 246, 246, 245, 245, 245, 245, 245, 244, 244, 245, 246, 246, 247, 247, 247, 247, 247, 247, 247, 247, 247,
    246, 246, 247, 248, 249, 249, 249, 249, 249, 250, 251, 252, 252, 251, 251, 251, 251, 252, 252, 251, 251, 251, 252, 253,
    250, 243, 233, 214, 175, 144, 129, 118, 109, 96, 85, 77, 66, 57, 52, 48, 43, 39, 36, 33, 30, 27, 24, 22,
    20, 17, 16, 15, 14, 12, 10, 9, 8, 7, 5, 5, 5, 4, 3, 2, 2, 1, 1, 1, 1, 1, 1, 0,
    0, 0, 0, 0, 0, 0, 0, 0, 0, 0, 0, 0, 0, 0, 0, 0, 0, 0, 0, 0, 0, 0, 0, 0,
    0, 0, 0, 0, 0, 0, 0, 0, 0, 0, 0, 0, 0, 0, 0, 0, 0, 0, 0, 0, 0, 0, 0, 0,
    0, 0, 0, 0, 0, 0, 0, 0, 0, 0, 0, 0, 0, 0, 0, 0, 0, 0, 0, 0, 0, 0, 0, 0,
    0, 0, 0, 0, 0, 0, 0, 0, 0, 0, 0, 0, 0, 0, 0, 0, 0, 0, 0, 0, 0, 0, 0, 0,
    0, 0, 0, 0, 0, 0, 0, 0, 0, 0, 0, 0, 0, 0, 0, 0, 0, 0, 0, 0, 0, 0, 0, 0,
    0, 0, 0, 0, 0, 0, 0, 0, 0, 0, 0, 0, 0, 0, 0, 0, 0, 0, 0, 0, 0, 0, 0, 0,
    0, 0, 0, 0, 0, 0, 0, 0, 0, 0, 0, 0, 0, 0, 0, 0, 0, 0, 0, 0, 0, 0, 0, 0,
    0, 0, 0, 0, 0, 0, 0, 0, 0, 0, 0, 0, 0, 0, 0, 0, 0, 0, 0, 0, 0, 0, 0, 0,
    0, 0, 0, 0, 0, 0, 0, 0, 0, 0, 0, 0, 0, 0, 0, 0, 0, 0, 0, 0, 0, 0, 0, 0,
    0, 0, 0, 0, 0, 0, 0, 0, 0, 0, 0, 0, 0, 0, 0, 0, 0, 0, 0, 0, 0, 0, 0, 0,
    0, 0, 0, 0, 0, 1, 0, 0, 1, 1, 1, 1, 1, 2, 3, 4, 7, 10, 17, 29, 40, 51, 72, 98,
    126, 156, 183, 205, 229, 249, 252, 250, 247, 245, 242, 241, 240, 241, 240, 239, 237, 234, 231, 228, 225, 224, 224, 222,
    219, 217, 215, 214, 212, 211, 210, 209, 208, 208, 210, 212, 213, 215, 216, 217, 215, 214, 218, 221, 223, 226, 228, 231,
    233, 238, 241, 241, 239, 237, 237, 236, 238, 239, 241, 240, 239, 240, 240, 241, 242, 242, 243, 243, 242, 243, 243, 243,
    243, 243, 243, 243, 243, 244, 244, 245, 245, 245, 245, 247, 248, 249, 249, 249, 249, 249, 249, 249, 249, 249, 250, 250,
    250, 250, 250, 251, 253, 255, 255, 247, 233, 219, 203, 175, 152, 137, 113, 92, 82, 71, 58, 50, 45, 43, 40, 35,
    31, 28, 26, 24, 22, 20, 19, 17, 15, 13, 12, 10, 8, 7, 6, 5, 5, 3, 3, 3, 2, 2, 1, 1,
    1, 0, 0, 0, 0, 0, 0, 0, 0, 0, 0, 0, 0, 0, 0, 0, 0, 0, 0, 0, 0, 0, 0, 0,
    0, 0, 0, 0, 0, 0, 0, 0, 0, 0, 0, 0, 0, 0, 0, 0, 0, 0, 0, 0, 0, 0, 0, 0,
    0, 0, 0, 0, 0, 0, 0, 0, 0, 0, 0, 0, 0, 0, 0, 0, 0, 0, 0, 0, 0, 0, 0, 0,
    0, 0, 0, 0, 0, 0, 0, 0, 0, 0, 0, 0, 0, 0, 0, 0, 0, 0, 0, 0, 0, 0, 0, 0,
    0, 0, 0, 0, 0, 0, 0, 0, 0, 0, 0, 0, 0, 0, 0, 0, 0, 0, 0, 0, 0, 0, 0, 0,
    0, 0, 0, 0, 0, 0, 0, 0, 0, 0, 0, 0, 0, 0, 0, 0, 0, 0, 0, 0, 0, 0, 0, 0,
    0, 0, 0, 0, 0, 0, 0, 0, 0, 0, 0, 0, 0, 0, 0, 0, 0, 0, 0, 0, 0, 0, 0, 0,
    0, 0, 0, 0, 0, 0, 0, 0, 0, 0, 0, 0, 0, 0, 0, 0, 0, 0, 0, 0, 0, 0, 0, 0,
    0, 0, 0, 0, 0, 0, 0, 0, 0, 0, 0, 0, 0, 0, 0, 0, 0, 0, 0, 0, 0, 0, 0, 0,
    0, 0, 0, 0, 0, 0, 0, 0, 0, 0, 0, 0, 0, 0, 0, 0, 0, 0, 0, 0, 0, 0, 0, 0,
    0, 0, 0, 0, 0, 0, 1, 1, 1, 1, 1, 1, 1, 2, 3, 6, 9, 13, 19, 29, 48, 77, 102, 134,
    181, 217, 239, 250, 253, 251, 248, 243, 241, 240, 238, 235, 231, 227, 222, 219, 217, 212, 205, 200, 196, 191, 189, 189,
    190, 188, 186, 184, 182, 180, 179, 179, 179, 178, 178, 178, 180, 183, 187, 189, 192, 192, 190, 190, 193, 197, 202, 205,
    207, 209, 212, 221, 227, 227, 225, 221, 221, 222, 223, 226, 229, 231, 232, 235, 236, 237, 238, 239, 240, 239, 239, 239,
    239, 239, 239, 239, 239, 239, 239, 239, 240, 241, 241, 241, 241, 243, 245, 246, 247, 246, 246, 247, 246, 246, 246, 248,
    249, 249, 249, 249, 249, 250, 250, 251, 253, 254, 255, 255, 255, 248, 233, 215, 186, 150, 125, 105, 84, 71, 63, 58,
    54, 48, 42, 37, 34, 32, 28, 26, 25, 23, 20, 18, 17, 13, 11, 9, 8, 7, 6, 5, 4, 4, 4, 3,
    2, 2, 2, 1, 1, 0, 0, 0, 0, 0, 0, 0, 0, 0, 0, 0, 0, 0, 0, 0, 0, 0, 0, 0,
    0, 0, 0, 0, 0, 0, 0, 0, 0, 0, 0, 0, 0, 0, 0, 0, 0, 0, 0, 0, 0, 0, 0, 0,
    0, 0, 0, 0, 0, 0, 0, 0, 0, 0, 0, 0, 0, 0, 0, 0, 0, 0, 0, 0, 0, 0, 0, 0,
    0, 0, 0, 0, 0, 0, 0, 0, 0, 0, 0, 0, 0, 0, 0, 0, 0, 0, 0, 0, 0, 0, 0, 0,
    0, 0, 0, 0, 0, 0, 0, 0, 0, 0, 0, 0, 0, 0, 0, 0, 0, 0, 0, 0, 0, 0, 0, 0,
    0, 0, 0, 0, 0, 0, 0, 0, 0, 0, 0, 0, 0, 0, 0, 0, 0, 0, 0, 0, 0, 0, 0, 0,
    0, 0, 0, 0, 0, 0, 0, 0, 0, 0, 0, 0, 0, 0, 0, 0, 0, 0, 0, 0, 0, 0, 0, 0,
    0, 0, 0, 0, 0, 0, 0, 0, 0, 0, 0, 0, 0, 0, 0, 0, 0, 0, 0, 0, 0, 0, 0, 0,
    0, 0, 0, 0, 0, 0, 0, 0, 0, 0, 0, 0, 0, 0, 0, 0, 0, 0, 0, 0, 0, 0, 0, 0,
    0, 0, 0, 0, 0, 0, 0, 0, 0, 0, 0, 0, 0, 0, 0, 0, 0, 0, 0, 0, 0, 0, 0, 0,
    0, 0, 0, 0, 0, 0, 0, 1, 1, 1, 1, 2, 2, 3, 5, 8, 15, 24, 33, 46, 68, 103, 148, 191,
    224, 245, 255, 255, 252, 249, 245, 241, 235, 230, 229, 227, 221, 215, 209, 202, 194, 190, 186, 179, 174, 174, 170, 165,
    164, 165, 165, 166, 166, 164, 161, 158, 157, 157, 157, 160, 162, 164, 165, 166, 168, 171, 174, 174, 173, 174, 178, 184,
    189, 191, 192, 192, 195, 202, 210, 212, 211, 208, 209, 209, 208, 209, 212, 217, 221, 225, 228, 231, 233, 236, 237, 238,
    237, 238, 238, 238, 238, 236, 235, 236, 236, 236, 237, 238, 238, 239, 238, 240, 242, 243, 244, 244, 244, 244, 243, 243,
    244, 246, 247, 247, 248, 248, 248, 249, 250, 251, 252, 252, 252, 252, 252, 252, 253, 253, 250, 237, 208, 170, 133, 110,
    96, 81, 71, 64, 57, 50, 45, 41, 38, 35, 31, 29, 26, 25, 23, 19, 16, 14, 11, 10, 9, 8, 7, 6,
    5, 5, 4, 3, 3, 2, 1, 1, 1, 0, 1, 1, 0, 0, 0, 0, 0, 0, 0, 0, 0, 0, 0, 0,
    0, 0, 0, 0, 0, 0, 0, 0, 0, 0, 0, 0, 0, 0, 0, 0, 0, 0, 0, 0, 0, 0, 0, 0,
    0, 0, 0, 0, 0, 0, 0, 0, 0, 0, 0, 0, 0, 0, 0, 0, 0, 0, 0, 0, 0, 0, 0, 0,
    0, 0, 0, 0, 0, 0, 0, 0, 0, 0, 0, 0, 0, 0, 0, 0, 0, 0, 0, 0, 0, 0, 0, 0,
    0, 0, 0, 0, 0, 0, 0, 0, 0, 0, 0, 0, 0, 0, 0, 0, 0, 0, 0, 0, 0, 0, 0, 0,
    0, 0, 0, 0, 0, 0, 0, 0, 0, 0, 0, 0, 0, 0, 0, 0, 0, 0, 0, 0, 0, 0, 0, 0,
    0, 0, 0, 0, 0, 0, 0, 0, 0, 0, 0, 0, 0, 0, 0, 0, 0, 0, 0, 0, 0, 0, 0, 0,
    0, 0, 0, 0, 0, 0, 0, 0, 0, 0, 0, 0, 0, 0, 0, 0, 0, 0, 0, 0, 0, 0, 0, 0,
    0, 0, 0, 0, 0, 0, 0, 0, 0, 0, 0, 0, 0, 0, 0, 0, 0, 0, 0, 0, 0, 0, 0, 0,
    0, 0, 0, 0, 0, 0, 0, 0, 0, 0, 0, 0, 0, 0, 0, 0, 0, 0, 0, 0, 0, 0, 0, 0,
    0, 0, 0, 0, 0, 1, 1, 1, 1, 1, 2, 3, 4, 6, 10, 15, 21, 33, 55, 81, 115, 156, 195, 222,
    241, 249, 246, 241, 238, 234, 226, 217, 208, 197, 190, 186, 186, 186, 182, 177, 173, 169, 165, 161, 155, 149, 145, 144,
    143, 141, 142, 143, 143, 144, 144, 143, 141, 140, 140, 140, 140, 142, 146, 149, 151, 150, 151, 153, 155, 155, 155, 157,
    160, 165, 169, 171, 172, 173, 174, 179, 186, 190, 189, 186, 187, 188, 186, 186, 189, 192, 196, 200, 206, 209, 211, 212,
    215, 216, 218, 222, 227, 232, 233, 232, 231, 231, 232, 232, 232, 233, 233, 233, 233, 234, 235, 236, 237, 236, 236, 236,
    236, 237, 238, 240, 242, 242, 243, 244, 244, 244, 245, 246, 246, 247, 248, 248, 249, 250, 250, 250, 250, 253, 253, 247,
    231, 213, 191, 157, 127, 106, 90, 78, 69, 60, 50, 44, 40, 37, 33, 30, 28, 24, 20, 19, 16, 14, 12, 11,
    10, 9, 8, 7, 6, 5, 4, 4, 2, 2, 1, 1, 1, 1, 1, 1, 0, 0, 0, 0, 0, 0, 0, 0,
    0, 0, 0, 0, 0, 0, 0, 0, 0, 0, 0, 0, 0, 0, 0, 0, 0, 0, 0, 0, 0, 0, 0, 0,
    0, 0, 0, 0, 0, 0, 0, 0, 0, 0, 0, 0, 0, 0, 0, 0, 0, 0, 0, 0, 0, 0, 0, 0,
    0, 0, 0, 0, 0, 0, 0, 0, 0, 0, 0, 0, 0, 0, 0, 0, 0, 0, 0, 0, 0, 0, 0, 0,
    0, 0, 0, 0, 0, 0, 0, 0, 0, 0, 0, 0, 0, 0, 0, 0, 0, 0, 0, 0, 0, 0, 0, 0,
    0, 0, 0, 0, 0, 0, 0, 0, 0, 0, 0, 0, 0, 0, 0, 0, 0, 0, 0, 0, 0, 0, 0, 0,
    0, 0, 0, 0, 0, 0, 0, 0, 0, 0, 0, 0, 0, 0, 0, 0, 0, 0, 0, 0, 0, 0, 0, 0,
    0, 0, 0, 0, 0, 0, 0, 0, 0, 0, 0, 0, 0, 0, 0, 0, 0, 0, 0, 0, 0, 0, 0, 0,
    0, 0, 0, 0, 0, 0, 0, 0, 0, 0, 0, 0, 0, 0, 0, 0, 0, 1, 0, 0, 0, 0, 0, 0,
    0, 0, 0, 0, 0, 0, 0, 0, 0, 0, 0, 0, 0, 0, 0, 0, 0, 0, 0, 0, 0, 0, 0, 0,
    0, 0, 0, 0, 0, 0, 1, 1, 1, 1, 1, 2, 5, 9, 16, 23, 36, 55, 78, 119, 166, 205, 235, 247,
    244, 233, 224, 221, 212, 203, 193, 184, 176, 167, 159, 151, 146, 144, 144, 145, 144, 141, 139, 140, 141, 138, 133, 129,
    125, 123, 122, 123, 125, 126, 124, 124, 124, 124, 123, 124, 125, 125, 125, 127, 131, 134, 137, 135, 135, 137, 139, 139,
    140, 142, 144, 147, 148, 150, 154, 155, 155, 159, 164, 167, 167, 165, 165, 167, 166, 166, 168, 169, 171, 175, 180, 184,
    186, 188, 191, 192, 193, 199, 207, 212, 216, 217, 218, 223, 226, 228, 228, 228, 228, 227, 227, 227, 227, 228, 228, 227,
    226, 226, 227, 228, 229, 231, 233, 233, 234, 236, 236, 237, 237, 237, 238, 240, 243, 244, 244, 246, 247, 248, 248, 250,
    250, 252, 255, 255, 255, 248, 227, 196, 156, 123, 107, 92, 70, 57, 53, 48, 42, 38, 33, 30, 26, 24, 22, 19,
    17, 15, 14, 12, 10, 9, 8, 7, 6, 5, 4, 3, 2, 2, 2, 1, 1, 1, 1, 0, 0, 0, 0, 0,
    0, 0, 0, 0, 0, 0, 0, 0, 0, 0, 0, 0, 0, 0, 0, 0, 0, 0, 0, 0, 0, 0, 0, 0,
    0, 0, 0, 0, 0, 0, 0, 0, 0, 0, 0, 0, 0, 0, 0, 0, 0, 0, 0, 0, 0, 0, 0, 0,
    0, 0, 0, 0, 0, 0, 0, 0, 0, 0, 0, 0, 0, 0, 0, 0, 0, 0, 0, 0, 0, 0, 0, 0,
    0, 0, 0, 0, 0, 0, 0, 0, 0, 0, 0, 0, 0, 0, 0, 0, 0, 0, 0, 0, 0, 0, 0, 0,
    0, 0, 0, 0, 0, 0, 0, 0, 0, 0, 0, 0, 0, 0, 0, 0, 0, 0, 0, 0, 0, 0, 0, 0,
    0, 0, 0, 0, 0, 0, 0, 0, 0, 0, 0, 0, 0, 0, 0, 0, 0, 0, 0, 0, 0, 0, 0, 0,
    0, 0, 0, 0, 0, 0, 0, 0, 0, 0, 0, 0, 0, 0, 0, 0, 0, 0, 0, 0, 0, 0, 0, 0,
    0, 0, 0, 0, 0, 0, 0, 0, 0, 0, 0, 0, 0, 0, 0, 0, 0, 1, 4, 9, 0, 0, 0, 0,
    0, 0, 0, 0, 0, 0, 0, 0, 0, 0, 0, 0, 0, 0, 0, 0, 0, 0, 0, 0, 0, 0, 0, 0,
    0, 0, 0, 0, 0, 0, 0, 1, 1, 1, 2, 3, 6, 12, 21, 33, 50, 77, 121, 175, 214, 243, 252, 246,
    237, 222, 208, 196, 185, 177, 170, 162, 153, 148, 146, 140, 132, 128, 127, 126, 126, 127, 126, 125, 123, 122, 123, 123,
    120, 116, 112, 111, 109, 109, 111, 113, 111, 110, 109, 109, 111, 112, 113, 113, 115, 118, 120, 123, 127, 126, 125, 127,
    128, 129, 131, 132, 134, 135, 135, 137, 141, 143, 144, 149, 153, 155, 155, 153, 153, 154, 155, 156, 157, 159, 162, 164,
    167, 169, 174, 179, 182, 183, 184, 190, 198, 200, 199, 199, 201, 205, 213, 221, 224, 226, 226, 224, 223, 221, 221, 221,
    221, 220, 220, 219, 219, 220, 221, 223, 224, 225, 226, 228, 229, 229, 230, 231, 231, 234, 239, 241, 242, 244, 245, 246,
    247, 249, 249, 250, 251, 252, 252, 253, 255, 253, 241, 207, 169, 138, 102, 81, 73, 64, 56, 50, 44, 38, 33, 30,
    27, 24, 22, 21, 18, 16, 14, 12, 11, 10, 8, 6, 5, 5, 4, 3, 3, 3, 3, 2, 1, 1, 0, 0,
    0, 0, 0, 0, 0, 0, 0, 0, 0, 0, 0, 0, 0, 0, 0, 0, 0, 0, 0, 0, 0, 0, 0, 0,
    0, 0, 0, 0, 0, 0, 0, 0, 0, 0, 0, 0, 0, 0, 0, 0, 0, 0, 0, 0, 0, 0, 0, 0,
    0, 0, 0, 0, 0, 0, 0, 0, 0, 0, 0, 0, 0, 0, 0, 0, 0, 0, 0, 0, 0, 0, 0, 0,
    0, 0, 0, 0, 0, 0, 0, 0, 0, 0, 0, 0, 0, 0, 0, 0, 0, 0, 0, 0, 0, 0, 0, 0,
    0, 0, 0, 0, 0, 0, 0, 0, 0, 0, 0, 0, 0, 0, 0, 0, 0, 0, 0, 0, 0, 0, 0, 0,
    0, 0, 0, 0, 0, 0, 0, 0, 0, 0, 0, 0, 0, 0, 0, 0, 0, 0, 0, 0, 0, 0, 0, 0,
    0, 0, 0, 0, 0, 0, 0, 0, 0, 0, 0, 0, 0, 0, 0, 0, 0, 0, 0, 0, 0, 0, 0, 0,
    0, 0, 0, 0, 0, 0, 0, 0, 0, 0, 0, 0, 0, 0, 0, 0, 0, 1, 2, 6, 15, 22, 0, 0,
    0, 0, 0, 0, 0, 0, 0, 0, 0, 0, 0, 0, 0, 0, 0, 0, 0, 0, 0, 0, 0, 0, 0, 0,
    0, 0, 0, 0, 0, 0, 0, 1, 1, 2, 4, 8, 12, 18, 30, 47, 79, 124, 175, 216, 240, 251, 247, 232,
    208, 195, 182, 166, 156, 149, 141, 134, 127, 122, 116, 114, 114, 112, 109, 108, 109, 109, 110, 110, 110, 109, 108, 108,
    110, 110, 110, 107, 103, 101, 99, 98, 98, 100, 100, 99, 99, 100, 102, 104, 104, 104, 106, 109, 110, 112, 116, 116,
    115, 116, 118, 119, 121, 122, 123, 123, 123, 125, 130, 132, 133, 137, 141, 143, 142, 142, 142, 142, 143, 144, 145, 147,
    150, 152, 154, 156, 161, 165, 169, 171, 173, 177, 181, 182, 181, 183, 185, 189, 196, 204, 208, 210, 211, 212, 214, 216,
    215, 215, 214, 213, 213, 213, 214, 214, 214, 216, 217, 218, 220, 221, 222, 221, 221, 222, 223, 225, 229, 232, 235, 237,
    239, 240, 241, 243, 244, 245, 247, 247, 248, 249, 250, 249, 250, 252, 246, 232, 199, 154, 122, 99, 83, 72, 62, 53,
    45, 39, 36, 33, 30, 28, 25, 22, 20, 17, 15, 13, 11, 9, 8, 7, 6, 5, 5, 4, 3, 3, 2, 2,
    1, 1, 1, 0, 0, 0, 0, 0, 0, 0, 0, 0, 0, 0, 0, 0, 0, 0, 0, 0, 0, 0, 0, 0,
    0, 0, 0, 0, 0, 0, 0, 0, 0, 0, 0, 0, 0, 0, 0, 0, 0, 0, 0, 0, 0, 0, 0, 0,
    0, 0, 0, 0, 0, 0, 0, 0, 0, 0, 0, 0, 0, 0, 0, 0, 0, 0, 0, 0, 0, 0, 0, 0,
    0, 0, 0, 0, 0, 0, 0, 0, 0, 0, 0, 0, 0, 0, 0, 0, 0, 0, 0, 0, 0, 0, 0, 0,
    0, 0, 0, 0, 0, 0, 0, 0, 0, 0, 0, 0, 0, 0, 0, 0, 0, 0, 0, 0, 0, 0, 0, 0,
    0, 0, 0, 0, 0, 0, 0, 0, 0, 0, 0, 0, 0, 0, 0, 0, 0, 0, 0, 0, 0, 0, 0, 0,
    0, 0, 0, 0, 0, 0, 0, 0, 0, 0, 0, 0, 0, 0, 0, 0, 0, 0, 0, 0, 0, 0, 0, 0,
    0, 0, 0, 0, 0, 0, 0, 0, 0, 0, 0, 0, 0, 0, 0, 0, 0, 1, 2, 6, 11, 17, 43, 91,
    0, 0, 0, 0, 0, 0, 0, 0, 0, 0, 0, 0, 0, 0, 0, 0, 0, 0, 0, 0, 0, 0, 0, 0,
    0, 0, 0, 0, 0, 0, 0, 0, 0, 2, 4, 8, 17, 29, 44, 72, 119, 169, 211, 238, 240, 224, 208, 194,
    180, 159, 140, 133, 128, 120, 112, 104, 97, 92, 88, 87, 87, 86, 85, 87, 88, 88, 90, 92, 93, 92, 91, 92,
    92, 95, 98, 99, 100, 99, 97, 92, 90, 89, 87, 87, 89, 89, 89, 92, 95, 96, 97, 97, 98, 99, 99, 99,
    100, 102, 103, 103, 104, 106, 108, 110, 109, 109, 110, 114, 118, 120, 122, 124, 127, 128, 129, 130, 131, 131, 129, 129,
    130, 132, 134, 136, 137, 139, 141, 145, 149, 154, 156, 157, 158, 159, 159, 162, 167, 172, 176, 180, 182, 183, 184, 186,
    190, 195, 197, 200, 203, 205, 206, 208, 209, 208, 206, 207, 210, 212, 213, 213, 212, 211, 210, 210, 212, 214, 214, 214,
    218, 219, 221, 223, 225, 228, 229, 231, 233, 233, 234, 237, 239, 240, 242, 246, 249, 252, 255, 249, 229, 197, 157, 124,
    101, 77, 63, 56, 51, 46, 41, 37, 34, 30, 27, 23, 21, 18, 16, 14, 12, 10, 9, 7, 6, 6, 4, 4,
    3, 3, 2, 1, 1, 1, 1, 1, 0, 0, 0, 0, 0, 0, 0, 0, 0, 0, 0, 0, 0, 0, 0, 0,
    0, 0, 0, 0, 0, 0, 0, 0, 0, 0, 0, 0, 0, 0, 0, 0, 0, 0, 0, 0, 0, 0, 0, 0,
    0, 0, 0, 0, 0, 0, 0, 0, 0, 0, 0, 0, 0, 0, 0, 0, 0, 0, 0, 0, 0, 0, 0, 0,
    0, 0, 0, 0, 0, 0, 0, 0, 0, 0, 0, 0, 0, 0, 0, 0, 0, 0, 0, 0, 0, 0, 0, 0,
    0, 0, 0, 0, 0, 0, 0, 0, 0, 0, 0, 0, 0, 0, 0, 0, 0, 0, 0, 0, 0, 0, 0, 0,
    0, 0, 0, 0, 0, 0, 0, 0, 0, 0, 0, 0, 0, 0, 0, 0, 0, 0, 0, 0, 0, 0, 0, 0,
    0, 0, 0, 0, 0, 0, 0, 0, 0, 0, 0, 0, 0, 0, 0, 0, 0, 0, 0, 0, 0, 0, 0, 0,
    0, 0, 0, 0, 0, 0, 0, 0, 0, 0, 0, 0, 0, 0, 0, 0, 0, 0, 2, 5, 12, 23, 47, 104,
    124, 89, 0, 0, 0, 0, 0, 0, 0, 0, 0, 0, 0, 0, 0, 0, 0, 0, 0, 0, 0, 0, 0, 0,
    0, 0, 0, 0, 0, 0, 0, 0, 0, 2, 6, 12, 21, 32, 63, 107, 153, 205, 237, 237, 218, 198, 178, 162,
    149, 136, 124, 115, 108, 103, 98, 92, 88, 84, 80, 75, 72, 72, 73, 73, 72, 74, 77, 76, 77, 79, 80, 80,
    80, 79, 81, 83, 86, 88, 89, 90, 87, 83, 81, 79, 78, 78, 79, 80, 81, 84, 87, 88, 89, 90, 90, 90,
    90, 90, 89, 91, 93, 93, 94, 96, 100, 102, 100, 99, 101, 104, 107, 109, 111, 113, 114, 116, 117, 120, 122, 122,
    119, 118, 120, 122, 124, 125, 126, 126, 128, 131, 136, 140, 143, 145, 146, 146, 148, 151, 155, 159, 162, 165, 167, 169,
    169, 172, 176, 180, 182, 183, 185, 188, 194, 199, 202, 202, 200, 201, 203, 204, 204, 202, 201, 202, 201, 201, 202, 203,
    203, 203, 205, 207, 208, 210, 213, 216, 218, 220, 222, 223, 224, 226, 229, 231, 234, 240, 244, 246, 249, 252, 254, 255,
    244, 213, 172, 127, 98, 86, 74, 65, 58, 51, 44, 38, 34, 30, 26, 24, 21, 19, 17, 15, 13, 11, 9, 8,
    7, 6, 5, 4, 3, 2, 2, 2, 1, 1, 1, 1, 1, 1, 0, 0, 0, 0, 0, 0, 0, 0, 0, 0,
    0, 0, 0, 0, 0, 0, 0, 0, 0, 0, 0, 0, 0, 0, 0, 0, 0, 0, 0, 0, 0, 0, 0, 0,
    0, 0, 0, 0, 0, 0, 0, 0, 0, 0, 0, 0, 0, 0, 0, 0, 0, 0, 0, 0, 0, 0, 0, 0,
    0, 0, 0, 0, 0, 0, 0, 0, 0, 0, 0, 0, 0, 0, 0, 0, 0, 0, 0, 0, 0, 0, 0, 0,
    0, 0, 0, 0, 0, 0, 0, 0, 0, 0, 0, 0, 0, 0, 0, 0, 0, 0, 0, 0, 0, 0, 0, 0,
    0, 0, 0, 0, 0, 0, 0, 0, 0, 0, 0, 0, 0, 0, 0, 0, 0, 0, 0, 0, 0, 0, 0, 0,
    0, 0, 0, 0, 0, 0, 0, 0, 0, 0, 0, 0, 0, 0, 0, 0, 0, 0, 0, 0, 0, 0, 0, 0,
    0, 0, 0, 0, 0, 0, 0, 0, 0, 0, 0, 0, 0, 0, 0, 0, 0, 0, 1, 5, 11, 16, 37, 97,
    150, 137, 62, 29, 0, 0, 0, 0, 0, 0, 0, 0, 0, 0, 0, 0, 0, 0, 0, 0, 0, 0, 0, 0,
    0, 0, 0, 0, 0, 0, 1, 2, 4, 6, 11, 17, 26, 53, 90, 143, 214, 245, 239, 217, 189, 161, 140, 130,
    123, 116, 110, 103, 94, 87, 84, 79, 76, 74, 74, 74, 71, 66, 63, 63, 64, 64, 64, 66, 68, 67, 67, 68,
    69, 70, 69, 69, 69, 70, 73, 75, 76, 77, 76, 72, 70, 69, 69, 70, 70, 72, 74, 75, 77, 78, 79, 82,
    82, 83, 82, 81, 81, 81, 82, 82, 84, 87, 90, 93, 92, 90, 92, 94, 97, 99, 101, 102, 103, 104, 106, 109,
    112, 112, 110, 109, 112, 114, 116, 116, 116, 116, 118, 121, 126, 130, 132, 134, 136, 137, 139, 142, 145, 148, 150, 152,
    155, 157, 158, 160, 164, 168, 171, 171, 171, 172, 175, 180, 184, 188, 191, 194, 197, 196, 194, 191, 190, 193, 193, 193,
    193, 193, 194, 195, 196, 199, 200, 199, 202, 206, 209, 211, 213, 214, 215, 218, 220, 222, 225, 230, 234, 238, 244, 247,
    249, 250, 252, 254, 251, 232, 192, 152, 116, 92, 79, 70, 60, 51, 44, 37, 32, 29, 27, 25, 23, 21, 17, 15,
    13, 10, 9, 8, 7, 5, 4, 4, 4, 2, 2, 2, 1, 1, 1, 1, 1, 0, 0, 0, 0, 0, 0, 0,
    0, 0, 0, 0, 0, 0, 0, 0, 0, 0, 0, 0, 0, 0, 0, 0, 0, 0, 0, 0, 0, 0, 0, 0,
    0, 0, 0, 0, 0, 0, 0, 0, 0, 0, 0, 0, 0, 0, 0, 0, 0, 0, 0, 0, 0, 0, 0, 0,
    0, 0, 0, 0, 0, 0, 0, 0, 0, 0, 0, 0, 0, 0, 0, 0, 0, 0, 0, 0, 0, 0, 0, 0,
    0, 0, 0, 0, 0, 0, 0, 0, 0, 0, 0, 0, 0, 0, 0, 0, 0, 0, 0, 0, 0, 0, 0, 0,
    0, 0, 0, 0, 0, 0, 0, 0, 0, 0, 0, 0, 0, 0, 0, 0, 0, 0, 0, 0, 0, 0, 0, 0,
    0, 0, 0, 0, 0, 0, 0, 0, 0, 0, 0, 0, 0, 0, 0, 0, 0, 0, 0, 0, 0, 0, 0, 0,
    0, 0, 0, 0, 0, 0, 0, 0, 0, 0, 0, 0, 0, 0, 0, 0, 0, 0, 1, 3, 7, 15, 31, 78,
    156, 149, 81, 38, 22, 13, 0, 0, 0, 0, 0, 0, 0, 0, 0, 0, 0, 0, 0, 0, 0, 0, 0, 0,
    0, 0, 0, 0, 0, 0, 1, 2, 6, 12, 20, 29, 41, 72, 130, 194, 219, 222, 204, 179, 154, 130, 112, 102,
    96, 91, 84, 79, 76, 74, 69, 65, 63, 60, 59, 59, 60, 62, 61, 58, 57, 56, 56, 57, 57, 57, 57, 58,
    59, 60, 60, 60, 59, 59, 59, 60, 62, 63, 65, 65, 65, 64, 63, 63, 62, 62, 63, 65, 67, 68, 68, 69,
    70, 71, 72, 73, 72, 72, 72, 71, 71, 72, 74, 78, 80, 81, 82, 83, 85, 86, 88, 91, 93, 94, 95, 95,
    96, 98, 99, 100, 100, 101, 104, 107, 109, 109, 108, 107, 109, 112, 116, 119, 122, 123, 124, 127, 129, 131, 133, 134,
    135, 136, 138, 139, 138, 140, 145, 151, 155, 155, 156, 157, 159, 161, 165, 168, 169, 173, 177, 182, 185, 184, 184, 185,
    186, 186, 186, 186, 187, 188, 190, 191, 191, 191, 192, 194, 197, 198, 199, 199, 201, 204, 208, 211, 212, 213, 213, 215,
    220, 224, 227, 233, 240, 243, 246, 251, 252, 240, 216, 184, 145, 113, 92, 77, 65, 51, 43, 39, 35, 31, 29, 26,
    22, 20, 17, 13, 10, 10, 8, 7, 6, 5, 5, 4, 3, 3, 2, 2, 1, 1, 1, 1, 1, 0, 0, 0,
    0, 0, 0, 0, 0, 0, 0, 0, 0, 0, 0, 0, 0, 0, 0, 0, 0, 0, 0, 0, 0, 0, 0, 0,
    0, 0, 0, 0, 0, 0, 0, 0, 0, 0, 0, 0, 0, 0, 0, 0, 0, 0, 0, 0, 0, 0, 0, 0,
    0, 0, 0, 0, 0, 0, 0, 0, 0, 0, 0, 0, 0, 0, 0, 0, 0, 0, 0, 0, 0, 0, 0, 0,
    0, 0, 0, 0, 0, 0, 0, 0, 0, 0, 0, 0, 0, 0, 0, 0, 0, 0, 0, 0, 0, 0, 0, 0,
    0, 0, 0, 0, 0, 0, 0, 0, 0, 0, 0, 0, 0, 0, 0, 0, 0, 0, 0, 0, 0, 0, 0, 0,
    0, 0, 0, 0, 0, 0, 0, 0, 0, 0, 0, 0, 0, 0, 0, 0, 0, 0, 0, 0, 0, 0, 0, 0,
    0, 0, 0, 0, 0, 0, 0, 0, 0, 0, 0, 0, 0, 0, 0, 0, 0, 0, 1, 4, 12, 20, 36, 82,
    141, 145, 101, 45, 24, 13, 6, 2, 0, 0, 0, 0, 0, 0, 0, 0, 0, 0, 0, 0, 0, 0, 0, 0,
    0, 0, 0, 0, 0, 0, 1, 3, 7, 14, 25, 40, 71, 117, 160, 203, 227, 207, 169, 138, 116, 103, 91, 81,
    74, 71, 68, 65, 62, 59, 59, 57, 54, 52, 50, 48, 48, 47, 48, 51, 51, 51, 51, 50, 50, 50, 50, 49,
    48, 50, 52, 52, 52, 52, 51, 51, 51, 52, 53, 54, 55, 56, 56, 56, 57, 57, 56, 56, 57, 59, 60, 60,
    60, 62, 62, 62, 62, 63, 63, 63, 64, 63, 62, 63, 65, 68, 70, 70, 72, 75, 77, 78, 80, 83, 85, 86,
    86, 86, 86, 87, 87, 88, 90, 92, 96, 99, 101, 102, 102, 100, 101, 104, 106, 108, 110, 111, 112, 115, 118, 119,
    121, 121, 121, 122, 123, 123, 122, 124, 128, 135, 139, 140, 141, 144, 145, 147, 151, 154, 155, 158, 161, 164, 168, 170,
    174, 176, 177, 178, 179, 180, 181, 182, 183, 182, 181, 182, 183, 183, 184, 185, 185, 185, 187, 190, 194, 197, 198, 196,
    196, 197, 199, 201, 203, 211, 221, 228, 234, 241, 246, 250, 255, 255, 239, 204, 158, 123, 100, 75, 61, 53, 46, 40,
    36, 33, 28, 25, 22, 18, 13, 12, 11, 9, 8, 8, 6, 6, 5, 4, 3, 3, 3, 2, 2, 2, 1, 0,
    0, 1, 1, 1, 1, 0, 0, 0, 0, 0, 0, 0, 0, 0, 0, 0, 0, 0, 0, 0, 0, 0, 0, 0,
    0, 0, 0, 0, 0, 0, 0, 0, 0, 0, 0, 0, 0, 0, 0, 0, 0, 0, 0, 0, 0, 0, 0, 0,
    0, 0, 0, 0, 0, 0, 0, 0, 0, 0, 0, 0, 0, 0, 0, 0, 0, 0, 0, 0, 0, 0, 0, 0,
    0, 0, 0, 0, 0, 0, 0, 0, 0, 0, 0, 0, 0, 0, 0, 0, 0, 0, 0, 0, 0, 0, 0, 0,
    0, 0, 0, 0, 0, 0, 0, 0, 0, 0, 0, 0, 0, 0, 0, 0, 0, 0, 0, 0, 0, 0, 0, 0,
    0, 0, 0, 0, 0, 0, 0, 0, 0, 0, 0, 0, 0, 0, 0, 0, 0, 0, 0, 0, 0, 0, 0, 0,
    0, 0, 0, 0, 0, 0, 0, 0, 0, 0, 0, 0, 0, 0, 0, 0, 0, 0, 1, 4, 9, 19, 40, 90,
    152, 172, 119, 58, 27, 14, 5, 1, 0, 0, 0, 0, 0, 0, 0, 0, 0, 0, 0, 0, 0, 0, 0, 0,
    0, 0, 0, 0, 0, 0, 2, 5, 9, 19, 29, 49, 93, 153, 210, 228, 205, 158, 122, 104, 94, 86, 78, 71,
    66, 59, 55, 54, 53, 51, 50, 50, 50, 49, 47, 45, 43, 43, 43, 41, 41, 42, 44, 44, 44, 45, 44, 44,
    43, 42, 42, 43, 45, 47, 47, 46, 46, 45, 46, 46, 47, 48, 49, 49, 49, 50, 51, 51, 51, 52, 52, 53,
    53, 53, 54, 56, 56, 56, 57, 57, 58, 58, 58, 57, 56, 57, 59, 62, 64, 64, 64, 66, 68, 70, 71, 74,
    77, 78, 79, 79, 79, 80, 80, 81, 81, 84, 88, 91, 93, 97, 97, 96, 95, 97, 97, 98, 99, 100, 102, 104,
    106, 109, 111, 113, 113, 112, 113, 114, 114, 116, 119, 124, 127, 129, 131, 135, 137, 140, 143, 145, 147, 149, 151, 152,
    154, 156, 159, 160, 163, 168, 172, 175, 176, 175, 174, 174, 174, 174, 174, 174, 174, 174, 174, 175, 177, 181, 185, 187,
    188, 186, 186, 187, 189, 192, 194, 200, 208, 214, 219, 224, 230, 237, 246, 251, 254, 255, 245, 212, 168, 114, 85, 74,
    66, 56, 47, 41, 37, 33, 29, 23, 17, 15, 14, 12, 11, 10, 9, 8, 7, 5, 4, 4, 3, 3, 2, 2,
    1, 1, 1, 1, 1, 1, 1, 0, 0, 0, 0, 0, 0, 0, 0, 0, 0, 0, 0, 0, 0, 0, 0, 0,
    0, 0, 0, 0, 0, 0, 0, 0, 0, 0, 0, 0, 0, 0, 0, 0, 0, 0, 0, 0, 0, 0, 0, 0,
    0, 0, 0, 0, 0, 0, 0, 0, 0, 0, 0, 0, 0, 0, 0, 0, 0, 0, 0, 0, 0, 0, 0, 0,
    0, 0, 0, 0, 0, 0, 0, 0, 0, 0, 0, 0, 0, 0, 0, 0, 0, 0, 0, 0, 0, 0, 0, 0,
    0, 0, 0, 0, 0, 0, 0, 0, 0, 0, 0, 0, 0, 0, 0, 0, 0, 0, 0, 0, 0, 0, 0, 0,
    0, 0, 0, 0, 0, 0, 0, 0, 0, 0, 0, 0, 0, 0, 0, 0, 0, 0, 0, 0, 0, 0, 0, 0,
    0, 0, 0, 0, 0, 0, 0, 0, 0, 0, 0, 0, 0, 0, 0, 0, 0, 0, 2, 4, 8, 16, 33, 79,
    154, 189, 140, 71, 37, 20, 9, 2, 0, 0, 0, 0, 0, 0, 0, 0, 0, 0, 0, 0, 0, 0, 0, 0,
    0, 0, 0, 0, 0, 1, 4, 9, 16, 20, 34, 71, 128, 184, 201, 194, 174, 132, 101, 79, 68, 64, 60, 56,
    51, 48, 45, 42, 40, 41, 41, 41, 40, 40, 40, 39, 38, 37, 37, 38, 38, 37, 37, 37, 38, 39, 39, 39,
    39, 38, 37, 36, 36, 37, 38, 40, 40, 40, 38, 37, 38, 39, 40, 40, 40, 41, 41, 42, 42, 43, 43, 44,
    45, 46, 46, 46, 47, 48, 49, 49, 50, 51, 52, 53, 53, 53, 52, 52, 53, 55, 57, 57, 58, 59, 60, 61,
    62, 65, 69, 71, 72, 72, 73, 73, 73, 74, 74, 75, 79, 82, 85, 89, 89, 87, 87, 88, 88, 89, 90, 91,
    93, 95, 96, 99, 101, 104, 105, 105, 106, 107, 109, 110, 112, 115, 119, 120, 123, 126, 128, 130, 133, 135, 135, 136,
    136, 135, 135, 139, 141, 143, 145, 147, 151, 157, 163, 166, 166, 167, 168, 168, 168, 168, 167, 167, 167, 168, 169, 172,
    175, 176, 177, 176, 176, 177, 178, 180, 183, 189, 195, 200, 203, 205, 208, 212, 224, 237, 241, 244, 249, 252, 247, 221,
    177, 134, 105, 86, 71, 58, 49, 43, 37, 31, 24, 22, 20, 16, 14, 13, 11, 10, 9, 8, 6, 5, 4, 3,
    3, 2, 2, 2, 2, 2, 1, 1, 1, 1, 0, 0, 0, 0, 0, 0, 0, 0, 0, 0, 0, 0, 0, 0,
    0, 0, 0, 0, 0, 0, 0, 0, 0, 0, 0, 0, 0, 0, 0, 0, 0, 0, 0, 0, 0, 0, 0, 0,
    0, 0, 0, 0, 0, 0, 0, 0, 0, 0, 0, 0, 0, 0, 0, 0, 0, 0, 0, 0, 0, 0, 0, 0,
    0, 0, 0, 0, 0, 0, 0, 0, 0, 0, 0, 0, 0, 0, 0, 0, 0, 0, 0, 0, 0, 0, 0, 0,
    0, 0, 0, 0, 0, 0, 0, 0, 0, 0, 0, 0, 0, 0, 0, 0, 0, 0, 0, 0, 0, 0, 0, 0,
    0, 0, 0, 0, 0, 0, 0, 0, 0, 0, 0, 0, 0, 0, 0, 0, 0, 0, 0, 0, 0, 0, 0, 0,
    0, 0, 0, 0, 0, 0, 0, 0, 0, 0, 0, 0, 0, 0, 0, 0, 0, 0, 1, 5, 11, 20, 30, 66,
    150, 191, 137, 76, 41, 22, 10, 4, 1, 0, 0, 0, 0, 0, 0, 0, 0, 0, 0, 0, 0, 0, 0, 0,
    0, 0, 0, 0, 0, 2, 5, 12, 22, 36, 62, 110, 166, 180, 178, 149, 113, 93, 79, 61, 51, 48, 44, 40,
    38, 37, 34, 32, 30, 29, 29, 30, 31, 31, 31, 31, 31, 31, 30, 30, 31, 32, 32, 33, 33, 33, 34, 34,
    34, 33, 33, 32, 31, 31, 31, 31, 32, 33, 33, 32, 31, 30, 30, 31, 32, 33, 33, 34, 34, 35, 34, 34,
    35, 37, 36, 37, 39, 39, 39, 40, 41, 42, 42, 43, 45, 47, 47, 47, 48, 48, 48, 49, 50, 51, 51, 52,
    53, 54, 54, 57, 60, 63, 65, 66, 66, 66, 67, 67, 67, 68, 70, 74, 77, 80, 79, 78, 78, 78, 80, 81,
    82, 84, 85, 86, 87, 89, 91, 94, 96, 97, 99, 101, 103, 104, 104, 107, 110, 112, 114, 116, 117, 119, 120, 120,
    120, 120, 119, 117, 117, 120, 123, 127, 132, 135, 136, 138, 143, 148, 153, 158, 161, 161, 162, 162, 161, 160, 161, 161,
    162, 162, 162, 163, 164, 165, 165, 166, 166, 167, 172, 178, 183, 185, 186, 188, 189, 192, 197, 204, 210, 218, 231, 238,
    244, 254, 255, 238, 204, 159, 123, 96, 73, 60, 51, 44, 36, 31, 27, 23, 20, 17, 15, 14, 12, 11, 9, 8,
    7, 5, 4, 3, 3, 3, 3, 3, 2, 2, 1, 1, 0, 0, 0, 0, 0, 0, 0, 0, 0, 0, 0, 0,
    0, 0, 0, 0, 0, 0, 0, 0, 0, 0, 0, 0, 0, 0, 0, 0, 0, 0, 0, 0, 0, 0, 0, 0,
    0, 0, 0, 0, 0, 0, 0, 0, 0, 0, 0, 0, 0, 0, 0, 0, 0, 0, 0, 0, 0, 0, 0, 0,
    0, 0, 0, 0, 0, 0, 0, 0, 0, 0, 0, 0, 0, 0, 0, 0, 0, 0, 0, 0, 0, 0, 0, 0,
    0, 0, 0, 0, 0, 0, 0, 0, 0, 0, 0, 0, 0, 0, 0, 0, 0, 0, 0, 0, 0, 0, 0, 0,
    0, 0, 0, 0, 0, 0, 0, 0, 0, 0, 0, 0, 0, 0, 0, 0, 0, 0, 0, 0, 0, 0, 0, 0,
    0, 0, 0, 0, 0, 0, 0, 0, 0, 0, 0, 0, 0, 0, 0, 0, 0, 0, 1, 4, 10, 22, 41, 84,
    157, 180, 147, 75, 31, 18, 9, 3, 0, 0, 0, 0, 0, 0, 0, 0, 0, 0, 0, 0, 0, 0, 0, 0,
    0, 0, 0, 0, 1, 3, 6, 13, 23, 42, 84, 136, 190, 208, 169, 121, 92, 74, 62, 52, 46, 38, 33, 31,
    30, 28, 27, 27, 26, 25, 24, 23, 23, 24, 25, 24, 24, 24, 25, 25, 24, 25, 26, 26, 27, 28, 29, 29,
    29, 29, 29, 28, 27, 27, 27, 27, 27, 26, 26, 28, 28, 28, 26, 25, 26, 27, 28, 28, 29, 30, 31, 31,
    30, 30, 30, 31, 32, 33, 33, 34, 34, 34, 36, 37, 38, 38, 41, 42, 42, 42, 42, 43, 44, 44, 44, 45,
    45, 45, 46, 47, 48, 50, 53, 55, 57, 58, 58, 59, 59, 60, 61, 61, 64, 67, 70, 72, 72, 70, 70, 71,
    73, 74, 75, 77, 77, 78, 79, 80, 81, 85, 87, 89, 91, 93, 95, 96, 96, 98, 99, 100, 103, 106, 108, 108,
    109, 110, 109, 109, 108, 108, 109, 111, 114, 118, 123, 126, 129, 131, 134, 137, 140, 145, 148, 150, 151, 153, 153, 152,
    153, 153, 154, 153, 152, 153, 155, 155, 156, 157, 157, 158, 162, 167, 171, 172, 173, 174, 176, 179, 183, 187, 192, 198,
    208, 217, 227, 239, 247, 252, 254, 244, 215, 169, 119, 91, 78, 64, 51, 43, 36, 31, 27, 23, 20, 18, 16, 14,
    13, 11, 10, 7, 6, 5, 5, 5, 4, 4, 3, 3, 2, 1, 1, 1, 0, 0, 0, 0, 0, 0, 1, 1,
    0, 0, 0, 0, 0, 0, 0, 0, 0, 0, 0, 0, 0, 0, 0, 0, 0, 0, 0, 0, 0, 0, 0, 0,
    0, 0, 0, 0, 0, 0, 0, 0, 0, 0, 0, 0, 0, 0, 0, 0, 0, 0, 0, 0, 0, 0, 0, 0,
    0, 0, 0, 0, 0, 0, 0, 0, 0, 0, 0, 0, 0, 0, 0, 0, 0, 0, 0, 0, 0, 0, 0, 0,
    0, 0, 0, 0, 0, 0, 0, 0, 0, 0, 0, 0, 0, 0, 0, 0, 0, 0, 0, 0, 0, 0, 0, 0,
    0, 0, 0, 0, 0, 0, 0, 0, 0, 0, 0, 0, 0, 0, 0, 0, 0, 0, 0, 0, 0, 0, 0, 0,
    0, 0, 0, 0, 0, 0, 0, 0, 0, 0, 0, 0, 0, 0, 0, 0, 0, 0, 2, 4, 9, 16, 34, 83,
    145, 201, 178, 95, 45, 25, 12, 4, 1, 0, 0, 0, 0, 0, 0, 0, 0, 0, 0, 0, 0, 0, 0, 0,
    0, 0, 0, 1, 3, 6, 11, 18, 26, 54, 112, 166, 189, 173, 135, 95, 71, 59, 50, 41, 34, 29, 26, 24,
    22, 22, 21, 20, 20, 20, 20, 20, 20, 19, 18, 18, 19, 19, 19, 19, 20, 21, 20, 20, 21, 22, 22, 23,
    23, 24, 24, 23, 23, 23, 22, 22, 23, 23, 22, 22, 22, 23, 24, 24, 23, 22, 23, 24, 24, 25, 26, 26,
    27, 27, 27, 26, 27, 27, 29, 29, 29, 29, 30, 30, 31, 33, 33, 34, 36, 37, 36, 36, 36, 38, 40, 40,
    40, 39, 39, 40, 41, 41, 41, 43, 45, 46, 48, 49, 50, 51, 52, 52, 53, 54, 56, 59, 62, 64, 63, 62,
    62, 64, 65, 66, 67, 68, 68, 69, 71, 71, 73, 76, 77, 78, 81, 83, 84, 85, 86, 86, 88, 88, 91, 95,
    97, 98, 99, 99, 99, 99, 99, 100, 102, 103, 106, 109, 113, 115, 119, 122, 124, 125, 126, 129, 130, 130, 130, 134,
    138, 142, 145, 146, 145, 145, 145, 146, 147, 147, 149, 150, 150, 151, 155, 158, 160, 160, 160, 161, 163, 166, 171, 175,
    179, 184, 188, 195, 204, 215, 226, 233, 241, 250, 255, 252, 224, 175, 134, 98, 72, 61, 50, 42, 37, 33, 28, 24,
    22, 20, 18, 16, 14, 11, 9, 8, 7, 6, 6, 5, 5, 4, 4, 3, 2, 1, 1, 1, 1, 0, 0, 0,
    1, 1, 0, 0, 0, 0, 0, 0, 0, 0, 0, 0, 0, 0, 0, 0, 0, 0, 0, 0, 0, 0, 0, 0,
    0, 0, 0, 0, 0, 0, 0, 0, 0, 0, 0, 0, 0, 0, 0, 0, 0, 0, 0, 0, 0, 0, 0, 0,
    0, 0, 0, 0, 0, 0, 0, 0, 0, 0, 0, 0, 0, 0, 0, 0, 0, 0, 0, 0, 0, 0, 0, 0,
    0, 0, 0, 0, 0, 0, 0, 0, 0, 0, 0, 0, 0, 0, 0, 0, 0, 0, 0, 0, 0, 0, 0, 0,
    0, 0, 0, 0, 0, 0, 0, 0, 0, 0, 0, 0, 0, 0, 0, 0, 0, 0, 0, 0, 0, 0, 0, 0,
    0, 0, 0, 0, 0, 0, 0, 0, 0, 0, 0, 0, 0, 0, 0, 0, 0, 1, 2, 6, 11, 18, 28, 64,
    148, 216, 177, 108, 52, 27, 16, 8, 2, 0, 0, 0, 0, 0, 0, 0, 0, 0, 0, 0, 0, 0, 0, 0,
    0, 0, 0, 1, 3, 7, 14, 22, 38, 77, 138, 165, 155, 121, 80, 62, 49, 40, 34, 28, 22, 18, 17, 16,
    16, 16, 17, 17, 16, 15, 14, 15, 15, 15, 15, 14, 15, 15, 16, 17, 17, 17, 17, 17, 17, 17, 17, 17,
    18, 18, 18, 19, 19, 17, 17, 17, 17, 17, 17, 18, 18, 17, 17, 17, 19, 19, 19, 19, 20, 20, 21, 21,
    21, 22, 23, 22, 22, 22, 23, 23, 24, 24, 24, 24, 25, 25, 25, 26, 28, 29, 30, 30, 31, 31, 31, 33,
    34, 34, 34, 34, 34, 35, 36, 35, 34, 36, 38, 39, 40, 42, 43, 43, 44, 45, 45, 45, 47, 48, 49, 52,
    53, 53, 54, 56, 56, 57, 59, 58, 58, 61, 63, 64, 65, 66, 68, 70, 71, 72, 73, 74, 75, 76, 77, 77,
    78, 81, 84, 86, 88, 89, 89, 89, 90, 91, 92, 94, 96, 97, 99, 101, 105, 107, 109, 109, 108, 108, 108, 108,
    111, 114, 115, 117, 124, 130, 134, 137, 139, 141, 143, 143, 144, 145, 146, 146, 146, 147, 149, 148, 147, 147, 149, 153,
    157, 161, 164, 166, 168, 172, 179, 186, 192, 196, 204, 219, 229, 240, 252, 251, 230, 194, 146, 115, 92, 70, 56, 46,
    38, 33, 30, 27, 23, 21, 18, 14, 11, 11, 10, 8, 8, 7, 6, 5, 4, 4, 3, 2, 2, 1, 1, 1,
    1, 1, 1, 1, 0, 0, 0, 0, 0, 0, 0, 0, 0, 0, 0, 0, 0, 0, 0, 0, 0, 0, 0, 0,
    0, 0, 0, 0, 0, 0, 0, 0, 0, 0, 0, 0, 0, 0, 0, 0, 0, 0, 0, 0, 0, 0, 0, 0,
    0, 0, 0, 0, 0, 0, 0, 0, 0, 0, 0, 0, 0, 0, 0, 0, 0, 0, 0, 0, 0, 0, 0, 0,
    0, 0, 0, 0, 0, 0, 0, 0, 0, 0, 0, 0, 0, 0, 0, 0, 0, 0, 0, 0, 0, 0, 0, 0,
    0, 0, 0, 0, 0, 0, 0, 0, 0, 0, 0, 0, 0, 0, 0, 0, 0, 0, 0, 0, 0, 0, 0, 0,
    0, 0, 0, 0, 0, 0, 0, 0, 0, 0, 0, 0, 0, 0, 0, 0, 0, 0, 2, 5, 12, 24, 41, 82,
    156, 189, 163, 101, 55, 27, 12, 5, 2, 1, 0, 0, 0, 0, 0, 0, 0, 0, 0, 0, 0, 0, 0, 0,
    0, 0, 0, 2, 4, 7, 12, 23, 54, 111, 142, 162, 145, 90, 51, 34, 28, 23, 20, 17, 15, 13, 11, 11,
    11, 12, 12, 12, 12, 13, 12, 11, 11, 11, 12, 12, 11, 11, 12, 12, 13, 14, 14, 13, 14, 14, 13, 13,
    14, 14, 14, 15, 14, 14, 14, 14, 13, 13, 13, 13, 14, 15, 15, 14, 13, 13, 15, 15, 16, 16, 17, 17,
    17, 17, 17, 18, 18, 18, 18, 18, 19, 19, 20, 20, 20, 20, 21, 20, 21, 22, 23, 24, 25, 26, 26, 27,
    27, 29, 29, 30, 29, 29, 30, 31, 32, 31, 29, 30, 32, 33, 34, 35, 36, 37, 38, 39, 39, 39, 40, 41,
    41, 42, 44, 46, 47, 48, 49, 50, 51, 52, 52, 54, 56, 57, 58, 59, 60, 61, 62, 64, 65, 66, 67, 68,
    69, 69, 70, 71, 72, 75, 77, 78, 79, 79, 80, 81, 82, 84, 86, 87, 89, 91, 93, 95, 96, 96, 96, 96,
    95, 94, 97, 100, 102, 103, 106, 109, 115, 123, 131, 136, 138, 138, 138, 139, 140, 140, 138, 138, 140, 138, 137, 137,
    138, 141, 145, 148, 152, 154, 154, 156, 161, 167, 170, 171, 177, 188, 197, 211, 227, 241, 250, 255, 241, 211, 169, 122,
    89, 68, 54, 45, 41, 36, 31, 28, 25, 19, 16, 15, 13, 11, 10, 10, 8, 6, 6, 5, 4, 4, 2, 2,
    1, 1, 1, 1, 1, 1, 0, 0, 0, 0, 0, 0, 0, 0, 0, 0, 0, 0, 0, 0, 0, 0, 0, 0,
    0, 0, 0, 0, 0, 0, 0, 0, 0, 0, 0, 0, 0, 0, 0, 0, 0, 0, 0, 0, 0, 0, 0, 0,
    0, 0, 0, 0, 0, 0, 0, 0, 0, 0, 0, 0, 0, 0, 0, 0, 0, 0, 0, 0, 0, 0, 0, 0,
    0, 0, 0, 0, 0, 0, 0, 0, 0, 0, 0, 0, 0, 0, 0, 0, 0, 0, 0, 0, 0, 0, 0, 0,
    0, 0, 0, 0, 0, 0, 0, 0, 0, 0, 0, 0, 0, 0, 0, 0, 0, 0, 0, 0, 0, 0, 0, 0,
    0, 0, 0, 0, 0, 0, 0, 0, 0, 0, 0, 0, 0, 0, 0, 0, 0, 1, 3, 7, 13, 23, 49, 99,
    159, 199, 183, 109, 51, 27, 13, 4, 0, 0, 0, 0, 0, 0, 0, 0, 0, 0, 0, 0, 0, 0, 0, 0,
    0, 0, 1, 4, 6, 10, 15, 24, 57, 127, 175, 162, 113, 71, 47, 34, 21, 16, 14, 12, 10, 8, 8, 7,
    8, 8, 8, 9, 10, 9, 9, 9, 9, 8, 8, 9, 9, 9, 9, 9, 10, 10, 11, 10, 10, 11, 11, 11,
    11, 11, 11, 11, 11, 12, 11, 11, 11, 11, 11, 11, 11, 11, 12, 12, 12, 12, 11, 12, 12, 13, 14, 14,
    14, 15, 15, 14, 14, 14, 15, 16, 16, 16, 16, 16, 17, 17, 17, 18, 18, 18, 18, 19, 20, 21, 22, 23,
    24, 25, 25, 26, 26, 26, 25, 25, 26, 27, 28, 28, 27, 26, 27, 27, 29, 31, 32, 33, 35, 35, 35, 35,
    36, 36, 36, 36, 38, 40, 42, 43, 43, 44, 46, 48, 48, 50, 51, 52, 52, 53, 53, 53, 55, 57, 59, 60,
    61, 62, 63, 64, 63, 63, 64, 67, 69, 70, 69, 69, 70, 71, 74, 75, 77, 78, 82, 85, 86, 86, 87, 88,
    88, 89, 88, 88, 88, 89, 91, 94, 96, 98, 101, 106, 112, 118, 124, 129, 131, 132, 131, 131, 131, 131, 132, 131,
    130, 131, 132, 133, 135, 138, 142, 144, 145, 146, 149, 153, 156, 157, 161, 170, 177, 185, 198, 210, 221, 236, 248, 253,
    246, 217, 161, 113, 80, 63, 55, 48, 43, 39, 33, 26, 22, 21, 19, 16, 14, 13, 11, 9, 8, 7, 6, 5,
    4, 3, 2, 2, 2, 2, 1, 1, 1, 0, 0, 0, 0, 0, 0, 0, 0, 0, 0, 0, 0, 0, 0, 0,
    0, 0, 0, 0, 0, 0, 0, 0, 0, 0, 0, 0, 0, 0, 0, 0, 0, 0, 0, 0, 0, 0, 0, 0,
    0, 0, 0, 0, 0, 0, 0, 0, 0, 0, 0, 0, 0, 0, 0, 0, 0, 0, 0, 0, 0, 0, 0, 0,
    0, 0, 0, 0, 0, 0, 0, 0, 0, 0, 0, 0, 0, 0, 0, 0, 0, 0, 0, 0, 0, 0, 0, 0,
    0, 0, 0, 0, 0, 0, 0, 0, 0, 0, 0, 0, 0, 0, 0, 0, 0, 0, 0, 0, 0, 0, 0, 0,
    0, 0, 0, 0, 0, 0, 0, 0, 0, 0, 0, 0, 0, 0, 0, 0, 0, 1, 3, 7, 13, 26, 45, 93,
    183, 226, 186, 114, 64, 35, 17, 5, 1, 0, 0, 0, 0, 0, 0, 0, 0, 0, 0, 0, 0, 0, 0, 0,
    0, 0, 1, 4, 11, 16, 22, 41, 83, 135, 137, 107, 76, 48, 35, 25, 18, 11, 8, 7, 5, 5, 5, 5,
    5, 5, 5, 5, 5, 6, 6, 6, 6, 6, 6, 6, 6, 6, 7, 7, 7, 7, 7, 8, 8, 8, 8, 8,
    8, 8, 8, 8, 8, 8, 8, 8, 9, 8, 8, 9, 9, 8, 9, 9, 9, 9, 10, 10, 9, 9, 10, 11,
    11, 11, 12, 12, 12, 11, 11, 12, 13, 14, 13, 13, 13, 14, 15, 15, 15, 15, 15, 15, 16, 15, 17, 18,
    18, 19, 20, 21, 21, 22, 22, 21, 21, 21, 21, 22, 23, 23, 22, 22, 23, 23, 24, 26, 28, 29, 30, 31,
    31, 31, 31, 31, 31, 31, 33, 34, 36, 37, 38, 38, 40, 41, 42, 43, 44, 45, 46, 47, 47, 48, 50, 51,
    54, 55, 56, 56, 55, 55, 55, 54, 56, 58, 60, 62, 62, 62, 62, 63, 65, 67, 69, 70, 73, 75, 76, 76,
    78, 79, 81, 80, 79, 78, 78, 78, 80, 82, 83, 84, 85, 89, 93, 96, 98, 103, 109, 116, 119, 121, 124, 124,
    125, 125, 125, 126, 128, 128, 128, 129, 131, 132, 132, 133, 136, 139, 141, 142, 145, 150, 155, 159, 166, 173, 180, 193,
    210, 220, 233, 252, 249, 226, 179, 123, 94, 76, 66, 57, 48, 37, 33, 30, 27, 23, 20, 17, 14, 12, 11, 9,
    8, 7, 6, 4, 4, 4, 3, 3, 2, 2, 1, 1, 1, 1, 1, 0, 0, 0, 0, 0, 0, 0, 0, 0,
    0, 0, 0, 0, 0, 0, 0, 0, 0, 0, 0, 0, 0, 0, 0, 0, 0, 0, 0, 0, 0, 0, 0, 0,
    0, 0, 0, 0, 0, 0, 0, 0, 0, 0, 0, 0, 0, 0, 0, 0, 0, 0, 0, 0, 0, 0, 0, 0,
    0, 0, 0, 0, 0, 0, 0, 0, 0, 0, 0, 0, 0, 0, 0, 0, 0, 0, 0, 0, 0, 0, 0, 0,
    0, 0, 0, 0, 0, 0, 0, 0, 0, 0, 0, 0, 0, 0, 0, 0, 0, 0, 0, 0, 0, 0, 0, 0,
    0, 0, 0, 0, 0, 0, 0, 0, 0, 0, 0, 0, 0, 0, 0, 0, 0, 2, 4, 10, 18, 28, 51, 108,
    179, 210, 164, 105, 57, 33, 17, 8, 2, 0, 0, 0, 0, 0, 0, 0, 0, 0, 0, 0, 0, 0, 0, 0,
    0, 0, 0, 0, 8, 14, 33, 69, 110, 117, 112, 92, 50, 25, 19, 16, 10, 6, 4, 3, 3, 3, 2, 2,
    2, 3, 3, 4, 3, 3, 3, 3, 3, 3, 4, 5, 5, 5, 4, 4, 4, 5, 5, 5, 5, 5, 5, 6,
    6, 5, 6, 5, 5, 5, 5, 5, 5, 5, 6, 6, 6, 6, 6, 6, 6, 6, 6, 6, 7, 8, 8, 8,
    8, 9, 9, 9, 9, 9, 9, 8, 9, 10, 11, 11, 11, 11, 11, 11, 11, 12, 12, 12, 12, 12, 12, 12,
    13, 14, 15, 15, 16, 17, 17, 17, 18, 18, 17, 17, 17, 17, 17, 18, 18, 18, 18, 19, 21, 22, 24, 24,
    25, 26, 26, 26, 27, 27, 26, 28, 29, 29, 31, 33, 33, 33, 34, 35, 36, 36, 37, 39, 40, 42, 43, 44,
    45, 46, 48, 49, 50, 49, 47, 47, 48, 48, 49, 51, 54, 55, 56, 56, 55, 55, 57, 59, 61, 62, 63, 65,
    67, 68, 70, 72, 73, 71, 69, 69, 69, 68, 69, 70, 71, 71, 71, 74, 78, 79, 81, 83, 86, 90, 95, 101,
    110, 116, 118, 118, 119, 122, 123, 122, 121, 121, 121, 121, 119, 121, 124, 127, 129, 130, 132, 136, 137, 139, 141, 144,
    148, 155, 166, 176, 187, 210, 231, 250, 255, 236, 201, 152, 108, 90, 75, 57, 48, 43, 37, 31, 27, 23, 19, 16,
    14, 13, 11, 9, 8, 6, 6, 6, 5, 4, 3, 3, 3, 2, 2, 1, 1, 1, 1, 0, 0, 0, 0, 0,
    0, 0, 0, 0, 0, 0, 0, 0, 0, 0, 0, 0, 0, 0, 0, 0, 0, 0, 0, 0, 0, 0, 0, 0,
    0, 0, 0, 0, 0, 0, 0, 0, 0, 0, 0, 0, 0, 0, 0, 0, 0, 0, 0, 0, 0, 0, 0, 0,
    0, 0, 0, 0, 0, 0, 0, 0, 0, 0, 0, 0, 0, 0, 0, 0, 0, 0, 0, 0, 0, 0, 0, 0,
    0, 0, 0, 0, 0, 0, 0, 0, 0, 0, 0, 0, 0, 0, 0, 0, 0, 0, 0, 0, 0, 0, 0, 0,
    0, 0, 0, 0, 0, 0, 0, 0, 0, 0, 0, 0, 0, 0, 0, 0, 0, 2, 5, 10, 20, 39, 68, 122,
    190, 205, 171, 99, 43, 22, 12, 5, 1, 0, 0, 0, 0, 0, 0, 0, 0, 0, 0, 0, 0, 0, 0, 0,
    0, 0, 0, 0, 0, 0, 28, 58, 106, 134, 103, 59, 37, 30, 22, 11, 6, 5, 3, 2, 2, 2, 2, 2,
    2, 2, 2, 2, 2, 2, 3, 2, 2, 2, 2, 3, 3, 3, 3, 3, 3, 3, 3, 3, 4, 4, 4, 4,
    4, 4, 4, 4, 4, 4, 4, 4, 4, 4, 4, 4, 4, 4, 4, 4, 4, 4, 5, 5, 5, 5, 6, 6,
    7, 7, 6, 7, 7, 7, 8, 8, 7, 7, 8, 8, 8, 9, 9, 9, 9, 9, 9, 9, 10, 9, 9, 10,
    10, 11, 11, 11, 12, 12, 13, 13, 14, 15, 15, 15, 14, 14, 15, 15, 15, 15, 16, 16, 16, 17, 18, 19,
    20, 21, 21, 22, 22, 22, 23, 23, 24, 24, 26, 26, 28, 29, 29, 30, 31, 32, 31, 31, 32, 34, 36, 38,
    39, 40, 41, 42, 43, 43, 44, 43, 42, 42, 43, 44, 46, 48, 49, 50, 51, 51, 49, 49, 50, 53, 54, 56,
    57, 59, 62, 63, 65, 66, 66, 63, 62, 63, 63, 62, 61, 62, 63, 63, 64, 66, 68, 70, 72, 73, 75, 78,
    81, 84, 88, 97, 106, 111, 113, 114, 115, 116, 115, 114, 113, 113, 112, 113, 116, 118, 121, 124, 126, 128, 129, 130,
    130, 131, 134, 140, 146, 154, 159, 161, 171, 192, 225, 248, 255, 245, 199, 155, 120, 84, 68, 61, 50, 41, 35, 30,
    25, 21, 20, 17, 15, 13, 11, 9, 8, 8, 6, 5, 5, 4, 4, 3, 3, 2, 2, 2, 1, 1, 1, 1,
    0, 0, 0, 0, 0, 0, 0, 0, 0, 0, 0, 0, 0, 0, 0, 0, 0, 0, 0, 0, 0, 0, 0, 0,
    0, 0, 0, 0, 0, 0, 0, 0, 0, 0, 0, 0, 0, 0, 0, 0, 0, 0, 0, 0, 0, 0, 0, 0,
    0, 0, 0, 0, 0, 0, 0, 0, 0, 0, 0, 0, 0, 0, 0, 0, 0, 0, 0, 0, 0, 0, 0, 0,
    0, 0, 0, 0, 0, 0, 0, 0, 0, 0, 0, 0, 0, 0, 0, 0, 0, 0, 0, 0, 0, 0, 0, 0,
    0, 0, 0, 0, 0, 0, 0, 0, 0, 0, 0, 0, 0, 0, 0, 0, 1, 2, 6, 13, 23, 42, 80, 141,
    197, 219, 172, 105, 60, 31, 13, 5, 2, 0, 0, 0, 0, 0, 0, 0, 0, 0, 0, 0, 0, 0, 0, 0,
    0, 0, 0, 0, 0, 0, 0, 0, 91, 83, 64, 41, 25, 19, 13, 10, 5, 2, 1, 1, 1, 1, 1, 1,
    1, 1, 1, 1, 1, 1, 1, 1, 2, 2, 2, 2, 2, 2, 2, 2, 2, 2, 2, 2, 2, 2, 2, 2,
    2, 2, 3, 2, 2, 2, 2, 3, 3, 3, 2, 2, 3, 3, 3, 3, 3, 3, 3, 3, 3, 3, 3, 4,
    4, 5, 5, 5, 4, 5, 6, 6, 6, 6, 6, 6, 6, 5, 6, 7, 7, 7, 7, 7, 7, 7, 7, 7,
    7, 8, 8, 9, 8, 9, 9, 9, 10, 10, 11, 12, 13, 13, 12, 13, 12, 12, 12, 13, 14, 14, 14, 14,
    15, 16, 17, 17, 18, 18, 18, 18, 19, 19, 20, 21, 22, 23, 24, 25, 25, 26, 28, 28, 27, 27, 28, 30,
    32, 34, 34, 35, 35, 36, 36, 37, 38, 37, 37, 38, 38, 40, 41, 42, 43, 43, 45, 43, 42, 42, 43, 46,
    47, 49, 51, 53, 56, 57, 59, 60, 59, 56, 55, 56, 57, 57, 56, 56, 57, 57, 58, 59, 60, 61, 63, 64,
    65, 67, 70, 72, 75, 78, 84, 90, 96, 101, 105, 108, 109, 109, 109, 109, 109, 109, 110, 112, 114, 117, 119, 121,
    121, 122, 122, 122, 124, 128, 133, 138, 141, 140, 142, 150, 171, 195, 213, 234, 252, 249, 224, 168, 121, 97, 75, 58,
    51, 43, 34, 29, 27, 24, 21, 19, 16, 12, 11, 10, 9, 8, 7, 6, 5, 5, 4, 4, 3, 3, 2, 2,
    2, 1, 0, 0, 0, 0, 0, 0, 0, 0, 0, 0, 0, 0, 0, 0, 0, 0, 0, 0, 0, 0, 0, 0,
    0, 0, 0, 0, 0, 0, 0, 0, 0, 0, 0, 0, 0, 0, 0, 0, 0, 0, 0, 0, 0, 0, 0, 0,
    0, 0, 0, 0, 0, 0, 0, 0, 0, 0, 0, 0, 0, 0, 0, 0, 0, 0, 0, 0, 0, 0, 0, 0,
    0, 0, 0, 0, 0, 0, 0, 0, 0, 0, 0, 0, 0, 0, 0, 0, 0, 0, 0, 0, 0, 0, 0, 0,
    0, 0, 0, 0, 0, 0, 0, 0, 0, 0, 0, 0, 0, 0, 0, 1, 2, 4, 8, 14, 27, 48, 96, 161,
    219, 208, 152, 97, 58, 34, 17, 7, 2, 0, 0, 0, 0, 0, 0, 0, 0, 0, 0, 0, 0, 0, 0, 0,
    0, 0, 0, 0, 0, 0, 0, 0, 0, 0, 41, 24, 14, 9, 6, 3, 1, 0, 0, 0, 0, 0, 0, 1,
    1, 0, 1, 1, 1, 1, 1, 1, 1, 1, 1, 1, 1, 1, 1, 1, 1, 1, 1, 1, 1, 1, 1, 1,
    1, 1, 1, 1, 1, 1, 1, 1, 1, 1, 1, 1, 1, 1, 1, 1, 1, 1, 1, 2, 1, 2, 2, 2,
    2, 2, 2, 3, 3, 3, 2, 3, 3, 3, 3, 3, 3, 3, 3, 4, 4, 4, 4, 5, 5, 5, 5, 5,
    5, 5, 6, 6, 6, 6, 6, 6, 7, 7, 7, 8, 9, 10, 10, 10, 9, 9, 9, 10, 10, 11, 11, 11,
    11, 12, 13, 14, 14, 13, 14, 14, 14, 15, 15, 16, 17, 18, 19, 20, 20, 21, 20, 21, 22, 23, 23, 23,
    24, 26, 28, 29, 29, 29, 29, 29, 29, 30, 32, 32, 33, 33, 33, 34, 34, 34, 35, 36, 37, 36, 35, 36,
    38, 39, 40, 41, 44, 47, 48, 50, 53, 54, 52, 49, 48, 49, 51, 52, 51, 51, 51, 51, 52, 52, 51, 52,
    53, 54, 55, 56, 58, 60, 62, 66, 72, 73, 72, 79, 87, 95, 102, 106, 105, 106, 106, 106, 107, 107, 108, 110,
    111, 111, 112, 113, 112, 113, 115, 119, 123, 125, 128, 132, 135, 138, 144, 150, 155, 172, 208, 229, 245, 253, 237, 202,
    147, 106, 88, 72, 54, 44, 38, 34, 29, 25, 22, 18, 15, 13, 12, 11, 10, 9, 8, 8, 7, 6, 5, 5,
    4, 3, 3, 2, 1, 1, 1, 1, 0, 1, 1, 0, 0, 0, 0, 0, 0, 0, 0, 0, 0, 0, 0, 0,
    0, 0, 0, 0, 0, 0, 0, 0, 0, 0, 0, 0, 0, 0, 0, 0, 0, 0, 0, 0, 0, 0, 0, 0,
    0, 0, 0, 0, 0, 0, 0, 0, 0, 0, 0, 0, 0, 0, 0, 0, 0, 0, 0, 0, 0, 0, 0, 0,
    0, 0, 0, 0, 0, 0, 0, 0, 0, 0, 0, 0, 0, 0, 0, 0, 0, 0, 0, 0, 0, 0, 0, 0,
    0, 0, 0, 0, 0, 0, 0, 0, 0, 0, 0, 0, 0, 0, 0, 0, 2, 5, 11, 22, 41, 66, 111, 177,
    209, 180, 123, 67, 40, 26, 13, 5, 2, 0, 0, 0, 0, 0, 0, 0, 0, 0, 0, 0, 0, 0, 0, 0,
    0, 0, 0, 0, 0, 0, 0, 0, 0, 0, 0, 0, 14, 9, 4, 2, 1, 0, 0, 0, 1, 0, 0, 0,
    0, 0, 0, 0, 0, 1, 1, 1, 0, 1, 1, 1, 1, 1, 1, 1, 1, 1, 1, 1, 1, 1, 1, 1,
    1, 0, 0, 0, 0, 0, 0, 1, 1, 1, 1, 1, 1, 1, 1, 1, 1, 1, 1, 1, 1, 1, 1, 1,
    1, 1, 1, 1, 1, 2, 2, 1, 1, 2, 2, 2, 2, 2, 2, 2, 2, 2, 2, 3, 3, 3, 4, 4,
    4, 4, 4, 4, 5, 5, 5, 5, 5, 5, 5, 5, 6, 6, 7, 7, 8, 7, 7, 7, 7, 8, 9, 9,
    9, 9, 9, 10, 11, 11, 11, 11, 11, 12, 12, 12, 12, 13, 14, 15, 16, 17, 18, 18, 18, 18, 19, 20,
    19, 19, 21, 22, 23, 25, 25, 25, 25, 25, 25, 26, 27, 28, 29, 29, 30, 30, 29, 29, 30, 31, 32, 32,
    31, 32, 33, 34, 34, 35, 37, 39, 40, 43, 45, 46, 46, 43, 42, 43, 45, 47, 47, 47, 46, 46, 47, 46,
    45, 45, 46, 47, 48, 50, 51, 52, 54, 57, 61, 64, 65, 69, 74, 79, 85, 93, 97, 100, 101, 101, 101, 101,
    102, 105, 105, 105, 105, 106, 105, 105, 107, 111, 115, 117, 119, 123, 125, 128, 131, 133, 135, 143, 163, 176, 191, 222,
    244, 252, 241, 203, 166, 126, 87, 69, 60, 49, 40, 33, 28, 23, 20, 18, 16, 15, 14, 13, 12, 11, 10, 8,
    7, 6, 5, 4, 4, 3, 3, 2, 1, 1, 1, 1, 1, 0, 1, 1, 0, 0, 0, 0, 0, 0, 0, 0,
    0, 0, 0, 0, 0, 0, 0, 0, 0, 0, 0, 0, 0, 0, 0, 0, 0, 0, 0, 0, 0, 0, 0, 0,
    0, 0, 0, 0, 0, 0, 0, 0, 0, 0, 0, 0, 0, 0, 0, 0, 0, 0, 0, 0, 0, 0, 0, 0,
    0, 0, 0, 0, 0, 0, 0, 0, 0, 0, 0, 0, 0, 0, 0, 0, 0, 0, 0, 0, 0, 0, 0, 0,
    0, 0, 0, 0, 0, 0, 0, 0, 0, 0, 0, 0, 0, 0, 1, 2, 4, 7, 13, 27, 49, 84, 145, 192,
    206, 176, 111, 67, 39, 21, 11, 6, 2, 0, 0, 0, 0, 0, 0, 0, 0, 0, 0, 0, 0, 0, 0, 0,
    0, 0, 0, 0, 0, 0, 0, 0, 0, 0, 0, 0, 0, 0, 4, 2, 1, 0, 1, 0, 0, 0, 0, 0,
    0, 0, 0, 0, 0, 0, 0, 0, 0, 0, 0, 0, 0, 1, 1, 1, 1, 1, 1, 1, 1, 1, 1, 1,
    1, 1, 0, 0, 0, 0, 0, 0, 0, 0, 1, 0, 1, 1, 0, 1, 1, 1, 1, 1, 0, 1, 1, 1,
    1, 1, 1, 1, 1, 1, 1, 1, 1, 1, 1, 1, 1, 1, 1, 1, 1, 1, 2, 2, 1, 2, 2, 2,
    2, 2, 2, 2, 3, 3, 3, 4, 4, 4, 4, 4, 4, 4, 4, 5, 5, 5, 6, 5, 5, 6, 6, 6,
    7, 7, 7, 7, 8, 8, 9, 9, 9, 8, 9, 9, 10, 10, 10, 11, 12, 13, 13, 14, 15, 15, 16, 16,
    17, 18, 17, 17, 18, 19, 20, 20, 21, 21, 21, 21, 21, 22, 23, 24, 26, 26, 26, 26, 26, 26, 26, 26,
    27, 28, 28, 28, 29, 29, 29, 30, 30, 31, 33, 36, 37, 39, 39, 37, 36, 36, 38, 41, 43, 43, 41, 41,
    41, 41, 40, 39, 40, 42, 43, 44, 45, 46, 48, 50, 53, 55, 58, 61, 65, 66, 69, 72, 76, 83, 91, 95,
    94, 94, 96, 101, 101, 99, 99, 99, 99, 99, 99, 103, 107, 109, 110, 110, 112, 115, 119, 123, 125, 128, 134, 138,
    144, 166, 188, 203, 229, 254, 253, 228, 169, 122, 97, 73, 56, 45, 37, 31, 27, 25, 22, 20, 19, 17, 15, 14,
    13, 11, 9, 9, 8, 6, 5, 5, 4, 3, 3, 2, 1, 1, 1, 1, 1, 1, 0, 0, 0, 0, 0, 0,
    0, 0, 0, 0, 0, 0, 0, 0, 0, 0, 0, 0, 0, 0, 0, 0, 0, 0, 0, 0, 0, 0, 0, 0,
    0, 0, 0, 0, 0, 0, 0, 0, 0, 0, 0, 0, 0, 0, 0, 0, 0, 0, 0, 0, 0, 0, 0, 0,
    0, 0, 0, 0, 0, 0, 0, 0, 0, 0, 0, 0, 0, 0, 0, 0, 0, 0, 0, 0, 0, 0, 0, 0,
    0, 0, 0, 0, 0, 0, 0, 0, 0, 0, 0, 0, 0, 0, 1, 3, 7, 11, 16, 26, 49, 104, 164, 215,
    220, 166, 101, 57, 34, 20, 9, 4, 1, 1, 0, 0, 0, 0, 0, 0, 0, 0, 0, 0, 0, 0, 0, 0,
    0, 0, 0, 0, 0, 0, 0, 0, 0, 0, 0, 0, 0, 0, 0, 0, 0, 0, 0, 0, 0, 0, 0, 0,
    0, 0, 0, 0, 0, 0, 0, 0, 0, 0, 0, 0, 0, 0, 0, 0, 0, 0, 0, 0, 0, 0, 0, 0,
    0, 0, 0, 0, 0, 0, 0, 0, 0, 0, 0, 0, 0, 0, 1, 0, 0, 0, 0, 0, 0, 0, 0, 0,
    0, 0, 0, 0, 0, 0, 0, 0, 0, 0, 0, 0, 1, 1, 1, 1, 0, 0, 0, 0, 1, 1, 1, 1,
    1, 1, 1, 1, 1, 1, 1, 2, 2, 2, 2, 2, 2, 3, 3, 3, 3, 3, 3, 3, 3, 3, 4, 4,
    4, 4, 5, 5, 5, 6, 6, 6, 6, 7, 6, 6, 7, 7, 8, 8, 8, 9, 9, 10, 11, 12, 12, 13,
    14, 14, 14, 15, 15, 15, 15, 16, 16, 17, 17, 17, 17, 18, 19, 20, 21, 22, 22, 22, 22, 22, 21, 21,
    21, 22, 23, 23, 24, 25, 25, 25, 25, 26, 26, 26, 28, 30, 32, 32, 31, 31, 32, 33, 34, 36, 37, 38,
    37, 37, 37, 37, 36, 36, 37, 38, 39, 40, 40, 40, 42, 43, 45, 46, 48, 51, 53, 55, 56, 56, 59, 63,
    71, 77, 81, 85, 89, 93, 93, 92, 93, 94, 93, 93, 95, 96, 97, 97, 99, 99, 100, 104, 108, 111, 112, 114,
    117, 121, 124, 132, 141, 148, 162, 184, 204, 228, 248, 235, 205, 157, 109, 79, 64, 53, 45, 39, 32, 28, 24, 21,
    18, 18, 16, 14, 12, 11, 10, 8, 7, 6, 5, 5, 4, 3, 2, 2, 2, 2, 1, 1, 1, 1, 1, 1,
    1, 0, 0, 0, 0, 0, 0, 0, 0, 0, 0, 0, 0, 0, 0, 0, 0, 0, 0, 0, 0, 0, 0, 0,
    0, 0, 0, 0, 0, 0, 0, 0, 0, 0, 0, 0, 0, 0, 0, 0, 0, 0, 0, 0, 0, 0, 0, 0,
    0, 0, 0, 0, 0, 0, 0, 0, 0, 0, 0, 0, 0, 0, 0, 0, 0, 0, 0, 0, 0, 0, 0, 0,
    0, 0, 0, 0, 0, 0, 0, 0, 0, 0, 0, 0, 0, 0, 2, 4, 11, 21, 29, 44, 71, 120, 190, 210,
    175, 125, 75, 44, 26, 13, 7, 2, 1, 0, 0, 0, 0, 0, 0, 0, 0, 0, 0, 0, 0, 0, 0, 0,
    0, 0, 0, 0, 0, 0, 0, 0, 0, 0, 0, 0, 0, 0, 0, 0, 0, 0, 0, 0, 0, 0, 0, 0,
    0, 0, 0, 0, 0, 0, 0, 0, 0, 0, 0, 0, 0, 0, 0, 0, 0, 0, 0, 0, 0, 0, 0, 0,
    0, 0, 0, 0, 0, 0, 0, 0, 0, 0, 0, 0, 0, 0, 0, 0, 0, 0, 0, 0, 0, 0, 0, 0,
    0, 0, 0, 0, 0, 0, 0, 0, 0, 0, 0, 0, 0, 0, 0, 0, 0, 0, 0, 0, 0, 0, 0, 0,
    0, 0, 0, 0, 0, 0, 0, 0, 0, 1, 1, 1, 1, 1, 1, 1, 1, 1, 1, 1, 1, 1, 1, 2,
    2, 2, 2, 2, 3, 3, 4, 4, 4, 4, 5, 5, 5, 4, 5, 5, 6, 6, 6, 7, 7, 7, 8, 9,
    10, 11, 11, 12, 12, 12, 12, 12, 12, 13, 13, 14, 14, 14, 14, 15, 17, 18, 19, 19, 19, 18, 17, 17,
    17, 18, 18, 18, 19, 19, 20, 21, 22, 21, 21, 22, 23, 23, 23, 25, 26, 26, 26, 26, 27, 29, 30, 32,
    33, 34, 33, 32, 33, 33, 33, 34, 34, 35, 36, 35, 35, 35, 36, 37, 38, 38, 40, 42, 44, 45, 46, 46,
    47, 51, 57, 62, 65, 68, 72, 77, 82, 85, 88, 89, 89, 89, 90, 89, 88, 88, 89, 90, 91, 94, 98, 100,
    101, 103, 106, 108, 111, 115, 118, 120, 126, 133, 144, 161, 194, 224, 245, 251, 228, 185, 138, 101, 81, 65, 51, 41,
    34, 28, 24, 23, 21, 17, 15, 14, 13, 12, 10, 8, 7, 7, 6, 5, 4, 3, 3, 3, 3, 2, 2, 1,
    1, 1, 1, 1, 1, 0, 0, 0, 0, 0, 0, 0, 0, 0, 0, 0, 0, 0, 0, 0, 0, 0, 0, 0,
    0, 0, 0, 0, 0, 0, 0, 0, 0, 0, 0, 0, 0, 0, 0, 0, 0, 0, 0, 0, 0, 0, 0, 0,
    0, 0, 0, 0, 0, 0, 0, 0, 0, 0, 0, 0, 0, 0, 0, 0, 0, 0, 0, 0, 0, 0, 0, 0,
    0, 0, 0, 0, 0, 0, 0, 0, 0, 0, 0, 0, 0, 1, 3, 6, 12, 21, 41, 70, 107, 168, 209, 206,
    167, 96, 54, 32, 17, 9, 3, 0, 0, 0, 0, 0, 0, 0, 0, 0, 0, 0, 0, 0, 0, 0, 0, 0,
    0, 0, 0, 0, 0, 0, 0, 0, 0, 0, 0, 0, 0, 0, 0, 0, 0, 0, 0, 0, 0, 0, 0, 0,
    0, 0, 0, 0, 0, 0, 0, 0, 0, 0, 0, 0, 0, 0, 0, 0, 0, 0, 0, 0, 0, 0, 0, 0,
    0, 0, 0, 0, 0, 0, 0, 0, 0, 0, 0, 0, 0, 0, 0, 0, 0, 0, 0, 0, 0, 0, 0, 0,
    0, 0, 0, 0, 0, 0, 0, 0, 0, 0, 0, 0, 0, 0, 0, 0, 0, 0, 0, 0, 0, 0, 0, 0,
    0, 0, 0, 0, 0, 0, 0, 0, 0, 0, 0, 0, 0, 0, 0, 0, 0, 1, 1, 1, 1, 1, 1, 1,
    1, 1, 1, 2, 2, 2, 2, 3, 3, 3, 3, 3, 4, 4, 4, 4, 4, 4, 5, 5, 5, 5, 5, 6,
    6, 7, 7, 8, 9, 9, 10, 10, 10, 10, 10, 10, 11, 12, 12, 12, 13, 13, 14, 15, 16, 16, 16, 15,
    15, 15, 15, 15, 16, 16, 16, 16, 17, 18, 19, 19, 19, 20, 20, 20, 20, 21, 22, 23, 23, 23, 24, 25,
    27, 29, 30, 31, 29, 29, 30, 29, 30, 30, 31, 30, 31, 32, 32, 32, 31, 32, 32, 34, 34, 36, 37, 38,
    39, 40, 42, 45, 49, 53, 54, 56, 58, 62, 68, 76, 82, 84, 85, 85, 84, 83, 82, 82, 83, 84, 85, 86,
    89, 92, 94, 95, 97, 98, 98, 102, 106, 109, 112, 115, 122, 131, 147, 161, 179, 207, 237, 250, 240, 201, 155, 117,
    79, 60, 51, 43, 36, 31, 27, 22, 20, 20, 18, 15, 13, 11, 10, 9, 8, 7, 6, 5, 5, 4, 4, 3,
    2, 2, 2, 2, 1, 1, 1, 0, 0, 0, 0, 0, 0, 0, 0, 0, 0, 0, 0, 0, 0, 0, 0, 0,
    0, 0, 0, 0, 0, 0, 0, 0, 0, 0, 0, 0, 0, 0, 0, 0, 0, 0, 0, 0, 0, 0, 0, 0,
    0, 0, 0, 0, 0, 0, 0, 0, 0, 0, 0, 0, 0, 0, 0, 0, 0, 0, 0, 0, 0, 0, 0, 0,
    0, 0, 0, 0, 0, 0, 0, 0, 0, 0, 0, 1, 2, 3, 5, 8, 15, 30, 49, 76, 134, 189, 222, 208,
    150, 93, 57, 35, 21, 10, 3, 1, 0, 0, 0, 0, 0, 0, 0, 0, 0, 0, 0, 0, 0, 0, 0, 0,
    0, 0, 0, 0, 0, 0, 0, 0, 0, 0, 0, 0, 0, 0, 0, 0, 0, 0, 0, 0, 0, 0, 0, 0,
    0, 0, 0, 0, 0, 0, 0, 0, 0, 0, 0, 0, 0, 0, 0, 0, 0, 0, 0, 0, 0, 0, 0, 0,
    0, 0, 0, 0, 0, 0, 0, 0, 0, 0, 0, 0, 0, 0, 0, 0, 0, 0, 0, 0, 0, 0, 0, 0,
    0, 0, 0, 0, 0, 0, 0, 0, 0, 0, 0, 0, 0, 0, 0, 0, 0, 0, 0, 0, 0, 0, 0, 0,
    0, 0, 0, 0, 0, 0, 0, 0, 0, 0, 0, 0, 0, 0, 0, 0, 0, 0, 0, 0, 0, 0, 0, 0,
    0, 0, 0, 0, 1, 1, 1, 1, 1, 2, 2, 2, 2, 2, 3, 3, 2, 2, 3, 3, 3, 4, 4, 4,
    4, 4, 5, 5, 5, 6, 6, 7, 7, 8, 8, 9, 8, 8, 9, 10, 10, 11, 11, 11, 11, 12, 13, 13,
    12, 12, 12, 12, 13, 13, 14, 14, 14, 14, 14, 16, 17, 17, 17, 18, 18, 17, 18, 18, 19, 20, 21, 20,
    21, 22, 23, 25, 26, 27, 25, 25, 26, 26, 27, 27, 27, 27, 28, 28, 28, 28, 28, 28, 29, 29, 30, 30,
    31, 32, 33, 35, 37, 39, 41, 42, 44, 46, 48, 51, 53, 57, 61, 65, 71, 75, 76, 76, 76, 76, 77, 78,
    79, 79, 81, 83, 86, 87, 87, 86, 86, 89, 93, 95, 97, 98, 100, 104, 108, 113, 121, 136, 158, 178, 206, 237,
    246, 230, 181, 129, 99, 79, 64, 54, 44, 35, 30, 28, 24, 20, 17, 15, 13, 12, 11, 9, 8, 7, 7, 6,
    5, 5, 4, 3, 3, 3, 2, 2, 1, 1, 1, 1, 0, 0, 0, 0, 0, 0, 0, 0, 0, 0, 0, 0,
    0, 0, 0, 0, 0, 0, 0, 0, 0, 0, 0, 0, 0, 0, 0, 0, 0, 0, 0, 0, 0, 0, 0, 0,
    0, 0, 0, 0, 0, 0, 0, 0, 0, 0, 0, 0, 0, 0, 0, 0, 0, 0, 0, 0, 0, 0, 0, 0,
    0, 0, 0, 0, 0, 0, 0, 0, 0, 0, 1, 1, 3, 6, 13, 20, 30, 41, 70, 127, 177, 211, 197, 150,
    109, 71, 43, 26, 16, 9, 4, 1, 0, 0, 0, 0, 0, 0, 0, 0, 0, 0, 0, 0, 0, 0, 0, 0,
    0, 0, 0, 0, 0, 0, 0, 0, 0, 0, 0, 0, 0, 0, 0, 0, 0, 0, 0, 0, 0, 0, 0, 0,
    0, 0, 0, 0, 0, 0, 0, 0, 0, 0, 0, 0, 0, 0, 0, 0, 0, 0, 0, 0, 0, 0, 0, 0,
    0, 0, 0, 0, 0, 0, 0, 0, 0, 0, 0, 0, 0, 0, 0, 0, 0, 0, 0, 0, 0, 0, 0, 0,
    0, 0, 0, 0, 0, 0, 0, 0, 0, 0, 0, 0, 0, 0, 0, 0, 0, 0, 0, 0, 0, 0, 0, 0,
    0, 0, 0, 0, 0, 0, 0, 0, 0, 0, 0, 0, 0, 0, 0, 0, 0, 0, 0, 0, 0, 0, 0, 0,
    0, 0, 0, 0, 0, 0, 0, 0, 1, 1, 1, 1, 1, 1, 1, 1, 1, 1, 1, 1, 1, 2, 2, 3,
    3, 3, 3, 3, 3, 3, 3, 4, 4, 5, 5, 6, 6, 6, 6, 6, 7, 7, 8, 8, 9, 9, 9, 10,
    10, 10, 9, 10, 10, 10, 10, 11, 11, 12, 12, 12, 12, 13, 14, 15, 15, 15, 15, 15, 16, 16, 17, 18,
    18, 18, 18, 18, 19, 20, 20, 21, 21, 22, 23, 23, 24, 24, 24, 24, 24, 24, 24, 24, 25, 25, 25, 25,
    25, 25, 26, 26, 28, 30, 31, 32, 32, 33, 34, 37, 39, 40, 41, 42, 44, 46, 51, 56, 60, 64, 67, 69,
    71, 73, 73, 73, 73, 75, 77, 78, 75, 73, 75, 77, 79, 79, 80, 81, 81, 81, 80, 81, 88, 97, 107, 118,
    132, 158, 183, 212, 236, 241, 229, 197, 149, 113, 86, 63, 51, 42, 33, 28, 25, 22, 19, 17, 15, 12, 10, 10,
    9, 8, 8, 7, 6, 6, 5, 5, 4, 3, 2, 2, 2, 1, 1, 1, 1, 1, 0, 0, 0, 0, 0, 0,
    0, 0, 0, 0, 0, 0, 0, 0, 0, 0, 0, 0, 0, 0, 0, 0, 0, 0, 0, 0, 0, 0, 0, 0,
    0, 0, 0, 0, 0, 0, 0, 0, 0, 0, 0, 0, 0, 0, 0, 0, 0, 0, 0, 0, 0, 0, 0, 0,
    0, 0, 0, 0, 0, 0, 0, 0, 0, 0, 1, 2, 6, 10, 18, 30, 47, 78, 125, 174, 210, 204, 164, 113,
    59, 34, 24, 14, 8, 3, 1, 0, 0, 0, 0, 0, 0, 0, 0, 0, 0, 0, 0, 0, 0, 0, 0, 0,
    0, 0, 0, 0, 0, 0, 0, 0, 0, 0, 0, 0, 0, 0, 0, 0, 0, 0, 0, 0, 0, 0, 0, 0,
    0, 0, 0, 0, 0, 0, 0, 0, 0, 0, 0, 0, 0, 0, 0, 0, 0, 0, 0, 0, 0, 0, 0, 0,
    0, 0, 0, 0, 0, 0, 0, 0, 0, 0, 0, 0, 0, 0, 0, 0, 0, 0, 0, 0, 0, 0, 0, 0,
    0, 0, 0, 0, 0, 0, 0, 0, 0, 0, 0, 0, 0, 0, 0, 0, 0, 0, 0, 0, 0, 0, 0, 0,
    0, 0, 0, 0, 0, 0, 0, 0, 0, 0, 0, 0, 0, 0, 0, 0, 0, 0, 0, 0, 0, 0, 0, 0,
    0, 0, 0, 0, 0, 0, 0, 0, 1, 1, 0, 0, 0, 1, 0, 0, 1, 1, 1, 1, 1, 1, 1, 1,
    2, 2, 2, 2, 2, 2, 3, 2, 2, 3, 3, 3, 4, 4, 4, 4, 4, 5, 5, 5, 6, 6, 7, 7,
    8, 8, 8, 8, 8, 8, 9, 8, 8, 9, 10, 10, 10, 10, 10, 11, 12, 12, 13, 13, 13, 13, 14, 14,
    14, 15, 16, 16, 15, 15, 16, 17, 17, 17, 18, 19, 19, 20, 21, 21, 21, 21, 21, 22, 21, 21, 21, 21,
    21, 21, 22, 22, 23, 23, 24, 26, 27, 27, 27, 27, 29, 30, 33, 33, 34, 35, 37, 40, 43, 46, 48, 50,
    53, 56, 60, 65, 67, 66, 66, 66, 67, 68, 67, 66, 66, 68, 69, 69, 70, 71, 71, 71, 70, 71, 76, 81,
    87, 94, 102, 115, 127, 141, 164, 193, 218, 236, 241, 216, 179, 135, 96, 72, 52, 42, 39, 34, 28, 24, 21, 17,
    14, 13, 12, 11, 10, 9, 8, 8, 8, 7, 6, 5, 4, 3, 3, 3, 2, 2, 1, 1, 0, 0, 0, 0,
    0, 0, 0, 0, 0, 0, 0, 0, 0, 0, 0, 0, 0, 0, 0, 0, 0, 0, 0, 0, 0, 0, 0, 0,
    0, 0, 0, 0, 0, 0, 0, 0, 0, 0, 0, 0, 0, 0, 0, 0, 0, 0, 0, 0, 0, 0, 0, 0,
    0, 0, 0, 0, 0, 0, 0, 1, 1, 2, 3, 6, 9, 16, 25, 40, 68, 108, 157, 194, 212, 191, 134, 88,
    58, 36, 20, 10, 5, 2, 1, 0, 0, 0, 0, 0, 0, 0, 0, 0, 0, 0, 0, 0, 0, 0, 0, 0,
    0, 0, 0, 0, 0, 0, 0, 0, 0, 0, 0, 0, 0, 0, 0, 0, 0, 0, 0, 0, 0, 0, 0, 0,
    0, 0, 0, 0, 0, 0, 0, 0, 0, 0, 0, 0, 0, 0, 0, 0, 0, 0, 0, 0, 0, 0, 0, 0,
    0, 0, 0, 0, 0, 0, 0, 0, 0, 0, 0, 0, 0, 0, 0, 0, 0, 0, 0, 0, 0, 0, 0, 0,
    0, 0, 0, 0, 0, 0, 0, 0, 0, 0, 0, 0, 0, 0, 0, 0, 0, 0, 0, 0, 0, 0, 0, 0,
    0, 0, 0, 0, 0, 0, 0, 0, 0, 0, 0, 0, 0, 0, 0, 0, 0, 0, 0, 0, 0, 0, 0, 0,
    0, 0, 0, 0, 0, 0, 0, 0, 0, 0, 1, 1, 0, 0, 0, 0, 0, 0, 0, 0, 0, 0, 0, 1,
    1, 1, 1, 1, 1, 1, 2, 2, 2, 2, 2, 2, 2, 3, 3, 3, 3, 3, 3, 4, 4, 4, 4, 4,
    5, 6, 7, 7, 7, 7, 7, 7, 7, 7, 7, 7, 8, 8, 8, 8, 8, 9, 10, 11, 10, 11, 11, 12,
    12, 12, 13, 13, 13, 13, 13, 12, 14, 16, 15, 15, 15, 16, 16, 17, 18, 18, 19, 17, 18, 19, 19, 18,
    18, 18, 17, 18, 19, 20, 20, 21, 22, 22, 22, 22, 22, 23, 24, 26, 27, 28, 30, 29, 31, 33, 35, 37,
    38, 39, 40, 40, 41, 44, 50, 54, 56, 57, 57, 58, 59, 59, 59, 60, 60, 60, 60, 62, 64, 64, 64, 65,
    66, 69, 72, 76, 80, 85, 91, 98, 110, 123, 133, 148, 179, 207, 229, 238, 212, 173, 124, 82, 68, 58, 46, 40,
    35, 28, 24, 21, 18, 16, 14, 14, 12, 10, 10, 9, 8, 7, 6, 5, 4, 4, 4, 3, 2, 1, 1, 1,
    1, 0, 0, 0, 0, 0, 0, 0, 0, 0, 0, 0, 0, 0, 0, 0, 0, 0, 0, 0, 0, 0, 0, 0,
    0, 0, 0, 0, 0, 0, 0, 0, 0, 0, 0, 0, 0, 0, 0, 0, 0, 0, 0, 0, 0, 0, 0, 0,
    0, 0, 0, 0, 0, 1, 1, 3, 5, 8, 11, 16, 21, 28, 43, 79, 117, 155, 197, 212, 187, 143, 98, 60,
    39, 26, 16, 9, 4, 2, 1, 0, 0, 0, 0, 0, 0, 0, 0, 0, 0, 0, 0, 0, 0, 0, 0, 0,
    0, 0, 0, 0, 0, 0, 0, 0, 0, 0, 0, 0, 0, 0, 0, 0, 0, 0, 0, 0, 0, 0, 0, 0,
    0, 0, 0, 0, 0, 0, 0, 0, 0, 0, 0, 0, 0, 0, 0, 0, 0, 0, 0, 0, 0, 0, 0, 0,
    0, 0, 0, 0, 0, 0, 0, 0, 0, 0, 0, 0, 0, 0, 0, 0, 0, 0, 0, 0, 0, 0, 0, 0,
    0, 0, 0, 0, 0, 0, 0, 0, 0, 0, 0, 0, 0, 0, 0, 0, 0, 0, 0, 0, 0, 0, 0, 0,
    0, 0, 0, 0, 0, 0, 0, 0, 0, 0, 0, 0, 0, 0, 0, 0, 0, 0, 0, 0, 0, 0, 0, 0,
    0, 0, 0, 0, 0, 0, 0, 0, 0, 0, 0, 0, 0, 0, 0, 0, 0, 0, 0, 0, 0, 0, 0, 0,
    0, 1, 0, 0, 0, 0, 0, 0, 1, 1, 1, 1, 1, 1, 1, 2, 2, 2, 2, 2, 2, 2, 2, 3,
    3, 3, 3, 3, 4, 5, 5, 5, 5, 6, 6, 6, 6, 6, 6, 7, 7, 7, 8, 8, 9, 9, 9, 9,
    9, 9, 10, 10, 11, 11, 11, 11, 11, 10, 12, 14, 13, 13, 13, 13, 14, 14, 15, 15, 15, 15, 16, 16,
    16, 16, 15, 15, 15, 16, 17, 17, 18, 18, 18, 18, 18, 18, 18, 20, 22, 23, 23, 24, 25, 24, 25, 26,
    26, 26, 27, 28, 30, 31, 31, 31, 32, 34, 38, 43, 47, 49, 51, 51, 51, 52, 52, 51, 52, 53, 56, 58,
    58, 58, 57, 57, 60, 62, 63, 64, 65, 67, 71, 79, 87, 95, 106, 118, 136, 171, 205, 226, 237, 221, 192, 153,
    112, 85, 67, 52, 45, 41, 36, 29, 23, 20, 16, 14, 13, 12, 11, 10, 8, 7, 7, 6, 6, 5, 4, 3,
    2, 1, 1, 1, 1, 1, 1, 1, 0, 0, 0, 0, 0, 0, 0, 0, 0, 0, 0, 0, 0, 0, 0, 0,
    0, 0, 0, 0, 0, 0, 0, 0, 0, 0, 0, 0, 0, 0, 0, 0, 0, 0, 0, 0, 0, 0, 0, 0,
    0, 0, 0, 0, 1, 1, 2, 5, 9, 16, 25, 33, 40, 58, 84, 127, 180, 218, 213, 168, 111, 75, 49, 34,
    21, 13, 7, 3, 1, 0, 0, 0, 0, 0, 0, 0, 0, 0, 0, 0, 0, 0, 0, 0, 0, 0, 0, 0,
    0, 0, 0, 0, 0, 0, 0, 0, 0, 0, 0, 0, 0, 0, 0, 0, 0, 0, 0, 0, 0, 0, 0, 0,
    0, 0, 0, 0, 0, 0, 0, 0, 0, 0, 0, 0, 0, 0, 0, 0, 0, 0, 0, 0, 0, 0, 0, 0,
    0, 0, 0, 0, 0, 0, 0, 0, 0, 0, 0, 0, 0, 0, 0, 0, 0, 0, 0, 0, 0, 0, 0, 0,
    0, 0, 0, 0, 0, 0, 0, 0, 0, 0, 0, 0, 0, 0, 0, 0, 0, 0, 0, 0, 0, 0, 0, 0,
    0, 0, 0, 0, 0, 0, 0, 0, 0, 0, 0, 0, 0, 0, 0, 0, 0, 0, 0, 0, 0, 0, 0, 0,
    0, 0, 0, 0, 0, 0, 0, 0, 0, 0, 0, 0, 0, 0, 0, 0, 0, 0, 0, 0, 0, 0, 0, 0,
    0, 0, 0, 0, 0, 0, 0, 0, 0, 0, 0, 0, 0, 0, 0, 0, 1, 1, 1, 1, 1, 1, 1, 1,
    1, 2, 2, 2, 2, 2, 2, 3, 4, 3, 4, 4, 5, 5, 4, 4, 5, 5, 6, 6, 6, 7, 7, 7,
    7, 7, 7, 7, 8, 8, 8, 9, 9, 9, 9, 9, 10, 11, 12, 11, 11, 11, 12, 12, 12, 12, 13, 13,
    14, 14, 14, 14, 13, 14, 13, 13, 14, 15, 16, 16, 16, 15, 15, 15, 15, 17, 19, 20, 21, 21, 21, 21,
    21, 22, 21, 21, 21, 23, 24, 25, 26, 26, 26, 27, 28, 31, 34, 38, 42, 44, 45, 45, 45, 44, 45, 47,
    50, 52, 51, 50, 49, 49, 50, 52, 53, 54, 53, 54, 56, 61, 66, 72, 77, 85, 97, 113, 126, 137, 166, 203,
    224, 237, 231, 208, 174, 131, 97, 81, 68, 56, 46, 37, 29, 25, 21, 19, 16, 14, 13, 11, 11, 9, 8, 7,
    6, 5, 3, 2, 2, 2, 2, 1, 1, 1, 1, 0, 0, 0, 0, 0, 0, 0, 0, 0, 0, 0, 0, 0,
    0, 0, 0, 0, 0, 0, 0, 0, 0, 0, 0, 0, 0, 0, 0, 0, 0, 0, 0, 0, 0, 0, 0, 0,
    0, 0, 0, 1, 3, 5, 8, 10, 18, 30, 43, 59, 83, 114, 156, 192, 204, 199, 173, 127, 87, 57, 34, 22,
    13, 7, 3, 1, 0, 0, 0, 0, 0, 0, 0, 0, 0, 0, 0, 0, 0, 0, 0, 0, 0, 0, 0, 0,
    0, 0, 0, 0, 0, 0, 0, 0, 0, 0, 0, 0, 0, 0, 0, 0, 0, 0, 0, 0, 0, 0, 0, 0,
    0, 0, 0, 0, 0, 0, 0, 0, 0, 0, 0, 0, 0, 0, 0, 0, 0, 0, 0, 0, 0, 0, 0, 0,
    0, 0, 0, 0, 0, 0, 0, 0, 0, 0, 0, 0, 0, 0, 0, 0, 0, 0, 0, 0, 0, 0, 0, 0,
    0, 0, 0, 0, 0, 0, 0, 0, 0, 0, 0, 0, 0, 0, 0, 0, 0, 0, 0, 0, 0, 0, 0, 0,
    0, 0, 0, 0, 0, 0, 0, 0, 0, 0, 0, 0, 0, 0, 0, 0, 0, 0, 0, 0, 0, 0, 0, 0,
    0, 0, 0, 0, 0, 0, 0, 0, 0, 0, 0, 0, 0, 0, 0, 0, 0, 0, 0, 0, 0, 0, 0, 0,
    0, 0, 0, 0, 0, 0, 0, 0, 0, 0, 0, 0, 0, 0, 0, 0, 0, 1, 0, 0, 1, 1, 0, 0,
    1, 1, 1, 1, 1, 1, 2, 2, 2, 2, 2, 2, 3, 3, 3, 3, 4, 4, 4, 4, 4, 4, 5, 5,
    5, 5, 6, 6, 6, 7, 7, 7, 7, 7, 7, 7, 7, 7, 8, 9, 10, 9, 9, 9, 9, 10, 10, 10,
    11, 11, 12, 12, 12, 11, 11, 11, 12, 11, 12, 12, 13, 14, 13, 13, 13, 13, 13, 14, 17, 18, 18, 18,
    18, 18, 19, 18, 18, 18, 18, 20, 21, 21, 22, 22, 22, 23, 24, 24, 26, 28, 31, 33, 34, 36, 37, 38,
    41, 43, 44, 44, 42, 42, 42, 43, 44, 45, 46, 47, 47, 47, 48, 50, 53, 58, 62, 66, 72, 84, 92, 97,
    107, 124, 137, 161, 196, 223, 238, 241, 220, 183, 147, 118, 100, 84, 62, 48, 41, 36, 31, 27, 23, 21, 18, 16,
    13, 10, 9, 8, 5, 4, 4, 3, 3, 2, 1, 1, 1, 1, 1, 0, 0, 0, 0, 0, 0, 0, 0, 0,
    0, 0, 0, 0, 0, 0, 0, 0, 0, 0, 0, 0, 0, 0, 0, 0, 0, 0, 0, 0, 0, 0, 0, 1,
    2, 4, 6, 7, 10, 12, 15, 21, 30, 42, 73, 114, 150, 179, 204, 218, 206, 165, 120, 83, 58, 40, 30, 20,
    12, 7, 3, 0, 0, 0, 0, 0, 0, 0, 0, 0, 0, 0, 0, 0, 0, 0, 0, 0, 0, 0, 0, 0,
    0, 0, 0, 0, 0, 0, 0, 0, 0, 0, 0, 0, 0, 0, 0, 0, 0, 0, 0, 0, 0, 0, 0, 0,
    0, 0, 0, 0, 0, 0, 0, 0, 0, 0, 0, 0, 0, 0, 0, 0, 0, 0, 0, 0, 0, 0, 0, 0,
    0, 0, 0, 0, 0, 0, 0, 0, 0, 0, 0, 0, 0, 0, 0, 0, 0, 0, 0, 0, 0, 0, 0, 0,
    0, 0, 0, 0, 0, 0, 0, 0, 0, 0, 0, 0, 0, 0, 0, 0, 0, 0, 0, 0, 0, 0, 0, 0,
    0, 0, 0, 0, 0, 0, 0, 0, 0, 0, 0, 0, 0, 0, 0, 0, 0, 0, 0, 0, 0, 0, 0, 0,
    0, 0, 0, 0, 0, 0, 0, 0, 0, 0, 0, 0, 0, 0, 0, 0, 0, 0, 0, 0, 0, 0, 0, 0,
    0, 0, 0, 0, 0, 0, 0, 0, 0, 0, 0, 0, 0, 0, 0, 0, 0, 0, 0, 0, 0, 0, 0, 1,
    0, 0, 1, 0, 0, 0, 1, 1, 1, 1, 1, 1, 1, 1, 2, 2, 2, 2, 3, 3, 3, 3, 3, 3,
    3, 3, 4, 4, 4, 4, 5, 5, 5, 5, 5, 5, 5, 5, 5, 6, 6, 7, 7, 7, 7, 7, 7, 7,
    8, 8, 8, 9, 9, 10, 10, 10, 10, 10, 10, 10, 10, 11, 11, 11, 11, 11, 11, 11, 11, 12, 14, 14,
    15, 14, 15, 15, 15, 15, 15, 15, 15, 16, 17, 17, 18, 18, 19, 20, 20, 19, 20, 21, 22, 24, 24, 26,
    28, 29, 31, 34, 35, 36, 37, 37, 37, 37, 37, 38, 39, 41, 41, 40, 39, 40, 43, 45, 48, 50, 55, 62,
    67, 69, 74, 80, 86, 95, 110, 121, 130, 157, 188, 203, 222, 234, 225, 205, 163, 122, 98, 81, 69, 59, 52, 46,
    40, 35, 28, 22, 20, 17, 14, 11, 9, 7, 6, 4, 3, 2, 1, 1, 1, 1, 1, 0, 0, 0, 0, 0,
    0, 0, 0, 0, 0, 0, 0, 0, 0, 0, 0, 0, 0, 0, 0, 0, 0, 1, 2, 2, 3, 5, 7, 9,
    11, 15, 19, 23, 27, 34, 42, 55, 77, 108, 137, 170, 203, 206, 184, 150, 116, 91, 69, 46, 32, 24, 16, 10,
    6, 3, 2, 1, 0, 0, 0, 0, 0, 0, 0, 0, 0, 0, 0, 0, 0, 0, 0, 0, 0, 0, 0, 0,
    0, 0, 0, 0, 0, 0, 0, 0, 0, 0, 0, 0, 0, 0, 0, 0, 0, 0, 0, 0, 0, 0, 0, 0,
    0, 0, 0, 0, 0, 0, 0, 0, 0, 0, 0, 0, 0, 0, 0, 0, 0, 0, 0, 0, 0, 0, 0, 0,
    0, 0, 0, 0, 0, 0, 0, 0, 0, 0, 0, 0, 0, 0, 0, 0, 0, 0, 0, 0, 0, 0, 0, 0,
    0, 0, 0, 0, 0, 0, 0, 0, 0, 0, 0, 0, 0, 0, 0, 0, 0, 0, 0, 0, 0, 0, 0, 0,
    0, 0, 0, 0, 0, 0, 0, 0, 0, 0, 0, 0, 0, 0, 0, 0, 0, 0, 0, 0, 0, 0, 0, 0,
    0, 0, 0, 0, 0, 0, 0, 0, 0, 0, 0, 0, 0, 0, 0, 0, 0, 0, 0, 0, 0, 0, 0, 0,
    0, 0, 0, 0, 0, 0, 0, 0, 0, 0, 0, 0, 0, 0, 0, 0, 0, 0, 0, 0, 0, 0, 0, 0,
    0, 0, 0, 0, 0, 0, 0, 0, 1, 1, 1, 1, 1, 0, 0, 1, 1, 1, 1, 2, 2, 2, 2, 2,
    2, 2, 2, 2, 2, 2, 2, 2, 3, 2, 3, 3, 3, 3, 4, 4, 4, 4, 5, 5, 5, 5, 5, 5,
    5, 5, 6, 6, 7, 7, 7, 8, 8, 8, 8, 8, 8, 8, 8, 9, 9, 9, 9, 9, 10, 9, 9, 9,
    10, 11, 11, 11, 11, 12, 12, 12, 12, 12, 12, 13, 13, 14, 14, 15, 15, 16, 16, 16, 17, 16, 16, 17,
    18, 20, 21, 21, 21, 21, 21, 24, 29, 32, 33, 32, 32, 32, 33, 35, 35, 34, 33, 33, 34, 36, 39, 40,
    42, 47, 51, 52, 56, 58, 58, 60, 64, 65, 67, 77, 92, 101, 121, 156, 186, 210, 228, 232, 226, 213, 192, 167,
    140, 111, 91, 78, 65, 55, 49, 44, 39, 34, 28, 21, 17, 15, 12, 8, 7, 5, 3, 3, 3, 2, 2, 2,
    1, 0, 0, 1, 1, 1, 1, 1, 0, 0, 0, 1, 1, 2, 3, 3, 5, 6, 9, 11, 14, 18, 23, 25,
    30, 40, 52, 64, 78, 93, 116, 149, 178, 198, 200, 188, 168, 144, 114, 83, 58, 39, 28, 21, 14, 8, 4, 3,
    2, 1, 1, 1, 1, 0, 0, 0, 0, 0, 0, 0, 0, 0, 0, 0, 0, 0, 0, 0, 0, 0, 0, 0,
    0, 0, 0, 0, 0, 0, 0, 0, 0, 0, 0, 0, 0, 0, 0, 0, 0, 0, 0, 0, 0, 0, 0, 0,
    0, 0, 0, 0, 0, 0, 0, 0, 0, 0, 0, 0, 0, 0, 0, 0, 0, 0, 0, 0, 0, 0, 0, 0,
    0, 0, 0, 0, 0, 0, 0, 0, 0, 0, 0, 0, 0, 0, 0, 0, 0, 0, 0, 0, 0, 0, 0, 0,
    0, 0, 0, 0, 0, 0, 0, 0, 0, 0, 0, 0, 0, 0, 0, 0, 0, 0, 0, 0, 0, 0, 0, 0,
    0, 0, 0, 0, 0, 0, 0, 0, 0, 0, 0, 0, 0, 0, 0, 0, 0, 0, 0, 0, 0, 0, 0, 0,
    0, 0, 0, 0, 0, 0, 0, 0, 0, 0, 0, 0, 0, 0, 0, 0, 0, 0, 0, 0, 0, 0, 0, 0,
    0, 0, 0, 0, 0, 0, 0, 0, 0, 0, 0, 0, 0, 0, 0, 0, 0, 0, 0, 0, 0, 0, 0, 0,
    0, 0, 0, 0, 0, 0, 0, 0, 0, 0, 0, 0, 1, 1, 0, 0, 0, 0, 1, 1, 1, 1, 1, 1,
    1, 1, 1, 1, 1, 1, 1, 1, 1, 1, 2, 1, 2, 2, 2, 2, 2, 2, 3, 3, 3, 3, 3, 3,
    3, 3, 4, 4, 4, 5, 5, 5, 5, 6, 6, 6, 7, 7, 7, 7, 7, 8, 8, 8, 8, 9, 9, 8,
    8, 8, 8, 8, 9, 9, 9, 9, 9, 10, 10, 10, 10, 10, 11, 11, 11, 12, 12, 13, 13, 13, 14, 14,
    14, 14, 14, 15, 16, 17, 17, 16, 16, 16, 18, 21, 24, 25, 26, 28, 29, 31, 31, 30, 28, 28, 29, 30,
    31, 32, 34, 37, 40, 43, 45, 46, 46, 47, 48, 49, 51, 55, 62, 66, 76, 91, 105, 121, 139, 154, 170, 194,
    217, 227, 224, 213, 201, 188, 171, 148, 124, 105, 93, 81, 70, 56, 47, 45, 38, 31, 26, 23, 18, 15, 15, 15,
    15, 14, 12, 11, 11, 11, 11, 11, 11, 11, 11, 11, 12, 14, 16, 18, 21, 25, 30, 36, 45, 53, 64, 78,
    93, 105, 126, 153, 170, 183, 193, 194, 190, 180, 159, 129, 101, 79, 64, 53, 37, 27, 20, 13, 8, 4, 2, 1,
    1, 0, 0, 0, 0, 0, 1, 0, 0, 0, 0, 0, 0, 0, 0, 0, 0, 0, 0, 0, 0, 0, 0, 0,
    0, 0, 0, 0, 0, 0, 0, 0, 0, 0, 0, 0, 0, 0, 0, 0, 0, 0, 0, 0, 0, 0, 0, 0,
    0, 0, 0, 0, 0, 0, 0, 0, 0, 0, 0, 0, 0, 0, 0, 0, 0, 0, 0, 0, 0, 0, 0, 0,
    0, 0, 0, 0, 0, 0, 0, 0, 0, 0, 0, 0, 0, 0, 0, 0, 0, 0, 0, 0, 0, 0, 0, 0,
    0, 0, 0, 0, 0, 0, 0, 0, 0, 0, 0, 0, 0, 0, 0, 0, 0, 0, 0, 0, 0, 0, 0, 0,
    0, 0, 0, 0, 0, 0, 0, 0, 0, 0, 0, 0, 0, 0, 0, 0, 0, 0, 0, 0, 0, 0, 0, 0,
    0, 0, 0, 0, 0, 0, 0, 0, 0, 0, 0, 0, 0, 0, 0, 0, 0, 0, 0, 0, 0, 0, 0, 0,
    0, 0, 0, 0, 0, 0, 0, 0, 0, 0, 0, 0, 0, 0, 0, 0, 0, 0, 0, 0, 0, 0, 0, 0,
    0, 0, 0, 0, 0, 0, 0, 0, 0, 0, 0, 0, 0, 0, 0, 0, 0, 0, 0, 0, 0, 1, 1, 1,
    1, 1, 1, 1, 1, 1, 1, 1, 1, 1, 1, 1, 1, 1, 1, 1, 1, 1, 2, 1, 2, 2, 2, 2,
    2, 2, 2, 2, 2, 3, 3, 4, 4, 4, 4, 5, 5, 4, 5, 5, 5, 5, 5, 5, 6, 6, 7, 7,
    7, 7, 6, 6, 6, 7, 7, 7, 7, 7, 8, 8, 8, 8, 8, 8, 9, 9, 9, 9, 10, 11, 11, 12,
    12, 12, 11, 11, 12, 12, 13, 13, 13, 12, 12, 12, 13, 14, 15, 16, 17, 17, 19, 22, 23, 23, 23, 23,
    23, 23, 24, 26, 27, 29, 32, 34, 36, 36, 37, 36, 37, 38, 39, 41, 43, 46, 50, 58, 65, 71, 77, 82,
    87, 99, 114, 127, 139, 153, 173, 196, 213, 223, 219, 212, 207, 197, 185, 166, 150, 141, 127, 109, 96, 86, 75, 66,
    61, 58, 55, 52, 50, 49, 48, 47, 47, 47, 49, 52, 55, 58, 62, 72, 80, 89, 100, 114, 130, 145, 160, 174,
    183, 198, 207, 211, 209, 197, 177, 153, 126, 97, 73, 56, 44, 36, 29, 24, 19, 13, 7, 4, 3, 2, 1, 0,
    0, 0, 0, 0, 0, 0, 0, 0, 0, 0, 0, 0, 0, 0, 0, 0, 0, 0, 0, 0, 0, 0, 0, 0,
    0, 0, 0, 0, 0, 0, 0, 0, 0, 0, 0, 0, 0, 0, 0, 0, 0, 0, 0, 0, 0, 0, 0, 0,
    0, 0, 0, 0, 0, 0, 0, 0, 0, 0, 0, 0, 0, 0, 0, 0, 0, 0, 0, 0, 0, 0, 0, 0,
    0, 0, 0, 0, 0, 0, 0, 0, 0, 0, 0, 0, 0, 0, 0, 0, 0, 0, 0, 0, 0, 0, 0, 0,
    0, 0, 0, 0, 0, 0, 0, 0, 0, 0, 0, 0, 0, 0, 0, 0, 0, 0, 0, 0, 0, 0, 0, 0,
    0, 0, 0, 0, 0, 0, 0, 0, 0, 0, 0, 0, 0, 0, 0, 0, 0, 0, 0, 0, 0, 0, 0, 0,
    0, 0, 0, 0, 0, 0, 0, 0, 0, 0, 0, 0, 0, 0, 0, 0, 0, 0, 0, 0, 0, 0, 0, 0,
    0, 0, 0, 0, 0, 0, 0, 0, 0, 0, 0, 0, 0, 0, 0, 0, 0, 0, 0, 0, 0, 0, 0, 0,
    0, 0, 0, 0, 0, 0, 0, 0, 0, 0, 0, 0, 0, 0, 0, 0, 0, 0, 0, 0, 0, 0, 0, 0,
    0, 0, 0, 0, 1, 0, 0, 0, 0, 0, 0, 0, 0, 0, 0, 1, 0, 1, 1, 1, 1, 1, 1, 1,
    1, 2, 1, 1, 1, 1, 1, 1, 2, 2, 2, 3, 3, 3, 3, 3, 3, 4, 4, 3, 3, 3, 3, 4,
    4, 4, 5, 4, 4, 4, 4, 5, 5, 6, 6, 6, 6, 6, 6, 7, 7, 7, 7, 7, 7, 7, 7, 8,
    9, 9, 9, 10, 9, 10, 10, 11, 11, 11, 10, 10, 9, 9, 9, 9, 9, 10, 11, 10, 10, 10, 11, 12,
    14, 15, 16, 17, 19, 21, 23, 24, 26, 28, 28, 28, 28, 28, 28, 29, 31, 32, 33, 35, 37, 40, 42, 45,
    49, 53, 55, 57, 58, 62, 67, 73, 78, 82, 90, 103, 118, 132, 147, 166, 186, 203, 214, 221, 224, 222, 221, 219,
    217, 211, 203, 195, 187, 183, 181, 180, 180, 180, 178, 177, 182, 188, 195, 196, 201, 213, 219, 219, 217, 213, 205, 190,
    174, 157, 137, 117, 98, 84, 73, 62, 52, 44, 36, 30, 23, 15, 9, 6, 4, 2, 1, 1, 1, 0, 0, 0,
    0, 0, 0, 0, 0, 0, 0, 0, 0, 0, 0, 0, 0, 0, 0, 0, 0, 0, 0, 0, 0, 0, 0, 0,
    0, 0, 0, 0, 0, 0, 0, 0, 0, 0, 0, 0, 0, 0, 0, 0, 0, 0, 0, 0, 0, 0, 0, 0,
    0, 0, 0, 0, 0, 0, 0, 0, 0, 0, 0, 0, 0, 0, 0, 0, 0, 0, 0, 0, 0, 0, 0, 0,
    0, 0, 0, 0, 0, 0, 0, 0, 0, 0, 0, 0, 0, 0, 0, 0, 0, 0, 0, 0, 0, 0, 0, 0,
    0, 0, 0, 0, 0, 0, 0, 0, 0, 0, 0, 0, 0, 0, 0, 0, 0, 0, 0, 0, 0, 0, 0, 0,
    0, 0, 0, 0, 0, 0, 0, 0, 0, 0, 0, 0, 0, 0, 0, 0, 0, 0, 0, 0, 0, 0, 0, 0,
    0, 0, 0, 0, 0, 0, 0, 0, 0, 0, 0, 0, 0, 0, 0, 0, 0, 0, 0, 0, 0, 0, 0, 0,
    0, 0, 0, 0, 0, 0, 0, 0, 0, 0, 0, 0, 0, 0, 0, 0, 0, 0, 0, 0, 0, 0, 0, 0,
    0, 0, 0, 0, 0, 0, 0, 0, 0, 0, 0, 0, 0, 0, 0, 0, 0, 0, 0, 0, 0, 0, 0, 0,
    0, 0, 0, 0, 0, 0, 0, 0, 0, 0, 0, 0, 0, 0, 0, 0, 0, 0, 0, 0, 0, 0, 0, 0,
    0, 1, 1, 1, 1, 1, 1, 1, 1, 1, 1, 1, 2, 2, 2, 2, 1, 2, 2, 2, 2, 2, 2, 2,
    2, 2, 3, 3, 3, 3, 3, 3, 3, 3, 3, 4, 4, 4, 5, 5, 5, 5, 6, 6, 6, 5, 5, 6,
    6, 6, 7, 8, 7, 8, 8, 8, 8, 8, 8, 8, 8, 8, 7, 7, 7, 7, 6, 7, 8, 8, 7, 7,
    8, 9, 9, 9, 9, 9, 10, 13, 15, 17, 20, 23, 24, 23, 23, 23, 23, 24, 25, 26, 26, 28, 29, 30,
    31, 32, 35, 38, 39, 40, 41, 41, 42, 46, 49, 52, 57, 61, 66, 73, 80, 90, 101, 114, 124, 129, 137, 145,
    153, 163, 174, 176, 172, 174, 176, 175, 177, 180, 180, 177, 173, 168, 165, 162, 156, 147, 141, 141, 138, 127, 118, 106,
    93, 80, 69, 60, 51, 42, 34, 29, 26, 21, 16, 13, 10, 7, 4, 3, 1, 0, 0, 0, 0, 0, 0, 0,
    0, 0, 0, 0, 0, 0, 0, 0, 0, 0, 0, 0, 0, 0, 0, 0, 0, 0, 0, 0, 0, 0, 0, 0,
    0, 0, 0, 0, 0, 0, 0, 0, 0, 0, 0, 0, 0, 0, 0, 0, 0, 0, 0, 0, 0, 0, 0, 0,
    0, 0, 0, 0, 0, 0, 0, 0, 0, 0, 0, 0, 0, 0, 0, 0, 0, 0, 0, 0, 0, 0, 0, 0,
    0, 0, 0, 0, 0, 0, 0, 0, 0, 0, 0, 0, 0, 0, 0, 0, 0, 0, 0, 0, 0, 0, 0, 0,
    0, 0, 0, 0, 0, 0, 0, 0, 0, 0, 0, 0, 0, 0, 0, 0, 0, 0, 0, 0, 0, 0, 0, 0,
    0, 0, 0, 0, 0, 0, 0, 0, 0, 0, 0, 0, 0, 0, 0, 0, 0, 0, 0, 0, 0, 0, 0, 0,
    0, 0, 0, 0, 0, 0, 0, 0, 0, 0, 0, 0, 0, 0, 0, 0, 0, 0, 0, 0, 0, 0, 0, 0,
    0, 0, 0, 0, 0, 0, 0, 0, 0, 0, 0, 0, 0, 0, 0, 0, 0, 0, 0, 0, 0, 0, 0, 0,
    0, 0, 0, 0, 0, 0, 0, 0, 0, 0, 0, 0, 0, 0, 0, 0, 0, 0, 0, 0, 0, 0, 0, 0,
    0, 0, 0, 0, 0, 0, 0, 0, 0, 0, 0, 0, 0, 0, 0, 0, 0, 0, 0, 0, 0, 0, 0, 0,
    0, 0, 0, 0, 1, 1, 0, 1, 0, 0, 1, 1, 1, 1, 1, 1, 1, 1, 1, 1, 1, 1, 1, 2,
    2, 1, 2, 2, 2, 2, 2, 2, 2, 2, 2, 2, 2, 3, 3, 4, 4, 4, 4, 4, 5, 5, 5, 4,
    4, 5, 5, 5, 5, 6, 6, 6, 5, 6, 6, 6, 6, 6, 6, 6, 6, 5, 5, 5, 5, 6, 6, 6,
    6, 6, 6, 6, 6, 6, 7, 7, 7, 8, 9, 9, 11, 13, 14, 14, 16, 16, 17, 18, 19, 20, 20, 23,
    23, 23, 25, 25, 26, 28, 29, 31, 32, 32, 33, 33, 35, 39, 41, 43, 44, 45, 49, 56, 63, 70, 74, 74,
    76, 80, 85, 89, 92, 90, 89, 91, 92, 88, 86, 84, 82, 81, 79, 76, 73, 70, 66, 64, 61, 55, 51, 48,
    45, 39, 33, 27, 21, 18, 15, 12, 9, 7, 6, 4, 3, 2, 1, 0, 0, 0, 0, 0, 0, 0, 0, 0,
    0, 0, 0, 0, 0, 0, 0, 0, 0, 0, 0, 0, 0, 0, 0, 0, 0, 0, 0, 0, 0, 0, 0, 0,
    0, 0, 0, 0, 0, 0, 0, 0, 0, 0, 0, 0, 0, 0, 0, 0, 0, 0, 0, 0, 0, 0, 0, 0,
    0, 0, 0, 0, 0, 0, 0, 0, 0, 0, 0, 0, 0, 0, 0, 0, 0, 0, 0, 0, 0, 0, 0, 0,
    0, 0, 0, 0, 0, 0, 0, 0, 0, 0, 0, 0, 0, 0, 0, 0, 0, 0, 0, 0, 0, 0, 0, 0,
    0, 0, 0, 0, 0, 0, 0, 0, 0, 0, 0, 0, 0, 0, 0, 0, 0, 0, 0, 0, 0, 0, 0, 0,
    0, 0, 0, 0, 0, 0, 0, 0, 0, 0, 0, 0, 0, 0, 0, 0, 0, 0, 0, 0, 0, 0, 0, 0,
    0, 0, 0, 0, 0, 0, 0, 0, 0, 0, 0, 0, 0, 0, 0, 0, 0, 0, 0, 0, 0, 0, 0, 0,
    0, 0, 0, 0, 0, 0, 0, 0, 0, 0, 0, 0, 0, 0, 0, 0, 0, 0, 0, 0, 0, 0, 0, 0,
    0, 0, 0, 0, 0, 0, 0, 0, 0, 0, 0, 0, 0, 0, 0, 0, 0, 0, 0, 0, 0, 0, 0, 0,
    0, 0, 0, 0, 0, 0, 0, 0, 0, 0, 0, 0, 0, 0, 0, 0, 0, 0, 0, 0, 0, 0, 0, 0,
    0, 0, 0, 0, 0, 0, 0, 0, 0, 0, 0, 0, 0, 0, 0, 0, 0, 0, 1, 0, 0, 0, 0, 0,
    0, 1, 1, 1, 1, 1, 1, 2, 1, 1, 1, 1, 1, 1, 2, 2, 2, 3, 3, 3, 3, 3, 3, 3,
    3, 3, 3, 3, 4, 4, 4, 4, 4, 3, 3, 3, 4, 4, 4, 4, 4, 4, 4, 4, 4, 4, 4, 4,
    5, 5, 5, 4, 4, 4, 4, 4, 4, 4, 4, 5, 6, 6, 7, 7, 7, 7, 7, 8, 8, 9, 9, 10,
    10, 12, 12, 12, 14, 16, 19, 21, 20, 21, 23, 25, 25, 27, 28, 28, 29, 29, 31, 32, 32, 32, 32, 32,
    32, 31, 31, 32, 32, 32, 33, 34, 35, 36, 36, 35, 34, 32, 31, 29, 28, 26, 25, 22, 21, 19, 17, 15,
    13, 11, 10, 8, 6, 4, 3, 2, 1, 1, 1, 1, 1, 1, 1, 0, 0, 0, 0, 0, 0, 0, 0, 0,
    0, 0, 0, 0, 0, 0, 0, 0, 0, 0, 0, 0, 0, 0, 0, 0, 0, 0, 0, 0, 0, 0, 0, 0,
    0, 0, 0, 0, 0, 0, 0, 0, 0, 0, 0, 0, 0, 0, 0, 0, 0, 0, 0, 0, 0, 0, 0, 0,
    0, 0, 0, 0, 0, 0, 0, 0, 0, 0, 0, 0, 0, 0, 0, 0, 0, 0, 0, 0, 0, 0, 0, 0,
    0, 0, 0, 0, 0, 0, 0, 0, 0, 0, 0, 0, 0, 0, 0, 0, 0, 0, 0, 0, 0, 0, 0, 0,
    0, 0, 0, 0, 0, 0, 0, 0, 0, 0, 0, 0, 0, 0, 0, 0, 0, 0, 0, 0, 0, 0, 0, 0,
    0, 0, 0, 0, 0, 0, 0, 0, 0, 0, 0, 0, 0, 0, 0, 0, 0, 0, 0, 0, 0, 0, 0, 0,
    0, 0, 0, 0, 0, 0, 0, 0, 0, 0, 0, 0, 0, 0, 0, 0, 0, 0, 0, 0, 0, 0, 0, 0,
    0, 0, 0, 0, 0, 0, 0, 0, 0, 0, 0, 0, 0, 0, 0, 0, 0, 0, 0, 0, 0, 0, 0, 0,
    0, 0, 0, 0, 0, 0, 0, 0, 0, 0, 0, 0, 0, 0, 0, 0, 0, 0, 0, 0, 0, 0, 0, 0,
    0, 0, 0, 0, 0, 0, 0, 0, 0, 0, 0, 0, 0, 0, 0, 0, 0, 0, 0, 0, 0, 0, 0, 0,
    0, 0, 0, 0, 0, 0, 0, 0, 0, 0, 0, 0, 0, 0, 0, 0, 0, 0, 0, 0, 0, 0, 0, 0,
    0, 0, 0, 0, 0, 1, 1, 1, 1, 1, 1, 1, 0, 0, 0, 1, 1, 1, 1, 1, 1, 1, 2, 2,
    2, 2, 2, 2, 2, 2, 3, 3, 3, 3, 3, 2, 2, 2, 2, 3, 3, 3, 3, 3, 3, 3, 3, 3,
    3, 3, 4, 3, 3, 3, 3, 3, 2, 2, 2, 2, 3, 3, 3, 3, 4, 4, 4, 5, 5, 5, 5, 5,
    5, 5, 4, 4, 4, 4, 4, 5, 8, 10, 9, 9, 10, 12, 13, 14, 13, 12, 12, 13, 13, 14, 13, 12,
    11, 11, 11, 12, 12, 12, 11, 11, 11, 11, 11, 11, 10, 10, 9, 9, 9, 7, 6, 5, 4, 4, 4, 3,
    3, 2, 2, 2, 2, 1, 0, 0, 0, 0, 0, 0, 0, 0, 0, 0, 0, 0, 0, 0, 0, 0, 0, 0,
    0, 0, 0, 0, 0, 0, 0, 0, 0, 0, 0, 0, 0, 0, 0, 0, 0, 0, 0, 0, 0, 0, 0, 0,
    0, 0, 0, 0, 0, 0, 0, 0, 0, 0, 0, 0, 0, 0, 0, 0, 0, 0, 0, 0, 0, 0, 0, 0,
    0, 0, 0, 0, 0, 0, 0, 0, 0, 0, 0, 0, 0, 0, 0, 0, 0, 0, 0, 0, 0, 0, 0, 0,
    0, 0, 0, 0, 0, 0, 0, 0, 0, 0, 0, 0, 0, 0, 0, 0, 0, 0, 0, 0, 0, 0, 0, 0,
    0, 0, 0, 0, 0, 0, 0, 0, 0, 0, 0, 0, 0, 0, 0, 0, 0, 0, 0, 0, 0, 0, 0, 0,
    0, 0, 0, 0, 0, 0, 0, 0, 0, 0, 0, 0, 0, 0, 0, 0, 0, 0, 0, 0, 0, 0, 0, 0,
    0, 0, 0, 0, 0, 0, 0, 0, 0, 0, 0, 0, 0, 0, 0, 0, 0, 0, 0, 0, 0, 0, 0, 0,
    0, 0, 0, 0, 0, 0, 0, 0, 0, 0, 0, 0, 0, 0, 0, 0, 0, 0, 0, 0, 0, 0, 0, 0,
    0, 0, 0, 0, 0, 0, 0, 0, 0, 0, 0, 0, 0, 0, 0, 0, 0, 0, 0, 0, 0, 0, 0, 0,
    0, 0, 0, 0, 0, 0, 0, 0, 0, 0, 0, 0, 0, 0, 0, 0, 0, 0, 0, 0, 0, 0, 0, 0,
    0, 0, 0, 0, 0, 0, 0, 0, 0, 0, 0, 0, 0, 0, 0, 0, 0, 0, 0, 0, 0, 0, 0, 0,
    0, 0, 0, 0, 0, 0, 0, 0, 0, 1, 0, 0, 0, 1, 0, 0, 0, 0, 0, 0, 1, 1, 1, 1,
    1, 1, 1, 1, 1, 1, 2, 2, 2, 2, 2, 2, 2, 2, 2, 2, 2, 2, 2, 2, 2, 2, 2, 3,
    2, 2, 2, 2, 2, 2, 2, 2, 2, 2, 2, 2, 1, 2, 2, 2, 2, 2, 2, 3, 3, 3, 3, 3,
    3, 3, 3, 4, 4, 4, 3, 3, 3, 4, 5, 6, 6, 7, 7, 8, 7, 7, 7, 7, 7, 7, 8, 7,
    6, 5, 5, 5, 6, 6, 6, 5, 5, 5, 6, 6, 6, 5, 5, 5, 4, 4, 3, 3, 3, 2, 2, 2,
    2, 1, 2, 1, 1, 1, 1, 0, 0, 0, 0, 0, 0, 0, 0, 0, 0, 0, 0, 0, 0, 0, 0, 0,
    0, 0, 0, 0, 0, 0, 0, 0, 0, 0, 0, 0, 0, 0, 0, 0, 0, 0, 0, 0, 0, 0, 0, 0,
    0, 0, 0, 0, 0, 0, 0, 0, 0, 0, 0, 0, 0, 0, 0, 0, 0, 0, 0, 0, 0, 0, 0, 0,
    0, 0, 0, 0, 0, 0, 0, 0, 0, 0, 0, 0, 0, 0, 0, 0, 0, 0, 0, 0, 0, 0, 0, 0,
    0, 0, 0, 0, 0, 0, 0, 0, 0, 0, 0, 0, 0, 0, 0, 0, 0, 0, 0, 0, 0, 0, 0, 0,
    0, 0, 0, 0, 0, 0, 0, 0, 0, 0, 0, 0, 0, 0, 0, 0, 0, 0, 0, 0, 0, 0, 0, 0,
    0, 0, 0, 0, 0, 0, 0, 0, 0, 0, 0, 0, 0, 0, 0, 0, 0, 0, 0, 0, 0, 0, 0, 0,
    0, 0, 0, 0, 0, 0, 0, 0, 0, 0, 0, 0, 0, 0, 0, 0, 0, 0, 0, 0, 0, 0, 0, 0,
    0, 0, 0, 0, 0, 0, 0, 0, 0, 0, 0, 0, 0, 0, 0, 0, 0, 0, 0, 0, 0, 0, 0, 0,
    0, 0, 0, 0, 0, 0, 0, 0, 0, 0, 0, 0, 0, 0, 0, 0, 0, 0, 0, 0, 0, 0, 0, 0,
    0, 0, 0, 0, 0, 0, 0, 0, 0, 0, 0, 0, 0, 0, 0, 0, 0, 0, 0, 0, 0, 0, 0, 0,
    0, 0, 0, 0, 0, 0, 0, 0, 0, 0, 0, 0, 0, 0, 0, 0, 0, 0, 0, 0, 0, 0, 0, 0,
    0, 0, 0, 0, 0, 0, 0, 0, 0, 0, 0, 0, 0, 0, 0, 0, 0, 0, 0, 0, 0, 0, 0, 0,
    0, 1, 0, 1, 1, 1, 1, 1, 1, 1, 1, 1, 1, 1, 1, 1, 1, 1, 2, 1, 1, 1, 2, 1,
    2, 1, 1, 1, 1, 1, 1, 2, 1, 1, 1, 1, 1, 1, 1, 1, 1, 1, 1, 1, 1, 1, 1, 1,
    1, 2, 2, 2, 2, 2, 2, 3, 2, 2, 2, 2, 3, 3, 4, 4, 5, 5, 5, 4, 4, 4, 4, 4,
    4, 4, 3, 3, 3, 3, 3, 3, 3, 2, 2, 2, 3, 3, 2, 2, 2, 2, 2, 1, 1, 1, 1, 1,
    1, 1, 0, 0, 0, 0, 0, 0, 0, 0, 0, 0, 0, 0, 0, 0, 0, 0, 0, 0, 0, 0, 0, 0,
    0, 0, 0, 0, 0, 0, 0, 0, 0, 0, 0, 0, 0, 0, 0, 0, 0, 0, 0, 0, 0, 0, 0, 0,
    0, 0, 0, 0, 0, 0, 0, 0, 0, 0, 0, 0, 0, 0, 0, 0, 0, 0, 0, 0, 0, 0, 0, 0,
    0, 0, 0, 0, 0, 0, 0, 0, 0, 0, 0, 0, 0, 0, 0, 0, 0, 0, 0, 0, 0, 0, 0, 0,
    0, 0, 0, 0, 0, 0, 0, 0, 0, 0, 0, 0, 0, 0, 0, 0, 0, 0, 0, 0, 0, 0, 0, 0,
    0, 0, 0, 0, 0, 0, 0, 0, 0, 0, 0, 0, 0, 0, 0, 0, 0, 0, 0, 0, 0, 0, 0, 0,
    0, 0, 0, 0, 0, 0, 0, 0, 0, 0, 0, 0, 0, 0, 0, 0, 0, 0, 0, 0, 0, 0, 0, 0,
    0, 0, 0, 0, 0, 0, 0, 0, 0, 0, 0, 0, 0, 0, 0, 0, 0, 0, 0, 0, 0, 0, 0, 0,
    0, 0, 0, 0, 0, 0, 0, 0, 0, 0, 0, 0, 0, 0, 0, 0, 0, 0, 0, 0, 0, 0, 0, 0,
    0, 0, 0, 0, 0, 0, 0, 0, 0, 0, 0, 0, 0, 0, 0, 0, 0, 0, 0, 0, 0, 0, 0, 0,
    0, 0, 0, 0, 0, 0, 0, 0, 0, 0, 0, 0, 0, 0, 0, 0, 0, 0, 0, 0, 0, 0, 0, 0,
    0, 0, 0, 0, 0, 0, 0, 0, 0, 0, 0, 0, 0, 0, 0, 0, 0, 0, 0, 0, 0, 0, 0, 0,
    0, 0, 0, 0, 0, 0, 0, 0, 0, 0, 0, 0, 0, 0, 0, 0, 0, 0, 0, 0, 0, 0, 0, 0,
    0, 0, 0, 0, 0, 0, 0, 0, 0, 1, 0, 1, 0, 0, 0, 0, 1, 0, 1, 1, 1, 1, 0, 0,
    1, 1, 1, 1, 1, 1, 1, 1, 1, 1, 1, 1, 1, 1, 1, 0, 0, 0, 0, 0, 0, 0, 0, 0,
    0, 0, 0, 1, 1, 1, 1, 1, 1, 1, 1, 1, 1, 1, 1, 1, 1, 1, 2, 2, 2, 2, 2, 2,
    1, 1, 1, 1, 1, 2, 1, 1, 1, 1, 1, 1, 1, 1, 1, 0, 1, 0, 0, 1, 1, 0, 0, 0,
    0, 0, 0, 0, 0, 0, 0, 0, 0, 0, 0, 0, 0, 0, 0, 0, 0, 0, 0, 0, 0, 0, 0, 0,
    0, 0, 0, 0, 0, 0, 0, 0, 0, 0, 0, 0, 0, 0, 0, 0, 0, 0, 0, 0, 0, 0, 0, 0,
    0, 0, 0, 0, 0, 0, 0, 0, 0, 0, 0, 0, 0, 0, 0, 0, 0, 0, 0, 0, 0, 0, 0, 0,
    0, 0, 0, 0, 0, 0, 0, 0, 0, 0, 0, 0, 0, 0, 0, 0, 0, 0, 0, 0, 0, 0, 0, 0,
    0, 0, 0, 0, 0, 0, 0, 0, 0, 0, 0, 0, 0, 0, 0, 0, 0, 0, 0, 0, 0, 0, 0, 0,
    0, 0, 0, 0, 0, 0, 0, 0, 0, 0, 0, 0, 0, 0, 0, 0, 0, 0, 0, 0, 0, 0, 0, 0,
    0, 0, 0, 0, 0, 0, 0, 0, 0, 0, 0, 0, 0, 0, 0, 0, 0, 0, 0, 0, 0, 0, 0, 0,
    0, 0, 0, 0, 0, 0, 0, 0, 0, 0, 0, 0, 0, 0, 0, 0, 0, 0, 0, 0, 0, 0, 0, 0,
    0, 0, 0, 0, 0, 0, 0, 0, 0, 0, 0, 0, 0, 0, 0, 0, 0, 0, 0, 0, 0, 0, 0, 0,
    0, 0, 0, 0, 0, 0, 0, 0, 0, 0, 0, 0, 0, 0, 0, 0, 0, 0, 0, 0, 0, 0, 0, 0,
    0, 0, 0, 0, 0, 0, 0, 0, 0, 0, 0, 0, 0, 0, 0, 0, 0, 0, 0, 0, 0, 0, 0, 0,
    0, 0, 0, 0, 0, 0, 0, 0, 0, 0, 0, 0, 0, 0, 0, 0, 0, 0, 0, 0, 0, 0, 0, 0,
    0, 0, 0, 0, 0, 0, 0, 0, 0, 0, 0, 0, 0, 0, 0, 0, 0, 0, 0, 0, 0, 0, 0, 0,
    0, 0, 0, 0, 0, 0, 0, 0, 0, 0, 0, 0, 0, 0, 0, 0, 0, 0, 0, 0, 0, 0, 0, 0,
    0, 0, 0, 0, 0, 0, 0, 0, 0, 0, 0, 0, 1, 1, 1, 1, 0, 0, 0, 0, 0, 0, 0, 0,
    0, 0, 0, 0, 0, 0, 0, 1, 1, 1, 1, 1, 1, 1, 1, 1, 1, 0, 1, 1, 1, 1, 1, 1,
    1, 1, 1, 1, 1, 1, 1, 1, 1, 1, 1, 1, 0, 0, 0, 0, 0, 0, 0, 0, 0, 0, 0, 0,
    0, 0, 0, 0, 0, 0, 0, 0, 0, 0, 0, 0, 0, 0, 0, 0, 0, 0, 0, 0, 0, 0, 0, 0,
    0, 0, 0, 0, 0, 0, 0, 0, 0, 0, 0, 0, 0, 0, 0, 0, 0, 0, 0, 0, 0, 0, 0, 0,
    0, 0, 0, 0, 0, 0, 0, 0, 0, 0, 0, 0, 0, 0, 0, 0, 0, 0, 0, 0, 0, 0, 0, 0,
    0, 0, 0, 0, 0, 0, 0, 0, 0, 0, 0, 0, 0, 0, 0, 0, 0, 0, 0, 0, 0, 0, 0, 0,
    0, 0, 0, 0, 0, 0, 0, 0, 0, 0, 0, 0, 0, 0,
};

